id,vernacularName,language,locality,countryCode,source,lexicon,contributor,created
340245,mng'ongo,und,"","",,Digo,Botswanabugs,2020-01-13T06:16:01Z
340245,mngongo,und,"","",,Digo,Botswanabugs,2020-01-13T06:16:37Z
122098,Mwanga-la-nyuki,und,"","",South African National Biodiversity Institute. 2021. Botanical Database of Southern Africa (BODATSA) [offline dataset]. http://newposa.sanbi.org [Note that these data are not available at this URL as of 2021],Digo,Ken-ichi Ueda,2021-10-21T19:11:42Z
340276,Mgore,und,"","",South African National Biodiversity Institute. 2021. Botanical Database of Southern Africa (BODATSA) [offline dataset]. http://newposa.sanbi.org [Note that these data are not available at this URL as of 2021],Digo,Ken-ichi Ueda,2021-10-21T19:11:42Z
340276,Mugore,und,"","",South African National Biodiversity Institute. 2021. Botanical Database of Southern Africa (BODATSA) [offline dataset]. http://newposa.sanbi.org [Note that these data are not available at this URL as of 2021],Digo,Ken-ichi Ueda,2021-10-21T19:11:42Z
340276,Munua,und,"","",South African National Biodiversity Institute. 2021. Botanical Database of Southern Africa (BODATSA) [offline dataset]. http://newposa.sanbi.org [Note that these data are not available at this URL as of 2021],Digo,Ken-ichi Ueda,2021-10-21T19:11:43Z
340276,Nyoka,und,"","",South African National Biodiversity Institute. 2021. Botanical Database of Southern Africa (BODATSA) [offline dataset]. http://newposa.sanbi.org [Note that these data are not available at this URL as of 2021],Digo,Ken-ichi Ueda,2021-10-21T19:11:43Z
340136,kikuro,und,"","",South African National Biodiversity Institute. 2021. Botanical Database of Southern Africa (BODATSA) [offline dataset]. http://newposa.sanbi.org [Note that these data are not available at this URL as of 2021],Digo,Ken-ichi Ueda,2021-10-21T19:11:43Z
597739,mgarigari,und,"","",South African National Biodiversity Institute. 2021. Botanical Database of Southern Africa (BODATSA) [offline dataset]. http://newposa.sanbi.org [Note that these data are not available at this URL as of 2021],Digo,Ken-ichi Ueda,2021-10-21T19:11:43Z
196659,Morongondo,und,"","",South African National Biodiversity Institute. 2021. Botanical Database of Southern Africa (BODATSA) [offline dataset]. http://newposa.sanbi.org [Note that these data are not available at this URL as of 2021],Digo,Ken-ichi Ueda,2021-10-21T19:11:44Z
430901,Msandusi,und,"","",South African National Biodiversity Institute. 2021. Botanical Database of Southern Africa (BODATSA) [offline dataset]. http://newposa.sanbi.org [Note that these data are not available at this URL as of 2021],Digo,Ken-ichi Ueda,2021-10-21T19:11:44Z
430901,Msinduzi,und,"","",South African National Biodiversity Institute. 2021. Botanical Database of Southern Africa (BODATSA) [offline dataset]. http://newposa.sanbi.org [Note that these data are not available at this URL as of 2021],Digo,Ken-ichi Ueda,2021-10-21T19:11:44Z
430901,Msunduzi,und,"","",South African National Biodiversity Institute. 2021. Botanical Database of Southern Africa (BODATSA) [offline dataset]. http://newposa.sanbi.org [Note that these data are not available at this URL as of 2021],Digo,Ken-ichi Ueda,2021-10-21T19:11:45Z
340173,mfunga tanzu,und,"","",South African National Biodiversity Institute. 2021. Botanical Database of Southern Africa (BODATSA) [offline dataset]. http://newposa.sanbi.org [Note that these data are not available at this URL as of 2021],Digo,Ken-ichi Ueda,2021-10-21T19:11:45Z
81491,mvungamvunga,und,"","",South African National Biodiversity Institute. 2021. Botanical Database of Southern Africa (BODATSA) [offline dataset]. http://newposa.sanbi.org [Note that these data are not available at this URL as of 2021],Digo,Ken-ichi Ueda,2021-10-21T19:11:45Z
431063,Mchimwemwe,und,"","",,Digo,Botswanabugs,2021-11-29T06:23:28Z
440743,Kingade,und,"","",,Digo,Tammo Reichgelt,2022-07-20T14:37:19Z
440774,Mudazala,und,"","",,Digo,Tammo Reichgelt,2022-07-20T14:46:22Z
185363,Mnapo,und,"","",,Digo,Tammo Reichgelt,2022-07-20T14:49:25Z
147405,Mudzala,und,"","",,Digo,Tammo Reichgelt,2022-07-20T14:51:42Z
444566,Mungweni,und,"","",,Digo,Tammo Reichgelt,2022-07-20T14:58:51Z
1104518,Mbavubavu,und,"","",,Digo,Tammo Reichgelt,2022-07-21T01:57:23Z
