id,vernacularName,language,locality,countryCode,source,lexicon,contributor,created
110591,Moonia,mr,"","",http://www.catalogueoflife.org/annual-checklist/details/species/id/10083393/common/20505,Marathi,Ken-ichi Ueda,2012-11-12T14:25:18Z
170044,Thinjhira,mr,"","",,Marathi,Chandan Pandey,2015-09-02T10:00:35Z
369985,Gojibha,mr,"","",,Marathi,Chandan Pandey,2015-09-04T10:54:01Z
473498,burumbi,mr,"","",,Marathi,Chandan Pandey,2015-09-04T14:07:09Z
474029,कारवी,mr,"","",,Marathi,Chandan Pandey,2015-09-17T12:07:12Z
355675,पृष्ठवंशी प्राणी,mr,"","",,Marathi,John E. Christensen,2017-12-06T09:23:42Z
11901,मराठी,mr,"","",,Marathi,John E. Christensen,2017-12-22T13:37:12Z
204454,मैना,mr,"","",,Marathi,John E. Christensen,2018-02-18T16:34:04Z
48867,ताड,mr,"","",,Marathi,John E. Christensen,2018-03-18T14:43:59Z
39415,घोरपड,mr,"","",,Marathi,harshithjv,2018-08-23T05:29:42Z
801181,जांभळी चिरायत,mr,"","",,Marathi,Sunnetchan,2018-11-20T09:18:46Z
805392,Dudruli,mr,"","",,Marathi,Kai-Philipp Schablewski,2018-12-03T00:27:44Z
805392,Shidodi,mr,"","",,Marathi,Kai-Philipp Schablewski,2018-12-03T00:27:58Z
6930,चतुरंग बदक,mr,"","",,Marathi,John E. Christensen,2018-12-14T15:10:33Z
824673,Saapkand,mr,"","",,Marathi,Kai-Philipp Schablewski,2018-12-16T17:45:42Z
70054,टरबूज,mr,"","",,Marathi,John E. Christensen,2018-12-24T10:49:58Z
43444,सिंहपुच्छ वानर,mr,"","",,Marathi,John E. Christensen,2019-05-08T12:15:39Z
160294,एकपानी,mr,"","",,Marathi,harshithjv,2019-07-14T11:04:21Z
160294,कारिवणा,mr,"","",,Marathi,harshithjv,2019-07-14T11:07:45Z
122835,चेम्पू,mr,"","",,Marathi,harshithjv,2019-07-14T12:33:04Z
122835,रान आलू,mr,"","",,Marathi,harshithjv,2019-07-14T12:33:19Z
472264,तेरडा,mr,"","",,Marathi,harshithjv,2019-08-24T09:16:02Z
47224,फुलपाखरं,mr,"","",,Marathi,Bhalchandra Pujari,2019-08-28T02:04:11Z
47157,फुलपाखरे आणि पतंग,mr,"","",,Marathi,Bhalchandra Pujari,2019-08-31T11:33:55Z
934078,Dupari,mr,"","",,Marathi,Lera Miles,2019-09-07T23:38:25Z
934078,Nareri,mr,"","",,Marathi,Lera Miles,2019-09-07T23:39:21Z
974220,रानपुडी,mr,"","",,Marathi,Kai-Philipp Schablewski,2019-12-08T13:44:58Z
505478,कोंबडी,mr,"","",,Marathi,John E. Christensen,2019-12-18T08:45:00Z
526556,पाणमांजर,mr,"","",,Marathi,John E. Christensen,2020-06-07T11:45:29Z
1076093,Dhao-romakaro,mr,"","",,Marathi,Kitty Maurey,2020-07-16T13:05:00Z
1076093,Tilokaro,mr,"","",,Marathi,Kitty Maurey,2020-07-16T13:05:23Z
51566,निल भिरभिरी,mr,"","",,Marathi,Aditya Bari,2020-09-29T11:39:46Z
51578,छोटा चांदवा,mr,"Maharashtra, IN","",,Marathi,Aditya Bari,2020-09-29T11:41:01Z
13794,सुगरण,mr,"Maharashtra, IN","",,Marathi,Aditya Bari,2020-09-29T11:42:28Z
70174,मोठा चांदवा,mr,"Maharashtra, IN","",,Marathi,Aditya Bari,2020-09-29T11:43:21Z
133443,भटक्या,mr,"Maharashtra, IN","",,Marathi,Aditya Bari,2020-09-29T11:45:38Z
53492,नाग,mr,"","",,Marathi,Aditya Bari,2020-10-08T07:09:05Z
115526,Taskar,mr,"","",,Marathi,Kitty Maurey,2020-10-08T14:51:42Z
344151,पारिजातक,mr,"Maharashtra, IN","",,Marathi,Aditya Bari,2020-10-08T15:04:16Z
207981,रुईकर,mr,"","",,Marathi,Aditya Bari,2020-10-09T05:41:00Z
207981,बिबळ्या कडवा,mr,"","",,Marathi,Aditya Bari,2020-10-09T05:41:48Z
428365,बोर,mr,"","",,Marathi,Aditya Bari,2020-10-15T09:41:37Z
165085,रान भेंडी,mr,"","",,Marathi,Aditya Bari,2020-10-16T14:15:23Z
1145429,सह्याद्री काटेचेंडू,mr,"","",,Marathi,S.MORE,2020-10-26T06:50:11Z
162913,शंखपुष्पी,mr,"Maharashtra, IN","",,Marathi,Aditya Bari,2020-11-18T15:44:38Z
84826,"खरपुडी, खंतुडी",mr,"Maharashtra, IN","",,Marathi,S.MORE,2020-11-29T17:59:54Z
803192,"सडा भाजी, नव्हाळी",mr,"Maharashtra, IN","",,Marathi,S.MORE,2020-12-03T15:47:40Z
1102125,मलबारी शिंसवी,mr,"","",,Marathi,S.MORE,2020-12-24T11:32:26Z
97271,Daku,mr,"","",http://www.catalogueoflife.org/annual-checklist/details/species/id/10070065/common/128980,Marathi,,2020-12-30T21:01:05Z
483073,Daku,mr,"","",http://www.catalogueoflife.org/annual-checklist/details/species/id/10070076/common/128813,Marathi,,2020-12-30T21:01:05Z
1169162,तोरण वेल,mr,"","",https://www.inaturalist.org/taxon_names/2314098/edit,Marathi,,2021-01-29T10:13:41Z
47903,निवडुंग,mr,"","",,Marathi,John E. Christensen,2021-02-10T16:15:52Z
1203460,Kapurli,mr,"","",https://www.inaturalist.org/taxon_names/757399/edit,Marathi,,2021-02-24T12:07:22Z
484006,शतावरी,mr,"Maharashtra, IN","",,Marathi,Aditya Bari,2021-03-29T06:34:36Z
193609,एखरा [ekhara],mr,"","",,Marathi,harshithjv,2021-04-03T05:55:07Z
193609,कोळिस्ता [kolista],mr,"","",,Marathi,harshithjv,2021-04-03T05:56:11Z
193609,कोळसुंदा [kolsunda],mr,"","",,Marathi,harshithjv,2021-04-03T05:57:42Z
193609,सरांटा [saranta],mr,"","",,Marathi,harshithjv,2021-04-03T05:58:01Z
193609,तालीमखाना [talimkhana],mr,"","",,Marathi,harshithjv,2021-04-03T05:58:38Z
193609,गोक्षुर [gokshur],mr,"","",,Marathi,harshithjv,2021-04-03T06:02:47Z
52188,Behiri,mr,"","",http://www.catalogueoflife.org/annual-checklist/details/species/id/10065883/common/332091,Marathi,,2021-07-13T18:55:35Z
52188,Deomushi,mr,"","",http://www.catalogueoflife.org/annual-checklist/details/species/id/10065883/common/332081,Marathi,,2021-07-13T18:55:46Z
52188,कारांज,mr,"","",http://www.catalogueoflife.org/annual-checklist/details/species/id/10065883/common/332028,Marathi,,2021-07-13T18:56:08Z
52188,दियोमुशी,mr,"","",http://www.catalogueoflife.org/annual-checklist/details/species/id/10065883/common/332027,Marathi,,2021-07-13T18:56:19Z
52188,बीहिरि,mr,"","",http://www.catalogueoflife.org/annual-checklist/details/species/id/10065883/common/332026,Marathi,,2021-07-13T18:56:29Z
97004,Gobra,mr,"","",http://www.catalogueoflife.org/annual-checklist/details/species/id/10073054/common/60534,Marathi,,2021-07-15T12:20:02Z
100141,Gobra,mr,"","",http://www.catalogueoflife.org/annual-checklist/details/species/id/10073162/common/41041,Marathi,,2021-07-15T12:20:02Z
100094,Gobra,mr,"","",http://www.catalogueoflife.org/annual-checklist/details/species/id/10073116/common/43002,Marathi,,2021-07-15T12:20:02Z
100146,Gobra,mr,"","",http://www.catalogueoflife.org/annual-checklist/details/species/id/10073169/common/40774,Marathi,,2021-07-15T12:20:02Z
52556,Hekru,mr,"","",http://www.catalogueoflife.org/annual-checklist/details/species/id/10073107/common/43465,Marathi,,2021-07-15T12:20:03Z
100111,Gobra,mr,"","",http://www.catalogueoflife.org/annual-checklist/details/species/id/10073135/common/42191,Marathi,Victor HOYEAU,2021-07-15T12:20:03Z
100111,Hekru,mr,"","",http://www.catalogueoflife.org/annual-checklist/details/species/id/10073135/common/42185,Marathi,Victor HOYEAU,2021-07-15T12:20:03Z
136311,gobra,mr,"","",http://www.catalogueoflife.org/annual-checklist/details/species/id/9126879/common/283334,Marathi,,2021-07-15T12:20:03Z
100114,Hekru,mr,"","",http://www.catalogueoflife.org/annual-checklist/details/species/id/10073138/common/42059,Marathi,,2021-07-15T12:20:03Z
100114,Gobra,mr,"","",http://www.catalogueoflife.org/annual-checklist/details/species/id/10073138/common/42062,Marathi,,2021-07-15T12:20:04Z
100118,Hekru,mr,"","",http://www.catalogueoflife.org/annual-checklist/details/species/id/10073142/common/41879,Marathi,Victor HOYEAU,2021-07-15T12:20:04Z
136315,gobra,mr,"","",http://www.catalogueoflife.org/annual-checklist/details/species/id/9126899/common/283490,Marathi,,2021-07-15T12:20:04Z
100141,Hekru,mr,"","",http://www.catalogueoflife.org/annual-checklist/details/species/id/10073162/common/41019,Marathi,,2021-07-15T12:20:04Z
100116,Gobra,mr,"","",http://www.catalogueoflife.org/annual-checklist/details/species/id/10073140/common/41986,Marathi,,2021-07-15T12:20:04Z
96990,Gobra,mr,"","",http://www.catalogueoflife.org/annual-checklist/details/species/id/10073038/common/61295,Marathi,,2021-07-15T12:20:05Z
100118,Gobra,mr,"","",http://www.catalogueoflife.org/annual-checklist/details/species/id/10073142/common/41886,Marathi,Victor HOYEAU,2021-07-15T12:20:05Z
100116,गोबरा,mr,"","",http://www.catalogueoflife.org/annual-checklist/details/species/id/10073140/common/41944,Marathi,,2021-07-15T12:20:17Z
96990,गोबरा,mr,"","",http://www.catalogueoflife.org/annual-checklist/details/species/id/10073038/common/61227,Marathi,,2021-07-15T12:20:18Z
100118,गोबरा,mr,"","",http://www.catalogueoflife.org/annual-checklist/details/species/id/10073142/common/41814,Marathi,Victor HOYEAU,2021-07-15T12:20:18Z
97004,गोबरा,mr,"","",http://www.catalogueoflife.org/annual-checklist/details/species/id/10073054/common/60447,Marathi,,2021-07-15T12:20:19Z
100141,गोबरा,mr,"","",http://www.catalogueoflife.org/annual-checklist/details/species/id/10073162/common/40939,Marathi,,2021-07-15T12:20:19Z
100094,गोबरा,mr,"","",http://www.catalogueoflife.org/annual-checklist/details/species/id/10073116/common/42977,Marathi,,2021-07-15T12:20:19Z
100146,गोबरा,mr,"","",http://www.catalogueoflife.org/annual-checklist/details/species/id/10073169/common/40727,Marathi,,2021-07-15T12:20:19Z
100111,गोबरा,mr,"","",http://www.catalogueoflife.org/annual-checklist/details/species/id/10073135/common/42130,Marathi,Victor HOYEAU,2021-07-15T12:20:20Z
100114,गोबरा,mr,"","",http://www.catalogueoflife.org/annual-checklist/details/species/id/10073138/common/42042,Marathi,,2021-07-15T12:20:20Z
96990,हीकरू,mr,"","",http://www.catalogueoflife.org/annual-checklist/details/species/id/10073038/common/61226,Marathi,,2021-07-15T12:20:36Z
100116,हीकरू,mr,"","",http://www.catalogueoflife.org/annual-checklist/details/species/id/10073140/common/41943,Marathi,,2021-07-15T12:20:37Z
97004,हीकरू,mr,"","",http://www.catalogueoflife.org/annual-checklist/details/species/id/10073054/common/60446,Marathi,,2021-07-15T12:20:37Z
100118,हीकरू,mr,"","",http://www.catalogueoflife.org/annual-checklist/details/species/id/10073142/common/41813,Marathi,Victor HOYEAU,2021-07-15T12:20:37Z
52556,हीकरू,mr,"","",http://www.catalogueoflife.org/annual-checklist/details/species/id/10073107/common/43420,Marathi,,2021-07-15T12:20:37Z
100141,हीकरू,mr,"","",http://www.catalogueoflife.org/annual-checklist/details/species/id/10073162/common/40938,Marathi,,2021-07-15T12:20:38Z
100094,हीकरू,mr,"","",http://www.catalogueoflife.org/annual-checklist/details/species/id/10073116/common/42976,Marathi,,2021-07-15T12:20:38Z
100146,हीकरू,mr,"","",http://www.catalogueoflife.org/annual-checklist/details/species/id/10073169/common/40726,Marathi,,2021-07-15T12:20:38Z
100111,हीकरू,mr,"","",http://www.catalogueoflife.org/annual-checklist/details/species/id/10073135/common/42129,Marathi,Victor HOYEAU,2021-07-15T12:20:39Z
100114,हीकरू,mr,"","",http://www.catalogueoflife.org/annual-checklist/details/species/id/10073138/common/42041,Marathi,,2021-07-15T12:20:39Z
94389,Pikoo,mr,"","",http://www.catalogueoflife.org/annual-checklist/details/species/id/10062244/common/156850,Marathi,,2021-07-15T12:49:28Z
94390,Pikoo,mr,"","",http://www.catalogueoflife.org/annual-checklist/details/species/id/10062245/common/156780,Marathi,,2021-07-15T12:49:29Z
94389,Poochatie,mr,"","",http://www.catalogueoflife.org/annual-checklist/details/species/id/10062244/common/156847,Marathi,,2021-07-15T12:49:41Z
97273,Kalamasa,mr,"","",http://www.catalogueoflife.org/annual-checklist/details/species/id/10070070/common/128927,Marathi,,2021-07-15T15:43:16Z
52188,Bahiri,mr,"","",,Marathi,Zane Roskoph,2021-07-19T11:44:57Z
101508,Waghsheer,mr,"","",http://www.catalogueoflife.org/annual-checklist/details/species/id/10055566/common/46254,Marathi,,2021-07-19T12:02:05Z
446566,पळवा,mr,"","",http://www.catalogueoflife.org/annual-checklist/details/species/id/10058215/common/234240,Marathi,,2021-07-19T14:46:33Z
67971,पळवा,mr,"","",http://www.catalogueoflife.org/annual-checklist/details/species/id/10078380/common/265741,Marathi,,2021-07-19T14:46:33Z
67971,पकात,mr,"","",http://www.catalogueoflife.org/annual-checklist/details/species/id/10078380/common/265740,Marathi,,2021-07-19T14:46:52Z
47277,पकात,mr,"","",http://www.catalogueoflife.org/annual-checklist/details/species/id/10078386/common/259572,Marathi,,2021-07-19T14:46:52Z
67971,Pakat,mr,"","",,Marathi,Zane Roskoph,2021-07-19T14:47:34Z
67971,Palwa,mr,"","",,Marathi,Zane Roskoph,2021-07-19T14:48:06Z
115010,Balu shivada,mr,"","",http://www.catalogueoflife.org/annual-checklist/details/species/id/10081706/common/102895,Marathi,,2021-07-19T16:02:50Z
115010,Pahree,mr,"","",http://www.catalogueoflife.org/annual-checklist/details/species/id/10081706/common/102862,Marathi,,2021-07-19T16:02:56Z
115010,Pari,mr,"","",,Marathi,Zane Roskoph,2021-07-19T16:03:15Z
115010,Pattan,mr,"","",http://www.catalogueoflife.org/annual-checklist/details/species/id/10081706/common/102857,Marathi,,2021-07-19T16:03:24Z
115010,Purram,mr,"","",http://www.catalogueoflife.org/annual-checklist/details/species/id/10081706/common/102853,Marathi,,2021-07-19T16:03:30Z
115010,Shivada,mr,"","",,Marathi,Zane Roskoph,2021-07-19T16:03:45Z
115010,Valashivda,mr,"","",http://www.catalogueoflife.org/annual-checklist/details/species/id/10081706/common/102843,Marathi,,2021-07-19T16:03:53Z
115010,Warshoorah,mr,"","",http://www.catalogueoflife.org/annual-checklist/details/species/id/10081706/common/102833,Marathi,,2021-07-19T16:04:00Z
115010,पाहरी,mr,"","",http://www.catalogueoflife.org/annual-checklist/details/species/id/10081706/common/102830,Marathi,,2021-07-19T16:04:06Z
115010,पुरराम,mr,"","",http://www.catalogueoflife.org/annual-checklist/details/species/id/10081706/common/102831,Marathi,,2021-07-19T16:04:13Z
115010,बाळू,mr,"","",http://www.catalogueoflife.org/annual-checklist/details/species/id/10081706/common/102829,Marathi,,2021-07-19T16:04:18Z
115010,वारशहौराह,mr,"","",http://www.catalogueoflife.org/annual-checklist/details/species/id/10081706/common/102827,Marathi,,2021-07-19T16:04:27Z
115010,शिवादा,mr,"","",http://www.catalogueoflife.org/annual-checklist/details/species/id/10081706/common/102826,Marathi,,2021-07-19T16:04:34Z
48066,Kanar,mr,"","",,Marathi,Zane Roskoph,2021-07-20T15:16:01Z
48066,Zori,mr,"","",http://www.catalogueoflife.org/annual-checklist/details/species/id/10055533/common/343542,Marathi,,2021-07-20T15:16:10Z
48066,झोरी,mr,"","",http://www.catalogueoflife.org/annual-checklist/details/species/id/10055533/common/343541,Marathi,,2021-07-20T15:16:18Z
106662,Chikli,mr,"","",,Marathi,Zane Roskoph,2021-07-20T17:14:03Z
95038,Khrit,mr,"","",http://www.catalogueoflife.org/annual-checklist/details/species/id/10081711/common/150931,Marathi,,2021-07-27T13:00:38Z
95038,खीरद,mr,"","",http://www.catalogueoflife.org/annual-checklist/details/species/id/10081711/common/150956,Marathi,,2021-07-27T13:00:47Z
95038,गावच,mr,"","",http://www.catalogueoflife.org/annual-checklist/details/species/id/10081711/common/150955,Marathi,,2021-07-27T13:00:57Z
95038,मौळांदाह,mr,"","",http://www.catalogueoflife.org/annual-checklist/details/species/id/10081711/common/150953,Marathi,,2021-07-27T13:01:08Z
114230,Putitora,mr,"","",,Marathi,Zane Roskoph,2021-07-27T13:25:22Z
114226,Basra,mr,"","",,Marathi,Zane Roskoph,2021-07-27T13:45:56Z
114226,Khadashi,mr,"","",http://www.catalogueoflife.org/annual-checklist/details/species/id/10061232/common/93602,Marathi,,2021-07-27T13:46:04Z
114226,Khadra,mr,"","",http://www.catalogueoflife.org/annual-checklist/details/species/id/10061232/common/93601,Marathi,,2021-07-27T13:46:11Z
114226,Khudchee,mr,"","",http://www.catalogueoflife.org/annual-checklist/details/species/id/10061232/common/93600,Marathi,,2021-07-27T13:46:22Z
114226,Warris,mr,"","",http://www.catalogueoflife.org/annual-checklist/details/species/id/10061232/common/93586,Marathi,,2021-07-27T13:46:28Z
114226,Mahseer,mr,"","",,Marathi,Zane Roskoph,2021-07-27T13:48:13Z
114231,Khadchi,mr,"","",http://www.catalogueoflife.org/annual-checklist/details/species/id/10061246/common/93454,Marathi,,2021-07-27T14:11:55Z
114231,Mahala,mr,"","",,Marathi,Zane Roskoph,2021-07-27T14:12:16Z
114231,Masta,mr,"","",http://www.catalogueoflife.org/annual-checklist/details/species/id/10061246/common/93437,Marathi,,2021-07-27T14:12:25Z
114231,Mesta,mr,"","",http://www.catalogueoflife.org/annual-checklist/details/species/id/10061246/common/93435,Marathi,,2021-07-27T14:12:30Z
114231,खादची,mr,"","",http://www.catalogueoflife.org/annual-checklist/details/species/id/10061246/common/93408,Marathi,,2021-07-27T14:12:37Z
114231,मिसता,mr,"","",http://www.catalogueoflife.org/annual-checklist/details/species/id/10061246/common/93407,Marathi,,2021-07-27T14:12:45Z
41970,जॅग्वार,mr,"","",,Marathi,Zane Roskoph,2021-07-30T12:11:25Z
41972,ढगाळ बिबट्या,mr,"","",,Marathi,Zane Roskoph,2021-07-30T12:57:19Z
97154,Chand,mr,"","",http://www.catalogueoflife.org/annual-checklist/details/species/id/10069752/common/30797,Marathi,,2021-07-30T18:55:16Z
48747,Chand,mr,"","",http://www.catalogueoflife.org/annual-checklist/details/species/id/10069817/common/29494,Marathi,,2021-07-30T18:55:16Z
461214,Chand,mr,"","",http://www.catalogueoflife.org/annual-checklist/details/species/id/10075598/common/184477,Marathi,,2021-07-30T18:55:16Z
97154,चाँद,mr,"","",http://www.catalogueoflife.org/annual-checklist/details/species/id/10069752/common/30807,Marathi,,2021-07-30T18:55:26Z
48747,चाँद,mr,"","",http://www.catalogueoflife.org/annual-checklist/details/species/id/10069817/common/29452,Marathi,,2021-07-30T18:55:26Z
461214,चाँद,mr,"","",http://www.catalogueoflife.org/annual-checklist/details/species/id/10075598/common/184417,Marathi,,2021-07-30T18:55:26Z
42007,प्युमा,mr,"","",,Marathi,Zane Roskoph,2021-08-01T01:44:04Z
30472,नागराज,mr,"","",,Marathi,Zane Roskoph,2021-08-02T18:30:58Z
30472,गिम,mr,"","",,Marathi,Zane Roskoph,2021-08-02T18:56:38Z
30472,दिवड नागीण,mr,"","",,Marathi,Zane Roskoph,2021-08-02T18:57:07Z
30472,वडलो,mr,"","",,Marathi,Zane Roskoph,2021-08-02T18:57:48Z
123356,महाळुंग,mr,"","",,Marathi,Zane Roskoph,2021-08-10T12:43:35Z
41644,ध्रुवीय अस्वल,mr,"","",,Marathi,Zane Roskoph,2021-08-11T16:54:00Z
41955,चित्ता,mr,"","",,Marathi,Zane Roskoph,2021-08-13T12:15:30Z
41964,सिंह,mr,"","",,Marathi,Zane Roskoph,2021-08-24T12:28:31Z
41964,शेर,mr,"","",,Marathi,Zane Roskoph,2021-08-24T12:28:49Z
74831,हिमबिबट्या,mr,"","",,Marathi,Zane Roskoph,2021-08-25T11:53:54Z
130796,सायबेरियन वाघ,mr,"","",,Marathi,Zane Roskoph,2021-08-26T14:37:18Z
41967,वाघ,mr,"","",,Marathi,Zane Roskoph,2021-08-26T16:18:58Z
130799,सुमात्रन वाघ,mr,"","",,Marathi,Zane Roskoph,2021-08-26T17:01:38Z
130793,भारतीय वाघ,mr,"","",,Marathi,Zane Roskoph,2021-08-27T12:32:19Z
130793,मलेशियन वाघ,mr,"","",,Marathi,Zane Roskoph,2021-08-27T13:55:39Z
130793,इंडोचायनीज वाघ,mr,"","",,Marathi,Zane Roskoph,2021-08-27T14:11:58Z
130793,कोर्बेट्टी वाघ,mr,"","",,Marathi,Zane Roskoph,2021-08-27T14:12:14Z
100118,Hekaru,mr,"","",http://www.catalogueoflife.org/annual-checklist/2012/details/species/id/9741333,Marathi,Victor HOYEAU,2021-10-09T16:25:55Z
100141,Hekaru,mr,"","",http://www.catalogueoflife.org/annual-checklist/2012/details/species/id/9741333,Marathi,,2021-10-09T16:25:55Z
96990,Hekaru,mr,"","",http://www.catalogueoflife.org/annual-checklist/2012/details/species/id/9741333,Marathi,,2021-10-09T16:25:56Z
100146,Hekaru,mr,"","",http://www.catalogueoflife.org/annual-checklist/2012/details/species/id/9741333,Marathi,,2021-10-09T16:25:56Z
97004,Hekaru,mr,"","",http://www.catalogueoflife.org/annual-checklist/2012/details/species/id/9741333,Marathi,,2021-10-09T16:25:57Z
100094,Hekaru,mr,"","",http://www.catalogueoflife.org/annual-checklist/2012/details/species/id/9741333,Marathi,,2021-10-09T16:25:57Z
100116,Hekaru,mr,"","",http://www.catalogueoflife.org/annual-checklist/2012/details/species/id/9741333,Marathi,,2021-10-09T16:25:57Z
120657,पाखारू मासा,mr,"","",http://www.catalogueoflife.org/annual-checklist/2012/details/species/id/9741333,Marathi,,2021-10-23T14:34:04Z
120629,पाखारू मासा,mr,"","",http://www.catalogueoflife.org/annual-checklist/2012/details/species/id/9741333,Marathi,Clinton Duffy,2021-10-23T14:34:04Z
476034,पाखारू मासा,mr,"","",http://www.catalogueoflife.org/annual-checklist/2012/details/species/id/9741333,Marathi,,2021-10-23T14:34:04Z
120657,काथाळा,mr,"","",http://www.catalogueoflife.org/annual-checklist/2012/details/species/id/9741333,Marathi,,2021-10-23T14:34:14Z
131443,काथाळा,mr,"","",http://www.catalogueoflife.org/annual-checklist/2012/details/species/id/9741333,Marathi,,2021-10-23T14:34:14Z
120657,Pakharu-masa,mr,"","",http://www.catalogueoflife.org/annual-checklist/2012/details/species/id/9741333,Marathi,,2021-10-23T14:34:27Z
120629,Pakharu-masa,mr,"","",http://www.catalogueoflife.org/annual-checklist/2012/details/species/id/9741333,Marathi,Clinton Duffy,2021-10-23T14:34:28Z
476034,Pakharu-masa,mr,"","",http://www.catalogueoflife.org/annual-checklist/2012/details/species/id/9741333,Marathi,,2021-10-23T14:34:28Z
120657,Kathala,mr,"","",,Marathi,Zane Roskoph,2021-10-23T14:35:36Z
369469,महादेवी [maha-devi],mr,"","",,Marathi,harshithjv,2021-10-27T05:08:13Z
369502,करवंद,mr,"","",https://www.inaturalist.org/taxon_names/2494470/edit,Marathi,,2022-02-13T23:03:52Z
612032,Vam,mr,"","",http://www.catalogueoflife.org/annual-checklist/2012/details/species/id/9741333,Marathi,,2022-03-09T23:25:03Z
105003,Vam,mr,"","",http://www.catalogueoflife.org/annual-checklist/2012/details/species/id/9741333,Marathi,,2022-03-09T23:25:03Z
105252,Vam,mr,"","",http://www.catalogueoflife.org/annual-checklist/2012/details/species/id/9741333,Marathi,,2022-03-09T23:25:04Z
617631,Vam,mr,"","",http://www.catalogueoflife.org/annual-checklist/2012/details/species/id/9741333,Marathi,,2022-03-09T23:25:04Z
617632,Vam,mr,"","",http://www.catalogueoflife.org/annual-checklist/2012/details/species/id/9741333,Marathi,,2022-03-09T23:25:04Z
469472,सफरचंद,mr,"","",,Marathi,10423,2022-03-27T04:54:58Z
184804,मुचकुंद,mr,"","",,Marathi,Bhalchandra Pujari,2022-07-25T02:36:00Z
548800,Khair,mr,"","",,Marathi,Aditya Bari,2022-10-09T01:50:44Z
20526,शहामृग,mr,"","",,Marathi,Johan Devos,2023-02-28T22:49:28Z
114,माळढोक,mr,"Maharashtra, IN","",,Marathi,Sri Harsha K.M / ஸ்ரீ ஹர்ஷா / ಶ್ರೀ ಹರ್ಷ,2023-03-11T14:31:50Z
435811,सातारी पाणतुरा,mr,"Maharashtra, IN","",,Marathi,Sri Harsha K.M / ஸ்ரீ ஹர்ஷா / ಶ್ರೀ ಹರ್ಷ,2023-03-16T13:26:32Z
602597,दुधी खेकडा,mr,"Maharashtra, IN","",,Marathi,Sri Harsha K.M / ஸ்ரீ ஹர்ஷா / ಶ್ರೀ ಹರ್ಷ,2023-04-06T06:28:26Z
74526,वानर-मनुष्या,mr,"Maharashtra, IN","",,Marathi,Sri Harsha K.M / ஸ்ரீ ஹர்ஷா / ಶ್ರೀ ಹರ್ಷ,2023-04-19T07:37:21Z
32347,खापर खवल्या,mr,"Pune, MH, IN","",,Marathi,anujherp,2023-05-19T14:50:33Z
1096893,Kurli,mr,"","",,Marathi,harshithjv,2023-09-20T03:48:12Z
966799,"दिवड/पाणदिवड, विरुळा/वेरुळा",mr,"Maharashtra, IN","",,Marathi,Omkar S Damle,2023-10-03T06:39:23Z
1304706,"चापडा, हिरवा घोणस",mr,"Maharashtra, IN","",,Marathi,Omkar S Damle,2023-10-03T07:01:23Z
1304708,मलबारी चापडा,mr,"Maharashtra, IN","",,Marathi,Omkar S Damle,2023-10-03T07:04:27Z
28868,धामण,mr,"Maharashtra, IN","",,Marathi,Omkar S Damle,2023-10-03T07:04:29Z
539844,वाळा,mr,"Maharashtra, IN","",,Marathi,Omkar S Damle,2023-10-03T07:06:37Z
29574,भारतीय कवड्या,mr,"Maharashtra, IN","",,Marathi,Omkar S Damle,2023-10-03T07:55:52Z
31079,फुरसे,mr,"Maharashtra, IN","",,Marathi,Omkar S Damle,2023-10-03T07:56:16Z
26654,"रुका, रुकई",mr,"Maharashtra, IN","",,Marathi,Omkar S Damle,2023-10-03T07:56:40Z
32150,भारतीय अजगर,mr,"Maharashtra, IN","",,Marathi,Omkar S Damle,2023-10-03T07:56:57Z
30264,तस्कर,mr,"Maharashtra, IN","",,Marathi,Omkar S Damle,2023-10-03T08:02:16Z
96224,मण्यार,mr,"Maharashtra, IN","",,Marathi,Omkar S Damle,2023-10-03T08:02:23Z
32205,डुरक्या घोणस,mr,"Maharashtra, IN","",,Marathi,Omkar S Damle,2023-10-03T08:02:38Z
68530,नाकाड्या चापडा,mr,"Maharashtra, IN","",,Marathi,Omkar S Damle,2023-10-03T08:03:27Z
29550,त्रावणकोर कवड्या,mr,"Maharashtra, IN","",,Marathi,Omkar S Damle,2023-10-03T08:03:47Z
27650,मांजऱ्या,mr,"Maharashtra, IN","",,Marathi,Omkar S Damle,2023-10-03T08:04:00Z
32227,मांडूळ,mr,"Maharashtra, IN","",,Marathi,Omkar S Damle,2023-10-03T08:04:17Z
1218631,गवत्या,mr,"Maharashtra, IN","",,Marathi,Omkar S Damle,2023-10-03T08:04:28Z
27207,उडता सोनसर्प,mr,"Maharashtra, IN","",,Marathi,Omkar S Damle,2023-10-03T08:15:30Z
27689,फॉरस्टेनचा मांजऱ्या,mr,"Maharashtra, IN","",,Marathi,Omkar S Damle,2023-10-03T08:16:40Z
28679,काळतोंड्या,mr,"Maharashtra, IN","",,Marathi,Omkar S Damle,2023-10-03T08:16:58Z
30431,पट्टेरी पोवळा,mr,"Maharashtra, IN","",,Marathi,Omkar S Damle,2023-10-03T08:17:11Z
30448,पट्टेरी मण्यार,mr,"Maharashtra, IN","",,Marathi,Omkar S Damle,2023-10-03T08:17:22Z
200842,बेड्डोमचा मांजऱ्या,mr,"Maharashtra, IN","",,Marathi,Omkar S Damle,2023-10-03T08:17:43Z
32351,मोठ्या-खवल्यांचा खापरखवल्या,mr,"Maharashtra, IN","",,Marathi,Omkar S Damle,2023-10-03T08:24:59Z
27357,श्वानमुखी सर्प,mr,"Maharashtra, IN","",,Marathi,Omkar S Damle,2023-10-03T08:25:17Z
32721,चंचू वाळा,mr,"Maharashtra, IN","",,Marathi,Omkar S Damle,2023-10-03T08:25:38Z
32370,एलियटचा खापरखवल्या,mr,"Maharashtra, IN","",,Marathi,Omkar S Damle,2023-10-03T08:25:59Z
1161473,सह्याद्रि हरणटोळ,mr,"Maharashtra, IN","",,Marathi,Omkar S Damle,2023-10-03T08:27:02Z
68529,पोवळा,mr,"Maharashtra, IN","",,Marathi,Omkar S Damle,2023-10-03T08:39:36Z
738068,भारतीय अंडीखाऊ साप,mr,"Maharashtra, IN","",,Marathi,Omkar S Damle,2023-10-03T08:39:56Z
28978,जाड रेतीसर्प,mr,"Maharashtra, IN","",,Marathi,Omkar S Damle,2023-10-03T08:40:34Z
28979,लीथचा  रेतीसर्प,mr,"Maharashtra, IN","",,Marathi,Omkar S Damle,2023-10-03T08:41:24Z
200186,कॅस्टोचा पोवळा,mr,"Maharashtra, IN","",,Marathi,Omkar S Damle,2023-10-03T08:42:31Z
29566,पिवळ्या ठिपक्यांचा कवड्या,mr,"Maharashtra, IN","",,Marathi,Omkar S Damle,2023-10-03T08:42:49Z
26063,मगर,mr,"Maharashtra, IN","",,Marathi,Omkar S Damle,2023-10-03T08:46:52Z
42253,चिंकारा,mr,"Maharashtra, IN","",,Marathi,Omkar S Damle,2023-10-03T08:50:43Z
42166,चितळ,mr,"Maharashtra, IN","",,Marathi,Omkar S Damle,2023-10-03T08:51:20Z
74111,रानगवा,mr,"Maharashtra, IN","",,Marathi,Omkar S Damle,2023-10-03T08:52:09Z
925977,भारतीय राखी मुंगूस,mr,"Maharashtra, IN","",,Marathi,Omkar S Damle,2023-10-03T08:53:25Z
75053,सांबर,mr,"Maharashtra, IN","",,Marathi,Omkar S Damle,2023-10-03T08:53:42Z
851014,खोकड,mr,"Maharashtra, IN","",,Marathi,Omkar S Damle,2023-10-03T08:53:59Z
42101,रानकुत्रा,mr,"Maharashtra, IN","",,Marathi,Omkar S Damle,2023-10-03T08:55:02Z
46030,शेकरू,mr,"Maharashtra, IN","",,Marathi,Omkar S Damle,2023-10-03T08:55:20Z
42426,नीलगाय,mr,"Maharashtra, IN","",,Marathi,Omkar S Damle,2023-10-03T08:57:00Z
41963,"बिबळ्या, बिबट",mr,"Maharashtra, IN","",,Marathi,Omkar S Damle,2023-10-03T08:57:32Z
41651,अस्वल,mr,"Maharashtra, IN","",,Marathi,Omkar S Damle,2023-10-03T08:57:40Z
42134,रानडुक्कर,mr,"Maharashtra, IN","",,Marathi,Omkar S Damle,2023-10-03T08:58:19Z
74659,भेकर,mr,"Maharashtra, IN","",,Marathi,Omkar S Damle,2023-10-03T09:01:23Z
925714,ऊदमांजर,mr,"Maharashtra, IN","",,Marathi,Omkar S Damle,2023-10-03T09:01:26Z
42416,काळवीट,mr,"Maharashtra, IN","",,Marathi,Omkar S Damle,2023-10-03T09:01:33Z
42048,लांडगा,mr,"Maharashtra, IN","",,Marathi,Omkar S Damle,2023-10-03T09:01:41Z
42056,कोल्हा,mr,"Maharashtra, IN","",,Marathi,Omkar S Damle,2023-10-03T09:02:36Z
42186,भेकर,mr,"Maharashtra, IN","",,Marathi,Omkar S Damle,2023-10-03T09:02:52Z
41961,रानमांजर,mr,"Maharashtra, IN","",,Marathi,Omkar S Damle,2023-10-03T09:08:01Z
44175,साळिंदर,mr,"Maharashtra, IN","",,Marathi,Omkar S Damle,2023-10-03T09:11:02Z
42386,चौशिंगा,mr,"Maharashtra, IN","",,Marathi,Omkar S Damle,2023-10-03T09:12:43Z
43697,हत्ती,mr,"Maharashtra, IN","",,Marathi,Omkar S Damle,2023-10-03T09:14:41Z
41888,तरस,mr,"Maharashtra, IN","",,Marathi,Omkar S Damle,2023-10-03T09:15:06Z
43362,खवलेमांजर,mr,"Maharashtra, IN","",,Marathi,Omkar S Damle,2023-10-03T09:16:44Z
74649,पिसोरी,mr,"Maharashtra, IN","",,Marathi,Omkar S Damle,2023-10-03T09:17:18Z
1250161,धूळनागीण,mr,"Maharashtra, IN","",,Marathi,Omkar S Damle,2023-10-03T12:17:34Z
1367260,रसेलचा कवड्या,mr,"Maharashtra, IN","",,Marathi,Omkar S Damle,2023-10-03T15:21:52Z
461918,पांगारा,mr,"","",,Marathi,Yann Kemper,2023-12-21T01:13:08Z
47902,निवडुंग,mr,"Maharashtra, IN","",,Marathi,Nirmal manna,2024-01-17T11:07:52Z
29273,"सामान्य कुकरी, पट्टेरी  कुकरी",mr,"Maharashtra, IN","",,Marathi,Omkar S Damle,2024-02-22T14:21:26Z
1367339,रसेलचा कुकरी,mr,"","",,Marathi,Omkar S Damle,2024-02-22T14:23:08Z
1161478,उत्तर सह्याद्रि हरणटोळ,mr,"Maharashtra, IN","",,Marathi,Omkar S Damle,2024-02-22T14:27:12Z
1161474,लांब-नाकाचा हरणटोळ,mr,"Maharashtra, IN","",,Marathi,Omkar S Damle,2024-02-22T14:29:03Z
540107,चितरांग नायकूळ,mr,"Maharashtra, IN","",,Marathi,Omkar S Damle,2024-02-22T14:33:50Z
35164,पिवळ्या-पोटाचा समुद्रसर्प,mr,"Maharashtra, IN","",,Marathi,Omkar S Damle,2024-02-22T14:38:39Z
51921,लाजाळू,mr,"Maharashtra, IN","",,Marathi,Gaurav S. Soman.,2024-04-25T13:23:55Z
68666,आवळा,mr,"Maharashtra, IN","",,Marathi,Gaurav S. Soman.,2024-04-25T13:58:39Z
166920,विलायती चिंच,mr,"","",,Marathi,Gaurav S. Soman.,2024-04-28T08:58:28Z
937293,करंज,mr,"","",,Marathi,Bhalchandra Pujari,2024-05-16T12:15:31Z
85410,ब्रह्मकमल,mr,"Maharashtra, IN","",,Marathi,wilderbombyx,2024-07-04T05:23:15Z
