id,vernacularName,language,locality,countryCode,source,lexicon,contributor,created
26686,Uo,myn,"","",,Maya,Carlos Galindo-Leal,2013-02-11T00:35:42Z
26684,Uo,myn,"","",,Maya,Carlos Galindo-Leal,2013-04-16T04:08:14Z
65860,múuch,myn,"","",,Maya,Ken-ichi Ueda,2013-05-07T23:57:27Z
23702,yaaxmuch,myn,"","",,Maya,Bobby McCabe,2013-05-08T00:00:04Z
23702,quech yaax,myn,"","",,Maya,Bobby McCabe,2013-05-08T00:00:18Z
65373,x-túuts´,myn,"","",,Maya,Ken-ichi Ueda,2013-05-08T00:00:43Z
65373,quech,myn,"","",,Maya,Ken-ichi Ueda,2013-05-08T00:00:55Z
24277,quech,myn,"","",,Maya,Bobby McCabe,2013-05-08T00:02:38Z
24277,x-túuts´,myn,"","",,Maya,Bobby McCabe,2013-05-08T00:02:40Z
67241,x-túuts´,myn,"","",,Maya,Ken-ichi Ueda,2013-05-08T00:02:47Z
67242,x-túuts´,myn,"","",,Maya,Ken-ichi Ueda,2013-05-08T00:02:53Z
67252,x-túuts´,myn,"","",,Maya,Bobby McCabe,2013-05-08T00:02:56Z
67252,quech,myn,"","",,Maya,Bobby McCabe,2013-05-08T00:03:00Z
24436,x-túuts´,myn,"","",,Maya,Ken-ichi Ueda,2013-05-08T00:03:08Z
22976,múuch,myn,"","",,Maya,Ken-ichi Ueda,2013-05-08T00:03:17Z
22951,múuch,myn,"","",,Maya,Ken-ichi Ueda,2013-05-08T00:03:21Z
25079,múuch,myn,"","",,Maya,Ken-ichi Ueda,2013-05-08T00:03:30Z
25185,chacmuch,myn,"","",,Maya,Ken-ichi Ueda,2013-05-08T00:03:56Z
25185,múuch,myn,"","",,Maya,Ken-ichi Ueda,2013-05-08T00:04:01Z
70725,x-túuts´,myn,"","",,Maya,Ken-ichi Ueda,2013-05-08T00:05:11Z
26686,múuch,myn,"","",,Maya,Ken-ichi Ueda,2013-05-08T00:05:44Z
26686,pochi,myn,"","",,Maya,Ken-ichi Ueda,2013-05-08T00:05:49Z
32093,káxab yuk,myn,"","",,Maya,Ken-ichi Ueda,2013-05-08T00:07:52Z
165750,Naab,myn,"","",,Maya,Carlos Galindo-Leal,2013-05-13T02:45:21Z
165750,Nicté-Ha,myn,"","",,Maya,Carlos Galindo-Leal,2013-05-13T03:20:33Z
43714,tzub,myn,"","",,Maya,Ken-ichi Ueda,2013-05-16T07:55:38Z
43712,cuatuza,myn,"","",,Maya,Ken-ichi Ueda,2013-05-16T07:55:39Z
43411,mash,myn,"","",,Maya,Kitty Maurey,2013-05-16T07:55:39Z
42076,ch’amac,myn,"","",,Maya,Ken-ichi Ueda,2013-05-16T07:55:40Z
41970,Balam,myn,"","",,Maya,Bobby McCabe,2013-05-16T07:55:47Z
41673,t' soy,myn,"","",,Maya,Carlos Galindo-Leal,2013-05-16T07:56:36Z
41663,a’ka’bak,myn,"","",,Maya,Victor HOYEAU,2013-05-16T07:56:37Z
60284,acaxacahuistli,myn,"","",,Maya,Ken-ichi Ueda,2013-05-16T07:58:01Z
202748,ahoché,myn,"","",,Maya,Ken-ichi Ueda,2013-05-16T07:58:27Z
76225,ak'ab-yom,myn,"","",,Maya,Ken-ichi Ueda,2013-05-16T07:58:36Z
120490,ak'al-k'umché,myn,"","",,Maya,Ken-ichi Ueda,2013-05-16T07:58:36Z
275360,akam-xiu,myn,"","",,Maya,Ken-ichi Ueda,2013-05-16T07:58:36Z
161930,ak'il-makal,myn,"","",,Maya,Ken-ichi Ueda,2013-05-16T07:58:38Z
58387,ak'il-suuk,myn,"","",,Maya,Ken-ichi Ueda,2013-05-16T07:58:38Z
209957,amché,myn,"","",,Maya,Ken-ichi Ueda,2013-05-16T07:59:23Z
286836,amché,myn,"","",,Maya,Ken-ichi Ueda,2013-05-16T07:59:23Z
75602,analk'aak,myn,"","",,Maya,Ken-ichi Ueda,2013-05-16T07:59:34Z
170081,apaak,myn,"","",,Maya,Ken-ichi Ueda,2013-05-16T07:59:42Z
286019,Bab,myn,"","",,Maya,Ken-ichi Ueda,2013-05-16T08:00:23Z
79141,bahab-kan,myn,"","",,Maya,harum.koh,2013-05-16T08:00:25Z
276322,bajonche,myn,"","",,Maya,Ken-ichi Ueda,2013-05-16T08:00:26Z
276303,bakal-ché,myn,"","",,Maya,Ken-ichi Ueda,2013-05-16T08:00:26Z
209896,bakal-ché,myn,"","",,Maya,Ken-ichi Ueda,2013-05-16T08:00:26Z
273803,balamb-niktpe,myn,"","",,Maya,Ken-ichi Ueda,2013-05-16T08:00:27Z
286418,balam-té,myn,"","",,Maya,Ken-ichi Ueda,2013-05-16T08:00:27Z
283130,Balche ke,myn,"","",,Maya,Ken-ichi Ueda,2013-05-16T08:00:27Z
290491,balché-chi,myn,"","",,Maya,Ken-ichi Ueda,2013-05-16T08:00:27Z
131579,Ja´abin,myn,"","",,Maya,Ken-ichi Ueda,2013-05-16T08:00:39Z
84537,bauviak,myn,"","",,Maya,Ken-ichi Ueda,2013-05-16T08:00:44Z
76854,bayal-suuk,myn,"","",,Maya,Ken-ichi Ueda,2013-05-16T08:00:44Z
166911,beeb,myn,"","",,Maya,Ken-ichi Ueda,2013-05-16T08:00:45Z
201456,beek-roble,myn,"","",,Maya,Ken-ichi Ueda,2013-05-16T08:00:46Z
278607,bix-chemax,myn,"","",,Maya,Ken-ichi Ueda,2013-05-16T08:01:12Z
209893,boochín,myn,"","",,Maya,Ken-ichi Ueda,2013-05-16T08:02:32Z
284356,boochín,myn,"","",,Maya,Ken-ichi Ueda,2013-05-16T08:02:32Z
273721,box-chakah,myn,"","",,Maya,Ken-ichi Ueda,2013-05-16T08:02:37Z
281579,Boxk uuts,myn,"","",,Maya,Bodo Nuñez Oberg,2013-05-16T08:02:37Z
162903,box-ya'suuk,myn,"","",,Maya,Ken-ichi Ueda,2013-05-16T08:02:38Z
284363,bub-saak,myn,"","",,Maya,Ken-ichi Ueda,2013-05-16T08:02:42Z
278609,buiché,myn,"","",,Maya,Ken-ichi Ueda,2013-05-16T08:02:43Z
288462,bulum-ek'xiu,myn,"","",,Maya,Ken-ichi Ueda,2013-05-16T08:02:43Z
84194,buulchich,myn,"","",,Maya,Ken-ichi Ueda,2013-05-16T08:02:45Z
127936,canchak-ché,myn,"","",,Maya,Ken-ichi Ueda,2013-05-16T08:03:31Z
185026,canché,myn,"","",,Maya,Ken-ichi Ueda,2013-05-16T08:03:31Z
127681,cantsin,myn,"","",,Maya,Ken-ichi Ueda,2013-05-16T08:03:42Z
58371,canzuuc,myn,"","",,Maya,Austin R. Kelly,2013-05-16T08:03:43Z
209891,Ceibo,myn,"","",,Maya,Adrian Bojorquez,2013-05-16T08:04:40Z
62809,Ceibo,myn,"","",,Maya,Ken-ichi Ueda,2013-05-16T08:04:40Z
316762,ceibo,myn,"","",,Maya,Ken-ichi Ueda,2013-05-16T08:04:41Z
126244,chaak,myn,"","",,Maya,Ken-ichi Ueda,2013-05-16T08:04:46Z
164145,chaban-kan,myn,"","",,Maya,Ken-ichi Ueda,2013-05-16T08:04:47Z
59061,chab-xaan,myn,"","",,Maya,Ken-ichi Ueda,2013-05-16T08:04:48Z
130734,Chaca o chacah,myn,"","",,Maya,Ken-ichi Ueda,2013-05-16T08:04:48Z
126925,Chacalhaaz,myn,"","",,Maya,Ken-ichi Ueda,2013-05-16T08:04:49Z
210961,chacana,myn,"","",,Maya,Ken-ichi Ueda,2013-05-16T08:04:49Z
210071,chac'ox,myn,"","",,Maya,Ken-ichi Ueda,2013-05-16T08:04:51Z
62859,chac-pichi,myn,"","",,Maya,Ken-ichi Ueda,2013-05-16T08:04:51Z
286338,chakak,myn,"","",,Maya,Ken-ichi Ueda,2013-05-16T08:04:52Z
184824,chak-k'eu,myn,"","",,Maya,Ken-ichi Ueda,2013-05-16T08:04:53Z
278953,chak-k'ewel,myn,"","",,Maya,Ken-ichi Ueda,2013-05-16T08:04:53Z
48380,chak-lol-makal,myn,"","",,Maya,Amelia Tauber,2013-05-16T08:04:53Z
277559,chak-ma'ak,myn,"","",,Maya,Ken-ichi Ueda,2013-05-16T08:04:54Z
130869,chak-mol,myn,"","",,Maya,Chris Thawley,2013-05-16T08:04:54Z
211198,chakmolché,myn,"","",,Maya,Ken-ichi Ueda,2013-05-16T08:04:54Z
54498,chak-mots,myn,"","",,Maya,Ken-ichi Ueda,2013-05-16T08:04:55Z
60439,chak-muk,myn,"","",,Maya,Zinogre,2013-05-16T08:04:55Z
75564,chak-suuk,myn,"","",,Maya,Ken-ichi Ueda,2013-05-16T08:04:55Z
132451,chak-suum,myn,"","",,Maya,Ken-ichi Ueda,2013-05-16T08:04:56Z
128652,chak-tsits,myn,"","",,Maya,Ken-ichi Ueda,2013-05-16T08:04:56Z
280543,chak-ts'ulubtok,myn,"","",,Maya,Marcelo Amores,2013-05-16T08:04:56Z
160941,chak-xul,myn,"","",,Maya,Ken-ichi Ueda,2013-05-16T08:04:57Z
75835,chalkilxiu,myn,"","",,Maya,Ken-ichi Ueda,2013-05-16T08:04:58Z
146643,chank'ala,myn,"","",,Maya,Alec Cowles,2013-05-16T08:05:00Z
158676,chan-wah-koh,myn,"","",,Maya,Ken-ichi Ueda,2013-05-16T08:05:00Z
158675,chan-wa-k'o,myn,"","",,Maya,Ken-ichi Ueda,2013-05-16T08:05:00Z
286589,chanxnuk,myn,"","",,Maya,Ken-ichi Ueda,2013-05-16T08:05:01Z
168922,ch'chibé,myn,"","",,Maya,Ken-ichi Ueda,2013-05-16T08:05:11Z
63694,che'el-ik,myn,"","",,Maya,Zinogre,2013-05-16T08:05:12Z
158098,chelem,myn,"","",,Maya,Ken-ichi Ueda,2013-05-16T08:05:12Z
154528,chi,myn,"","",,Maya,Ken-ichi Ueda,2013-05-16T08:05:14Z
165102,Chi,myn,"","",,Maya,Steve Jones,2013-05-16T08:05:14Z
160869,chichibe,myn,"","",,Maya,Ken-ichi Ueda,2013-05-16T08:05:17Z
160870,chichibe,myn,"","",,Maya,Ken-ichi Ueda,2013-05-16T08:05:17Z
165296,chichibe,myn,"","",,Maya,Ken-ichi Ueda,2013-05-16T08:05:17Z
274229,chichibe,myn,"","",,Maya,Ken-ichi Ueda,2013-05-16T08:05:17Z
79077,Chichibe,myn,"","",,Maya,Ken-ichi Ueda,2013-05-16T08:05:17Z
79078,chichibe,myn,"","",,Maya,Ken-ichi Ueda,2013-05-16T08:05:18Z
169424,chichibe,myn,"","",,Maya,Ken-ichi Ueda,2013-05-16T08:05:18Z
50203,chichik-xul,myn,"","",,Maya,Cole Gaerber,2013-05-16T08:05:21Z
62811,chich-put,myn,"","",,Maya,Ken-ichi Ueda,2013-05-16T08:05:23Z
165536,chiikán,myn,"","",,Maya,Ken-ichi Ueda,2013-05-16T08:05:27Z
58058,chile max,myn,"","",,Maya,Ken-ichi Ueda,2013-05-16T08:05:29Z
79187,chilibsuuk,myn,"","",,Maya,Ken-ichi Ueda,2013-05-16T08:05:30Z
275301,ch'ilibtux,myn,"","",,Maya,Ken-ichi Ueda,2013-05-16T08:05:30Z
76599,chimes-suuk,myn,"","",,Maya,Ken-ichi Ueda,2013-05-16T08:05:35Z
157408,chimtok,myn,"","",,Maya,Ken-ichi Ueda,2013-05-16T08:05:35Z
279734,chioplé,myn,"","",,Maya,Ken-ichi Ueda,2013-05-16T08:05:36Z
169735,chit,myn,"Jardín Botánico ""Dr. Alfredo Barrera Marín "" ","",,Maya,Aurora Urania Beltrán Torres,2013-05-16T08:05:39Z
75432,ch'it-suuk,myn,"","",,Maya,Ken-ichi Ueda,2013-05-16T08:05:40Z
285646,choben-che,myn,"","",,Maya,Ken-ichi Ueda,2013-05-16T08:05:41Z
164064,ch'oh,myn,"","",,Maya,Ken-ichi Ueda,2013-05-16T08:05:41Z
206729,choh-kan,myn,"","",,Maya,Ken-ichi Ueda,2013-05-16T08:05:42Z
130193,chokobkat,myn,"","",,Maya,Ken-ichi Ueda,2013-05-16T08:05:42Z
154798,chom,myn,"","",,Maya,Ken-ichi Ueda,2013-05-16T08:05:46Z
277363,Ch'om,myn,"","",,Maya,Ken-ichi Ueda,2013-05-16T08:05:47Z
141275,chu,myn,"","",,Maya,Ken-ichi Ueda,2013-05-16T08:05:49Z
68593,chu,myn,"","",,Maya,Ken-ichi Ueda,2013-05-16T08:05:49Z
281580,chu,myn,"","",,Maya,Ken-ichi Ueda,2013-05-16T08:05:49Z
285847,chu-ch'ikil,myn,"","",,Maya,Ken-ichi Ueda,2013-05-16T08:05:50Z
166920,chucum blanco,myn,"","",,Maya,Kevin Faccenda,2013-05-16T08:05:50Z
48514,ch'uhuk-ik,myn,"","",,Maya,Ken-ichi Ueda,2013-05-16T08:05:51Z
158455,chulub,myn,"","",,Maya,Ken-ichi Ueda,2013-05-16T08:05:51Z
290264,chulub,myn,"","",,Maya,Ken-ichi Ueda,2013-05-16T08:05:51Z
291767,chuts,myn,"","",,Maya,Ken-ichi Ueda,2013-05-16T08:05:54Z
48895,codzne max,myn,"","",,Maya,Ken-ichi Ueda,2013-05-16T08:06:12Z
54771,cuaulotillo,myn,"","",,Maya,Ken-ichi Ueda,2013-05-16T08:07:32Z
130789,cuaulotillo,myn,"","",,Maya,Ken-ichi Ueda,2013-05-16T08:07:32Z
48592,cucut,myn,"","",,Maya,Ken-ichi Ueda,2013-05-16T08:07:40Z
62833,Culché,myn,"","",,Maya,,2013-05-16T08:07:57Z
169540,dzumayail,myn,"","",,Maya,Ken-ichi Ueda,2013-05-16T08:08:16Z
161161,ek'balam,myn,"","",,Maya,Ken-ichi Ueda,2013-05-16T08:08:18Z
161156,ekbalán,myn,"","",,Maya,Ken-ichi Ueda,2013-05-16T08:08:18Z
166168,ek'chim,myn,"","",,Maya,Ken-ichi Ueda,2013-05-16T08:08:18Z
286322,guamuchillo,myn,"","",,Maya,Ken-ichi Ueda,2013-05-16T08:10:24Z
287650,guamuchillo,myn,"","",,Maya,Ken-ichi Ueda,2013-05-16T08:10:24Z
166922,T'siu-ché,myn,"","",,Maya,Oscar González,2013-05-16T08:10:25Z
48985,ha' kolel,myn,"","",,Maya,Ken-ichi Ueda,2013-05-16T08:10:46Z
64340,haa,myn,"","",,Maya,Ken-ichi Ueda,2013-05-16T08:10:46Z
131579,haabí,myn,"","",,Maya,Ken-ichi Ueda,2013-05-16T08:10:46Z
276312,habbem,myn,"","",,Maya,Ken-ichi Ueda,2013-05-16T08:10:47Z
280698,habín-pek',myn,"","",,Maya,Ken-ichi Ueda,2013-05-16T08:10:48Z
286691,halalnal,myn,"","",,Maya,Ken-ichi Ueda,2013-05-16T08:10:48Z
126424,hauay,myn,"","",,Maya,Ken-ichi Ueda,2013-05-16T08:10:50Z
288044,hayal-suuk,myn,"","",,Maya,Ken-ichi Ueda,2013-05-16T08:10:51Z
277283,hkolomxal,myn,"","",,Maya,Ken-ichi Ueda,2013-05-16T08:14:59Z
162829,hobonté,myn,"","",,Maya,Ken-ichi Ueda,2013-05-16T08:14:59Z
318001,hok ob,myn,"","",,Maya,Ken-ichi Ueda,2013-05-16T08:15:07Z
285491,hol,myn,"","",,Maya,Ken-ichi Ueda,2013-05-16T08:15:07Z
278086,hol,myn,"","",,Maya,Ken-ichi Ueda,2013-05-16T08:15:08Z
288424,homah-ak,myn,"","",,Maya,Ken-ichi Ueda,2013-05-16T08:15:08Z
154008,homah-ak,myn,"","",,Maya,Ken-ichi Ueda,2013-05-16T08:15:08Z
276931,hom-ikim,myn,"","",,Maya,Ken-ichi Ueda,2013-05-16T08:15:09Z
280276,hon-tolok,myn,"","",,Maya,Ken-ichi Ueda,2013-05-16T08:15:09Z
282314,hoobox,myn,"","",,Maya,Ken-ichi Ueda,2013-05-16T08:15:09Z
169890,hoo-box,myn,"","",,Maya,Ken-ichi Ueda,2013-05-16T08:15:09Z
289777,hoolol-nuxib,myn,"","",,Maya,Ken-ichi Ueda,2013-05-16T08:15:10Z
290916,hooloop,myn,"","",,Maya,Ken-ichi Ueda,2013-05-16T08:15:10Z
62918,huak top suuk,myn,"","",,Maya,Ken-ichi Ueda,2013-05-16T08:15:13Z
122849,ib,myn,"","",,Maya,Ken-ichi Ueda,2013-05-16T08:15:24Z
78589,iban-há,myn,"","",,Maya,wsyxbcl,2013-05-16T08:15:24Z
51896,ibanxiu,myn,"","",,Maya,Ken-ichi Ueda,2013-05-16T08:15:24Z
138567,ib-che,myn,"","",,Maya,Ken-ichi Ueda,2013-05-16T08:15:25Z
131601,ich huh,myn,"","",,Maya,Ken-ichi Ueda,2013-05-16T08:15:25Z
278595,ikbach,myn,"","",,Maya,Ken-ichi Ueda,2013-05-16T08:15:27Z
62941,is,myn,"","",,Maya,Ken-ichi Ueda,2013-05-16T08:15:33Z
122866,is-k'um,myn,"","",,Maya,Bobby McCabe,2013-05-16T08:15:37Z
273961,itza-zuuk,myn,"","",,Maya,Ken-ichi Ueda,2013-05-16T08:15:41Z
282276,ixbut,myn,"","",,Maya,Ken-ichi Ueda,2013-05-16T08:15:43Z
292096,ixim-ché,myn,"","",,Maya,Ken-ichi Ueda,2013-05-16T08:15:45Z
54518,ixim-há,myn,"","",,Maya,Ken-ichi Ueda,2013-05-16T08:15:45Z
62643,ix-pa halkan,myn,"","",,Maya,Ken-ichi Ueda,2013-05-16T08:15:46Z
75395,ka,myn,"","",,Maya,Ken-ichi Ueda,2013-05-16T08:16:23Z
76541,ka,myn,"","",,Maya,Carlos Galindo-Leal,2013-05-16T08:16:24Z
166749,kababesinixté,myn,"","",,Maya,Ken-ichi Ueda,2013-05-16T08:16:24Z
159580,kabache-che-be,myn,"","",,Maya,Ken-ichi Ueda,2013-05-16T08:16:24Z
278840,kabachulob,myn,"","",,Maya,Ken-ichi Ueda,2013-05-16T08:16:24Z
58991,kabal-chum,myn,"","",,Maya,Victor HOYEAU,2013-05-16T08:16:24Z
161987,kabal-hau,myn,"","",,Maya,Ken-ichi Ueda,2013-05-16T08:16:25Z
278555,kabal-k'aak,myn,"","",,Maya,Ken-ichi Ueda,2013-05-16T08:16:25Z
158753,kabal-k'umche,myn,"","",,Maya,Ken-ichi Ueda,2013-05-16T08:16:25Z
161714,kabal-pich,myn,"","",,Maya,Ken-ichi Ueda,2013-05-16T08:16:25Z
278717,kabal-yaxnik,myn,"","",,Maya,Ken-ichi Ueda,2013-05-16T08:16:26Z
290479,kahum-tulub,myn,"","",,Maya,Ken-ichi Ueda,2013-05-16T08:16:26Z
316738,kakaoché,myn,"","",,Maya,Ken-ichi Ueda,2013-05-16T08:16:27Z
168389,k'ak-nep,myn,"","",,Maya,Ken-ichi Ueda,2013-05-16T08:16:27Z
147996,k'altumbub,myn,"","",,Maya,Ken-ichi Ueda,2013-05-16T08:16:28Z
292083,kamba-och-lob,myn,"","",,Maya,Ken-ichi Ueda,2013-05-16T08:16:29Z
162153,kampokolché,myn,"","",,Maya,Bobby McCabe,2013-05-16T08:16:29Z
169442,kanak-ché,myn,"","",,Maya,wsyxbcl,2013-05-16T08:16:29Z
62850,k'an-chik'-inche,myn,"","",,Maya,Donald Davesne,2013-05-16T08:16:30Z
288072,k'an-chim,myn,"","",,Maya,Ken-ichi Ueda,2013-05-16T08:16:30Z
209898,k'an-k'opte,myn,"","",,Maya,Ken-ichi Ueda,2013-05-16T08:16:30Z
161264,k'an-le-kay,myn,"","",,Maya,Ken-ichi Ueda,2013-05-16T08:16:30Z
161287,k'an-le-kay,myn,"","",,Maya,Ken-ichi Ueda,2013-05-16T08:16:31Z
48363,k'an-lol,myn,"","",,Maya,cassi saari,2013-05-16T08:16:31Z
135243,K'anlol-xiu,myn,"","",,Maya,Ken-ichi Ueda,2013-05-16T08:16:31Z
129327,kansel-ak,myn,"","",,Maya,Ken-ichi Ueda,2013-05-16T08:16:31Z
281730,k'an-t'uul,myn,"","",,Maya,Ken-ichi Ueda,2013-05-16T08:16:32Z
280799,Kan-xuul,myn,"","",,Maya,Ken-ichi Ueda,2013-05-16T08:16:33Z
206736,kanzakán,myn,"","",,Maya,Ken-ichi Ueda,2013-05-16T08:16:33Z
210070,k'anzan,myn,"","",,Maya,Ken-ichi Ueda,2013-05-16T08:16:33Z
283038,ka'ulum,myn,"","",,Maya,Ken-ichi Ueda,2013-05-16T08:16:34Z
316819,kax,myn,"","",,Maya,Ken-ichi Ueda,2013-05-16T08:16:35Z
85339,kaxabyuk,myn,"","",,Maya,Ken-ichi Ueda,2013-05-16T08:16:35Z
275118,kayuk,myn,"","",,Maya,Ken-ichi Ueda,2013-05-16T08:16:35Z
278616,k'ex-ak,myn,"","",,Maya,Ken-ichi Ueda,2013-05-16T08:16:36Z
127284,kiiché,myn,"","",,Maya,Ken-ichi Ueda,2013-05-16T08:16:36Z
202573,k'iik-ché,myn,"","",,Maya,Ken-ichi Ueda,2013-05-16T08:16:36Z
285082,kiis,myn,"","",,Maya,Ken-ichi Ueda,2013-05-16T08:16:36Z
128533,k'iix-saklol,myn,"","",,Maya,Ken-ichi Ueda,2013-05-16T08:16:37Z
273715,kiki-chay,myn,"","",,Maya,Ken-ichi Ueda,2013-05-16T08:16:37Z
274076,kikin,myn,"","",,Maya,Ken-ichi Ueda,2013-05-16T08:16:38Z
165138,kiki-tsiim,myn,"","",,Maya,Ken-ichi Ueda,2013-05-16T08:16:38Z
62849,kinsah-uinik,myn,"","",,Maya,Ken-ichi Ueda,2013-05-16T08:16:38Z
131576,kintah,myn,"","",,Maya,Kuan-Chieh (Chuck) Hung,2013-05-16T08:16:38Z
127676,kiui,myn,"","",,Maya,Ken-ichi Ueda,2013-05-16T08:16:38Z
284772,kochlé,myn,"","",,Maya,Ken-ichi Ueda,2013-05-16T08:16:39Z
284026,ko-ken,myn,"","",,Maya,Ken-ichi Ueda,2013-05-16T08:16:39Z
278630,kolok,myn,"","",,Maya,Ken-ichi Ueda,2013-05-16T08:16:39Z
277704,k'olok-maax,myn,"","",,Maya,Ken-ichi Ueda,2013-05-16T08:16:39Z
160255,Koochlé,myn,"","",,Maya,Ken-ichi Ueda,2013-05-16T08:16:40Z
288660,kopal-xiu,myn,"","",,Maya,Ken-ichi Ueda,2013-05-16T08:16:41Z
160878,kopte,myn,"","",,Maya,Ken-ichi Ueda,2013-05-16T08:16:41Z
283139,k'opte,myn,"","",,Maya,Ken-ichi Ueda,2013-05-16T08:16:41Z
278947,kubemba,myn,"","",,Maya,Ken-ichi Ueda,2013-05-16T08:16:42Z
47445,kuka,myn,"","",,Maya,Ken-ichi Ueda,2013-05-16T08:16:43Z
83832,k'uk'-ché,myn,"","",,Maya,Ken-ichi Ueda,2013-05-16T08:16:43Z
122835,ku-kut-ma-kal,myn,"","",,Maya,Yoshimasa Uchiyama,2013-05-16T08:16:43Z
209930,kumche,myn,"","",,Maya,Ken-ichi Ueda,2013-05-16T08:16:44Z
131557,k'um-tulub,myn,"","",,Maya,Ken-ichi Ueda,2013-05-16T08:16:44Z
287917,k'u-suuk,myn,"","",,Maya,Ken-ichi Ueda,2013-05-16T08:16:45Z
159358,k'u-suuk,myn,"","",,Maya,Ken-ichi Ueda,2013-05-16T08:16:45Z
58334,K'uts,myn,"","",,Maya,Donald Davesne,2013-05-16T08:16:45Z
287990,k'u-uech,myn,"","",,Maya,Ken-ichi Ueda,2013-05-16T08:16:46Z
122869,k'uum,myn,"","",,Maya,Oscar González,2013-05-16T08:16:46Z
201454,k'uyche,myn,"","",,Maya,Ken-ichi Ueda,2013-05-16T08:16:46Z
286503,laal-simin,myn,"","",,Maya,Ken-ichi Ueda,2013-05-16T08:16:47Z
286502,laal-tsimin,myn,"","",,Maya,Ken-ichi Ueda,2013-05-16T08:16:47Z
165750,lab,myn,"","",,Maya,Ken-ichi Ueda,2013-05-16T08:16:48Z
285298,lalmuch,myn,"","",,Maya,Ken-ichi Ueda,2013-05-16T08:16:52Z
286547,lat-ché,myn,"","",,Maya,Ken-ichi Ueda,2013-05-16T08:16:56Z
161121,luch,myn,"","",,Maya,Ken-ichi Ueda,2013-05-16T08:18:02Z
154827,luk'sa-tahan,myn,"","",,Maya,Ken-ichi Ueda,2013-05-16T08:18:03Z
209905,mak',myn,"","",,Maya,Ken-ichi Ueda,2013-05-16T08:18:21Z
281156,makal-k'uch,myn,"","",,Maya,Ken-ichi Ueda,2013-05-16T08:18:21Z
79312,masehual-xpuux,myn,"","",,Maya,Ken-ichi Ueda,2013-05-16T08:18:50Z
164861,maskabché,myn,"","",,Maya,Ken-ichi Ueda,2013-05-16T08:18:51Z
161465,maskab-suuk,myn,"","",,Maya,Ken-ichi Ueda,2013-05-16T08:18:51Z
49569,me'ex-nuxib,myn,"","",,Maya,Ken-ichi Ueda,2013-05-16T08:19:05Z
122985,mehen-chikam,myn,"","",,Maya,Ken-ichi Ueda,2013-05-16T08:19:05Z
285850,mehen-sihal,myn,"","",,Maya,Ken-ichi Ueda,2013-05-16T08:19:06Z
140119,mehensit,myn,"","",,Maya,Ken-ichi Ueda,2013-05-16T08:19:06Z
55854,mehen-x-toh-k'u,myn,"","",,Maya,Ken-ichi Ueda,2013-05-16T08:19:06Z
208742,mis,myn,"","",,Maya,Zinogre,2013-05-16T08:19:18Z
157833,misbil,myn,"","",,Maya,Ken-ichi Ueda,2013-05-16T08:19:18Z
209871,mop,myn,"","",,Maya,Ken-ichi Ueda,2013-05-16T08:19:26Z
290233,mucuyché,myn,"","",,Maya,Ken-ichi Ueda,2013-05-16T08:19:33Z
290046,muk,myn,"","",,Maya,Ken-ichi Ueda,2013-05-16T08:19:35Z
204969,mulix-pol,myn,"","",,Maya,Ken-ichi Ueda,2013-05-16T08:19:36Z
51921,muts'il xiw,myn,"","",,Maya,Alec Cowles,2013-05-16T08:19:43Z
207367,muul,myn,"","",,Maya,Ken-ichi Ueda,2013-05-16T08:19:44Z
288214,muul-suuk,myn,"","",,Maya,Ken-ichi Ueda,2013-05-16T08:19:44Z
209950,nabá,myn,"","",,Maya,Ken-ichi Ueda,2013-05-16T08:19:45Z
62814,nabanché,myn,"","",,Maya,Ken-ichi Ueda,2013-05-16T08:19:45Z
53294,nabuk'ak,myn,"","",,Maya,Ken-ichi Ueda,2013-05-16T08:19:45Z
273964,ne-kuuk,myn,"","",,Maya,Ken-ichi Ueda,2013-05-16T08:20:01Z
168882,ne-kuuk-suuk,myn,"","",,Maya,Ken-ichi Ueda,2013-05-16T08:20:01Z
83492,nemaax,myn,"","",,Maya,Ken-ichi Ueda,2013-05-16T08:20:02Z
158426,ne-och,myn,"","",,Maya,Ken-ichi Ueda,2013-05-16T08:20:03Z
164238,ni-in,myn,"","",,Maya,Ken-ichi Ueda,2013-05-16T08:20:07Z
165707,nohol-x'i-k'uts,myn,"","",,Maya,Ken-ichi Ueda,2013-05-16T08:20:12Z
277074,Nunup'he,myn,"","",,Maya,Ken-ichi Ueda,2013-05-16T08:20:35Z
289134,omil,myn,"","",,Maya,Ken-ichi Ueda,2013-05-16T08:20:49Z
162826,onob-kax,myn,"","",,Maya,Ken-ichi Ueda,2013-05-16T08:20:49Z
277675,oppolché,myn,"","",,Maya,Ken-ichi Ueda,2013-05-16T08:20:49Z
122099,oxoak,myn,"","",,Maya,Ken-ichi Ueda,2013-05-16T08:21:06Z
154828,oxotzin,myn,"","",,Maya,Adrian Bojorquez,2013-05-16T08:21:06Z
166545,paay-che',myn,"","",,Maya,Ken-ichi Ueda,2013-05-16T08:21:07Z
158336,pacay,myn,"","",,Maya,Ken-ichi Ueda,2013-05-16T08:21:09Z
62844,pah-ch'ukuk,myn,"","",,Maya,Ken-ichi Ueda,2013-05-16T08:21:11Z
53478,pah-tsa,myn,"","",,Maya,Ken-ichi Ueda,2013-05-16T08:21:11Z
165876,pak'an,myn,"","",,Maya,Ken-ichi Ueda,2013-05-16T08:21:16Z
274370,pak'an,myn,"","",,Maya,Bobby McCabe,2013-05-16T08:21:16Z
60121,pakan-le',myn,"","",,Maya,Ken-ichi Ueda,2013-05-16T08:21:16Z
61374,p'ak-muul,myn,"","",,Maya,Ken-ichi Ueda,2013-05-16T08:21:16Z
78570,paknul,myn,"","",,Maya,Bobby McCabe,2013-05-16T08:21:17Z
78571,paknul,myn,"","",,Maya,Ken-ichi Ueda,2013-05-16T08:21:17Z
160643,pel-eltum,myn,"","",,Maya,Ken-ichi Ueda,2013-05-16T08:22:45Z
274295,p'eles-k'uch,myn,"","",,Maya,Ken-ichi Ueda,2013-05-16T08:22:45Z
50333,petel-k'in,myn,"","",,Maya,Zinogre,2013-05-16T08:22:51Z
52440,pich,myn,"","",,Maya,Ken-ichi Ueda,2013-05-16T08:22:53Z
283328,pichi,myn,"","",,Maya,Carlos Galindo-Leal,2013-05-16T08:22:53Z
209925,pichi,myn,"","",,Maya,Carlos Galindo-Leal,2013-05-16T08:22:53Z
154538,pishoy,myn,"","",,Maya,Adrian Bojorquez,2013-05-16T08:23:11Z
209942,pixoy,myn,"","",,Maya,Ken-ichi Ueda,2013-05-16T08:23:21Z
287369,p'ixtion-chich,myn,"","",,Maya,Ken-ichi Ueda,2013-05-16T08:23:22Z
279169,pixton-xiu,myn,"","",,Maya,Ken-ichi Ueda,2013-05-16T08:23:22Z
276229,polotz,myn,"","",,Maya,Ken-ichi Ueda,2013-05-16T08:23:28Z
276231,polot'z ch'opak,myn,"","",,Maya,Ken-ichi Ueda,2013-05-16T08:23:28Z
209973,poom,myn,"","",,Maya,Ken-ichi Ueda,2013-05-16T08:23:28Z
288817,puk-ak´,myn,"","",,Maya,Ken-ichi Ueda,2013-05-16T08:23:33Z
286843,put-back-ktes,myn,"","",,Maya,Ken-ichi Ueda,2013-05-16T08:23:34Z
284257,puts-ché,myn,"","",,Maya,Ken-ichi Ueda,2013-05-16T08:23:35Z
281292,saayab,myn,"","",,Maya,Carlos Galindo-Leal,2013-05-16T08:23:57Z
84585,saha,myn,"","",,Maya,Ken-ichi Ueda,2013-05-16T08:24:01Z
244815,sahum,myn,"","",,Maya,Bodo Nuñez Oberg,2013-05-16T08:24:02Z
283368,sah-yak',myn,"","",,Maya,Ken-ichi Ueda,2013-05-16T08:24:02Z
78703,saioch,myn,"","",,Maya,Ken-ichi Ueda,2013-05-16T08:24:02Z
286603,sakbakelkan,myn,"","",,Maya,Ken-ichi Ueda,2013-05-16T08:24:03Z
131548,sak-ché,myn,"","",,Maya,Ken-ichi Ueda,2013-05-16T08:24:03Z
155935,sak-ch'ilib,myn,"","",,Maya,Ken-ichi Ueda,2013-05-16T08:24:04Z
127254,sak-chukum,myn,"","",,Maya,Ken-ichi Ueda,2013-05-16T08:24:04Z
64237,sak-halal,myn,"","",,Maya,Ken-ichi Ueda,2013-05-16T08:24:04Z
131598,sak-hok-lub,myn,"","",,Maya,Ken-ichi Ueda,2013-05-16T08:24:04Z
292071,sak-its,myn,"","",,Maya,Ken-ichi Ueda,2013-05-16T08:24:05Z
285960,sakitsa,myn,"","",,Maya,Ken-ichi Ueda,2013-05-16T08:24:05Z
273850,sak-kabah,myn,"","",,Maya,Ken-ichi Ueda,2013-05-16T08:24:05Z
281031,sak-ki,myn,"","",,Maya,Ken-ichi Ueda,2013-05-16T08:24:05Z
132448,sak-miebil,myn,"","",,Maya,Ken-ichi Ueda,2013-05-16T08:24:06Z
157851,sakmisbil,myn,"","",,Maya,Ken-ichi Ueda,2013-05-16T08:24:06Z
157855,sak-misib,myn,"","",,Maya,Ken-ichi Ueda,2013-05-16T08:24:06Z
160811,sak-nak-ché,myn,"","",,Maya,Ken-ichi Ueda,2013-05-16T08:24:06Z
62854,sak-okom,myn,"","",,Maya,Ken-ichi Ueda,2013-05-16T08:24:06Z
285445,sak-pah,myn,"","",,Maya,Joshua Ekrut,2013-05-16T08:24:07Z
131569,sak-pet,myn,"","",,Maya,Ken-ichi Ueda,2013-05-16T08:24:07Z
286309,sak-poom,myn,"","",,Maya,Ken-ichi Ueda,2013-05-16T08:24:07Z
286532,sak-puk'yim,myn,"","",,Maya,Ken-ichi Ueda,2013-05-16T08:24:07Z
273976,sak-tah,myn,"","",,Maya,Ken-ichi Ueda,2013-05-16T08:24:07Z
289601,saktoy,myn,"","",,Maya,Ken-ichi Ueda,2013-05-16T08:24:08Z
280769,sak-ts'ulub-tok,myn,"","",,Maya,Ken-ichi Ueda,2013-05-16T08:24:08Z
292097,sakuilche,myn,"","",,Maya,Ken-ichi Ueda,2013-05-16T08:24:09Z
131558,sak-xanab-mucuy,myn,"","",,Maya,Ken-ichi Ueda,2013-05-16T08:24:09Z
170328,sak-xiu,myn,"","",,Maya,Ken-ichi Ueda,2013-05-16T08:24:09Z
163327,sak-yab,myn,"","",,Maya,wsyxbcl,2013-05-16T08:24:09Z
189835,sak'yaxte,myn,"","",,Maya,Ken-ichi Ueda,2013-05-16T08:24:09Z
159142,salak-k'at,myn,"","",,Maya,Ken-ichi Ueda,2013-05-16T08:24:11Z
152139,salat-xiu,myn,"","",,Maya,Carlos Galindo-Leal,2013-05-16T08:24:11Z
290469,sal-ché,myn,"","",,Maya,Ken-ichi Ueda,2013-05-16T08:24:11Z
283216,siki-may,myn,"","",,Maya,Ken-ichi Ueda,2013-05-16T08:24:40Z
164333,sil-al-xiu,myn,"","",,Maya,Ken-ichi Ueda,2013-05-16T08:24:40Z
274196,sinanché,myn,"","",,Maya,Ken-ichi Ueda,2013-05-16T08:24:41Z
61393,sisbik-k'aax,myn,"","",,Maya,Victor HOYEAU,2013-05-16T08:24:43Z
158796,sisil-ch'en,myn,"","",,Maya,Ken-ichi Ueda,2013-05-16T08:24:43Z
164431,sit,myn,"","",,Maya,Ken-ichi Ueda,2013-05-16T08:24:43Z
193076,soon chulul,myn,"","",,Maya,Ken-ichi Ueda,2013-05-16T08:24:47Z
155626,suetsink-ché,myn,"","",,Maya,Ken-ichi Ueda,2013-05-16T08:24:51Z
169590,sulché,myn,"","",,Maya,Ken-ichi Ueda,2013-05-16T08:24:51Z
281084,sulub,myn,"","",,Maya,Ken-ichi Ueda,2013-05-16T08:24:51Z
61839,suts'keyem,myn,"","",,Maya,Ken-ichi Ueda,2013-05-16T08:24:53Z
164075,sutub,myn,"","",,Maya,Ken-ichi Ueda,2013-05-16T08:24:53Z
76790,suuk,myn,"","",,Maya,Ken-ichi Ueda,2013-05-16T08:24:53Z
164542,suuk,myn,"","",,Maya,Ken-ichi Ueda,2013-05-16T08:24:53Z
79068,suuk,myn,"","",,Maya,Austin R. Kelly,2013-05-16T08:24:53Z
145588,suuk-paen,myn,"","",,Maya,Ken-ichi Ueda,2013-05-16T08:24:54Z
170221,Ta,myn,"","",,Maya,Scott Loarie,2013-05-16T08:24:54Z
60335,tabché,myn,"","",,Maya,Ken-ichi Ueda,2013-05-16T08:24:57Z
170046,tabi,myn,"","",,Maya,Ken-ichi Ueda,2013-05-16T08:24:57Z
169322,talché,myn,"","",,Maya,Ken-ichi Ueda,2013-05-16T08:25:08Z
120942,taman-che'ich,myn,"","",,Maya,Ken-ichi Ueda,2013-05-16T08:25:11Z
291766,tanché,myn,"","",,Maya,Ken-ichi Ueda,2013-05-16T08:25:12Z
277826,tauch,myn,"","",,Maya,Ken-ichi Ueda,2013-05-16T08:25:17Z
169168,ta'ulmil,myn,"","",,Maya,Ken-ichi Ueda,2013-05-16T08:25:17Z
64017,tek'halal,myn,"","",,Maya,Yoshimasa Uchiyama,2013-05-16T08:25:24Z
78580,telkok,myn,"","",,Maya,Ken-ichi Ueda,2013-05-16T08:25:25Z
158025,tel-ts'iu,myn,"","",,Maya,Ken-ichi Ueda,2013-05-16T08:25:25Z
128268,tmuul,myn,"","",,Maya,Ken-ichi Ueda,2013-05-16T08:25:51Z
275384,topian-xiu,myn,"","",,Maya,Ken-ichi Ueda,2013-05-16T08:26:02Z
165115,totop-sots,myn,"","",,Maya,Ken-ichi Ueda,2013-05-16T08:26:05Z
282309,tsah,myn,"","",,Maya,Ken-ichi Ueda,2013-05-16T08:26:21Z
164990,Tsalam,myn,"","",,Maya,Ken-ichi Ueda,2013-05-16T08:26:22Z
75455,tsayaltsay,myn,"","",,Maya,Ken-ichi Ueda,2013-05-16T08:26:23Z
163352,ts'iin,myn,"","",,Maya,Ken-ichi Ueda,2013-05-16T08:26:24Z
206194,ts-ii-pil,myn,"","",,Maya,Ken-ichi Ueda,2013-05-16T08:26:25Z
165303,tsots'kab,myn,"","",,Maya,Ken-ichi Ueda,2013-05-16T08:26:26Z
278648,ts'ulap,myn,"","",,Maya,Ken-ichi Ueda,2013-05-16T08:26:26Z
290009,ts'ulub-tok,myn,"","",,Maya,Ken-ichi Ueda,2013-05-16T08:26:26Z
284882,tsusuk,myn,"","",,Maya,Ken-ichi Ueda,2013-05-16T08:26:27Z
51448,Tu'bok,myn,"","",,Maya,Ken-ichi Ueda,2013-05-16T08:26:28Z
244459,Tuk,myn,"","",,Maya,Ken-ichi Ueda,2013-05-16T08:26:29Z
76593,tuk'uch,myn,"","",,Maya,Ken-ichi Ueda,2013-05-16T08:26:30Z
289947,tulub-bayam,myn,"","",,Maya,Ken-ichi Ueda,2013-05-16T08:26:35Z
277755,tu'xi-kin,myn,"","",,Maya,Ken-ichi Ueda,2013-05-16T08:26:42Z
281655,tzikin,myn,"","",,Maya,Ken-ichi Ueda,2013-05-16T08:26:50Z
273670,Tzitzilché,myn,"","",,Maya,Ken-ichi Ueda,2013-05-16T08:26:54Z
47447,uaxim,myn,"","",,Maya,Donald Davesne,2013-05-16T08:27:03Z
290796,ukuch,myn,"","",,Maya,Ken-ichi Ueda,2013-05-16T08:27:06Z
277537,uts upek',myn,"","",,Maya,Ken-ichi Ueda,2013-05-16T08:27:10Z
159290,xaakil,myn,"","",,Maya,Ken-ichi Ueda,2013-05-16T08:27:29Z
132637,xabalam,myn,"","",,Maya,Ken-ichi Ueda,2013-05-16T08:27:29Z
131560,xahuay,myn,"","",,Maya,Ken-ichi Ueda,2013-05-16T08:27:30Z
200053,xanab-mukuy,myn,"","",,Maya,Ken-ichi Ueda,2013-05-16T08:27:32Z
290667,xayil-lol-xiu,myn,"","",,Maya,Ken-ichi Ueda,2013-05-16T08:27:34Z
139196,xbabalché,myn,"","",,Maya,Ken-ichi Ueda,2013-05-16T08:27:34Z
283027,xbon dzek,myn,"","",,Maya,Ken-ichi Ueda,2013-05-16T08:27:35Z
282232,x-chaché,myn,"","",,Maya,Ken-ichi Ueda,2013-05-16T08:27:35Z
116694,xhail,myn,"","",,Maya,Ken-ichi Ueda,2013-05-16T08:27:36Z
52344,xhail,myn,"","",,Maya,Ken-ichi Ueda,2013-05-16T08:27:36Z
206284,xiat,myn,"","",,Maya,Ken-ichi Ueda,2013-05-16T08:27:37Z
162913,xia-xiu,myn,"","",,Maya,Ken-ichi Ueda,2013-05-16T08:27:37Z
166921,Xiax-k'aax,myn,"","",,Maya,Ken-ichi Ueda,2013-05-16T08:27:38Z
284995,ximché,myn,"","",,Maya,Ken-ichi Ueda,2013-05-16T08:27:39Z
163471,xita-queza,myn,"","",,Maya,Ken-ichi Ueda,2013-05-16T08:27:40Z
288661,xiu-hulub,myn,"","",,Maya,Ken-ichi Ueda,2013-05-16T08:27:40Z
316803,xkaax,myn,"","",,Maya,Ken-ichi Ueda,2013-05-16T08:27:41Z
56739,X-koch,myn,"","",,Maya,Ken-ichi Ueda,2013-05-16T08:27:43Z
159824,x-koh-ché,myn,"","",,Maya,Ken-ichi Ueda,2013-05-16T08:27:43Z
132130,x-k'uyché,myn,"","",,Maya,Adrian Bojorquez,2013-05-16T08:27:43Z
277339,X-makal,myn,"","",,Maya,Ken-ichi Ueda,2013-05-16T08:27:44Z
157886,x-mibil,myn,"","",,Maya,Ken-ichi Ueda,2013-05-16T08:27:44Z
282249,xmoolkoh,myn,"","",,Maya,Ken-ichi Ueda,2013-05-16T08:27:45Z
277824,x-nob-ché,myn,"","",,Maya,Ken-ichi Ueda,2013-05-16T08:27:45Z
163354,xomak,myn,"","",,Maya,Ken-ichi Ueda,2013-05-16T08:27:50Z
201455,xoyo,myn,"","",,Maya,Ken-ichi Ueda,2013-05-16T08:27:53Z
285775,xpahumpak,myn,"","",,Maya,Ken-ichi Ueda,2013-05-16T08:27:54Z
165463,xpak-um-pa,myn,"","",,Maya,Ken-ichi Ueda,2013-05-16T08:27:54Z
287095,x-puk'usik'il,myn,"","",,Maya,Ken-ichi Ueda,2013-05-16T08:27:54Z
290191,xsucux,myn,"","",,Maya,Ken-ichi Ueda,2013-05-16T08:27:55Z
278265,xtadzi,myn,"","",,Maya,Ken-ichi Ueda,2013-05-16T08:27:56Z
133981,x-tes,myn,"","",,Maya,Ken-ichi Ueda,2013-05-16T08:27:56Z
184490,xtes-ak',myn,"","",,Maya,Ken-ichi Ueda,2013-05-16T08:27:57Z
161639,x-toh-k'u,myn,"","",,Maya,Bobby McCabe,2013-05-16T08:27:57Z
199400,x-tokabal,myn,"","",,Maya,Joshua Ekrut,2013-05-16T08:27:57Z
279883,xtok'aban,myn,"","",,Maya,Ken-ichi Ueda,2013-05-16T08:27:57Z
81817,x-tsah,myn,"","",,Maya,Ken-ichi Ueda,2013-05-16T08:27:57Z
280501,xtuab,myn,"","",,Maya,Adrian Bojorquez,2013-05-16T08:27:58Z
134205,xtuab,myn,"","",,Maya,Ken-ichi Ueda,2013-05-16T08:27:58Z
138590,x-tu'ha,myn,"","",,Maya,Ken-ichi Ueda,2013-05-16T08:27:58Z
139086,xul,myn,"","",,Maya,Ken-ichi Ueda,2013-05-16T08:27:59Z
289020,xulto-xiu,myn,"","",,Maya,Ken-ichi Ueda,2013-05-16T08:27:59Z
280131,xulto-xiu,myn,"","",,Maya,Ken-ichi Ueda,2013-05-16T08:27:59Z
161583,xuul,myn,"","",,Maya,Ken-ichi Ueda,2013-05-16T08:28:00Z
209941,xuul,myn,"","",,Maya,Ken-ichi Ueda,2013-05-16T08:28:00Z
118508,xuul,myn,"","",,Maya,Ken-ichi Ueda,2013-05-16T08:28:00Z
274289,ya'ak-halal-ché,myn,"","",,Maya,Ken-ichi Ueda,2013-05-16T08:28:01Z
164215,ya'ax-ebil,myn,"","",,Maya,Ken-ichi Ueda,2013-05-16T08:28:02Z
139185,ya'ax-k' iik,myn,"","",,Maya,Ken-ichi Ueda,2013-05-16T08:28:02Z
75732,ya'ax-kach,myn,"","",,Maya,Ken-ichi Ueda,2013-05-16T08:28:02Z
284895,ya'ax-k'al,myn,"","",,Maya,Ken-ichi Ueda,2013-05-16T08:28:02Z
162404,ya-ax-suuk,myn,"","",,Maya,Ken-ichi Ueda,2013-05-16T08:28:03Z
165697,ya'ax-ta,myn,"","",,Maya,Ken-ichi Ueda,2013-05-16T08:28:03Z
126165,ya'ax-tsots-makal,myn,"","",,Maya,Ken-ichi Ueda,2013-05-16T08:28:03Z
276644,yéll-kuuk,myn,"","",,Maya,Ken-ichi Ueda,2013-05-16T08:28:17Z
279145,yuy,myn,"","",,Maya,Ken-ichi Ueda,2013-05-16T08:28:24Z
210075,yuy,myn,"","",,Maya,Ken-ichi Ueda,2013-05-16T08:28:24Z
278058,zakpah,myn,"","",,Maya,Ken-ichi Ueda,2013-05-16T08:28:37Z
286308,zak-pom,myn,"","",,Maya,Ken-ichi Ueda,2013-05-16T08:28:38Z
165144,Zaya,myn,"","",,Maya,Ken-ichi Ueda,2013-05-16T08:28:47Z
282254,zicleté,myn,"","",,Maya,Ken-ichi Ueda,2013-05-16T08:28:47Z
181525,kak'il-xiu,myn,"","",,Maya,Ken-ichi Ueda,2013-08-21T18:59:23Z
163448,Yaytil,myn,"","",,Maya,Carlos Galindo-Leal,2013-09-02T22:46:20Z
280799,Xu´ul,myn,"","",,Maya,Carlos Galindo-Leal,2013-09-02T22:50:33Z
209947,Chechem negro,myn,"","",,Maya,Carlos Galindo-Leal,2013-09-02T22:51:06Z
343829,tauch-ya,myn,"","",,Maya,Ken-ichi Ueda,2014-03-02T14:14:08Z
2052,Kambul,myn,"","",,Maya,Carlos Galindo-Leal,2014-03-05T14:00:37Z
170883,haas,myn,"","",,Maya,Carlos Galindo-Leal,2014-10-13T18:18:13Z
9319,yuya yuyum,myn,"","",http://www.ubio.org/browser/details.php?namebankID=745182,Maya,Ken-ichi Ueda,2014-11-08T00:12:11Z
273715,Xchay,myn,"","",,Maya,Carlos Galindo-Leal,2015-02-17T03:37:05Z
273715,Chaykol,myn,"","",,Maya,Carlos Galindo-Leal,2015-02-17T03:37:39Z
61503,Xmahan nah,myn,"","",,Maya,Anne,2015-02-19T18:50:40Z
42223,Yuc,myn,"","",,Maya,francisco-javier-may-ek,2015-03-10T19:12:16Z
169286,"Chak-abal, Ix-houen, Chi-abal, Kosumil muluch-abal",myn,"","",,Maya,Leoncio Paz,2015-03-11T16:50:48Z
126980,chaak,myn,"","",,Maya,Ken-ichi Ueda,2016-08-10T21:09:12Z
68224,pix,myn,"","",,Maya,Ken-ichi Ueda,2016-12-30T02:36:36Z
291423,ahan-ché,myn,"","",,Maya,Carlos Galindo-Leal,2017-01-19T05:03:23Z
79472,k'ank'ilis-ché,myn,"","",,Maya,Konstantinos Kalaentzis,2017-04-20T06:43:52Z
126882,humpets'k'in-ki,myn,"","",,Maya,Ken-ichi Ueda,2017-05-02T01:07:03Z
47292,Canané,myn,"","",,Maya,Carlos Galindo-Leal,2017-05-23T16:19:04Z
47157,Péepem,myn,"","",,Maya,Jorge Rojas S.,2017-06-04T05:52:54Z
360186,xak'il-xiu,myn,"","",,Maya,Ken-ichi Ueda,2017-08-08T15:06:21Z
47902,Pak'am,myn,"","",,Maya,Jorge Rojas S.,2017-09-27T23:06:47Z
2168,Toj,myn,"","",,Maya,Zabdiel Peralta,2017-10-25T18:18:32Z
84300,shiksh,myn,"","",,Maya,wsyxbcl,2018-04-04T15:02:02Z
120027,Kukut-ch'om,myn,"","",,Maya,Jorge Rojas S.,2018-04-12T20:27:02Z
343817,kunkuat,myn,"","",,Maya,Carlos Galindo-Leal,2018-05-06T19:39:06Z
162295,Mabal-xan,myn,"","",,Maya,Alexis López Hernández,2018-05-21T07:43:14Z
160646,ya'ax-tabkanil,myn,"","",,Maya,Carlos Galindo-Leal,2018-06-15T15:08:06Z
584095,chop-ak,myn,"","",,Maya,Ken-ichi Ueda,2018-07-18T12:52:17Z
331122,Pakal,myn,"","",,Maya,Bobby McCabe,2018-08-14T03:28:41Z
768722,box-katsin,myn,"","",,Maya,Ken-ichi Ueda,2018-08-19T22:51:35Z
473184,nemsax,myn,"","",,Maya,Ken-ichi Ueda,2018-08-21T06:52:42Z
769858,ne´mis,myn,"","",,Maya,Ken-ichi Ueda,2018-08-21T06:52:48Z
283226,chioplé,myn,"","",,Maya,Ken-ichi Ueda,2018-08-21T06:54:59Z
444609,xopche,myn,"","",,Maya,Ken-ichi Ueda,2018-08-21T06:55:05Z
770536,chak-nich'maax,myn,"","",,Maya,Ken-ichi Ueda,2018-08-21T06:56:02Z
746567,ne-tolok,myn,"","",,Maya,Ken-ichi Ueda,2018-09-01T11:22:00Z
781644,ak'ab-xiu,myn,"","",,Maya,Ken-ichi Ueda,2018-09-27T21:22:03Z
809114,xaax,myn,"","",,Maya,Ken-ichi Ueda,2018-12-05T16:48:48Z
11901,Cuzam,myn,"","",,Maya,Daniel Alexander Carrillo Mtz,2019-01-06T22:34:45Z
281336,ya-as-xk'eu,myn,"","",,Maya,Ken-ichi Ueda,2019-01-08T19:17:26Z
278756,xkeu,myn,"","",,Maya,Ken-ichi Ueda,2019-01-08T20:03:13Z
849397,xka'saa,myn,"","",,Maya,Ken-ichi Ueda,2019-01-08T20:36:52Z
119956,chak-lol,myn,"","",,Maya,Ken-ichi Ueda,2019-01-23T00:06:33Z
506513,sabakelkan,myn,"","",,Maya,Ken-ichi Ueda,2019-02-05T22:32:38Z
158322,kanyuk,myn,"","",,Maya,Ken-ichi Ueda,2019-02-17T16:29:52Z
161829,mímis,myn,"","",,Maya,Ken-ichi Ueda,2019-02-17T16:35:57Z
319862,kuts'is,myn,"","",,Maya,Ken-ichi Ueda,2019-02-17T16:54:49Z
281781,chak-sik,myn,"","",,Maya,Ken-ichi Ueda,2019-02-17T17:06:08Z
554447,X-bakel-ak',myn,"","",,Maya,Ken-ichi Ueda,2019-02-17T20:48:08Z
285763,xtabdxiu,myn,"","",,Maya,Ken-ichi Ueda,2019-02-18T02:03:16Z
163501,sit-suuk,myn,"","",,Maya,Ken-ichi Ueda,2019-02-18T04:12:13Z
315237,mulché,myn,"","",,Maya,Ken-ichi Ueda,2019-02-18T04:21:47Z
158403,xayillol,myn,"","",,Maya,Ken-ichi Ueda,2019-02-18T04:42:11Z
169878,chak-ts'am,myn,"","",,Maya,Ken-ichi Ueda,2019-02-18T05:14:33Z
281758,k'antemo,myn,"","",,Maya,Ken-ichi Ueda,2019-03-01T20:30:41Z
47119,Am,myn,"","",,Maya,John E. Christensen,2019-03-10T07:52:57Z
40268,Sootz',myn,"","",,Maya,John E. Christensen,2019-03-10T07:53:53Z
111752,Tutzún,myn,"","",,Maya,Gabriela Cuevas,2019-03-13T00:02:05Z
873768,k'uts,myn,"","",,Maya,Valentin de Mazancourt,2019-03-13T15:24:03Z
623850,Balá,myn,"","",,Maya,Gabriela Cuevas,2019-03-25T22:40:59Z
851933,subinché,myn,"","",,Maya,Ken-ichi Ueda,2019-03-29T15:21:13Z
500397,ahoché,myn,"","",,Maya,Ken-ichi Ueda,2019-04-19T01:28:57Z
273670,Dzidzilché,myn,"","",,Maya,Carlos Galindo-Leal,2019-05-07T15:05:49Z
898666,guamuchillo,myn,"","",,Maya,Ken-ichi Ueda,2019-06-07T18:35:18Z
898695,subinché,myn,"","",,Maya,Ken-ichi Ueda,2019-06-07T20:15:48Z
866440,zakzubinché,myn,"","",,Maya,Ken-ichi Ueda,2019-06-07T20:43:50Z
898803,Katsín,myn,"","",,Maya,Ken-ichi Ueda,2019-06-08T00:57:25Z
83257,kakaltum,myn,"","",,Maya,Ken-ichi Ueda,2019-06-08T13:29:09Z
270954,Xunan kab,myn,"","",,Maya,Richard Joyce,2019-07-03T00:01:13Z
909501,kan-tiits-ak,myn,"","",,Maya,Ken-ichi Ueda,2019-07-18T15:39:54Z
909728,chakanikab,myn,"","",,Maya,Ken-ichi Ueda,2019-07-18T18:09:20Z
909736,chaknetolok,myn,"","",,Maya,Ken-ichi Ueda,2019-07-18T18:11:38Z
909743,xkis,myn,"","",,Maya,Ken-ichi Ueda,2019-07-18T18:13:26Z
921601,muyche,myn,"","",,Maya,Ken-ichi Ueda,2019-08-12T14:40:51Z
270916,Niitkib,myn,"","",,Maya,Richard Joyce,2019-08-12T22:31:24Z
270916,Limonkab,myn,"","",,Maya,Richard Joyce,2019-08-12T22:31:46Z
939023,taman-bub,myn,"","",https://www.inaturalist.org/taxon_names/448945/edit,Maya,,2019-09-15T14:03:50Z
945610,xtabentún,myn,"","",https://www.inaturalist.org/taxon_names/449690/edit,Maya,Carlos Galindo-Leal,2019-09-23T19:15:03Z
62810,x-k'uyché,myn,"","",https://www.inaturalist.org/taxon_names/449643/edit,Maya,,2019-09-27T18:41:14Z
936421,tsots-ak',myn,"","",https://www.inaturalist.org/taxon_names/449286/edit,Maya,,2019-09-30T19:24:06Z
160385,Palma Xiat,myn,"","",,Maya,Aurora Urania Beltrán Torres,2019-10-04T04:04:37Z
146617,bakhaxiu,myn,"","",https://www.inaturalist.org/taxon_names/442459/edit,Maya,,2019-12-25T01:39:21Z
993586,k'iix-lol-al,myn,"","",https://www.inaturalist.org/taxon_names/446662/edit,Maya,,2020-01-06T04:53:20Z
327314,Kahum-ki,myn,"","",https://www.inaturalist.org/taxon_names/446605/edit,Maya,,2020-02-07T05:21:44Z
969790,yok-t'ut-suuk,myn,"","",https://www.inaturalist.org/taxon_names/449800/edit,Maya,,2020-02-16T19:03:35Z
1038928,sak-wob,myn,"","",https://www.inaturalist.org/taxon_names/448664/edit,Maya,,2020-02-20T01:30:56Z
1065410,x-kitin-ché,myn,"","",https://www.inaturalist.org/taxon_names/449639/edit,Maya,,2020-04-05T22:07:28Z
1065433,box-che,myn,"","",https://www.inaturalist.org/taxon_names/443054/edit,Maya,,2020-04-05T22:55:51Z
1065402,k'ampo-olchum,myn,"","",https://www.inaturalist.org/taxon_names/446621/edit,Maya,,2020-04-05T23:13:10Z
2168,Toh,myn,"Yucatán, MX","",,Maya,Juan Cruzado Cortés,2020-04-25T03:02:55Z
157577,sak-tch'aban,myn,"","",https://www.inaturalist.org/taxon_names/448659/edit,Maya,,2020-05-13T17:55:53Z
275317,xp'ixtodon,myn,"","",https://www.inaturalist.org/taxon_names/449685/edit,Maya,,2020-07-05T14:21:46Z
19350,Tunkuruchu,myn,"","",,Maya,John E. Christensen,2020-08-30T20:01:58Z
47144,Peek',myn,"","",,Maya,John E. Christensen,2020-09-26T15:18:32Z
42158,Keeh,myn,"","",,Maya,John E. Christensen,2020-09-26T15:19:17Z
47118,Am,myn,"","",,Maya,John E. Christensen,2020-09-28T15:57:11Z
3,Ch'iich',myn,"","",,Maya,John E. Christensen,2020-09-28T15:58:03Z
18874,T'uut',myn,"","",,Maya,John E. Christensen,2020-09-28T15:58:47Z
630955,Kaab,myn,"","",,Maya,John E. Christensen,2020-09-28T15:59:26Z
85553,Kan,myn,"","",,Maya,John E. Christensen,2020-09-28T16:04:22Z
26039,Aayin,myn,"","",,Maya,John E. Christensen,2020-09-29T09:14:20Z
39532,Aak,myn,"","",,Maya,John E. Christensen,2020-09-29T09:15:01Z
47178,Kay,myn,"","",,Maya,John E. Christensen,2020-09-29T09:15:46Z
488924,Ch'o',myn,"","",,Maya,John E. Christensen,2020-09-29T09:21:39Z
936377,Chuwen,myn,"","",,Maya,John E. Christensen,2020-09-29T09:22:29Z
41963,Chakmool,myn,"","",,Maya,John E. Christensen,2020-09-29T09:29:29Z
128757,hulte-k'-aak,myn,"","",,Maya,,2020-10-03T22:00:03Z
270954,xunáan kab,myn,"","",,Maya,max kirsch,2020-10-23T18:10:40Z
1064938,suuk,myn,"","",https://www.inaturalist.org/taxon_names/448873/edit,Maya,,2020-10-28T15:25:35Z
1156537,chak-ts'ulubtok,myn,"","",https://www.inaturalist.org/taxon_names/443688/edit,Maya,,2020-12-07T04:23:12Z
1160022,tamay,myn,"","",https://www.inaturalist.org/taxon_names/448948/edit,Maya,,2020-12-19T05:54:37Z
4248,Poc,myn,"","",,Maya,max kirsch,2021-03-15T19:28:14Z
164213,ak'il-xiu,myn,"","",https://www.inaturalist.org/taxon_names/441944/edit,Maya,,2021-03-27T02:54:57Z
159242,chak-xul,myn,"","",https://www.inaturalist.org/taxon_names/443690/edit,Maya,,2021-03-27T08:13:42Z
170883,saq'ul,myn,Guatemala,GT,,Maya,"Saban-Sequén, E.A.",2021-04-11T22:24:52Z
1251169,kantzin,myn,"","",https://www.inaturalist.org/taxon_names/446640/edit,Maya,,2021-06-08T19:52:26Z
870900,xolté-xnuk,myn,"","",https://www.inaturalist.org/taxon_names/449669/edit,Maya,,2021-06-17T18:15:15Z
285514,asexia,myn,"","",https://www.inaturalist.org/taxon_names/442353/edit,Maya,,2021-06-18T01:30:08Z
1256782,uayum,myn,"","",https://www.inaturalist.org/taxon_names/449452/edit,Maya,,2021-06-21T02:14:52Z
348482,ta'ts'i,myn,"","",https://www.inaturalist.org/taxon_names/448974/edit,Maya,,2021-06-21T05:28:43Z
287852,chum-loop,myn,"","",https://www.inaturalist.org/taxon_names/443994/edit,Maya,,2021-07-30T22:45:02Z
285499,chinchin-pol,myn,"","",https://www.inaturalist.org/taxon_names/443903/edit,Maya,,2021-07-31T02:01:34Z
163435,Kibche',myn,"Yucatan Península, MX, YU","",,Maya,Alfredo Dorantes Euan,2021-08-06T20:34:28Z
584095,Anil kab,myn,"Yucatan Península, MX, YU","",,Maya,Alfredo Dorantes Euan,2021-08-07T00:16:27Z
162923,Sabak ché,myn,"Yucatan Península, MX, YU","",,Maya,Alfredo Dorantes Euan,2021-08-09T02:28:27Z
162923,Baak soots',myn,"Yucatan Península, MX, YU","",,Maya,Alfredo Dorantes Euan,2021-08-09T02:29:31Z
348394,bokanché,myn,"","",https://www.inaturalist.org/taxon_names/443004/edit,Maya,,2021-09-27T19:12:37Z
1316905,sak kay,myn,"","",https://www.inaturalist.org/taxon_names/562094/edit,Maya,Carlos Galindo-Leal,2021-11-24T00:12:53Z
164123,saktes-xiu,myn,"","",https://www.inaturalist.org/taxon_names/448660/edit,Maya,,2022-02-25T19:19:34Z
209920,K’i’ix,myn,"","",,Maya,Erick Vélez Sánchez,2023-01-23T21:10:28Z
1446370,aguja de tórtola,myn,"","",https://www.inaturalist.org/taxon_names/441878/edit,Maya,,2023-02-03T02:59:54Z
1471529,kabal-pich,myn,"","",https://www.inaturalist.org/taxon_names/446601/edit,Maya,,2023-06-19T10:43:03Z
866419,Nabay,myn,"","",,Maya,Oscar González,2023-07-11T20:52:10Z
133291,K'uxub-kan,myn,"","",,Maya,Oscar González,2023-07-11T21:54:33Z
1486470,haway-xiu,myn,"","",https://www.inaturalist.org/taxon_names/445437/edit,Maya,,2023-08-01T09:47:01Z
577810,tab-kan,myn,"","",https://www.inaturalist.org/taxon_names/448890/edit,Maya,,2023-08-06T02:44:20Z
314493,Chak-sabak,myn,"","",,Maya,Oscar González,2023-08-31T06:11:02Z
332822,Sak-nikté,myn,"","",,Maya,Oscar González,2023-08-31T06:36:59Z
316642,Xiax-ek',myn,"","",,Maya,Oscar González,2023-08-31T07:38:55Z
190536,Ya'ax-ek',myn,"","",,Maya,Oscar González,2023-08-31T07:46:45Z
280942,k'omya' axnik,myn,"","",,Maya,Erick Vélez Sánchez,2023-09-01T13:59:54Z
154826,uo,myn,"","",https://www.inaturalist.org/taxon_names/449480/edit,Maya,,2023-09-04T16:04:42Z
162414,sak-suuk,myn,"","",https://www.inaturalist.org/taxon_names/448657/edit,Maya,James Bailey,2023-10-20T19:51:57Z
877141,x-koh-ché,myn,"","",,Maya,Cyan Fox,2023-11-13T05:29:05Z
292109,x-koh-ché,myn,"","",,Maya,Cyan Fox,2023-11-13T05:29:09Z
170221,Taj,myn,"","",,Maya,maria cecilia Alvarez,2024-01-15T16:36:18Z
170221,sak xo´xiiw,myn,"","",,Maya,maria cecilia Alvarez,2024-01-15T16:37:30Z
157052,Xukulum,myn,"","",https://www.inaturalist.org/taxon_names/2698827/edit,Maya,,2024-01-28T03:34:38Z
589897,xolté-xnuk,myn,"","",https://www.inaturalist.org/taxon_names/449668/edit,Maya,,2024-02-24T03:19:36Z
871980,"Xaak-il-che, Xak'l-che",myn,"","",https://www.inaturalist.org/taxon_names/785370/edit,Maya,,2024-04-04T20:04:30Z
160767,Ch'iich' Boob,myn,"","",,Maya,dum1,2024-04-05T15:12:43Z
1365688,xikin,myn,"","",https://www.inaturalist.org/taxon_names/449617/edit,Maya,,2024-05-31T03:51:34Z
