id,vernacularName,language,locality,countryCode,source,lexicon,contributor,created
600543,monoko,und,"","",,Sotho (Northern),Botswanabugs,2019-09-29T19:56:38Z
340228,mokgalo,und,"","",,Sotho (Northern),Botswanabugs,2019-10-10T09:17:13Z
340228,Mothalo,und,"","",,Sotho (Northern),Botswanabugs,2019-10-10T09:18:27Z
340228,Mokonaona,und,"","",,Sotho (Northern),Botswanabugs,2019-10-10T09:20:44Z
595946,mogohlo,und,"","",,Sotho (Northern),Botswanabugs,2019-10-10T09:24:08Z
527007,mokaka,und,"","",,Sotho (Northern),Botswanabugs,2019-10-10T09:26:39Z
527007,mongana,und,"","",,Sotho (Northern),Botswanabugs,2019-10-10T09:27:39Z
340170,Mogwakgwana,und,"","",,Sotho (Northern),Botswanabugs,2019-10-10T09:30:39Z
340170,Mookgwane,und,"","",,Sotho (Northern),Botswanabugs,2019-10-10T09:31:31Z
83832,morotologane,und,"","",,Sotho (Northern),Botswanabugs,2019-10-10T09:35:55Z
83832,Motšhidikgwanathê,und,"","",,Sotho (Northern),Botswanabugs,2019-10-10T09:36:46Z
594421,moloto,und,"","",,Sotho (Northern),Botswanabugs,2019-10-10T09:38:50Z
506952,mmaba,und,"","",,Sotho (Northern),Botswanabugs,2019-10-10T09:40:51Z
506952,Mmidibidi,und,"","",,Sotho (Northern),Botswanabugs,2019-10-10T09:42:03Z
191689,Mohlabaphala,und,"","",,Sotho (Northern),Botswanabugs,2019-10-10T16:21:25Z
582633,Morekwe,und,"","",,Sotho (Northern),Botswanabugs,2019-10-10T16:23:14Z
582633,Serokwa,und,"","",,Sotho (Northern),Botswanabugs,2019-10-10T16:23:38Z
129721,Mohlako,und,"","",,Sotho (Northern),Botswanabugs,2019-10-10T16:26:28Z
129721,Mogalagala,und,"","",,Sotho (Northern),Botswanabugs,2019-10-10T16:26:57Z
162973,moumo,und,"","",,Sotho (Northern),Botswanabugs,2019-10-10T16:29:10Z
591317,monoko,und,"","",,Sotho (Northern),Botswanabugs,2019-10-10T16:31:31Z
595009,Morapa,und,"","",,Sotho (Northern),Botswanabugs,2019-10-10T16:33:46Z
595009,Mogwapane,und,"","",,Sotho (Northern),Botswanabugs,2019-10-10T16:34:09Z
133182,mogo,und,"","",,Sotho (Northern),Botswanabugs,2019-10-15T07:49:58Z
133182,mogoyo,und,"","",,Sotho (Northern),Botswanabugs,2019-10-15T07:50:40Z
340279,Mokgekgetsane,und,"","",,Sotho (Northern),Botswanabugs,2019-10-15T07:54:10Z
340121,Molebatša,und,"","",,Sotho (Northern),Botswanabugs,2019-10-15T07:58:00Z
582635,Mokoulo,und,"","",,Sotho (Northern),Botswanabugs,2019-10-15T07:59:34Z
337799,Morokolo,und,"","",,Sotho (Northern),Botswanabugs,2019-10-15T08:01:38Z
595947,Leselaphala,und,"","",,Sotho (Northern),Botswanabugs,2019-10-15T08:03:39Z
595947,Moselaphala,und,"","",,Sotho (Northern),Botswanabugs,2019-10-15T08:04:40Z
427261,Mohlabare,und,"","",,Sotho (Northern),Botswanabugs,2019-10-15T08:06:17Z
595101,Mohlahlanya,und,"","",,Sotho (Northern),Botswanabugs,2019-10-15T08:08:28Z
598589,Motshêtshê,und,"","",,Sotho (Northern),Botswanabugs,2019-10-15T08:10:36Z
598589,Motšhêtšhê,und,"","",,Sotho (Northern),Botswanabugs,2019-10-15T08:11:08Z
428559,Morobadiepe,und,"","",,Sotho (Northern),Botswanabugs,2019-10-15T08:13:30Z
428559,Morobadilepe,und,"","",,Sotho (Northern),Botswanabugs,2019-10-15T08:14:09Z
79020,Mosilabelo,und,"","",,Sotho (Northern),Botswanabugs,2019-10-15T08:16:18Z
79020,Mohlohlo,und,"","",,Sotho (Northern),Botswanabugs,2019-10-15T08:16:58Z
79020,Mohlwehlwe,und,"","",,Sotho (Northern),Botswanabugs,2019-10-15T08:17:31Z
79020,Mokalabata,und,"","",,Sotho (Northern),Botswanabugs,2019-10-15T08:18:01Z
340214,Motlouma,und,"","",,Sotho (Northern),Botswanabugs,2019-10-15T08:19:52Z
129717,Mothapu,und,"","",,Sotho (Northern),Botswanabugs,2019-10-15T08:22:08Z
595949,Molalakgaka,und,"","",,Sotho (Northern),Botswanabugs,2019-10-15T08:23:32Z
595949,Mosaoka,und,"","",,Sotho (Northern),Botswanabugs,2019-10-15T08:24:04Z
594427,Mokgwa,und,"","",,Sotho (Northern),Botswanabugs,2019-10-15T08:26:02Z
594427,Mogwa,und,"","",,Sotho (Northern),Botswanabugs,2019-10-15T08:26:41Z
594427,Mogwaripa,und,"","",,Sotho (Northern),Botswanabugs,2019-10-15T08:27:17Z
594427,Mokoba,und,"","",,Sotho (Northern),Botswanabugs,2019-10-15T08:28:22Z
431647,Mohlatsane,und,"","",,Sotho (Northern),Botswanabugs,2019-10-15T08:30:31Z
430533,Motsiara,und,"","",,Sotho (Northern),Botswanabugs,2019-10-15T08:32:22Z
430533,Modulakgogo,und,"","",,Sotho (Northern),Botswanabugs,2019-10-15T08:32:51Z
199580,Mothapori,und,"","",,Sotho (Northern),Botswanabugs,2019-10-15T08:34:45Z
199580,Mmola,und,"","",,Sotho (Northern),Botswanabugs,2019-10-15T08:35:12Z
594422,Mokgapa,und,"","",,Sotho (Northern),Botswanabugs,2019-10-15T08:37:05Z
340072,Seemakamotho,und,"","",,Sotho (Northern),Botswanabugs,2019-10-15T08:38:55Z
340072,Sekgopha,und,"","",,Sotho (Northern),Botswanabugs,2019-10-15T08:39:23Z
416644,monomane,und,"","",,Sotho (Northern),Botswanabugs,2019-10-15T08:43:55Z
346399,morobe,und,"","",,Sotho (Northern),Botswanabugs,2019-10-15T08:45:37Z
340060,Mohwelere,und,"","",,Sotho (Northern),Botswanabugs,2019-10-15T08:47:02Z
557697,Mogodiri,und,"","",,Sotho (Northern),Botswanabugs,2019-10-15T08:48:40Z
340123,Mohlatša,und,"","",,Sotho (Northern),Botswanabugs,2019-10-15T08:53:56Z
340123,Monokane,und,"","",,Sotho (Northern),Botswanabugs,2019-10-15T08:54:25Z
582792,Mokankane,und,"","",,Sotho (Northern),Botswanabugs,2019-10-15T08:56:05Z
340062,mokata,und,"","",,Sotho (Northern),Botswanabugs,2019-10-15T08:57:24Z
135389,modibo,und,"","",,Sotho (Northern),Botswanabugs,2019-10-15T08:59:06Z
431075,Mpharatshwene,und,"","",,Sotho (Northern),Botswanabugs,2019-10-15T09:00:55Z
431075,Motsuntsunyane,und,"","",,Sotho (Northern),Botswanabugs,2019-10-15T09:01:33Z
431075,Mokgomphatha,und,"","",,Sotho (Northern),Botswanabugs,2019-10-15T09:02:06Z
431063,morala,und,"","",,Sotho (Northern),Botswanabugs,2019-10-15T09:03:29Z
557826,Mofatanare,und,"","",,Sotho (Northern),Botswanabugs,2019-10-15T09:05:04Z
70065,mohlopi,und,"","",,Sotho (Northern),Botswanabugs,2019-10-15T09:06:42Z
129706,Moretse,und,"","",,Sotho (Northern),Botswanabugs,2019-10-15T09:08:36Z
129706,Moselesele,und,"","",,Sotho (Northern),Botswanabugs,2019-10-15T09:09:18Z
336810,Mogonono,und,"","",,Sotho (Northern),Botswanabugs,2019-10-15T09:11:25Z
336810,Mosusu,und,"","",,Sotho (Northern),Botswanabugs,2019-10-15T09:11:50Z
147002,monepenepe,und,"","",,Sotho (Northern),Botswanabugs,2019-10-15T09:13:40Z
594430,Mookanathutlwa,und,"","",,Sotho (Northern),Botswanabugs,2019-10-15T09:15:22Z
340175,Mpalakgwale,und,"","",,Sotho (Northern),Botswanabugs,2019-10-15T09:20:44Z
340175,Mohlafula,und,"","",,Sotho (Northern),Botswanabugs,2019-10-15T09:21:10Z
138688,mosehla,und,"","",,Sotho (Northern),Botswanabugs,2019-10-15T09:23:01Z
338719,Mohlo,und,"","",,Sotho (Northern),Botswanabugs,2019-10-15T09:24:29Z
338719,Montlho,und,"","",,Sotho (Northern),Botswanabugs,2019-10-15T09:24:56Z
581380,Mokalakopa,und,"","",,Sotho (Northern),Botswanabugs,2019-10-15T09:27:09Z
527059,Phalane,und,"","",,Sotho (Northern),Botswanabugs,2019-10-15T09:29:14Z
527059,Moretlwa,und,"","",,Sotho (Northern),Botswanabugs,2019-10-15T09:29:50Z
489563,mosu,und,"","",,Sotho (Northern),Botswanabugs,2019-10-15T09:31:27Z
489563,moswana,und,"","",,Sotho (Northern),Botswanabugs,2019-10-15T09:32:02Z
428367,Mogalatladi,und,"","",,Sotho (Northern),Botswanabugs,2019-10-15T09:36:03Z
428367,Mongena,und,"","",,Sotho (Northern),Botswanabugs,2019-10-15T09:36:41Z
369448,molope,und,"","",,Sotho (Northern),Botswanabugs,2019-10-15T09:38:15Z
154483,mpshe,und,"","",,Sotho (Northern),Botswanabugs,2019-10-22T16:09:36Z
118903,mohlwa,und,"","",,Sotho (Northern),Botswanabugs,2019-10-22T16:27:08Z
40268,mankgagane,und,"","",,Sotho (Northern),Botswanabugs,2019-10-22T16:32:11Z
505478,Kgogo,und,"","",,Sotho (Northern),John E. Christensen,2019-12-22T07:13:27Z
340245,nganu,und,"","",,Sotho (Northern),Botswanabugs,2020-01-13T07:00:43Z
340245,murula,und,"","",,Sotho (Northern),Botswanabugs,2020-01-13T07:01:22Z
340245,morula,und,"","",,Sotho (Northern),Botswanabugs,2020-01-13T07:02:10Z
527007,mongangatau,und,"","",,Sotho (Northern),Botswanabugs,2020-03-14T18:37:20Z
119673,mmale,und,"","",,Sotho (Northern),Botswanabugs,2020-08-07T09:53:07Z
592162,mokgoropo,und,"","",,Sotho (Northern),Botswanabugs,2020-08-07T10:25:35Z
129706,ndzenga,und,"","",,Sotho (Northern),Botswanabugs,2020-08-07T10:31:14Z
594418,motholo,und,"","",,Sotho (Northern),Botswanabugs,2020-08-07T10:42:27Z
340228,moonaona,und,"","",,Sotho (Northern),Botswanabugs,2020-08-12T00:46:43Z
30405,Mokôpa,und,"","",,Sotho (Northern),Andrew Durso,2020-08-28T15:54:32Z
111451,lejapela,und,"","",,Sotho (Northern),Botswanabugs,2021-02-15T13:26:23Z
584388,monomane,und,"","",,Sotho (Northern),Botswanabugs,2021-05-24T13:14:46Z
489301,kgalagangwe,und,"","",,Sotho (Northern),Botswanabugs,2021-05-24T13:23:04Z
428559,mongatane,und,"","",,Sotho (Northern),Botswanabugs,2021-05-24T13:25:33Z
595101,motlhantlhanya,und,"","",,Sotho (Northern),Botswanabugs,2021-06-12T08:05:16Z
427214,mosetlathlou,und,"","",,Sotho (Northern),Botswanabugs,2021-07-25T10:54:54Z
340211,Mphata,und,"","",,Sotho (Northern),Botswanabugs,2021-07-27T06:26:42Z
428023,mogaba,und,"","",,Sotho (Northern),Botswanabugs,2021-07-29T10:50:24Z
79020,Motshakhutshakhu,und,"","",,Sotho (Northern),Botswanabugs,2021-08-07T11:13:38Z
340059,mohweleretshipi,und,"","",,Sotho (Northern),Botswanabugs,2021-08-12T09:23:24Z
41955,Lepogo,und,"","",,Sotho (Northern),Zane Roskoph,2021-08-13T12:18:50Z
582629,mmetla kgamelo,und,"","",,Sotho (Northern),Botswanabugs,2021-08-20T13:40:10Z
41964,Tau,und,"","",,Sotho (Northern),Zane Roskoph,2021-08-24T15:07:07Z
567417,mogaletlwa,und,"","",South African National Biodiversity Institute. 2021. Botanical Database of Southern Africa (BODATSA) [offline dataset]. http://newposa.sanbi.org [Note that these data are not available at this URL as of 2021],Sotho (Northern),Ken-ichi Ueda,2021-10-21T20:32:46Z
594417,mokwaripa,und,"","",South African National Biodiversity Institute. 2021. Botanical Database of Southern Africa (BODATSA) [offline dataset]. http://newposa.sanbi.org [Note that these data are not available at this URL as of 2021],Sotho (Northern),Ken-ichi Ueda,2021-10-21T20:32:46Z
594417,mongangatau,und,"","",South African National Biodiversity Institute. 2021. Botanical Database of Southern Africa (BODATSA) [offline dataset]. http://newposa.sanbi.org [Note that these data are not available at this URL as of 2021],Sotho (Northern),Ken-ichi Ueda,2021-10-21T20:32:47Z
594418,moroba diepe,und,"","",South African National Biodiversity Institute. 2021. Botanical Database of Southern Africa (BODATSA) [offline dataset]. http://newposa.sanbi.org [Note that these data are not available at this URL as of 2021],Sotho (Northern),Ken-ichi Ueda,2021-10-21T20:32:47Z
594418,moroba-diėpe,und,"","",South African National Biodiversity Institute. 2021. Botanical Database of Southern Africa (BODATSA) [offline dataset]. http://newposa.sanbi.org [Note that these data are not available at this URL as of 2021],Sotho (Northern),Ken-ichi Ueda,2021-10-21T20:32:47Z
594418,mothole,und,"","",South African National Biodiversity Institute. 2021. Botanical Database of Southern Africa (BODATSA) [offline dataset]. http://newposa.sanbi.org [Note that these data are not available at this URL as of 2021],Sotho (Northern),Ken-ichi Ueda,2021-10-21T20:32:48Z
594418,radiepane,und,"","",South African National Biodiversity Institute. 2021. Botanical Database of Southern Africa (BODATSA) [offline dataset]. http://newposa.sanbi.org [Note that these data are not available at this URL as of 2021],Sotho (Northern),Ken-ichi Ueda,2021-10-21T20:32:48Z
595943,monyeė,und,"","",South African National Biodiversity Institute. 2021. Botanical Database of Southern Africa (BODATSA) [offline dataset]. http://newposa.sanbi.org [Note that these data are not available at this URL as of 2021],Sotho (Northern),Ken-ichi Ueda,2021-10-21T20:32:48Z
595946,mgothtlo,und,"","",South African National Biodiversity Institute. 2021. Botanical Database of Southern Africa (BODATSA) [offline dataset]. http://newposa.sanbi.org [Note that these data are not available at this URL as of 2021],Sotho (Northern),Ken-ichi Ueda,2021-10-21T20:32:48Z
595946,mokgapa,und,"","",South African National Biodiversity Institute. 2021. Botanical Database of Southern Africa (BODATSA) [offline dataset]. http://newposa.sanbi.org [Note that these data are not available at this URL as of 2021],Sotho (Northern),Ken-ichi Ueda,2021-10-21T20:32:49Z
594422,mokgapo,und,"","",South African National Biodiversity Institute. 2021. Botanical Database of Southern Africa (BODATSA) [offline dataset]. http://newposa.sanbi.org [Note that these data are not available at this URL as of 2021],Sotho (Northern),Ken-ichi Ueda,2021-10-21T20:32:49Z
594422,mooka-leselo,und,"","",South African National Biodiversity Institute. 2021. Botanical Database of Southern Africa (BODATSA) [offline dataset]. http://newposa.sanbi.org [Note that these data are not available at this URL as of 2021],Sotho (Northern),Ken-ichi Ueda,2021-10-21T20:32:50Z
601154,moshu,und,"","",South African National Biodiversity Institute. 2021. Botanical Database of Southern Africa (BODATSA) [offline dataset]. http://newposa.sanbi.org [Note that these data are not available at this URL as of 2021],Sotho (Northern),Ken-ichi Ueda,2021-10-21T20:32:51Z
594427,moritidi,und,"","",South African National Biodiversity Institute. 2021. Botanical Database of Southern Africa (BODATSA) [offline dataset]. http://newposa.sanbi.org [Note that these data are not available at this URL as of 2021],Sotho (Northern),Ken-ichi Ueda,2021-10-21T20:32:51Z
601156,mphoka-magwa,und,"","",South African National Biodiversity Institute. 2021. Botanical Database of Southern Africa (BODATSA) [offline dataset]. http://newposa.sanbi.org [Note that these data are not available at this URL as of 2021],Sotho (Northern),Ken-ichi Ueda,2021-10-21T20:32:52Z
595958,mosibihla,und,"","",South African National Biodiversity Institute. 2021. Botanical Database of Southern Africa (BODATSA) [offline dataset]. http://newposa.sanbi.org [Note that these data are not available at this URL as of 2021],Sotho (Northern),Ken-ichi Ueda,2021-10-21T20:32:52Z
601158,Mungana todwa,und,"","",South African National Biodiversity Institute. 2021. Botanical Database of Southern Africa (BODATSA) [offline dataset]. http://newposa.sanbi.org [Note that these data are not available at this URL as of 2021],Sotho (Northern),Ken-ichi Ueda,2021-10-21T20:32:52Z
568252,Mooka,und,"","",South African National Biodiversity Institute. 2021. Botanical Database of Southern Africa (BODATSA) [offline dataset]. http://newposa.sanbi.org [Note that these data are not available at this URL as of 2021],Sotho (Northern),Ken-ichi Ueda,2021-10-21T20:32:53Z
568252,mphoka,und,"","",South African National Biodiversity Institute. 2021. Botanical Database of Southern Africa (BODATSA) [offline dataset]. http://newposa.sanbi.org [Note that these data are not available at this URL as of 2021],Sotho (Northern),Ken-ichi Ueda,2021-10-21T20:32:53Z
348763,mooka-kwena,und,"","",South African National Biodiversity Institute. 2021. Botanical Database of Southern Africa (BODATSA) [offline dataset]. http://newposa.sanbi.org [Note that these data are not available at this URL as of 2021],Sotho (Northern),Ken-ichi Ueda,2021-10-21T20:32:53Z
430600,bothrop,und,"","",South African National Biodiversity Institute. 2021. Botanical Database of Southern Africa (BODATSA) [offline dataset]. http://newposa.sanbi.org [Note that these data are not available at this URL as of 2021],Sotho (Northern),Ken-ichi Ueda,2021-10-21T20:32:54Z
430600,mothoko-nyepe,und,"","",South African National Biodiversity Institute. 2021. Botanical Database of Southern Africa (BODATSA) [offline dataset]. http://newposa.sanbi.org [Note that these data are not available at this URL as of 2021],Sotho (Northern),Ken-ichi Ueda,2021-10-21T20:32:54Z
430600,tsebedinthle,und,"","",South African National Biodiversity Institute. 2021. Botanical Database of Southern Africa (BODATSA) [offline dataset]. http://newposa.sanbi.org [Note that these data are not available at this URL as of 2021],Sotho (Northern),Ken-ichi Ueda,2021-10-21T20:32:54Z
430600,tsėbėdinthlė,und,"","",South African National Biodiversity Institute. 2021. Botanical Database of Southern Africa (BODATSA) [offline dataset]. http://newposa.sanbi.org [Note that these data are not available at this URL as of 2021],Sotho (Northern),Ken-ichi Ueda,2021-10-21T20:32:55Z
81500,mohlapu,und,"","",South African National Biodiversity Institute. 2021. Botanical Database of Southern Africa (BODATSA) [offline dataset]. http://newposa.sanbi.org [Note that these data are not available at this URL as of 2021],Sotho (Northern),Ken-ichi Ueda,2021-10-21T20:32:55Z
81500,motsoo,und,"","",South African National Biodiversity Institute. 2021. Botanical Database of Southern Africa (BODATSA) [offline dataset]. http://newposa.sanbi.org [Note that these data are not available at this URL as of 2021],Sotho (Northern),Ken-ichi Ueda,2021-10-21T20:32:55Z
81500,seboeo,und,"","",South African National Biodiversity Institute. 2021. Botanical Database of Southern Africa (BODATSA) [offline dataset]. http://newposa.sanbi.org [Note that these data are not available at this URL as of 2021],Sotho (Northern),Ken-ichi Ueda,2021-10-21T20:32:56Z
81500,seboi,und,"","",South African National Biodiversity Institute. 2021. Botanical Database of Southern Africa (BODATSA) [offline dataset]. http://newposa.sanbi.org [Note that these data are not available at this URL as of 2021],Sotho (Northern),Ken-ichi Ueda,2021-10-21T20:32:56Z
579350,mosinwana,und,"","",South African National Biodiversity Institute. 2021. Botanical Database of Southern Africa (BODATSA) [offline dataset]. http://newposa.sanbi.org [Note that these data are not available at this URL as of 2021],Sotho (Northern),Ken-ichi Ueda,2021-10-21T20:32:56Z
579375,mohlalakgakga,und,"","",South African National Biodiversity Institute. 2021. Botanical Database of Southern Africa (BODATSA) [offline dataset]. http://newposa.sanbi.org [Note that these data are not available at this URL as of 2021],Sotho (Northern),Ken-ichi Ueda,2021-10-21T20:32:57Z
579375,mosalakgwale,und,"","",South African National Biodiversity Institute. 2021. Botanical Database of Southern Africa (BODATSA) [offline dataset]. http://newposa.sanbi.org [Note that these data are not available at this URL as of 2021],Sotho (Northern),Ken-ichi Ueda,2021-10-21T20:32:57Z
340225,mohlabafota,und,"","",South African National Biodiversity Institute. 2021. Botanical Database of Southern Africa (BODATSA) [offline dataset]. http://newposa.sanbi.org [Note that these data are not available at this URL as of 2021],Sotho (Northern),Ken-ichi Ueda,2021-10-21T20:32:57Z
340225,mohlalabata,und,"","",South African National Biodiversity Institute. 2021. Botanical Database of Southern Africa (BODATSA) [offline dataset]. http://newposa.sanbi.org [Note that these data are not available at this URL as of 2021],Sotho (Northern),Ken-ichi Ueda,2021-10-21T20:32:58Z
450876,sekgopha,und,"","",South African National Biodiversity Institute. 2021. Botanical Database of Southern Africa (BODATSA) [offline dataset]. http://newposa.sanbi.org [Note that these data are not available at this URL as of 2021],Sotho (Northern),Ken-ichi Ueda,2021-10-21T20:32:58Z
597640,ngopa nara,und,"","",South African National Biodiversity Institute. 2021. Botanical Database of Southern Africa (BODATSA) [offline dataset]. http://newposa.sanbi.org [Note that these data are not available at this URL as of 2021],Sotho (Northern),Ken-ichi Ueda,2021-10-21T20:32:58Z
62917,sere pelele,und,"","",South African National Biodiversity Institute. 2021. Botanical Database of Southern Africa (BODATSA) [offline dataset]. http://newposa.sanbi.org [Note that these data are not available at this URL as of 2021],Sotho (Northern),Ken-ichi Ueda,2021-10-21T20:32:59Z
158255,theepe,und,"","",South African National Biodiversity Institute. 2021. Botanical Database of Southern Africa (BODATSA) [offline dataset]. http://newposa.sanbi.org [Note that these data are not available at this URL as of 2021],Sotho (Northern),Ken-ichi Ueda,2021-10-21T20:32:59Z
908007,mohlono,und,"","",South African National Biodiversity Institute. 2021. Botanical Database of Southern Africa (BODATSA) [offline dataset]. http://newposa.sanbi.org [Note that these data are not available at this URL as of 2021],Sotho (Northern),Ken-ichi Ueda,2021-10-21T20:32:59Z
597721,motlepe,und,"","",South African National Biodiversity Institute. 2021. Botanical Database of Southern Africa (BODATSA) [offline dataset]. http://newposa.sanbi.org [Note that these data are not available at this URL as of 2021],Sotho (Northern),Ken-ichi Ueda,2021-10-21T20:33:00Z
132972,mophala,und,"","",South African National Biodiversity Institute. 2021. Botanical Database of Southern Africa (BODATSA) [offline dataset]. http://newposa.sanbi.org [Note that these data are not available at this URL as of 2021],Sotho (Northern),Ken-ichi Ueda,2021-10-21T20:33:00Z
340136,modulane,und,"","",South African National Biodiversity Institute. 2021. Botanical Database of Southern Africa (BODATSA) [offline dataset]. http://newposa.sanbi.org [Note that these data are not available at this URL as of 2021],Sotho (Northern),Ken-ichi Ueda,2021-10-21T20:33:01Z
423612,lekhutswane,und,"","",South African National Biodiversity Institute. 2021. Botanical Database of Southern Africa (BODATSA) [offline dataset]. http://newposa.sanbi.org [Note that these data are not available at this URL as of 2021],Sotho (Northern),Ken-ichi Ueda,2021-10-21T20:33:01Z
597739,kgalagangwė,und,"","",South African National Biodiversity Institute. 2021. Botanical Database of Southern Africa (BODATSA) [offline dataset]. http://newposa.sanbi.org [Note that these data are not available at this URL as of 2021],Sotho (Northern),Ken-ichi Ueda,2021-10-21T20:33:01Z
597739,sephopha-madi,und,"","",South African National Biodiversity Institute. 2021. Botanical Database of Southern Africa (BODATSA) [offline dataset]. http://newposa.sanbi.org [Note that these data are not available at this URL as of 2021],Sotho (Northern),Ken-ichi Ueda,2021-10-21T20:33:02Z
597739,thatane,und,"","",South African National Biodiversity Institute. 2021. Botanical Database of Southern Africa (BODATSA) [offline dataset]. http://newposa.sanbi.org [Note that these data are not available at this URL as of 2021],Sotho (Northern),Ken-ichi Ueda,2021-10-21T20:33:02Z
159197,motshiwiriri,und,"","",South African National Biodiversity Institute. 2021. Botanical Database of Southern Africa (BODATSA) [offline dataset]. http://newposa.sanbi.org [Note that these data are not available at this URL as of 2021],Sotho (Northern),Ken-ichi Ueda,2021-10-21T20:33:03Z
340307,isithibathibana,und,"","",South African National Biodiversity Institute. 2021. Botanical Database of Southern Africa (BODATSA) [offline dataset]. http://newposa.sanbi.org [Note that these data are not available at this URL as of 2021],Sotho (Northern),Ken-ichi Ueda,2021-10-21T20:33:03Z
581117,mokgwagane,und,"","",South African National Biodiversity Institute. 2021. Botanical Database of Southern Africa (BODATSA) [offline dataset]. http://newposa.sanbi.org [Note that these data are not available at this URL as of 2021],Sotho (Northern),Ken-ichi Ueda,2021-10-21T20:33:04Z
50202,monyane,und,"","",South African National Biodiversity Institute. 2021. Botanical Database of Southern Africa (BODATSA) [offline dataset]. http://newposa.sanbi.org [Note that these data are not available at this URL as of 2021],Sotho (Northern),Ken-ichi Ueda,2021-10-21T20:33:04Z
50203,muchize,und,"","",South African National Biodiversity Institute. 2021. Botanical Database of Southern Africa (BODATSA) [offline dataset]. http://newposa.sanbi.org [Note that these data are not available at this URL as of 2021],Sotho (Northern),Ken-ichi Ueda,2021-10-21T20:33:05Z
428023,kgomo-nahlabana,und,"","",South African National Biodiversity Institute. 2021. Botanical Database of Southern Africa (BODATSA) [offline dataset]. http://newposa.sanbi.org [Note that these data are not available at this URL as of 2021],Sotho (Northern),Ken-ichi Ueda,2021-10-21T20:33:05Z
428023,mogapa,und,"","",South African National Biodiversity Institute. 2021. Botanical Database of Southern Africa (BODATSA) [offline dataset]. http://newposa.sanbi.org [Note that these data are not available at this URL as of 2021],Sotho (Northern),Ken-ichi Ueda,2021-10-21T20:33:05Z
428023,motlopye,und,"","",South African National Biodiversity Institute. 2021. Botanical Database of Southern Africa (BODATSA) [offline dataset]. http://newposa.sanbi.org [Note that these data are not available at this URL as of 2021],Sotho (Northern),Ken-ichi Ueda,2021-10-21T20:33:06Z
340320,mopalamo,und,"","",South African National Biodiversity Institute. 2021. Botanical Database of Southern Africa (BODATSA) [offline dataset]. http://newposa.sanbi.org [Note that these data are not available at this URL as of 2021],Sotho (Northern),Ken-ichi Ueda,2021-10-21T20:33:06Z
70065,mohlėpi,und,"","",South African National Biodiversity Institute. 2021. Botanical Database of Southern Africa (BODATSA) [offline dataset]. http://newposa.sanbi.org [Note that these data are not available at this URL as of 2021],Sotho (Northern),Ken-ichi Ueda,2021-10-21T20:33:06Z
598012,mohlopyana,und,"","",South African National Biodiversity Institute. 2021. Botanical Database of Southern Africa (BODATSA) [offline dataset]. http://newposa.sanbi.org [Note that these data are not available at this URL as of 2021],Sotho (Northern),Ken-ichi Ueda,2021-10-21T20:33:07Z
598012,mohlotswana,und,"","",South African National Biodiversity Institute. 2021. Botanical Database of Southern Africa (BODATSA) [offline dataset]. http://newposa.sanbi.org [Note that these data are not available at this URL as of 2021],Sotho (Northern),Ken-ichi Ueda,2021-10-21T20:33:07Z
598015,moshungkwane,und,"","",South African National Biodiversity Institute. 2021. Botanical Database of Southern Africa (BODATSA) [offline dataset]. http://newposa.sanbi.org [Note that these data are not available at this URL as of 2021],Sotho (Northern),Ken-ichi Ueda,2021-10-21T20:33:07Z
581265,mphahla,und,"","",South African National Biodiversity Institute. 2021. Botanical Database of Southern Africa (BODATSA) [offline dataset]. http://newposa.sanbi.org [Note that these data are not available at this URL as of 2021],Sotho (Northern),Ken-ichi Ueda,2021-10-21T20:33:08Z
429244,mohlomė,und,"","",South African National Biodiversity Institute. 2021. Botanical Database of Southern Africa (BODATSA) [offline dataset]. http://newposa.sanbi.org [Note that these data are not available at this URL as of 2021],Sotho (Northern),Ken-ichi Ueda,2021-10-21T20:33:08Z
132932,motsėrė,und,"","",South African National Biodiversity Institute. 2021. Botanical Database of Southern Africa (BODATSA) [offline dataset]. http://newposa.sanbi.org [Note that these data are not available at this URL as of 2021],Sotho (Northern),Ken-ichi Ueda,2021-10-21T20:33:08Z
211103,molatau,und,"","",South African National Biodiversity Institute. 2021. Botanical Database of Southern Africa (BODATSA) [offline dataset]. http://newposa.sanbi.org [Note that these data are not available at this URL as of 2021],Sotho (Northern),Ken-ichi Ueda,2021-10-21T20:33:09Z
340238,monoto,und,"","",South African National Biodiversity Institute. 2021. Botanical Database of Southern Africa (BODATSA) [offline dataset]. http://newposa.sanbi.org [Note that these data are not available at this URL as of 2021],Sotho (Northern),Ken-ichi Ueda,2021-10-21T20:33:09Z
184342,mookėlėla,und,"","",South African National Biodiversity Institute. 2021. Botanical Database of Southern Africa (BODATSA) [offline dataset]. http://newposa.sanbi.org [Note that these data are not available at this URL as of 2021],Sotho (Northern),Ken-ichi Ueda,2021-10-21T20:33:09Z
559528,mmukwa-o-sepela,und,"","",South African National Biodiversity Institute. 2021. Botanical Database of Southern Africa (BODATSA) [offline dataset]. http://newposa.sanbi.org [Note that these data are not available at this URL as of 2021],Sotho (Northern),Ken-ichi Ueda,2021-10-21T20:33:09Z
337803,mothokolo,und,"","",South African National Biodiversity Institute. 2021. Botanical Database of Southern Africa (BODATSA) [offline dataset]. http://newposa.sanbi.org [Note that these data are not available at this URL as of 2021],Sotho (Northern),Ken-ichi Ueda,2021-10-21T20:33:10Z
190367,mohlatse,und,"","",South African National Biodiversity Institute. 2021. Botanical Database of Southern Africa (BODATSA) [offline dataset]. http://newposa.sanbi.org [Note that these data are not available at this URL as of 2021],Sotho (Northern),Ken-ichi Ueda,2021-10-21T20:33:10Z
133950,mogatakgomo,und,"","",South African National Biodiversity Institute. 2021. Botanical Database of Southern Africa (BODATSA) [offline dataset]. http://newposa.sanbi.org [Note that these data are not available at this URL as of 2021],Sotho (Northern),Ken-ichi Ueda,2021-10-21T20:33:10Z
133950,mothibadifate,und,"","",South African National Biodiversity Institute. 2021. Botanical Database of Southern Africa (BODATSA) [offline dataset]. http://newposa.sanbi.org [Note that these data are not available at this URL as of 2021],Sotho (Northern),Ken-ichi Ueda,2021-10-21T20:33:11Z
581875,mothotwė,und,"","",South African National Biodiversity Institute. 2021. Botanical Database of Southern Africa (BODATSA) [offline dataset]. http://newposa.sanbi.org [Note that these data are not available at this URL as of 2021],Sotho (Northern),Ken-ichi Ueda,2021-10-21T20:33:11Z
582302,maxope,und,"","",South African National Biodiversity Institute. 2021. Botanical Database of Southern Africa (BODATSA) [offline dataset]. http://newposa.sanbi.org [Note that these data are not available at this URL as of 2021],Sotho (Northern),Ken-ichi Ueda,2021-10-21T20:33:11Z
128928,lerotho,und,"","",South African National Biodiversity Institute. 2021. Botanical Database of Southern Africa (BODATSA) [offline dataset]. http://newposa.sanbi.org [Note that these data are not available at this URL as of 2021],Sotho (Northern),Ken-ichi Ueda,2021-10-21T20:33:12Z
428749,mohlanare,und,"","",South African National Biodiversity Institute. 2021. Botanical Database of Southern Africa (BODATSA) [offline dataset]. http://newposa.sanbi.org [Note that these data are not available at this URL as of 2021],Sotho (Northern),Ken-ichi Ueda,2021-10-21T20:33:12Z
135389,modibu,und,"","",South African National Biodiversity Institute. 2021. Botanical Database of Southern Africa (BODATSA) [offline dataset]. http://newposa.sanbi.org [Note that these data are not available at this URL as of 2021],Sotho (Northern),Ken-ichi Ueda,2021-10-21T20:33:13Z
135389,mordubu,und,"","",South African National Biodiversity Institute. 2021. Botanical Database of Southern Africa (BODATSA) [offline dataset]. http://newposa.sanbi.org [Note that these data are not available at this URL as of 2021],Sotho (Northern),Ken-ichi Ueda,2021-10-21T20:33:14Z
340408,mmotė,und,"","",South African National Biodiversity Institute. 2021. Botanical Database of Southern Africa (BODATSA) [offline dataset]. http://newposa.sanbi.org [Note that these data are not available at this URL as of 2021],Sotho (Northern),Ken-ichi Ueda,2021-10-21T20:33:14Z
340408,motzwere,und,"","",South African National Biodiversity Institute. 2021. Botanical Database of Southern Africa (BODATSA) [offline dataset]. http://newposa.sanbi.org [Note that these data are not available at this URL as of 2021],Sotho (Northern),Ken-ichi Ueda,2021-10-21T20:33:14Z
135386,Modlubu,und,"","",South African National Biodiversity Institute. 2021. Botanical Database of Southern Africa (BODATSA) [offline dataset]. http://newposa.sanbi.org [Note that these data are not available at this URL as of 2021],Sotho (Northern),Ken-ichi Ueda,2021-10-21T20:33:15Z
342738,mokgwethe,und,"","",South African National Biodiversity Institute. 2021. Botanical Database of Southern Africa (BODATSA) [offline dataset]. http://newposa.sanbi.org [Note that these data are not available at this URL as of 2021],Sotho (Northern),Ken-ichi Ueda,2021-10-21T20:33:15Z
553599,moluba,und,"","",South African National Biodiversity Institute. 2021. Botanical Database of Southern Africa (BODATSA) [offline dataset]. http://newposa.sanbi.org [Note that these data are not available at this URL as of 2021],Sotho (Northern),Ken-ichi Ueda,2021-10-21T20:33:15Z
582629,mmetlakgamėlė,und,"","",South African National Biodiversity Institute. 2021. Botanical Database of Southern Africa (BODATSA) [offline dataset]. http://newposa.sanbi.org [Note that these data are not available at this URL as of 2021],Sotho (Northern),Ken-ichi Ueda,2021-10-21T20:33:15Z
598569,mookgwasane,und,"","",South African National Biodiversity Institute. 2021. Botanical Database of Southern Africa (BODATSA) [offline dataset]. http://newposa.sanbi.org [Note that these data are not available at this URL as of 2021],Sotho (Northern),Ken-ichi Ueda,2021-10-21T20:33:16Z
340314,motsibi,und,"","",South African National Biodiversity Institute. 2021. Botanical Database of Southern Africa (BODATSA) [offline dataset]. http://newposa.sanbi.org [Note that these data are not available at this URL as of 2021],Sotho (Northern),Ken-ichi Ueda,2021-10-21T20:33:16Z
430901,moėma,und,"","",South African National Biodiversity Institute. 2021. Botanical Database of Southern Africa (BODATSA) [offline dataset]. http://newposa.sanbi.org [Note that these data are not available at this URL as of 2021],Sotho (Northern),Ken-ichi Ueda,2021-10-21T20:33:16Z
516178,monyaku,und,"","",South African National Biodiversity Institute. 2021. Botanical Database of Southern Africa (BODATSA) [offline dataset]. http://newposa.sanbi.org [Note that these data are not available at this URL as of 2021],Sotho (Northern),Ken-ichi Ueda,2021-10-21T20:33:17Z
490221,modula-tshwene,und,"","",South African National Biodiversity Institute. 2021. Botanical Database of Southern Africa (BODATSA) [offline dataset]. http://newposa.sanbi.org [Note that these data are not available at this URL as of 2021],Sotho (Northern),Ken-ichi Ueda,2021-10-21T20:33:17Z
143538,mofakudu,und,"","",South African National Biodiversity Institute. 2021. Botanical Database of Southern Africa (BODATSA) [offline dataset]. http://newposa.sanbi.org [Note that these data are not available at this URL as of 2021],Sotho (Northern),Ken-ichi Ueda,2021-10-21T20:33:17Z
447717,seremodi,und,"","",South African National Biodiversity Institute. 2021. Botanical Database of Southern Africa (BODATSA) [offline dataset]. http://newposa.sanbi.org [Note that these data are not available at this URL as of 2021],Sotho (Northern),Ken-ichi Ueda,2021-10-21T20:33:18Z
320739,seremondi,und,"","",South African National Biodiversity Institute. 2021. Botanical Database of Southern Africa (BODATSA) [offline dataset]. http://newposa.sanbi.org [Note that these data are not available at this URL as of 2021],Sotho (Northern),Ken-ichi Ueda,2021-10-21T20:33:18Z
320739,seremudi,und,"","",South African National Biodiversity Institute. 2021. Botanical Database of Southern Africa (BODATSA) [offline dataset]. http://newposa.sanbi.org [Note that these data are not available at this URL as of 2021],Sotho (Northern),Ken-ichi Ueda,2021-10-21T20:33:18Z
583161,maime,und,"","",South African National Biodiversity Institute. 2021. Botanical Database of Southern Africa (BODATSA) [offline dataset]. http://newposa.sanbi.org [Note that these data are not available at this URL as of 2021],Sotho (Northern),Ken-ichi Ueda,2021-10-21T20:33:19Z
583263,mothlathla,und,"","",South African National Biodiversity Institute. 2021. Botanical Database of Southern Africa (BODATSA) [offline dataset]. http://newposa.sanbi.org [Note that these data are not available at this URL as of 2021],Sotho (Northern),Ken-ichi Ueda,2021-10-21T20:33:19Z
430922,sehlokootswa,und,"","",South African National Biodiversity Institute. 2021. Botanical Database of Southern Africa (BODATSA) [offline dataset]. http://newposa.sanbi.org [Note that these data are not available at this URL as of 2021],Sotho (Northern),Ken-ichi Ueda,2021-10-21T20:33:19Z
191296,mogėrėgėrė,und,"","",South African National Biodiversity Institute. 2021. Botanical Database of Southern Africa (BODATSA) [offline dataset]. http://newposa.sanbi.org [Note that these data are not available at this URL as of 2021],Sotho (Northern),Ken-ichi Ueda,2021-10-21T20:33:20Z
578253,mohladyana,und,"","",South African National Biodiversity Institute. 2021. Botanical Database of Southern Africa (BODATSA) [offline dataset]. http://newposa.sanbi.org [Note that these data are not available at this URL as of 2021],Sotho (Northern),Ken-ichi Ueda,2021-10-21T20:33:22Z
541445,sesonkwane-sa-letsii,und,"","",South African National Biodiversity Institute. 2021. Botanical Database of Southern Africa (BODATSA) [offline dataset]. http://newposa.sanbi.org [Note that these data are not available at this URL as of 2021],Sotho (Northern),Ken-ichi Ueda,2021-10-21T20:33:23Z
430960,mokhwidi,und,"","",South African National Biodiversity Institute. 2021. Botanical Database of Southern Africa (BODATSA) [offline dataset]. http://newposa.sanbi.org [Note that these data are not available at this URL as of 2021],Sotho (Northern),Ken-ichi Ueda,2021-10-21T20:33:23Z
584115,morethema,und,"","",South African National Biodiversity Institute. 2021. Botanical Database of Southern Africa (BODATSA) [offline dataset]. http://newposa.sanbi.org [Note that these data are not available at this URL as of 2021],Sotho (Northern),Ken-ichi Ueda,2021-10-21T20:33:24Z
132590,photsoloma,und,"","",South African National Biodiversity Institute. 2021. Botanical Database of Southern Africa (BODATSA) [offline dataset]. http://newposa.sanbi.org [Note that these data are not available at this URL as of 2021],Sotho (Northern),Ken-ichi Ueda,2021-10-21T20:33:24Z
340056,mutupe,und,"","",South African National Biodiversity Institute. 2021. Botanical Database of Southern Africa (BODATSA) [offline dataset]. http://newposa.sanbi.org [Note that these data are not available at this URL as of 2021],Sotho (Northern),Ken-ichi Ueda,2021-10-21T20:33:24Z
506952,mmidibidibi,und,"","",South African National Biodiversity Institute. 2021. Botanical Database of Southern Africa (BODATSA) [offline dataset]. http://newposa.sanbi.org [Note that these data are not available at this URL as of 2021],Sotho (Northern),Ken-ichi Ueda,2021-10-21T20:33:25Z
136108,mofaka,und,"","",South African National Biodiversity Institute. 2021. Botanical Database of Southern Africa (BODATSA) [offline dataset]. http://newposa.sanbi.org [Note that these data are not available at this URL as of 2021],Sotho (Northern),Ken-ichi Ueda,2021-10-21T20:33:25Z
468538,mohlatswa,und,"","",South African National Biodiversity Institute. 2021. Botanical Database of Southern Africa (BODATSA) [offline dataset]. http://newposa.sanbi.org [Note that these data are not available at this URL as of 2021],Sotho (Northern),Ken-ichi Ueda,2021-10-21T20:33:26Z
140998,motolė,und,"","",South African National Biodiversity Institute. 2021. Botanical Database of Southern Africa (BODATSA) [offline dataset]. http://newposa.sanbi.org [Note that these data are not available at this URL as of 2021],Sotho (Northern),Ken-ichi Ueda,2021-10-21T20:33:26Z
140998,nyobabaloko,und,"","",South African National Biodiversity Institute. 2021. Botanical Database of Southern Africa (BODATSA) [offline dataset]. http://newposa.sanbi.org [Note that these data are not available at this URL as of 2021],Sotho (Northern),Ken-ichi Ueda,2021-10-21T20:33:26Z
427617,mokhupye,und,"","",South African National Biodiversity Institute. 2021. Botanical Database of Southern Africa (BODATSA) [offline dataset]. http://newposa.sanbi.org [Note that these data are not available at this URL as of 2021],Sotho (Northern),Ken-ichi Ueda,2021-10-21T20:33:27Z
139165,mphapha,und,"","",South African National Biodiversity Institute. 2021. Botanical Database of Southern Africa (BODATSA) [offline dataset]. http://newposa.sanbi.org [Note that these data are not available at this URL as of 2021],Sotho (Northern),Ken-ichi Ueda,2021-10-21T20:33:27Z
119673,mmalė,und,"","",South African National Biodiversity Institute. 2021. Botanical Database of Southern Africa (BODATSA) [offline dataset]. http://newposa.sanbi.org [Note that these data are not available at this URL as of 2021],Sotho (Northern),Ken-ichi Ueda,2021-10-21T20:33:27Z
599273,mohlohlo,und,"","",South African National Biodiversity Institute. 2021. Botanical Database of Southern Africa (BODATSA) [offline dataset]. http://newposa.sanbi.org [Note that these data are not available at this URL as of 2021],Sotho (Northern),Ken-ichi Ueda,2021-10-21T20:33:28Z
599273,mookgopa,und,"","",South African National Biodiversity Institute. 2021. Botanical Database of Southern Africa (BODATSA) [offline dataset]. http://newposa.sanbi.org [Note that these data are not available at this URL as of 2021],Sotho (Northern),Ken-ichi Ueda,2021-10-21T20:33:28Z
599273,motlotlo,und,"","",South African National Biodiversity Institute. 2021. Botanical Database of Southern Africa (BODATSA) [offline dataset]. http://newposa.sanbi.org [Note that these data are not available at this URL as of 2021],Sotho (Northern),Ken-ichi Ueda,2021-10-21T20:33:28Z
334379,mohlohlo-kgomo,und,"","",South African National Biodiversity Institute. 2021. Botanical Database of Southern Africa (BODATSA) [offline dataset]. http://newposa.sanbi.org [Note that these data are not available at this URL as of 2021],Sotho (Northern),Ken-ichi Ueda,2021-10-21T20:33:29Z
334379,mokgoro,und,"","",South African National Biodiversity Institute. 2021. Botanical Database of Southern Africa (BODATSA) [offline dataset]. http://newposa.sanbi.org [Note that these data are not available at this URL as of 2021],Sotho (Northern),Ken-ichi Ueda,2021-10-21T20:33:29Z
334379,mokgoto,und,"","",South African National Biodiversity Institute. 2021. Botanical Database of Southern Africa (BODATSA) [offline dataset]. http://newposa.sanbi.org [Note that these data are not available at this URL as of 2021],Sotho (Northern),Ken-ichi Ueda,2021-10-21T20:33:29Z
334379,mookgopho,und,"","",South African National Biodiversity Institute. 2021. Botanical Database of Southern Africa (BODATSA) [offline dataset]. http://newposa.sanbi.org [Note that these data are not available at this URL as of 2021],Sotho (Northern),Ken-ichi Ueda,2021-10-21T20:33:30Z
343039,mogabo,und,"","",South African National Biodiversity Institute. 2021. Botanical Database of Southern Africa (BODATSA) [offline dataset]. http://newposa.sanbi.org [Note that these data are not available at this URL as of 2021],Sotho (Northern),Ken-ichi Ueda,2021-10-21T20:33:30Z
183411,mohlakė,und,"","",South African National Biodiversity Institute. 2021. Botanical Database of Southern Africa (BODATSA) [offline dataset]. http://newposa.sanbi.org [Note that these data are not available at this URL as of 2021],Sotho (Northern),Ken-ichi Ueda,2021-10-21T20:33:30Z
183411,monengenenge,und,"","",South African National Biodiversity Institute. 2021. Botanical Database of Southern Africa (BODATSA) [offline dataset]. http://newposa.sanbi.org [Note that these data are not available at this URL as of 2021],Sotho (Northern),Ken-ichi Ueda,2021-10-21T20:33:31Z
428367,mokgonu,und,"","",South African National Biodiversity Institute. 2021. Botanical Database of Southern Africa (BODATSA) [offline dataset]. http://newposa.sanbi.org [Note that these data are not available at this URL as of 2021],Sotho (Northern),Ken-ichi Ueda,2021-10-21T20:33:31Z
428367,mongėna,und,"","",South African National Biodiversity Institute. 2021. Botanical Database of Southern Africa (BODATSA) [offline dataset]. http://newposa.sanbi.org [Note that these data are not available at this URL as of 2021],Sotho (Northern),Ken-ichi Ueda,2021-10-21T20:33:31Z
340123,mohlatsa,und,"","",South African National Biodiversity Institute. 2021. Botanical Database of Southern Africa (BODATSA) [offline dataset]. http://newposa.sanbi.org [Note that these data are not available at this URL as of 2021],Sotho (Northern),Ken-ichi Ueda,2021-10-21T20:33:32Z
133182,mogo-tshetlo,und,"","",South African National Biodiversity Institute. 2021. Botanical Database of Southern Africa (BODATSA) [offline dataset]. http://newposa.sanbi.org [Note that these data are not available at this URL as of 2021],Sotho (Northern),Ken-ichi Ueda,2021-10-21T20:33:32Z
133182,mphai,und,"","",South African National Biodiversity Institute. 2021. Botanical Database of Southern Africa (BODATSA) [offline dataset]. http://newposa.sanbi.org [Note that these data are not available at this URL as of 2021],Sotho (Northern),Ken-ichi Ueda,2021-10-21T20:33:32Z
599386,mogobėya,und,"","",South African National Biodiversity Institute. 2021. Botanical Database of Southern Africa (BODATSA) [offline dataset]. http://newposa.sanbi.org [Note that these data are not available at this URL as of 2021],Sotho (Northern),Ken-ichi Ueda,2021-10-21T20:33:33Z
599386,mogoboya,und,"","",South African National Biodiversity Institute. 2021. Botanical Database of Southern Africa (BODATSA) [offline dataset]. http://newposa.sanbi.org [Note that these data are not available at this URL as of 2021],Sotho (Northern),Ken-ichi Ueda,2021-10-21T20:33:33Z
599386,mohlole,und,"","",South African National Biodiversity Institute. 2021. Botanical Database of Southern Africa (BODATSA) [offline dataset]. http://newposa.sanbi.org [Note that these data are not available at this URL as of 2021],Sotho (Northern),Ken-ichi Ueda,2021-10-21T20:33:33Z
556880,mohlakaume,und,"","",South African National Biodiversity Institute. 2021. Botanical Database of Southern Africa (BODATSA) [offline dataset]. http://newposa.sanbi.org [Note that these data are not available at this URL as of 2021],Sotho (Northern),Ken-ichi Ueda,2021-10-21T20:33:34Z
340173,mokongono,und,"","",South African National Biodiversity Institute. 2021. Botanical Database of Southern Africa (BODATSA) [offline dataset]. http://newposa.sanbi.org [Note that these data are not available at this URL as of 2021],Sotho (Northern),Ken-ichi Ueda,2021-10-21T20:33:34Z
527059,mothetlwa,und,"","",South African National Biodiversity Institute. 2021. Botanical Database of Southern Africa (BODATSA) [offline dataset]. http://newposa.sanbi.org [Note that these data are not available at this URL as of 2021],Sotho (Northern),Ken-ichi Ueda,2021-10-21T20:33:35Z
334569,moretlwa,und,"","",South African National Biodiversity Institute. 2021. Botanical Database of Southern Africa (BODATSA) [offline dataset]. http://newposa.sanbi.org [Note that these data are not available at this URL as of 2021],Sotho (Northern),Ken-ichi Ueda,2021-10-21T20:33:35Z
586670,mopasu,und,"","",South African National Biodiversity Institute. 2021. Botanical Database of Southern Africa (BODATSA) [offline dataset]. http://newposa.sanbi.org [Note that these data are not available at this URL as of 2021],Sotho (Northern),Ken-ichi Ueda,2021-10-21T20:33:35Z
586670,sephatwa,und,"","",South African National Biodiversity Institute. 2021. Botanical Database of Southern Africa (BODATSA) [offline dataset]. http://newposa.sanbi.org [Note that these data are not available at this URL as of 2021],Sotho (Northern),Ken-ichi Ueda,2021-10-21T20:33:36Z
599503,mohlone,und,"","",South African National Biodiversity Institute. 2021. Botanical Database of Southern Africa (BODATSA) [offline dataset]. http://newposa.sanbi.org [Note that these data are not available at this URL as of 2021],Sotho (Northern),Ken-ichi Ueda,2021-10-21T20:33:36Z
599503,mohlonė,und,"","",South African National Biodiversity Institute. 2021. Botanical Database of Southern Africa (BODATSA) [offline dataset]. http://newposa.sanbi.org [Note that these data are not available at this URL as of 2021],Sotho (Northern),Ken-ichi Ueda,2021-10-21T20:33:36Z
402272,mothėbėrėbė,und,"","",South African National Biodiversity Institute. 2021. Botanical Database of Southern Africa (BODATSA) [offline dataset]. http://newposa.sanbi.org [Note that these data are not available at this URL as of 2021],Sotho (Northern),Ken-ichi Ueda,2021-10-21T20:33:37Z
126366,mothekele,und,"","",South African National Biodiversity Institute. 2021. Botanical Database of Southern Africa (BODATSA) [offline dataset]. http://newposa.sanbi.org [Note that these data are not available at this URL as of 2021],Sotho (Northern),Ken-ichi Ueda,2021-10-21T20:33:37Z
126366,mothėkėlė,und,"","",South African National Biodiversity Institute. 2021. Botanical Database of Southern Africa (BODATSA) [offline dataset]. http://newposa.sanbi.org [Note that these data are not available at this URL as of 2021],Sotho (Northern),Ken-ichi Ueda,2021-10-21T20:33:37Z
599784,mmakatlala,und,"","",South African National Biodiversity Institute. 2021. Botanical Database of Southern Africa (BODATSA) [offline dataset]. http://newposa.sanbi.org [Note that these data are not available at this URL as of 2021],Sotho (Northern),Ken-ichi Ueda,2021-10-21T20:33:38Z
599784,mohlahlabanna,und,"","",South African National Biodiversity Institute. 2021. Botanical Database of Southern Africa (BODATSA) [offline dataset]. http://newposa.sanbi.org [Note that these data are not available at this URL as of 2021],Sotho (Northern),Ken-ichi Ueda,2021-10-21T20:33:38Z
599784,mokadala,und,"","",South African National Biodiversity Institute. 2021. Botanical Database of Southern Africa (BODATSA) [offline dataset]. http://newposa.sanbi.org [Note that these data are not available at this URL as of 2021],Sotho (Northern),Ken-ichi Ueda,2021-10-21T20:33:38Z
428461,masepha,und,"","",South African National Biodiversity Institute. 2021. Botanical Database of Southern Africa (BODATSA) [offline dataset]. http://newposa.sanbi.org [Note that these data are not available at this URL as of 2021],Sotho (Northern),Ken-ichi Ueda,2021-10-21T20:33:39Z
428461,mmasepha,und,"","",South African National Biodiversity Institute. 2021. Botanical Database of Southern Africa (BODATSA) [offline dataset]. http://newposa.sanbi.org [Note that these data are not available at this URL as of 2021],Sotho (Northern),Ken-ichi Ueda,2021-10-21T20:33:39Z
599790,moheteka,und,"","",South African National Biodiversity Institute. 2021. Botanical Database of Southern Africa (BODATSA) [offline dataset]. http://newposa.sanbi.org [Note that these data are not available at this URL as of 2021],Sotho (Northern),Ken-ichi Ueda,2021-10-21T20:33:39Z
599790,mosedika,und,"","",South African National Biodiversity Institute. 2021. Botanical Database of Southern Africa (BODATSA) [offline dataset]. http://newposa.sanbi.org [Note that these data are not available at this URL as of 2021],Sotho (Northern),Ken-ichi Ueda,2021-10-21T20:33:40Z
599790,mowedika,und,"","",South African National Biodiversity Institute. 2021. Botanical Database of Southern Africa (BODATSA) [offline dataset]. http://newposa.sanbi.org [Note that these data are not available at this URL as of 2021],Sotho (Northern),Ken-ichi Ueda,2021-10-21T20:33:40Z
588248,mokhutswane,und,"","",South African National Biodiversity Institute. 2021. Botanical Database of Southern Africa (BODATSA) [offline dataset]. http://newposa.sanbi.org [Note that these data are not available at this URL as of 2021],Sotho (Northern),Ken-ichi Ueda,2021-10-21T20:33:40Z
81491,Modukguhlu,und,"","",South African National Biodiversity Institute. 2021. Botanical Database of Southern Africa (BODATSA) [offline dataset]. http://newposa.sanbi.org [Note that these data are not available at this URL as of 2021],Sotho (Northern),Ken-ichi Ueda,2021-10-21T20:33:40Z
119178,mphatha-silo,und,"","",South African National Biodiversity Institute. 2021. Botanical Database of Southern Africa (BODATSA) [offline dataset]. http://newposa.sanbi.org [Note that these data are not available at this URL as of 2021],Sotho (Northern),Ken-ichi Ueda,2021-10-21T20:33:41Z
186271,modumela,und,"","",South African National Biodiversity Institute. 2021. Botanical Database of Southern Africa (BODATSA) [offline dataset]. http://newposa.sanbi.org [Note that these data are not available at this URL as of 2021],Sotho (Northern),Ken-ichi Ueda,2021-10-21T20:33:41Z
341605,lagynias,und,"","",South African National Biodiversity Institute. 2021. Botanical Database of Southern Africa (BODATSA) [offline dataset]. http://newposa.sanbi.org [Note that these data are not available at this URL as of 2021],Sotho (Northern),Ken-ichi Ueda,2021-10-21T20:33:42Z
588676,mokgėkgėthwane,und,"","",South African National Biodiversity Institute. 2021. Botanical Database of Southern Africa (BODATSA) [offline dataset]. http://newposa.sanbi.org [Note that these data are not available at this URL as of 2021],Sotho (Northern),Ken-ichi Ueda,2021-10-21T20:33:42Z
588676,morula-mėpsane,und,"","",South African National Biodiversity Institute. 2021. Botanical Database of Southern Africa (BODATSA) [offline dataset]. http://newposa.sanbi.org [Note that these data are not available at this URL as of 2021],Sotho (Northern),Ken-ichi Ueda,2021-10-21T20:33:42Z
340120,mmopu,und,"","",South African National Biodiversity Institute. 2021. Botanical Database of Southern Africa (BODATSA) [offline dataset]. http://newposa.sanbi.org [Note that these data are not available at this URL as of 2021],Sotho (Northern),Ken-ichi Ueda,2021-10-21T20:33:43Z
588941,nnvv,und,"","",South African National Biodiversity Institute. 2021. Botanical Database of Southern Africa (BODATSA) [offline dataset]. http://newposa.sanbi.org [Note that these data are not available at this URL as of 2021],Sotho (Northern),Ken-ichi Ueda,2021-10-21T20:33:43Z
489282,mosino,und,"","",South African National Biodiversity Institute. 2021. Botanical Database of Southern Africa (BODATSA) [offline dataset]. http://newposa.sanbi.org [Note that these data are not available at this URL as of 2021],Sotho (Northern),Ken-ichi Ueda,2021-10-21T20:33:43Z
133587,motswakhu,und,"","",South African National Biodiversity Institute. 2021. Botanical Database of Southern Africa (BODATSA) [offline dataset]. http://newposa.sanbi.org [Note that these data are not available at this URL as of 2021],Sotho (Northern),Ken-ichi Ueda,2021-10-21T20:33:44Z
589698,mokokono,und,"","",South African National Biodiversity Institute. 2021. Botanical Database of Southern Africa (BODATSA) [offline dataset]. http://newposa.sanbi.org [Note that these data are not available at this URL as of 2021],Sotho (Northern),Ken-ichi Ueda,2021-10-21T20:33:44Z
165503,masegasegane,und,"","",South African National Biodiversity Institute. 2021. Botanical Database of Southern Africa (BODATSA) [offline dataset]. http://newposa.sanbi.org [Note that these data are not available at this URL as of 2021],Sotho (Northern),Ken-ichi Ueda,2021-10-21T20:33:45Z
600317,mosita-tlou,und,"","",South African National Biodiversity Institute. 2021. Botanical Database of Southern Africa (BODATSA) [offline dataset]. http://newposa.sanbi.org [Note that these data are not available at this URL as of 2021],Sotho (Northern),Ken-ichi Ueda,2021-10-21T20:33:45Z
469795,phatse-ya-thswene,und,"","",South African National Biodiversity Institute. 2021. Botanical Database of Southern Africa (BODATSA) [offline dataset]. http://newposa.sanbi.org [Note that these data are not available at this URL as of 2021],Sotho (Northern),Ken-ichi Ueda,2021-10-21T20:33:45Z
185371,motlhabare,und,"","",South African National Biodiversity Institute. 2021. Botanical Database of Southern Africa (BODATSA) [offline dataset]. http://newposa.sanbi.org [Note that these data are not available at this URL as of 2021],Sotho (Northern),Ken-ichi Ueda,2021-10-21T20:33:46Z
503912,lebati,und,"","",South African National Biodiversity Institute. 2021. Botanical Database of Southern Africa (BODATSA) [offline dataset]. http://newposa.sanbi.org [Note that these data are not available at this URL as of 2021],Sotho (Northern),Ken-ichi Ueda,2021-10-21T20:33:46Z
340332,mothotse,und,"","",South African National Biodiversity Institute. 2021. Botanical Database of Southern Africa (BODATSA) [offline dataset]. http://newposa.sanbi.org [Note that these data are not available at this URL as of 2021],Sotho (Northern),Ken-ichi Ueda,2021-10-21T20:33:46Z
431389,mosepe,und,"","",South African National Biodiversity Institute. 2021. Botanical Database of Southern Africa (BODATSA) [offline dataset]. http://newposa.sanbi.org [Note that these data are not available at this URL as of 2021],Sotho (Northern),Ken-ichi Ueda,2021-10-21T20:33:47Z
342039,mphero,und,"","",South African National Biodiversity Institute. 2021. Botanical Database of Southern Africa (BODATSA) [offline dataset]. http://newposa.sanbi.org [Note that these data are not available at this URL as of 2021],Sotho (Northern),Ken-ichi Ueda,2021-10-21T20:33:47Z
428559,mopsinyugane,und,"","",South African National Biodiversity Institute. 2021. Botanical Database of Southern Africa (BODATSA) [offline dataset]. http://newposa.sanbi.org [Note that these data are not available at this URL as of 2021],Sotho (Northern),Ken-ichi Ueda,2021-10-21T20:33:48Z
428559,morabadilepe,und,"","",South African National Biodiversity Institute. 2021. Botanical Database of Southern Africa (BODATSA) [offline dataset]. http://newposa.sanbi.org [Note that these data are not available at this URL as of 2021],Sotho (Northern),Ken-ichi Ueda,2021-10-21T20:33:48Z
428559,morotodi,und,"","",South African National Biodiversity Institute. 2021. Botanical Database of Southern Africa (BODATSA) [offline dataset]. http://newposa.sanbi.org [Note that these data are not available at this URL as of 2021],Sotho (Northern),Ken-ichi Ueda,2021-10-21T20:33:48Z
591505,kgagaswane,und,"","",South African National Biodiversity Institute. 2021. Botanical Database of Southern Africa (BODATSA) [offline dataset]. http://newposa.sanbi.org [Note that these data are not available at this URL as of 2021],Sotho (Northern),Ken-ichi Ueda,2021-10-21T20:33:49Z
591505,sebabi,und,"","",South African National Biodiversity Institute. 2021. Botanical Database of Southern Africa (BODATSA) [offline dataset]. http://newposa.sanbi.org [Note that these data are not available at this URL as of 2021],Sotho (Northern),Ken-ichi Ueda,2021-10-21T20:33:49Z
138688,mofehlo,und,"","",South African National Biodiversity Institute. 2021. Botanical Database of Southern Africa (BODATSA) [offline dataset]. http://newposa.sanbi.org [Note that these data are not available at this URL as of 2021],Sotho (Northern),Ken-ichi Ueda,2021-10-21T20:33:49Z
138688,mosese,und,"","",South African National Biodiversity Institute. 2021. Botanical Database of Southern Africa (BODATSA) [offline dataset]. http://newposa.sanbi.org [Note that these data are not available at this URL as of 2021],Sotho (Northern),Ken-ichi Ueda,2021-10-21T20:33:50Z
592162,mokgėrėpė,und,"","",South African National Biodiversity Institute. 2021. Botanical Database of Southern Africa (BODATSA) [offline dataset]. http://newposa.sanbi.org [Note that these data are not available at this URL as of 2021],Sotho (Northern),Ken-ichi Ueda,2021-10-21T20:33:50Z
592162,mukolokote,und,"","",South African National Biodiversity Institute. 2021. Botanical Database of Southern Africa (BODATSA) [offline dataset]. http://newposa.sanbi.org [Note that these data are not available at this URL as of 2021],Sotho (Northern),Ken-ichi Ueda,2021-10-21T20:33:51Z
152137,pherefere,und,"","",South African National Biodiversity Institute. 2021. Botanical Database of Southern Africa (BODATSA) [offline dataset]. http://newposa.sanbi.org [Note that these data are not available at this URL as of 2021],Sotho (Northern),Ken-ichi Ueda,2021-10-21T20:33:51Z
136323,mogėbagėba,und,"","",South African National Biodiversity Institute. 2021. Botanical Database of Southern Africa (BODATSA) [offline dataset]. http://newposa.sanbi.org [Note that these data are not available at this URL as of 2021],Sotho (Northern),Ken-ichi Ueda,2021-10-21T20:33:51Z
136323,naunuaba,und,"","",South African National Biodiversity Institute. 2021. Botanical Database of Southern Africa (BODATSA) [offline dataset]. http://newposa.sanbi.org [Note that these data are not available at this URL as of 2021],Sotho (Northern),Ken-ichi Ueda,2021-10-21T20:33:52Z
566289,mogalagala,und,"","",South African National Biodiversity Institute. 2021. Botanical Database of Southern Africa (BODATSA) [offline dataset]. http://newposa.sanbi.org [Note that these data are not available at this URL as of 2021],Sotho (Northern),Ken-ichi Ueda,2021-10-21T20:33:52Z
566289,mphera,und,"","",South African National Biodiversity Institute. 2021. Botanical Database of Southern Africa (BODATSA) [offline dataset]. http://newposa.sanbi.org [Note that these data are not available at this URL as of 2021],Sotho (Northern),Ken-ichi Ueda,2021-10-21T20:33:52Z
435322,mogohloro,und,"","",South African National Biodiversity Institute. 2021. Botanical Database of Southern Africa (BODATSA) [offline dataset]. http://newposa.sanbi.org [Note that these data are not available at this URL as of 2021],Sotho (Northern),Ken-ichi Ueda,2021-10-21T20:33:53Z
431512,molaka,und,"","",South African National Biodiversity Institute. 2021. Botanical Database of Southern Africa (BODATSA) [offline dataset]. http://newposa.sanbi.org [Note that these data are not available at this URL as of 2021],Sotho (Northern),Ken-ichi Ueda,2021-10-21T20:33:54Z
340243,mmilo,und,"","",South African National Biodiversity Institute. 2021. Botanical Database of Southern Africa (BODATSA) [offline dataset]. http://newposa.sanbi.org [Note that these data are not available at this URL as of 2021],Sotho (Northern),Ken-ichi Ueda,2021-10-21T20:33:54Z
340243,morėtė,und,"","",South African National Biodiversity Institute. 2021. Botanical Database of Southern Africa (BODATSA) [offline dataset]. http://newposa.sanbi.org [Note that these data are not available at this URL as of 2021],Sotho (Northern),Ken-ichi Ueda,2021-10-21T20:33:55Z
600866,mohwahlapa,und,"","",South African National Biodiversity Institute. 2021. Botanical Database of Southern Africa (BODATSA) [offline dataset]. http://newposa.sanbi.org [Note that these data are not available at this URL as of 2021],Sotho (Northern),Ken-ichi Ueda,2021-10-21T20:33:55Z
600866,mokwatapa,und,"","",South African National Biodiversity Institute. 2021. Botanical Database of Southern Africa (BODATSA) [offline dataset]. http://newposa.sanbi.org [Note that these data are not available at this URL as of 2021],Sotho (Northern),Ken-ichi Ueda,2021-10-21T20:33:55Z
578244,mogėnė,und,"","",South African National Biodiversity Institute. 2021. Botanical Database of Southern Africa (BODATSA) [offline dataset]. http://newposa.sanbi.org [Note that these data are not available at this URL as of 2021],Sotho (Northern),Ken-ichi Ueda,2021-10-21T20:33:56Z
578244,mongėnė,und,"","",South African National Biodiversity Institute. 2021. Botanical Database of Southern Africa (BODATSA) [offline dataset]. http://newposa.sanbi.org [Note that these data are not available at this URL as of 2021],Sotho (Northern),Ken-ichi Ueda,2021-10-21T20:33:56Z
133184,monadi,und,"","",South African National Biodiversity Institute. 2021. Botanical Database of Southern Africa (BODATSA) [offline dataset]. http://newposa.sanbi.org [Note that these data are not available at this URL as of 2021],Sotho (Northern),Ken-ichi Ueda,2021-10-21T20:33:56Z
133551,mphatanare,und,"","",South African National Biodiversity Institute. 2021. Botanical Database of Southern Africa (BODATSA) [offline dataset]. http://newposa.sanbi.org [Note that these data are not available at this URL as of 2021],Sotho (Northern),Ken-ichi Ueda,2021-10-21T20:33:57Z
593083,matswane,und,"","",South African National Biodiversity Institute. 2021. Botanical Database of Southern Africa (BODATSA) [offline dataset]. http://newposa.sanbi.org [Note that these data are not available at this URL as of 2021],Sotho (Northern),Ken-ichi Ueda,2021-10-21T20:33:57Z
593083,mogėlėbe,und,"","",South African National Biodiversity Institute. 2021. Botanical Database of Southern Africa (BODATSA) [offline dataset]. http://newposa.sanbi.org [Note that these data are not available at this URL as of 2021],Sotho (Northern),Ken-ichi Ueda,2021-10-21T20:33:57Z
593083,segėlėbe,und,"","",South African National Biodiversity Institute. 2021. Botanical Database of Southern Africa (BODATSA) [offline dataset]. http://newposa.sanbi.org [Note that these data are not available at this URL as of 2021],Sotho (Northern),Ken-ichi Ueda,2021-10-21T20:33:58Z
428557,morokolo-pudi,und,"","",South African National Biodiversity Institute. 2021. Botanical Database of Southern Africa (BODATSA) [offline dataset]. http://newposa.sanbi.org [Note that these data are not available at this URL as of 2021],Sotho (Northern),Ken-ichi Ueda,2021-10-21T20:33:58Z
428557,mothokolo-pudi,und,"","",South African National Biodiversity Institute. 2021. Botanical Database of Southern Africa (BODATSA) [offline dataset]. http://newposa.sanbi.org [Note that these data are not available at this URL as of 2021],Sotho (Northern),Ken-ichi Ueda,2021-10-21T20:33:58Z
557697,monoatlou,und,"","",South African National Biodiversity Institute. 2021. Botanical Database of Southern Africa (BODATSA) [offline dataset]. http://newposa.sanbi.org [Note that these data are not available at this URL as of 2021],Sotho (Northern),Ken-ichi Ueda,2021-10-21T20:33:59Z
557697,motha-thaa,und,"","",South African National Biodiversity Institute. 2021. Botanical Database of Southern Africa (BODATSA) [offline dataset]. http://newposa.sanbi.org [Note that these data are not available at this URL as of 2021],Sotho (Northern),Ken-ichi Ueda,2021-10-21T20:33:59Z
557697,mphata-kgogo,und,"","",South African National Biodiversity Institute. 2021. Botanical Database of Southern Africa (BODATSA) [offline dataset]. http://newposa.sanbi.org [Note that these data are not available at this URL as of 2021],Sotho (Northern),Ken-ichi Ueda,2021-10-21T20:33:59Z
79020,monhlohlo,und,"","",South African National Biodiversity Institute. 2021. Botanical Database of Southern Africa (BODATSA) [offline dataset]. http://newposa.sanbi.org [Note that these data are not available at this URL as of 2021],Sotho (Northern),Ken-ichi Ueda,2021-10-21T20:34:00Z
431566,monkgobo,und,"","",South African National Biodiversity Institute. 2021. Botanical Database of Southern Africa (BODATSA) [offline dataset]. http://newposa.sanbi.org [Note that these data are not available at this URL as of 2021],Sotho (Northern),Ken-ichi Ueda,2021-10-21T20:34:01Z
593372,botobye tobjane,und,"","",South African National Biodiversity Institute. 2021. Botanical Database of Southern Africa (BODATSA) [offline dataset]. http://newposa.sanbi.org [Note that these data are not available at this URL as of 2021],Sotho (Northern),Ken-ichi Ueda,2021-10-21T20:34:02Z
593372,motopilope,und,"","",South African National Biodiversity Institute. 2021. Botanical Database of Southern Africa (BODATSA) [offline dataset]. http://newposa.sanbi.org [Note that these data are not available at this URL as of 2021],Sotho (Northern),Ken-ichi Ueda,2021-10-21T20:34:02Z
153154,LekgoKgoo,und,"","",South African National Biodiversity Institute. 2021. Botanical Database of Southern Africa (BODATSA) [offline dataset]. http://newposa.sanbi.org [Note that these data are not available at this URL as of 2021],Sotho (Northern),Ken-ichi Ueda,2021-10-21T20:34:02Z
153154,Thokgola,und,"","",South African National Biodiversity Institute. 2021. Botanical Database of Southern Africa (BODATSA) [offline dataset]. http://newposa.sanbi.org [Note that these data are not available at this URL as of 2021],Sotho (Northern),Ken-ichi Ueda,2021-10-21T20:34:03Z
340246,mokano,und,"","",South African National Biodiversity Institute. 2021. Botanical Database of Southern Africa (BODATSA) [offline dataset]. http://newposa.sanbi.org [Note that these data are not available at this URL as of 2021],Sotho (Northern),Ken-ichi Ueda,2021-10-21T20:34:03Z
340246,nganu,und,"","",South African National Biodiversity Institute. 2021. Botanical Database of Southern Africa (BODATSA) [offline dataset]. http://newposa.sanbi.org [Note that these data are not available at this URL as of 2021],Sotho (Northern),Ken-ichi Ueda,2021-10-21T20:34:03Z
557693,mphatashilo,und,"","",South African National Biodiversity Institute. 2021. Botanical Database of Southern Africa (BODATSA) [offline dataset]. http://newposa.sanbi.org [Note that these data are not available at this URL as of 2021],Sotho (Northern),Ken-ichi Ueda,2021-10-21T20:34:04Z
557693,mphato,und,"","",South African National Biodiversity Institute. 2021. Botanical Database of Southern Africa (BODATSA) [offline dataset]. http://newposa.sanbi.org [Note that these data are not available at this URL as of 2021],Sotho (Northern),Ken-ichi Ueda,2021-10-21T20:34:04Z
601100,mosohlo,und,"","",South African National Biodiversity Institute. 2021. Botanical Database of Southern Africa (BODATSA) [offline dataset]. http://newposa.sanbi.org [Note that these data are not available at this URL as of 2021],Sotho (Northern),Ken-ichi Ueda,2021-10-21T20:34:04Z
340244,bohlėko,und,"","",South African National Biodiversity Institute. 2021. Botanical Database of Southern Africa (BODATSA) [offline dataset]. http://newposa.sanbi.org [Note that these data are not available at this URL as of 2021],Sotho (Northern),Ken-ichi Ueda,2021-10-21T20:34:05Z
340253,morukudu,und,"","",South African National Biodiversity Institute. 2021. Botanical Database of Southern Africa (BODATSA) [offline dataset]. http://newposa.sanbi.org [Note that these data are not available at this URL as of 2021],Sotho (Northern),Ken-ichi Ueda,2021-10-21T20:34:05Z
601245,mosetse-pudi,und,"","",South African National Biodiversity Institute. 2021. Botanical Database of Southern Africa (BODATSA) [offline dataset]. http://newposa.sanbi.org [Note that these data are not available at this URL as of 2021],Sotho (Northern),Ken-ichi Ueda,2021-10-21T20:34:06Z
431646,mokgwakgwatha,und,"","",South African National Biodiversity Institute. 2021. Botanical Database of Southern Africa (BODATSA) [offline dataset]. http://newposa.sanbi.org [Note that these data are not available at this URL as of 2021],Sotho (Northern),Ken-ichi Ueda,2021-10-21T20:34:06Z
595012,mokgwakgwa,und,"","",South African National Biodiversity Institute. 2021. Botanical Database of Southern Africa (BODATSA) [offline dataset]. http://newposa.sanbi.org [Note that these data are not available at this URL as of 2021],Sotho (Northern),Ken-ichi Ueda,2021-10-21T20:34:06Z
595012,morotlue,und,"","",South African National Biodiversity Institute. 2021. Botanical Database of Southern Africa (BODATSA) [offline dataset]. http://newposa.sanbi.org [Note that these data are not available at this URL as of 2021],Sotho (Northern),Ken-ichi Ueda,2021-10-21T20:34:07Z
169414,morutle,und,"","",South African National Biodiversity Institute. 2021. Botanical Database of Southern Africa (BODATSA) [offline dataset]. http://newposa.sanbi.org [Note that these data are not available at this URL as of 2021],Sotho (Northern),Ken-ichi Ueda,2021-10-21T20:34:07Z
338719,monhlo,und,"","",South African National Biodiversity Institute. 2021. Botanical Database of Southern Africa (BODATSA) [offline dataset]. http://newposa.sanbi.org [Note that these data are not available at this URL as of 2021],Sotho (Northern),Ken-ichi Ueda,2021-10-21T20:34:07Z
338719,mutlu,und,"","",South African National Biodiversity Institute. 2021. Botanical Database of Southern Africa (BODATSA) [offline dataset]. http://newposa.sanbi.org [Note that these data are not available at this URL as of 2021],Sotho (Northern),Ken-ichi Ueda,2021-10-21T20:34:08Z
601313,motlho,und,"","",South African National Biodiversity Institute. 2021. Botanical Database of Southern Africa (BODATSA) [offline dataset]. http://newposa.sanbi.org [Note that these data are not available at this URL as of 2021],Sotho (Northern),Ken-ichi Ueda,2021-10-21T20:34:08Z
338720,monhlo-meetse,und,"","",South African National Biodiversity Institute. 2021. Botanical Database of Southern Africa (BODATSA) [offline dataset]. http://newposa.sanbi.org [Note that these data are not available at this URL as of 2021],Sotho (Northern),Ken-ichi Ueda,2021-10-21T20:34:08Z
338720,montlho-meetse,und,"","",South African National Biodiversity Institute. 2021. Botanical Database of Southern Africa (BODATSA) [offline dataset]. http://newposa.sanbi.org [Note that these data are not available at this URL as of 2021],Sotho (Northern),Ken-ichi Ueda,2021-10-21T20:34:09Z
474039,monokanekane,und,"","",South African National Biodiversity Institute. 2021. Botanical Database of Southern Africa (BODATSA) [offline dataset]. http://newposa.sanbi.org [Note that these data are not available at this URL as of 2021],Sotho (Northern),Ken-ichi Ueda,2021-10-21T20:34:09Z
474039,sefahla,und,"","",South African National Biodiversity Institute. 2021. Botanical Database of Southern Africa (BODATSA) [offline dataset]. http://newposa.sanbi.org [Note that these data are not available at this URL as of 2021],Sotho (Northern),Ken-ichi Ueda,2021-10-21T20:34:09Z
474039,sefahlane,und,"","",South African National Biodiversity Institute. 2021. Botanical Database of Southern Africa (BODATSA) [offline dataset]. http://newposa.sanbi.org [Note that these data are not available at this URL as of 2021],Sotho (Northern),Ken-ichi Ueda,2021-10-21T20:34:10Z
430533,mutsiara,und,"","",South African National Biodiversity Institute. 2021. Botanical Database of Southern Africa (BODATSA) [offline dataset]. http://newposa.sanbi.org [Note that these data are not available at this URL as of 2021],Sotho (Northern),Ken-ichi Ueda,2021-10-21T20:34:10Z
336810,moxonono,und,"","",South African National Biodiversity Institute. 2021. Botanical Database of Southern Africa (BODATSA) [offline dataset]. http://newposa.sanbi.org [Note that these data are not available at this URL as of 2021],Sotho (Northern),Ken-ichi Ueda,2021-10-21T20:34:10Z
147425,mpokoboko,und,"","",South African National Biodiversity Institute. 2021. Botanical Database of Southern Africa (BODATSA) [offline dataset]. http://newposa.sanbi.org [Note that these data are not available at this URL as of 2021],Sotho (Northern),Ken-ichi Ueda,2021-10-21T20:34:11Z
601453,mopopyane,und,"","",South African National Biodiversity Institute. 2021. Botanical Database of Southern Africa (BODATSA) [offline dataset]. http://newposa.sanbi.org [Note that these data are not available at this URL as of 2021],Sotho (Northern),Ken-ichi Ueda,2021-10-21T20:34:11Z
601494,Konofolo ya naga,und,"","",South African National Biodiversity Institute. 2021. Botanical Database of Southern Africa (BODATSA) [offline dataset]. http://newposa.sanbi.org [Note that these data are not available at this URL as of 2021],Sotho (Northern),Ken-ichi Ueda,2021-10-21T20:34:11Z
595967,mmilo-rotswana,und,"","",South African National Biodiversity Institute. 2021. Botanical Database of Southern Africa (BODATSA) [offline dataset]. http://newposa.sanbi.org [Note that these data are not available at this URL as of 2021],Sotho (Northern),Ken-ichi Ueda,2021-10-21T20:34:12Z
340338,masepa,und,"","",South African National Biodiversity Institute. 2021. Botanical Database of Southern Africa (BODATSA) [offline dataset]. http://newposa.sanbi.org [Note that these data are not available at this URL as of 2021],Sotho (Northern),Ken-ichi Ueda,2021-10-21T20:34:12Z
340338,mofalakwe,und,"","",South African National Biodiversity Institute. 2021. Botanical Database of Southern Africa (BODATSA) [offline dataset]. http://newposa.sanbi.org [Note that these data are not available at this URL as of 2021],Sotho (Northern),Ken-ichi Ueda,2021-10-21T20:34:12Z
591411,lehlanye,und,"","",South African National Biodiversity Institute. 2021. Botanical Database of Southern Africa (BODATSA) [offline dataset]. http://newposa.sanbi.org [Note that these data are not available at this URL as of 2021],Sotho (Northern),Ken-ichi Ueda,2021-10-21T20:34:13Z
569564,motheba,und,"","",South African National Biodiversity Institute. 2021. Botanical Database of Southern Africa (BODATSA) [offline dataset]. http://newposa.sanbi.org [Note that these data are not available at this URL as of 2021],Sotho (Northern),Ken-ichi Ueda,2021-10-21T20:34:13Z
596036,mburo,und,"","",South African National Biodiversity Institute. 2021. Botanical Database of Southern Africa (BODATSA) [offline dataset]. http://newposa.sanbi.org [Note that these data are not available at this URL as of 2021],Sotho (Northern),Ken-ichi Ueda,2021-10-21T20:34:13Z
135521,lerokwana,und,"","",South African National Biodiversity Institute. 2021. Botanical Database of Southern Africa (BODATSA) [offline dataset]. http://newposa.sanbi.org [Note that these data are not available at this URL as of 2021],Sotho (Northern),Ken-ichi Ueda,2021-10-21T20:34:14Z
460439,Thutse,und,"","",South African National Biodiversity Institute. 2021. Botanical Database of Southern Africa (BODATSA) [offline dataset]. http://newposa.sanbi.org [Note that these data are not available at this URL as of 2021],Sotho (Northern),Ken-ichi Ueda,2021-10-21T20:34:14Z
243419,huswane,und,"","",South African National Biodiversity Institute. 2021. Botanical Database of Southern Africa (BODATSA) [offline dataset]. http://newposa.sanbi.org [Note that these data are not available at this URL as of 2021],Sotho (Northern),Ken-ichi Ueda,2021-10-21T20:34:14Z
243419,motshidi,und,"","",South African National Biodiversity Institute. 2021. Botanical Database of Southern Africa (BODATSA) [offline dataset]. http://newposa.sanbi.org [Note that these data are not available at this URL as of 2021],Sotho (Northern),Ken-ichi Ueda,2021-10-21T20:34:14Z
340168,hwele,und,"","",South African National Biodiversity Institute. 2021. Botanical Database of Southern Africa (BODATSA) [offline dataset]. http://newposa.sanbi.org [Note that these data are not available at this URL as of 2021],Sotho (Northern),Ken-ichi Ueda,2021-10-21T20:34:15Z
340168,morotologa,und,"","",South African National Biodiversity Institute. 2021. Botanical Database of Southern Africa (BODATSA) [offline dataset]. http://newposa.sanbi.org [Note that these data are not available at this URL as of 2021],Sotho (Northern),Ken-ichi Ueda,2021-10-21T20:34:15Z
132925,motshekga,und,"","",South African National Biodiversity Institute. 2021. Botanical Database of Southern Africa (BODATSA) [offline dataset]. http://newposa.sanbi.org [Note that these data are not available at this URL as of 2021],Sotho (Northern),Ken-ichi Ueda,2021-10-21T20:34:15Z
362174,senokomaropa,und,"","",South African National Biodiversity Institute. 2021. Botanical Database of Southern Africa (BODATSA) [offline dataset]. http://newposa.sanbi.org [Note that these data are not available at this URL as of 2021],Sotho (Northern),Ken-ichi Ueda,2021-10-21T20:34:16Z
469304,senoko-maropa,und,"","",South African National Biodiversity Institute. 2021. Botanical Database of Southern Africa (BODATSA) [offline dataset]. http://newposa.sanbi.org [Note that these data are not available at this URL as of 2021],Sotho (Northern),Ken-ichi Ueda,2021-10-21T20:34:16Z
469304,Senokumarupa,und,"","",South African National Biodiversity Institute. 2021. Botanical Database of Southern Africa (BODATSA) [offline dataset]. http://newposa.sanbi.org [Note that these data are not available at this URL as of 2021],Sotho (Northern),Ken-ichi Ueda,2021-10-21T20:34:16Z
340229,moksalo,und,"","",South African National Biodiversity Institute. 2021. Botanical Database of Southern Africa (BODATSA) [offline dataset]. http://newposa.sanbi.org [Note that these data are not available at this URL as of 2021],Sotho (Northern),Ken-ichi Ueda,2021-10-21T20:34:17Z
119995,masotsa,und,"","",,Sotho (Northern),Botswanabugs,2021-11-08T07:31:55Z
431075,mogwane,und,"","",,Sotho (Northern),Botswanabugs,2022-01-09T04:13:07Z
160868,thelele,und,"","",,Sotho (Northern),Botswanabugs,2022-01-11T13:47:05Z
337751,mohlono,und,"","",,Sotho (Northern),Botswanabugs,2022-01-11T14:38:39Z
1363476,mogoatodge,und,"","",South African National Biodiversity Institute. 2021. Botanical Database of Southern Africa (BODATSA) [offline dataset]. http://newposa.sanbi.org [Note that these data are not available at this URL as of 2021],Sotho (Northern),,2022-03-06T21:21:13Z
559229,mooka,und,"","",,Sotho (Northern),Botswanabugs,2022-03-17T12:59:18Z
596042,mohlokohloko,und,"","",South African National Biodiversity Institute. 2021. Botanical Database of Southern Africa (BODATSA) [offline dataset]. http://newposa.sanbi.org [Note that these data are not available at this URL as of 2021],Sotho (Northern),,2022-04-13T07:20:01Z
56739,mokhura,und,"","",South African National Biodiversity Institute. 2021. Botanical Database of Southern Africa (BODATSA) [offline dataset]. http://newposa.sanbi.org [Note that these data are not available at this URL as of 2021],Sotho (Northern),,2022-05-09T18:29:06Z
191689,mokgoba,und,"","",https://www.inaturalist.org/taxon_names/2647877/edit,Sotho (Northern),,2022-05-13T15:35:40Z
340166,Morokologa,und,"","",,Sotho (Northern),Botswanabugs,2022-06-21T14:49:36Z
342710,Lengana,und,"","",South African National Biodiversity Institute. 2021. Botanical Database of Southern Africa (BODATSA) [offline dataset]. http://newposa.sanbi.org [Note that these data are not available at this URL as of 2021],Sotho (Northern),,2023-02-11T18:30:15Z
20526,Mpšhe,und,"","",,Sotho (Northern),Johan Devos,2023-02-28T23:02:22Z
47927,leponono,und,"","",,Sotho (Northern),Botswanabugs,2023-04-19T03:01:42Z
26052,kwena,und,"","",,Sotho (Northern),Botswanabugs,2023-04-25T06:56:54Z
371414,phaga,und,"","",,Sotho (Northern),Botswanabugs,2023-04-25T07:12:52Z
47062,thakadu,und,"","",,Sotho (Northern),Botswanabugs,2023-04-25T07:27:12Z
32806,leobu,und,"","",,Sotho (Northern),Botswanabugs,2023-04-25T07:43:05Z
32806,lehobu,und,"","",,Sotho (Northern),Botswanabugs,2023-04-25T07:47:38Z
32806,malobu,und,"","",,Sotho (Northern),Botswanabugs,2023-04-25T07:52:40Z
19350,Maribishi,und,"","",,Sotho (Northern),Botswanabugs,2023-04-25T07:59:44Z
30851,leraba,und,"","",,Sotho (Northern),Botswanabugs,2023-05-13T18:51:27Z
1473181,mogokgomo,und,"","",South African National Biodiversity Institute. 2021. Botanical Database of Southern Africa (BODATSA) [offline dataset]. http://newposa.sanbi.org [Note that these data are not available at this URL as of 2021],Sotho (Northern),,2023-06-09T13:59:20Z
1473182,Monei,und,"","",https://www.inaturalist.org/taxon_names/1759532/edit,Sotho (Northern),,2023-06-09T14:00:39Z
1473182,Monee,und,"","",https://www.inaturalist.org/taxon_names/1759531/edit,Sotho (Northern),,2023-06-09T14:00:39Z
201031,mmakaitsimeletsa,und,"","",,Sotho (Northern),Botswanabugs,2023-07-14T09:03:59Z
144404,senwabolopi,und,"","",,Sotho (Northern),Botswanabugs,2023-07-16T12:50:23Z
595948,lerura,und,"","",,Sotho (Northern),Botswanabugs,2023-07-24T04:37:26Z
595948,Mooka,und,"","",,Sotho (Northern),Botswanabugs,2023-07-24T04:38:30Z
356056,lemata,und,"","",,Sotho (Northern),Botswanabugs,2023-07-24T12:35:55Z
1484787,lesitsane,und,"","",South African National Biodiversity Institute. 2021. Botanical Database of Southern Africa (BODATSA) [offline dataset]. http://newposa.sanbi.org [Note that these data are not available at this URL as of 2021],Sotho (Northern),Riaan Stals,2023-07-25T18:16:14Z
334567,mogwane,und,"","",,Sotho (Northern),Botswanabugs,2023-09-06T11:57:32Z
594568,moralane,und,"","",South African National Biodiversity Institute. 2021. Botanical Database of Southern Africa (BODATSA) [offline dataset]. http://newposa.sanbi.org [Note that these data are not available at this URL as of 2021],Sotho (Northern),,2023-11-11T12:21:03Z
1428,Kgaka,und,"","",,Sotho (Northern),Botswanabugs,2024-01-31T09:56:29Z
502780,moka,und,"","",,Sotho (Northern),Botswanabugs,2024-05-30T12:50:22Z
595948,muka,und,"","",,Sotho (Northern),Botswanabugs,2024-05-30T13:09:47Z
595948,mugu,und,"","",,Sotho (Northern),Botswanabugs,2024-05-30T13:11:26Z
