id,vernacularName,language,locality,countryCode,source,lexicon,contributor,created
144017,Wall,und,"","",http://www.catalogueoflife.org/annual-checklist/2012/details/species/id/10084978/common/52767,Numee,Blogie Robillo,2013-08-22T11:08:10Z
95837,Draxié,und,"","",http://www.catalogueoflife.org/annual-checklist/details/species/id/10076179/common/125005,Numee,,2021-07-13T12:40:00Z
95837,Draxiié,und,"","",http://www.catalogueoflife.org/annual-checklist/details/species/id/10076179/common/125004,Numee,,2021-07-13T12:40:10Z
67971,Vé,und,"","",,Numee,Zane Roskoph,2021-07-19T14:46:11Z
204606,Kôduu,und,"","",http://www.catalogueoflife.org/annual-checklist/details/species/id/10070278/common/120092,Numee,,2021-07-28T14:18:37Z
96940,Kôduu,und,"","",http://www.catalogueoflife.org/annual-checklist/details/species/id/10070593/common/3749,Numee,,2021-07-28T14:18:37Z
52456,Wumîê,und,"","",http://www.catalogueoflife.org/annual-checklist/details/species/id/10073036/common/61378,Numee,,2021-08-01T13:37:08Z
114930,Wumîê,und,"","",http://www.catalogueoflife.org/annual-checklist/details/species/id/10073505/common/202454,Numee,Donald Davesne,2021-08-01T13:37:08Z
123227,Vêêdoo,und,"","",http://www.catalogueoflife.org/annual-checklist/details/species/id/10073516/common/100930,Numee,,2021-08-03T12:06:38Z
153280,Drotrii,und,"","",http://www.catalogueoflife.org/annual-checklist/details/species/id/10069945/common/133328,Numee,,2021-08-29T13:08:21Z
153280,Nokôdoo,und,"","",http://www.catalogueoflife.org/annual-checklist/details/species/id/10069945/common/133264,Numee,,2021-08-29T13:08:34Z
153280,Doo,und,"","",,Numee,Zane Roskoph,2021-08-29T13:09:57Z
124906,Kûmmè,und,"","",,Numee,Zane Roskoph,2021-09-29T00:41:59Z
