id,vernacularName,language,locality,countryCode,source,lexicon,contributor,created
56573,Kit-kit-dizze,und,"","",,Miwok,Justin,2019-05-21T17:04:25Z
53713,Elmayu,und,"","",,Miwok,anneliese merrigan,2020-07-20T03:52:18Z
194565,Potokele,und,"","",,Miwok,anneliese merrigan,2020-07-20T03:53:13Z
194565,Patapsi,und,"","",,Miwok,anneliese merrigan,2020-07-20T03:53:55Z
53884,Helli,und,"","",,Miwok,anneliese merrigan,2020-07-20T03:54:55Z
53884,Hahiya,und,"","",,Miwok,anneliese merrigan,2020-07-20T03:55:42Z
