id,vernacularName,language,locality,countryCode,source,lexicon,contributor,created
281778,schca-na-tau,und,"","",,Mazateco,,2013-05-16T08:24:26Z
166545,xka-sci-ka,und,"","",,Mazateco,,2013-05-16T08:27:42Z
284976,ya-to-scua-ree,und,"","",,Mazateco,,2013-05-16T08:28:15Z
136084,Tush-kju,und,"","",,Mazateco,Carlos Galindo-Leal,2013-12-03T21:05:41Z
945610,mo-so-le-na,und,"","",https://www.inaturalist.org/taxon_names/447402/edit,Mazateco,Carlos Galindo-Leal,2019-09-23T19:15:02Z
305992,Ticoco del Quelite Podrido,und,"","",,Mazateco,Francisco Acosta,2020-05-01T19:48:22Z
335647,Ticoco del Encino,und,"","",,Mazateco,Francisco Acosta,2020-05-02T16:35:54Z
269419,Gusano del Maguey,und,"","",,Mazateco,Francisco Acosta,2020-05-04T18:45:15Z
47118,Ndo'o,und,"","",,Mazateco,Diego Barrales,2021-03-14T18:00:38Z
48894,Nay,und,"","",,Mazateco,Diego Barrales,2021-03-14T18:03:57Z
