id,vernacularName,language,locality,countryCode,source,lexicon,contributor,created
47126,Plante,und,"","",,Picard,John E. Christensen,2017-12-06T07:54:17Z
49187,Catin·nhié,und,"","",,Picard,John E. Christensen,2017-12-17T11:10:45Z
47783,Ékérciche,und,"","",,Picard,John E. Christensen,2018-06-20T15:46:48Z
123070,Madgète,und,"","",,Picard,John E. Christensen,2018-12-30T16:13:39Z
5179,Buze,und,"","",,Picard,John E. Christensen,2019-09-05T13:51:31Z
505478,Glinne,und,"","",,Picard,John E. Christensen,2019-12-26T16:13:23Z
3802,Margat,und,"","",,Picard,Zane Roskoph,2021-08-11T15:47:46Z
41964,Lion,und,"","",,Picard,Zane Roskoph,2021-08-24T15:08:23Z
20526,Oetriche,und,"","",,Picard,Johan Devos,2023-02-28T23:05:22Z
