id,vernacularName,language,locality,countryCode,source,lexicon,contributor,created
284455,abat,und,"","",,Huasteco,Ken-ichi Ueda,2013-05-16T07:57:47Z
209896,abib,und,"","",,Huasteco,Ken-ichi Ueda,2013-05-16T07:57:49Z
209892,ac,und,"","",,Huasteco,Ken-ichi Ueda,2013-05-16T07:57:53Z
273713,acan-tele,und,"","",,Huasteco,Ken-ichi Ueda,2013-05-16T07:57:59Z
139185,acte,und,"","",,Huasteco,Ken-ichi Ueda,2013-05-16T07:58:13Z
278714,ananté,und,"","",,Huasteco,Ken-ichi Ueda,2013-05-16T07:59:34Z
286029,anquith-i-cóxol,und,"","",,Huasteco,Ken-ichi Ueda,2013-05-16T07:59:39Z
168257,apatz,und,"","",,Huasteco,Ken-ichi Ueda,2013-05-16T07:59:42Z
154538,aquich,und,"","",,Huasteco,Adrian Bojorquez,2013-05-16T07:59:45Z
275112,ata,und,"","",,Huasteco,Ken-ichi Ueda,2013-05-16T08:00:08Z
120942,ata,und,"","",,Huasteco,Ken-ichi Ueda,2013-05-16T08:00:08Z
147252,barbas de chivo,und,"","",,Huasteco,Ken-ichi Ueda,2013-05-16T08:00:36Z
286052,barbas de chivo,und,"","",,Huasteco,Ken-ichi Ueda,2013-05-16T08:00:36Z
279093,barbas de chivo,und,"","",,Huasteco,Ken-ichi Ueda,2013-05-16T08:00:37Z
55727,barbas de chivo,und,"","",,Huasteco,Donald Davesne,2013-05-16T08:00:37Z
276511,bathuch,und,"","",,Huasteco,Ken-ichi Ueda,2013-05-16T08:00:44Z
62859,bec,und,"","",,Huasteco,Ken-ichi Ueda,2013-05-16T08:00:45Z
126925,Bolom,und,"","",,Huasteco,Ken-ichi Ueda,2013-05-16T08:02:29Z
76541,calam,und,"","",,Huasteco,Carlos Galindo-Leal,2013-05-16T08:03:17Z
275445,calulté,und,"","",,Huasteco,Ken-ichi Ueda,2013-05-16T08:03:19Z
60146,canimim-tzójol,und,"","",,Huasteco,Ken-ichi Ueda,2013-05-16T08:03:40Z
274199,cante,und,"","",,Huasteco,Ken-ichi Ueda,2013-05-16T08:03:41Z
79312,caxyhuitz,und,"","",,Huasteco,Jorge Rojas S.,2013-05-16T08:04:27Z
122965,chabchamhuitz,und,"","",,Huasteco,Ken-ichi Ueda,2013-05-16T08:04:47Z
154798,chabchamhuitz,und,"","",,Huasteco,Ken-ichi Ueda,2013-05-16T08:04:47Z
126305,chac-loc,und,"","",,Huasteco,Cheng Te Hsu,2013-05-16T08:04:50Z
161155,chilipajtle,und,"","",,Huasteco,Ken-ichi Ueda,2013-05-16T08:05:33Z
75396,chith,und,"","",,Huasteco,Ken-ichi Ueda,2013-05-16T08:05:40Z
47445,choben,und,"","",,Huasteco,Yingyod Lapwong,2013-05-16T08:05:40Z
51921,choben,und,"","",,Huasteco,Alec Cowles,2013-05-16T08:05:41Z
49665,Chuche,und,"","",,Huasteco,Ken-ichi Ueda,2013-05-16T08:05:50Z
122985,cobem,und,"","",,Huasteco,Ken-ichi Ueda,2013-05-16T08:06:08Z
141279,cócom,und,"","",,Huasteco,Ken-ichi Ueda,2013-05-16T08:06:11Z
210961,cócom-huey,und,"","",,Huasteco,Ken-ichi Ueda,2013-05-16T08:06:11Z
210062,colobte,und,"","",,Huasteco,Ken-ichi Ueda,2013-05-16T08:06:28Z
281785,cóyol,und,"","",,Huasteco,Ken-ichi Ueda,2013-05-16T08:07:10Z
146643,cóyol,und,"","",,Huasteco,Alec Cowles,2013-05-16T08:07:10Z
122521,cuath,und,"","",,Huasteco,Ken-ichi Ueda,2013-05-16T08:07:29Z
143208,cuath,und,"","",,Huasteco,Cheng Te Hsu,2013-05-16T08:07:29Z
192534,cuatlaquilocuáhuitl,und,"","",,Huasteco,Ken-ichi Ueda,2013-05-16T08:07:29Z
206192,cuhuich,und,"","",,Huasteco,Ken-ichi Ueda,2013-05-16T08:07:42Z
49569,cúthey,und,"","",,Huasteco,Bobby McCabe,2013-05-16T08:08:00Z
84798,cútil-papá,und,"","",,Huasteco,Ken-ichi Ueda,2013-05-16T08:08:00Z
291787,cutzé,und,"","",,Huasteco,Ken-ichi Ueda,2013-05-16T08:08:01Z
48448,em,und,"","",,Huasteco,Ken-ichi Ueda,2013-05-16T08:08:19Z
160643,hualic-tzójol,und,"","",,Huasteco,Ken-ichi Ueda,2013-05-16T08:15:14Z
170401,huipuy,und,"","",,Huasteco,Ken-ichi Ueda,2013-05-16T08:15:20Z
273911,ibte,und,"","",,Huasteco,Ken-ichi Ueda,2013-05-16T08:15:25Z
79141,ichamal,und,"","",,Huasteco,harum.koh,2013-05-16T08:15:25Z
49658,icob,und,"","",,Huasteco,Ken-ichi Ueda,2013-05-16T08:15:26Z
284812,ithabte,und,"","",,Huasteco,Bodo Nuñez Oberg,2013-05-16T08:15:40Z
209963,ithithte,und,"","",,Huasteco,Ken-ichi Ueda,2013-05-16T08:15:40Z
48514,itz,und,"","",,Huasteco,Nick Block,2013-05-16T08:15:40Z
164344,itzil,und,"","",,Huasteco,Carlos G Velazco-Macias,2013-05-16T08:15:41Z
133291,itzil-cua,und,"","",,Huasteco,Joshua Ekrut,2013-05-16T08:15:41Z
287034,jacte,und,"","",,Huasteco,Ken-ichi Ueda,2013-05-16T08:15:55Z
287647,japalte,und,"","",,Huasteco,Adrian Bojorquez,2013-05-16T08:15:58Z
163327,jelelte,und,"","",,Huasteco,wsyxbcl,2013-05-16T08:16:05Z
277470,jelelte,und,"","",,Huasteco,Ken-ichi Ueda,2013-05-16T08:16:05Z
280145,jolol,und,"","",,Huasteco,Ken-ichi Ueda,2013-05-16T08:16:15Z
288632,jolol,und,"","",,Huasteco,Ken-ichi Ueda,2013-05-16T08:16:16Z
209973,jom,und,"","",,Huasteco,Jorge Rojas S.,2013-05-16T08:16:16Z
162741,jopoy,und,"","",,Huasteco,Ken-ichi Ueda,2013-05-16T08:16:18Z
168635,jos,und,"","",,Huasteco,Ken-ichi Ueda,2013-05-16T08:16:19Z
84838,lab-bec,und,"","",,Huasteco,Bruno Durand,2013-05-16T08:16:48Z
122971,lab-itz,und,"","",,Huasteco,Ken-ichi Ueda,2013-05-16T08:16:49Z
166911,loj,und,"","",,Huasteco,Ken-ichi Ueda,2013-05-16T08:17:58Z
284200,lu,und,"","",,Huasteco,Carlos Galindo-Leal,2013-05-16T08:18:02Z
164064,manat-yax,und,"","",,Huasteco,Ken-ichi Ueda,2013-05-16T08:18:34Z
209905,multé,und,"","",,Huasteco,Ken-ichi Ueda,2013-05-16T08:19:36Z
277826,múnec,und,"","",,Huasteco,Ken-ichi Ueda,2013-05-16T08:19:36Z
287160,ocobithut,und,"","",,Huasteco,Ken-ichi Ueda,2013-05-16T08:20:39Z
157908,ocomtzatza,und,"","",,Huasteco,Ken-ichi Ueda,2013-05-16T08:20:39Z
135213,oc-oyo,und,"","",,Huasteco,Ken-ichi Ueda,2013-05-16T08:20:43Z
62831,oj,und,"","",,Huasteco,Ken-ichi Ueda,2013-05-16T08:20:44Z
207418,olith,und,"","",,Huasteco,Ken-ichi Ueda,2013-05-16T08:20:46Z
164333,oopop,und,"","",,Huasteco,Ken-ichi Ueda,2013-05-16T08:20:49Z
131569,opyani,und,"","",,Huasteco,Ken-ichi Ueda,2013-05-16T08:20:50Z
185026,otélom,und,"","",,Huasteco,Ken-ichi Ueda,2013-05-16T08:21:04Z
162903,oy,und,"","",,Huasteco,Ken-ichi Ueda,2013-05-16T08:21:06Z
64017,pacab,und,"","",,Huasteco,Yoshimasa Uchiyama,2013-05-16T08:21:07Z
128270,pacab,und,"","",,Huasteco,Ken-ichi Ueda,2013-05-16T08:21:08Z
161156,pahual,und,"","",,Huasteco,Ken-ichi Ueda,2013-05-16T08:21:11Z
166545,pathaam,und,"","",,Huasteco,Ken-ichi Ueda,2013-05-16T08:22:38Z
131598,pejte,und,"","",,Huasteco,Ken-ichi Ueda,2013-05-16T08:22:44Z
316769,pejte,und,"","",,Huasteco,Ken-ichi Ueda,2013-05-16T08:22:44Z
202573,pem,und,"","",,Huasteco,Ken-ichi Ueda,2013-05-16T08:22:47Z
53720,pioch,und,"","",,Huasteco,Sam Kieschnick,2013-05-16T08:23:07Z
135676,pithomlab,und,"","",,Huasteco,,2013-05-16T08:23:20Z
58991,pitzitzhual,und,"","",,Huasteco,Victor HOYEAU,2013-05-16T08:23:21Z
283085,pocchich,und,"","",,Huasteco,Ken-ichi Ueda,2013-05-16T08:23:25Z
50203,quelem,und,"","",,Huasteco,Cole Gaerber,2013-05-16T08:23:37Z
163530,quith-te,und,"","",,Huasteco,Ken-ichi Ueda,2013-05-16T08:23:44Z
290009,tatilbichim,und,"","",,Huasteco,Ken-ichi Ueda,2013-05-16T08:25:16Z
162209,thathub,und,"","",,Huasteco,Ken-ichi Ueda,2013-05-16T08:25:35Z
286794,tháthub,und,"","",,Huasteco,Ken-ichi Ueda,2013-05-16T08:25:35Z
166546,tháthub,und,"","",,Huasteco,Ken-ichi Ueda,2013-05-16T08:25:35Z
278072,thipon,und,"","",,Huasteco,Ken-ichi Ueda,2013-05-16T08:25:35Z
160870,thipon,und,"","",,Huasteco,Ken-ichi Ueda,2013-05-16T08:25:36Z
56739,Thiquelá,und,"","",,Huasteco,Bodo Nuñez Oberg,2013-05-16T08:25:36Z
209904,thituy,und,"","",,Huasteco,Ken-ichi Ueda,2013-05-16T08:25:36Z
164645,thuc,und,"","",,Huasteco,Ken-ichi Ueda,2013-05-16T08:25:37Z
283631,thúlub,und,"","",,Huasteco,Ken-ichi Ueda,2013-05-16T08:25:37Z
147260,tima,und,"","",,Huasteco,Jorge Rojas S.,2013-05-16T08:25:42Z
165536,timan-tzanab,und,"","",,Huasteco,Ken-ichi Ueda,2013-05-16T08:25:43Z
165138,tinché,und,"","",,Huasteco,Ken-ichi Ueda,2013-05-16T08:25:44Z
273715,tza,und,"","",,Huasteco,Ken-ichi Ueda,2013-05-16T08:26:43Z
282309,tza,und,"","",,Huasteco,Ken-ichi Ueda,2013-05-16T08:26:43Z
210073,tza,und,"","",,Huasteco,Ken-ichi Ueda,2013-05-16T08:26:43Z
130734,Tzaca,und,"","",,Huasteco,Ken-ichi Ueda,2013-05-16T08:26:43Z
122796,tzacam-itz,und,"","",,Huasteco,Zinogre,2013-05-16T08:26:44Z
285850,tzacan-thactén,und,"","",,Huasteco,Ken-ichi Ueda,2013-05-16T08:26:44Z
126424,tzail-cuet,und,"","",,Huasteco,Ken-ichi Ueda,2013-05-16T08:26:45Z
273839,tzalam-cubic,und,"","",,Huasteco,Ken-ichi Ueda,2013-05-16T08:26:46Z
136170,tzalam-thipac,und,"","",,Huasteco,Ken-ichi Ueda,2013-05-16T08:26:46Z
119900,tzalelte,und,"","",,Huasteco,Ken-ichi Ueda,2013-05-16T08:26:46Z
183865,tzatzubtzá,und,"","",,Huasteco,Ken-ichi Ueda,2013-05-16T08:26:47Z
282225,tzinatamajuste,und,"","",,Huasteco,Ken-ichi Ueda,2013-05-16T08:26:51Z
128533,tzólich,und,"","",,Huasteco,Steve Jones,2013-05-16T08:26:56Z
160255,Tzulte,und,"","",,Huasteco,Ken-ichi Ueda,2013-05-16T08:26:59Z
210071,tzumte,und,"","",,Huasteco,Ken-ichi Ueda,2013-05-16T08:26:59Z
166920,umuh,und,"","",,Huasteco,Kevin Faccenda,2013-05-16T08:27:06Z
62809,Unup,und,"","",,Huasteco,Ken-ichi Ueda,2013-05-16T08:27:07Z
62811,utzum,und,"","",,Huasteco,Ken-ichi Ueda,2013-05-16T08:27:10Z
281633,uxum ilaal,und,"","",,Huasteco,Ken-ichi Ueda,2013-05-16T08:27:12Z
209901,xitzte,und,"","",,Huasteco,Ken-ichi Ueda,2013-05-16T08:27:40Z
209856,xolimte,und,"","",,Huasteco,Ken-ichi Ueda,2013-05-16T08:27:49Z
164415,xómom,und,"","",,Huasteco,sea-kangaroo,2013-05-16T08:27:50Z
75455,yaxal,und,"","",,Huasteco,Bodo Nuñez Oberg,2013-05-16T08:28:16Z
278326,yaxal,und,"","",,Huasteco,Ken-ichi Ueda,2013-05-16T08:28:16Z
64239,piste,und,"","",,Huasteco,Ken-ichi Ueda,2013-08-10T16:16:53Z
76746,titchán,und,"","",,Huasteco,Ken-ichi Ueda,2014-01-07T06:18:59Z
343829,múnec,und,"","",,Huasteco,Bodo Nuñez Oberg,2014-03-02T14:14:09Z
170883,itath,und,"","",,Huasteco,Carlos Galindo-Leal,2014-10-13T18:18:13Z
331122,jily-lanax,und,"","",,Huasteco,cassi saari,2014-10-20T22:23:28Z
68224,juc,und,"","",,Huasteco,,2016-12-30T02:36:36Z
79472,gavia,und,"","",,Huasteco,Konstantinos Kalaentzis,2017-04-20T06:43:50Z
157908,tzatza,und,"","",,Huasteco,Ulises Guzmán,2017-06-19T04:19:03Z
201452,cóyol,und,"","",,Huasteco,,2017-09-18T22:20:56Z
331122,Lanax,und,"","",,Huasteco,Bobby McCabe,2018-08-14T03:28:43Z
52120,olomte,und,"","",,Huasteco,Kitty Maurey,2019-01-02T05:45:53Z
829174,tsi'iimal koy yexu',und,"","",,Huasteco,Ken-ichi Ueda,2019-01-15T03:53:42Z
49658,ícob,und,"","",,Huasteco,Ken-ichi Ueda,2019-01-29T17:53:20Z
281758,gavia,und,"","",,Huasteco,Ken-ichi Ueda,2019-03-01T20:30:39Z
873768,may,und,"","",,Huasteco,Valentin de Mazancourt,2019-03-13T15:24:00Z
775516,gavia,und,"","",,Huasteco,Ken-ichi Ueda,2019-06-07T02:45:51Z
349260,huixtle,und,"","",,Huasteco,Bodo Nuñez Oberg,2019-06-08T02:21:04Z
1038928,penxacub,und,"","",https://www.inaturalist.org/taxon_names/448284/edit,Huasteco,,2020-02-20T01:30:55Z
157577,yaxal,und,"","",https://www.inaturalist.org/taxon_names/449782/edit,Huasteco,,2020-05-13T17:55:53Z
286503,cocotzte,und,"","",https://www.inaturalist.org/taxon_names/444099/edit,Huasteco,,2020-06-29T23:39:12Z
285852,huiyum-tzójol,und,"","",https://www.inaturalist.org/taxon_names/446303/edit,Huasteco,,2020-12-11T07:51:30Z
1160022,atamte,und,"","",https://www.inaturalist.org/taxon_names/442366/edit,Huasteco,,2020-12-19T05:54:35Z
348394,jos,und,"","",https://www.inaturalist.org/taxon_names/446572/edit,Huasteco,,2021-09-27T19:12:38Z
979478,Chicabté,und,"","",https://www.inaturalist.org/taxon_names/443791/edit,Huasteco,,2021-10-27T22:16:55Z
166203,baleeyail an its’aamal,und,"","",,Huasteco,Bodo Nuñez Oberg,2021-11-24T15:02:50Z
285843,ehtiil i okoob thut’,und,"","",,Huasteco,Bodo Nuñez Oberg,2021-11-24T15:04:30Z
51448,pok’pok’,und,"","",,Huasteco,Bodo Nuñez Oberg,2021-11-24T15:06:33Z
287166,oowel paap,und,"","",,Huasteco,Bodo Nuñez Oberg,2021-11-24T15:08:33Z
514350,ocobithut,und,"","",,Huasteco,Bodo Nuñez Oberg,2021-11-24T15:09:21Z
129327,baleeyail an its’aamal,und,"","",,Huasteco,Bodo Nuñez Oberg,2021-11-24T15:09:53Z
1004655,lau-tziu,und,"","",,Huasteco,,2022-10-22T15:03:23Z
1017147,ojte,und,"","",https://www.inaturalist.org/taxon_names/447741/edit,Huasteco,,2023-01-21T07:00:35Z
866390,tzihu,und,"","",https://www.inaturalist.org/taxon_names/449393/edit,Huasteco,Chris Thawley,2023-03-17T00:57:36Z
58732,Betz-tzaj,und,"","",,Huasteco,Oscar González,2023-07-11T21:17:09Z
209895,Itil,und,"","",,Huasteco,Oscar González,2023-07-11T21:36:32Z
123438,Uculhuitz,und,"","",,Huasteco,Oscar González,2023-08-31T06:40:57Z
287650,Cutzé,und,"","",,Huasteco,Oscar González,2023-08-31T07:00:51Z
77299,Cuanim,und,"","",,Huasteco,Erick Vélez Sánchez,2023-09-04T15:18:58Z
77299,Cuinim thacni,und,"","",,Huasteco,Erick Vélez Sánchez,2023-09-04T15:19:50Z
154826,lacap-uxcue,und,"","",https://www.inaturalist.org/taxon_names/446723/edit,Huasteco,,2023-09-04T16:04:42Z
871980,ananté,und,"","",https://www.inaturalist.org/taxon_names/442196/edit,Huasteco,,2024-04-04T20:04:30Z
