id,vernacularName,language,locality,countryCode,source,lexicon,contributor,created
43793,Елга кондызы,und,"","",,Tatar,John E. Christensen,2017-12-30T15:23:14Z
136329,Ылыслылар,und,"","",,Tatar,John E. Christensen,2018-03-03T08:23:17Z
56955,Көнбагыш,und,"","",,Tatar,John E. Christensen,2018-04-24T08:40:14Z
56235,Бабасыр уты,und,"","",,Tatar,John E. Christensen,2018-12-02T14:39:21Z
336711,Күкбаш,und,"","",,Tatar,John E. Christensen,2019-02-03T13:30:54Z
43367,Приматлар,und,"","",,Tatar,John E. Christensen,2019-05-11T11:14:37Z
505478,Йорт тавыгы,und,"","",,Tatar,John E. Christensen,2020-01-02T13:31:50Z
60284,Бырæг,und,"","",,Tatar,Марина Горбунова-Ëлкина,2020-06-30T23:59:52Z
41970,Ягуар,und,"","",,Tatar,Zane Roskoph,2021-07-30T12:20:32Z
50873,Ак акула,und,"","",,Tatar,Zane Roskoph,2021-07-30T14:10:02Z
42007,Пума,und,"","",,Tatar,Zane Roskoph,2021-08-01T01:59:53Z
52188,Китсыман акула,und,"","",,Tatar,Zane Roskoph,2021-08-03T14:10:57Z
41644,ак аю,und,"","",,Tatar,Zane Roskoph,2021-08-11T17:09:31Z
41644,aq ayu,und,"","",,Tatar,Zane Roskoph,2021-08-11T17:09:48Z
112581,Җәен,und,"","",,Tatar,Zane Roskoph,2021-08-14T18:28:42Z
112581,Cäyen,und,"","",,Tatar,Zane Roskoph,2021-08-14T18:29:00Z
153003,Морак,und,"","",,Tatar,Zane Roskoph,2021-08-18T16:12:00Z
41964,Арыслан,und,"","",,Tatar,Zane Roskoph,2021-08-24T15:27:18Z
74831,Ирбис,und,"","",,Tatar,Zane Roskoph,2021-08-25T12:32:33Z
41967,юлбарыс,und,"","",,Tatar,Zane Roskoph,2021-08-26T14:57:56Z
13834,Амыж кошыгек,und,"","",,Tatar,Марина Горбунова-Ëлкина,2021-11-10T01:26:07Z
71354,Кошыгек,und,"","",,Tatar,Марина Горбунова-Ëлкина,2021-11-10T01:26:40Z
71354,Кошыгек йишвлӓ,und,"","",,Tatar,Марина Горбунова-Ëлкина,2021-11-10T01:27:00Z
57774,Кызыл суүсемнәр,und,"","",,Tatar,John E. Christensen,2022-09-29T12:10:46Z
41852,Коны,und,"","",,Tatar,Марина Горбунова-Ëлкина,2022-12-13T11:56:46Z
5106,Бүдәнә карчыгасы,und,"","",,Tatar,Марина Горбунова-Ëлкина,2022-12-27T00:27:34Z
5108,Тавык карчыгасы,und,"","",,Tatar,Марина Горбунова-Ëлкина,2022-12-27T00:46:52Z
8088,Күкканат,und,"","",,Tatar,Марина Горбунова-Ëлкина,2022-12-27T01:36:16Z
41850,Кама,und,"","",,Tatar,Марина Горбунова-Ëлкина,2022-12-27T04:46:26Z
41850,Гади кама,und,"","",,Tatar,Марина Горбунова-Ëлкина,2022-12-27T04:46:38Z
5268,Кара тилгән,und,"","",,Tatar,Марина Горбунова-Ëлкина,2022-12-27T05:20:52Z
75445,Шөет,und,"","",,Tatar,Марина Горбунова-Ëлкина,2022-12-27T05:28:42Z
75445,Укроп,und,"","",,Tatar,Марина Горбунова-Ëлкина,2022-12-27T05:28:49Z
75445,Туран уты,und,"","",,Tatar,Марина Горбунова-Ëлкина,2022-12-27T05:29:17Z
43128,Үр куяны,und,"","",,Tatar,Марина Горбунова-Ëлкина,2022-12-28T01:21:20Z
558429,зур чүрәкәй,und,"","",,Tatar,Марина Горбунова-Ëлкина,2022-12-30T03:59:48Z
558429,черелдек-чүрәкәй,und,"","",,Tatar,Марина Горбунова-Ëлкина,2022-12-30T03:59:56Z
558429,чырылдавык чүрәкәй,und,"","",,Tatar,Марина Горбунова-Ëлкина,2022-12-30T04:00:04Z
144757,Ала карга,und,"","",,Tatar,Марина Горбунова-Ëлкина,2023-02-12T15:31:03Z
42048,Бүре,und,"","",,Tatar,Марина Горбунова-Ëлкина,2023-03-10T18:33:23Z
47793,Эскәккойрыклар,und,"","",,Tatar,Boris Eliseev,2023-05-05T10:58:57Z
61524,Гади эскәккойрык,und,"","",,Tatar,Boris Eliseev,2023-05-05T11:31:58Z
1150107,Сардиния Сейдж,und,"","",,Tatar,Mark,2023-05-07T13:21:18Z
