id,vernacularName,language,locality,countryCode,source,lexicon,contributor,created
43792,Bobr,und,"","",,Lower Sorbian,John E. Christensen,2017-12-06T08:58:48Z
51611,Rozraz,und,"","",,Lower Sorbian,John E. Christensen,2018-11-05T09:45:10Z
331121,Limeta,und,"","",,Lower Sorbian,Zane Roskoph,2021-08-10T12:17:51Z
123356,Citronatowa citrona,und,"","",,Lower Sorbian,Zane Roskoph,2021-08-10T12:37:03Z
41644,Běły mjadwjeź,und,"","",,Lower Sorbian,Zane Roskoph,2021-08-11T16:09:39Z
41955,Gepard,und,"","",,Lower Sorbian,Zane Roskoph,2021-08-13T11:57:06Z
41964,Law,und,"","",,Lower Sorbian,Zane Roskoph,2021-08-24T13:08:04Z
