id,vernacularName,language,locality,countryCode,source,lexicon,contributor,created
130991,pvkpvke holati tihvs rakita,und,"","",,Mvskoke,Arturo Santos,2023-03-09T18:08:26Z
18288,Cvkvlv,und,"","",,Mvskoke,I. Slaton,2023-07-18T00:04:54Z
18288,Cvkvla,und,"","",,Mvskoke,I. Slaton,2023-11-10T07:46:38Z
48448,vce,und,"","",,Mvskoke,I. Slaton,2023-11-20T23:39:56Z
52736,Kofockv-rakko,und,"","",,Mvskoke,I. Slaton,2023-11-30T14:58:00Z
128695,Passv,und,"","",,Mvskoke,I. Slaton,2023-11-30T15:12:53Z
128671,Mekko-hoyvnecv,und,"","",,Mvskoke,I. Slaton,2023-11-30T15:22:50Z
58316,Hoyvnecv,und,"","",,Mvskoke,I. Slaton,2023-11-30T15:24:55Z
116333,Heles-hvtke,und,"","",,Mvskoke,I. Slaton,2023-11-30T15:28:27Z
129689,Notossv,und,"","",,Mvskoke,I. Slaton,2023-11-30T15:30:02Z
76746,Welanv,und,"","",,Mvskoke,I. Slaton,2023-11-30T15:57:13Z
47574,Vcenv,und,"","",,Mvskoke,I. Slaton,2023-11-30T15:58:54Z
54793,Kvpvpaskv,und,"","",,Mvskoke,I. Slaton,2023-11-30T16:00:24Z
54797,kvtohwv,und,"","",,Mvskoke,I. Slaton,2023-11-30T16:05:27Z
56088,cvhahtv,und,"","",,Mvskoke,I. Slaton,2023-11-30T16:07:31Z
53350,Vlv,und,"","",,Mvskoke,I. Slaton,2023-11-30T16:08:58Z
81836,Aloneske,und,"","",,Mvskoke,I. Slaton,2023-11-30T16:10:20Z
81836,Halonseske,und,"","",,Mvskoke,I. Slaton,2023-11-30T16:10:39Z
54795,Weso,und,"","",,Mvskoke,I. Slaton,2023-11-30T16:16:45Z
50299,Kepalv,und,"","",,Mvskoke,I. Slaton,2024-07-15T08:47:50Z
54765,Tvwv,und,"","",,Mvskoke,I. Slaton,2024-07-15T08:49:32Z
64343,Kafe,und,"","",,Mvskoke,I. Slaton,2024-07-15T09:02:38Z
56955,hvse-hēcv,und,"","",,Mvskoke,I. Slaton,2024-07-15T09:07:47Z
48439,Tvhwv,und,"","",,Mvskoke,I. Slaton,2024-07-15T09:12:36Z
125462,tenētkepa,und,"","",,Mvskoke,I. Slaton,2024-07-25T11:26:10Z
53640,meskolwv,und,"","",,Mvskoke,I. Slaton,2024-07-25T11:28:28Z
49187,oto,und,"","",,Mvskoke,I. Slaton,2024-07-25T14:25:49Z
121748,kohv,und,"","",,Mvskoke,I. Slaton,2024-07-25T15:33:14Z
42408,yvnvsv,und,"","",,Mvskoke,I. Slaton,2024-07-25T15:35:15Z
58732,vfvlla,und,"","",,Mvskoke,I. Slaton,2024-07-25T15:41:10Z
48599,osa,und,"","",,Mvskoke,I. Slaton,2024-07-25T15:43:01Z
49658,helok-vpe,und,"","",,Mvskoke,I. Slaton,2024-07-25T15:47:00Z
54802,helok-hakv,und,"","",,Mvskoke,I. Slaton,2024-07-25T15:48:00Z
48502,rotakkape,und,"","",,Mvskoke,I. Slaton,2024-07-25T15:54:06Z
47727,heno,und,"","",,Mvskoke,I. Slaton,2024-07-25T15:54:51Z
49662,akhatkv,und,"","",,Mvskoke,I. Slaton,2024-07-25T15:57:46Z
47726,hakkv-hakv,und,"","",,Mvskoke,I. Slaton,2024-07-25T16:04:38Z
47561,cule,und,"","",,Mvskoke,I. Slaton,2024-07-25T16:12:34Z
56088,eccvhahtv,und,"","",,Mvskoke,I. Slaton,2024-07-25T16:19:46Z
54860,lopakv,und,"","",,Mvskoke,I. Slaton,2024-07-25T16:20:56Z
242738,mēkko-hoyvnēcv,und,"","",,Mvskoke,I. Slaton,2024-07-25T16:25:48Z
51453,opvkv,und,"","",,Mvskoke,I. Slaton,2024-07-25T16:30:59Z
48038,totkv-mocasv,und,"","",,Mvskoke,I. Slaton,2024-07-25T16:34:10Z
54801,ke,und,"","",,Mvskoke,I. Slaton,2024-07-25T16:35:53Z
53720,konap-hakv,und,"","",,Mvskoke,I. Slaton,2024-07-25T16:37:14Z
36362,kvnrvpuce,und,"Florida, US","",,Mvskoke,I. Slaton,2024-07-25T16:45:12Z
9083,fus-cate,und,"","",,Mvskoke,I. Slaton,2024-07-25T16:46:53Z
1544605,eto-ofv-lucv,und,"","",,Mvskoke,I. Slaton,2024-07-25T16:48:23Z
39682,kvcvcvwv,und,"Florida, US","",,Mvskoke,I. Slaton,2024-07-25T16:50:05Z
39532,lucv,und,"","",,Mvskoke,I. Slaton,2024-07-25T16:51:07Z
39763,lucv-horkopv,und,"","",,Mvskoke,I. Slaton,2024-07-25T16:52:01Z
40085,lucv-huehkv,und,"Florida, US","",,Mvskoke,I. Slaton,2024-07-25T16:53:13Z
39677,lucv-rakko,und,"Florida, US","",,Mvskoke,I. Slaton,2024-07-25T16:54:10Z
1544605,lucv-svokv,und,"","",,Mvskoke,I. Slaton,2024-07-25T16:55:39Z
1544605,lucv-tokocke,und,"","",,Mvskoke,I. Slaton,2024-07-25T16:56:06Z
39809,lucv-tokocke,und,"","",,Mvskoke,I. Slaton,2024-07-25T16:56:51Z
39708,lucv-tvkvcwe,und,"","",,Mvskoke,I. Slaton,2024-07-25T16:57:43Z
115559,kvnsvlatkv-rakko,und,"","",,Mvskoke,I. Slaton,2024-07-25T16:59:40Z
204114,eco-pihkv,und,"","",,Mvskoke,I. Slaton,2024-07-25T17:04:45Z
