id,vernacularName,language,locality,countryCode,source,lexicon,contributor,created
144830,Toppmeisa,und,Iceland,IS,,Icelandic,Finlay Cox,2013-06-08T14:26:31Z
119061,Birki,und,Iceland,IS,,Icelandic,Kjartan Birgisson,2013-07-01T13:25:02Z
138900,Alaskalúpína,und,Iceland,IS,,Icelandic,Kjartan Birgisson,2013-07-01T13:27:15Z
68131,sitkagreni,und,"","",,Icelandic,Kjartan Birgisson,2013-07-01T21:37:36Z
8010,Hrafn,und,Iceland,IS,,Icelandic,Kjartan Birgisson,2013-07-05T02:32:12Z
54579,Spánarsnigill,und,Iceland,IS,,Icelandic,Kjartan Birgisson,2013-07-05T02:37:15Z
4449,Kría,und,Iceland,IS,,Icelandic,Kjartan Birgisson,2013-07-07T00:41:17Z
7018,Grágæs,und,Iceland,IS,,Icelandic,Kjartan Birgisson,2013-07-07T00:57:29Z
4889,Heiðlóa,und,Iceland,IS,,Icelandic,Kjartan Birgisson,2013-07-09T13:54:09Z
4381,Sílamáfur,und,Iceland,IS,,Icelandic,Kjartan Birgisson,2013-07-09T15:16:13Z
144510,Hettumáfur,und,Iceland,IS,,Icelandic,Kjartan Birgisson,2013-07-09T22:28:05Z
4843,Tjaldur,und,Iceland,IS,,Icelandic,Kjartan Birgisson,2013-07-10T01:04:37Z
4504,Lundi,und,Iceland,IS,,Icelandic,Kjartan Birgisson,2013-07-10T01:06:22Z
52628,Krosskönguló,und,Iceland,IS,,Icelandic,Kjartan Birgisson,2013-07-12T13:40:17Z
6994,Húsönd,und,Iceland,IS,,Icelandic,Justin,2013-12-23T18:18:23Z
12749,Skógarþröstur,und,Iceland,IS,,Icelandic,Kjartan Birgisson,2014-02-16T00:59:51Z
7024,Æðarfugl,und,Iceland,IS,,Icelandic,Kjartan Birgisson,2014-02-24T07:04:34Z
45562,Hagamús,und,Iceland,IS,,Icelandic,Kjartan Birgisson,2014-05-07T02:39:47Z
169752,Blóðberg,und,Iceland,IS,,Icelandic,Kjartan Birgisson,2014-05-10T09:25:08Z
130228,Tröllahvönn,und,Iceland,IS,,Icelandic,Kjartan Birgisson,2014-07-10T01:05:49Z
61910,Skógbursti,und,Iceland,IS,,Icelandic,Kjartan Birgisson,2014-08-07T09:11:46Z
111518,Skata,und,"","",http://www.catalogueoflife.org/annual-checklist/details/species/id/10078241/common/49446,Icelandic,Bobby McCabe,2016-02-26T19:35:56Z
99394,Skata,und,"","",http://www.catalogueoflife.org/annual-checklist/details/species/id/10078114/common/50533,Icelandic,,2016-02-26T19:35:57Z
4180,Fýll,und,Iceland,IS,,Icelandic,Justin,2017-03-19T14:21:45Z
127079,Köldugras,und,"","",,Icelandic,Justin,2017-03-19T14:29:53Z
61427,Tungljurt,und,"","",,Icelandic,Justin,2017-03-19T14:44:54Z
78697,skjaldburkni,und,"","",,Icelandic,Justin,2017-03-19T14:45:32Z
122090,Liðfætla,und,"","",,Icelandic,Justin,2017-03-19T14:45:56Z
122767,Húsdúfa,und,Iceland,IS,,Icelandic,Justin,2017-03-19T14:49:55Z
41708,Landselur,und,Iceland,IS,,Icelandic,Bobby McCabe,2017-10-10T00:22:09Z
41708,Láturselur,und,Iceland,IS,,Icelandic,Bobby McCabe,2017-10-10T00:23:00Z
41708,Vorselur,und,Iceland,IS,,Icelandic,Bobby McCabe,2017-10-10T00:23:38Z
47549,Skrápdýr,und,"","",,Icelandic,John E. Christensen,2017-12-02T21:17:48Z
47124,Tvíkímblöðungar,und,"","",,Icelandic,John E. Christensen,2017-12-10T11:03:33Z
3,Fuglar,und,"","",,Icelandic,John E. Christensen,2017-12-18T06:49:02Z
47903,Kaktusar,und,"","",,Icelandic,John E. Christensen,2017-12-19T12:56:11Z
47208,Bjöllur,und,"","",,Icelandic,John E. Christensen,2017-12-22T08:33:11Z
26036,Skriðdýr,und,"","",,Icelandic,John E. Christensen,2017-12-28T08:53:24Z
52642,Sefætt,und,"","",,Icelandic,John E. Christensen,2018-01-17T15:39:14Z
118933,Saffrankrókus,und,"","",,Icelandic,John E. Christensen,2018-01-28T15:33:18Z
47459,Smokkar,und,"","",,Icelandic,John E. Christensen,2018-01-30T07:29:20Z
311249,Mosar,und,"","",,Icelandic,John E. Christensen,2018-02-03T08:14:30Z
47372,Strandrauðviður,und,"","",,Icelandic,John E. Christensen,2018-02-08T20:36:18Z
71261,Ránfuglar,und,"","",,Icelandic,John E. Christensen,2018-02-28T08:28:13Z
123880,Kísilþörungar,und,"","",,Icelandic,John E. Christensen,2018-03-02T13:42:31Z
124337,Bessadýr,und,"","",,Icelandic,John E. Christensen,2018-03-06T10:11:08Z
51646,Mánaklungur,und,"","",,Icelandic,John E. Christensen,2018-03-18T20:58:01Z
52913,Kaffifífill,und,"","",,Icelandic,John E. Christensen,2018-03-29T15:39:31Z
56152,Bjarnarlaukur,und,"","",,Icelandic,John E. Christensen,2018-04-02T06:28:36Z
56222,Hóffífill,und,"","",,Icelandic,John E. Christensen,2018-04-10T16:25:39Z
9800,Kvöldbítur,und,Iceland,IS,,Icelandic,Chris Cheatle,2018-04-14T01:43:51Z
6921,Hnúðsvanur,und,Iceland,IS,,Icelandic,max kirsch,2018-04-15T15:18:38Z
6917,Dvergsvanur,und,Iceland,IS,,Icelandic,max kirsch,2018-04-15T15:19:15Z
6916,Álft,und,Iceland,IS,,Icelandic,max kirsch,2018-04-15T15:19:31Z
144423,Akurgæs,und,Iceland,IS,,Icelandic,max kirsch,2018-04-15T17:01:56Z
7007,Heiðagæs,und,Iceland,IS,,Icelandic,max kirsch,2018-04-15T17:02:16Z
7019,Blesgæs,und,Iceland,IS,,Icelandic,max kirsch,2018-04-15T17:02:35Z
558426,Snjógæs,und,Iceland,IS,,Icelandic,max kirsch,2018-04-15T17:03:03Z
7089,Kanadagæs,und,Iceland,IS,,Icelandic,max kirsch,2018-04-15T17:03:20Z
59220,Alaskagæs,und,Iceland,IS,,Icelandic,max kirsch,2018-04-15T17:03:52Z
7101,Helsingi,und,Iceland,IS,,Icelandic,max kirsch,2018-04-15T17:04:08Z
7087,Margæs,und,Iceland,IS,,Icelandic,max kirsch,2018-04-15T17:04:33Z
7102,Fagurgæs,und,Iceland,IS,,Icelandic,max kirsch,2018-04-15T17:04:55Z
7068,Ryðönd,und,Iceland,IS,,Icelandic,max kirsch,2018-04-15T17:05:14Z
7067,Brandönd,und,Iceland,IS,,Icelandic,max kirsch,2018-04-15T17:05:39Z
7107,Brúðönd,und,Iceland,IS,,Icelandic,max kirsch,2018-04-15T17:05:57Z
7106,Mandarínönd,und,Iceland,IS,,Icelandic,max kirsch,2018-04-15T17:07:03Z
558441,Rauðhöfðaönd,und,Iceland,IS,,Icelandic,max kirsch,2018-04-15T17:07:30Z
485176,Ljóshöfðaönd,und,Iceland,IS,,Icelandic,max kirsch,2018-04-15T17:07:58Z
558439,Gargönd,und,Iceland,IS,,Icelandic,max kirsch,2018-04-15T17:08:24Z
6937,Urtönd,und,Iceland,IS,,Icelandic,max kirsch,2018-04-15T17:08:41Z
132873,Urtönd,und,Iceland,IS,,Icelandic,max kirsch,2018-04-15T17:08:54Z
123676,Rákönd,und,Iceland,IS,,Icelandic,max kirsch,2018-04-15T17:09:07Z
6930,Stokkönd,und,Iceland,IS,,Icelandic,max kirsch,2018-04-15T17:09:34Z
6924,Brúnönd,und,Iceland,IS,,Icelandic,max kirsch,2018-04-15T17:09:56Z
6933,Grafönd,und,Iceland,IS,,Icelandic,max kirsch,2018-04-15T17:10:11Z
558429,Taumönd,und,Iceland,IS,,Icelandic,max kirsch,2018-04-15T17:10:27Z
558433,Bláönd,und,Iceland,IS,,Icelandic,max kirsch,2018-04-15T17:10:59Z
558438,Skeiðönd,und,Iceland,IS,,Icelandic,max kirsch,2018-04-15T17:11:16Z
7057,Dúkönd,und,Iceland,IS,,Icelandic,max kirsch,2018-04-15T17:11:43Z
7045,Skutulönd,und,Iceland,IS,,Icelandic,max kirsch,2018-04-15T17:11:59Z
7056,Kollönd,und,Iceland,IS,,Icelandic,max kirsch,2018-04-15T17:12:12Z
7044,Hringönd,und,Iceland,IS,,Icelandic,max kirsch,2018-04-15T17:12:26Z
7046,Skúfönd,und,Iceland,IS,,Icelandic,max kirsch,2018-04-15T17:12:43Z
7047,Duggönd,und,Iceland,IS,,Icelandic,max kirsch,2018-04-15T17:13:15Z
7054,Kúfönd,und,Iceland,IS,,Icelandic,max kirsch,2018-04-15T17:13:29Z
7030,Æðarkóngur,und,Iceland,IS,,Icelandic,max kirsch,2018-04-15T17:14:08Z
7164,Blikönd,und,Iceland,IS,,Icelandic,max kirsch,2018-04-15T17:14:27Z
7111,Straumönd,und,Iceland,IS,,Icelandic,max kirsch,2018-04-15T17:14:57Z
7170,Hávella,und,Iceland,IS,,Icelandic,max kirsch,2018-04-15T17:15:12Z
144221,Hrafnsönd,und,Iceland,IS,,Icelandic,max kirsch,2018-04-15T17:15:34Z
7036,Krákönd,und,Iceland,IS,,Icelandic,max kirsch,2018-04-15T17:15:50Z
6993,Hjálmönd,und,Iceland,IS,,Icelandic,max kirsch,2018-04-15T17:16:51Z
6990,Hvinönd,und,Iceland,IS,,Icelandic,max kirsch,2018-04-15T17:17:34Z
7192,Hvítönd,und,Iceland,IS,,Icelandic,max kirsch,2018-04-15T17:17:54Z
7109,Kambönd,und,Iceland,IS,,Icelandic,max kirsch,2018-04-15T17:18:11Z
6996,Toppönd,und,Iceland,IS,,Icelandic,max kirsch,2018-04-15T17:18:26Z
7004,Gulönd,und,Iceland,IS,,Icelandic,max kirsch,2018-04-15T17:18:42Z
949,Rjúpa,und,Iceland,IS,,Icelandic,max kirsch,2018-04-15T17:19:15Z
804,Kornhæna,und,Iceland,IS,,Icelandic,max kirsch,2018-04-15T17:19:33Z
4627,Lómur,und,Iceland,IS,,Icelandic,max kirsch,2018-04-15T17:20:04Z
4626,Himbrimi,und,Iceland,IS,,Icelandic,max kirsch,2018-04-15T17:20:19Z
4622,Svalbrúsi,und,Iceland,IS,,Icelandic,max kirsch,2018-04-15T17:20:37Z
4246,Stúfgoði,und,Iceland,IS,,Icelandic,max kirsch,2018-04-15T17:21:03Z
4237,Dverggoði,und,Iceland,IS,,Icelandic,max kirsch,2018-04-15T17:21:24Z
4208,Toppgoði,und,Iceland,IS,,Icelandic,max kirsch,2018-04-15T17:21:40Z
4224,Sefgoði,und,Iceland,IS,,Icelandic,max kirsch,2018-04-15T17:22:02Z
4209,Flórgoði,und,Iceland,IS,,Icelandic,max kirsch,2018-04-15T17:22:21Z
144433,Svaltrosi,und,Iceland,IS,,Icelandic,max kirsch,2018-04-15T17:22:35Z
475120,Hettuskrofa,und,Iceland,IS,,Icelandic,max kirsch,2018-04-15T17:23:06Z
502899,Gráskrofa,und,Iceland,IS,,Icelandic,max kirsch,2018-04-15T17:23:20Z
4093,Skrofa,und,Iceland,IS,,Icelandic,max kirsch,2018-04-15T17:23:33Z
4146,Hafsvala,und,Iceland,IS,,Icelandic,max kirsch,2018-04-15T17:24:02Z
4170,Stormsvala,und,Iceland,IS,,Icelandic,max kirsch,2018-04-15T17:24:15Z
3802,Súla,und,Iceland,IS,,Icelandic,max kirsch,2018-04-15T17:24:44Z
4270,Dílaskarfur,und,Iceland,IS,,Icelandic,max kirsch,2018-04-15T17:25:12Z
5033,Sefþvari,und,Iceland,IS,,Icelandic,max kirsch,2018-04-15T18:23:11Z
5034,Reyrþvari,und,Iceland,IS,,Icelandic,max kirsch,2018-04-15T18:23:33Z
5009,Rengluþvari,und,Iceland,IS,,Icelandic,max kirsch,2018-04-15T18:23:55Z
204527,Rindilþvari,und,Iceland,IS,,Icelandic,max kirsch,2018-04-15T18:24:22Z
4981,Nátthegri,und,Iceland,IS,,Icelandic,max kirsch,2018-04-15T18:24:44Z
5020,Grænhegri,und,Iceland,IS,,Icelandic,max kirsch,2018-04-15T18:25:12Z
4994,Relluhegri,und,Iceland,IS,,Icelandic,max kirsch,2018-04-15T18:25:36Z
5017,Kúhegri,und,Iceland,IS,,Icelandic,max kirsch,2018-04-15T18:25:58Z
4940,Ljómahegri,und,Iceland,IS,,Icelandic,max kirsch,2018-04-15T18:26:27Z
4943,Bjarthegri,und,Iceland,IS,,Icelandic,max kirsch,2018-04-15T18:26:56Z
144455,Mjallhegri,und,Iceland,IS,,Icelandic,max kirsch,2018-04-15T18:27:21Z
4954,Gráhegri,und,Iceland,IS,,Icelandic,max kirsch,2018-04-15T18:27:51Z
4956,Bláhegri,und,Iceland,IS,,Icelandic,max kirsch,2018-04-15T18:28:12Z
4951,Rauðhegri,und,Iceland,IS,,Icelandic,max kirsch,2018-04-15T18:28:40Z
4736,Kolstorkur,und,Iceland,IS,,Icelandic,max kirsch,2018-04-15T18:29:03Z
4733,Hvítstorkur,und,Iceland,IS,,Icelandic,max kirsch,2018-04-15T18:29:24Z
3756,Bognefur,und,Iceland,IS,,Icelandic,max kirsch,2018-04-15T18:29:50Z
3731,Flatnefur,und,Iceland,IS,,Icelandic,max kirsch,2018-04-15T18:30:11Z
5325,Býþjór,und,Iceland,IS,,Icelandic,max kirsch,2018-04-16T21:02:18Z
5268,Vatnagleða,und,Iceland,IS,,Icelandic,max kirsch,2018-04-16T21:02:56Z
5267,Svölugleða,und,Iceland,IS,,Icelandic,max kirsch,2018-04-16T21:03:21Z
5309,Haförn,und,Iceland,IS,,Icelandic,max kirsch,2018-04-16T21:03:42Z
5173,Brúnheiðir,und,Iceland,IS,,Icelandic,max kirsch,2018-04-16T21:04:26Z
559064,Bláheiðir,und,Iceland,IS,,Icelandic,max kirsch,2018-04-16T21:04:53Z
5178,Fölheiðir,und,Iceland,IS,,Icelandic,max kirsch,2018-04-16T21:05:15Z
5167,Gráheiðir,und,Iceland,IS,,Icelandic,max kirsch,2018-04-16T21:05:35Z
5106,Sparrhaukur,und,Iceland,IS,,Icelandic,max kirsch,2018-04-16T21:06:00Z
204472,Músvákur,und,Iceland,IS,,Icelandic,max kirsch,2018-04-16T21:06:24Z
5200,Fjallvákur,und,Iceland,IS,,Icelandic,max kirsch,2018-04-16T21:06:50Z
5154,Skálmörn,und,Iceland,IS,,Icelandic,max kirsch,2018-04-16T21:07:21Z
116999,Gjóður,und,Iceland,IS,,Icelandic,max kirsch,2018-04-16T21:07:43Z
472766,Turnfálki,und,Iceland,IS,,Icelandic,max kirsch,2018-04-16T21:08:16Z
4641,Kvöldfálki,und,Iceland,IS,,Icelandic,max kirsch,2018-04-16T21:08:39Z
4672,Smyrill,und,Iceland,IS,,Icelandic,max kirsch,2018-04-16T21:09:01Z
4643,Gunnfálki,und,Iceland,IS,,Icelandic,max kirsch,2018-04-16T21:09:28Z
4657,Fálki,und,Iceland,IS,,Icelandic,max kirsch,2018-04-16T21:09:48Z
4647,Förufálki,und,Iceland,IS,,Icelandic,max kirsch,2018-04-16T21:10:11Z
513926,Keldusvín,und,Iceland,IS,,Icelandic,max kirsch,2018-04-16T21:10:54Z
178,Dílarella,und,Iceland,IS,,Icelandic,max kirsch,2018-04-16T21:11:18Z
162,Sorarella,und,Iceland,IS,,Icelandic,max kirsch,2018-04-16T21:11:39Z
443,Engirella,und,Iceland,IS,,Icelandic,max kirsch,2018-04-16T21:11:59Z
201282,Sefhæna,und,Iceland,IS,,Icelandic,max kirsch,2018-04-16T21:12:48Z
519,Flóðhæna,und,Iceland,IS,,Icelandic,max kirsch,2018-04-16T21:13:13Z
482,Bleshæna,und,Iceland,IS,,Icelandic,max kirsch,2018-04-16T21:13:39Z
473,Kolhæna,und,Iceland,IS,,Icelandic,max kirsch,2018-04-16T21:14:01Z
41,Grátrana,und,Iceland,IS,,Icelandic,max kirsch,2018-04-16T21:14:26Z
4883,Bjúgnefja,und,Iceland,IS,,Icelandic,max kirsch,2018-04-16T22:09:20Z
4923,Tríll,und,Iceland,IS,,Icelandic,max kirsch,2018-04-16T22:09:45Z
4604,Þernutrítill,und,Iceland,IS,,Icelandic,max kirsch,2018-04-16T22:10:13Z
4605,Stepputrítill,und,Iceland,IS,,Icelandic,max kirsch,2018-04-16T22:13:59Z
4801,Sandlóa,und,Iceland,IS,,Icelandic,max kirsch,2018-04-16T22:14:21Z
4817,Kvöldlóa,und,Iceland,IS,,Icelandic,max kirsch,2018-04-16T22:14:44Z
4793,Skræklóa,und,Iceland,IS,,Icelandic,max kirsch,2018-04-16T22:15:08Z
4896,Glitlóa,und,Iceland,IS,,Icelandic,max kirsch,2018-04-16T22:16:34Z
4893,Gulllóa,und,Iceland,IS,,Icelandic,max kirsch,2018-04-16T22:17:08Z
4892,Grálóa,und,Iceland,IS,,Icelandic,max kirsch,2018-04-16T22:17:49Z
4857,Vepja,und,Iceland,IS,,Icelandic,max kirsch,2018-04-16T22:18:12Z
3845,Rauðbrystingur,und,Iceland,IS,,Icelandic,max kirsch,2018-04-16T22:18:40Z
3849,Sanderla,und,Iceland,IS,,Icelandic,max kirsch,2018-04-16T22:19:02Z
3862,Fitjatíta,und,Iceland,IS,,Icelandic,max kirsch,2018-04-16T22:19:29Z
3855,Hólmatíta,und,Iceland,IS,,Icelandic,max kirsch,2018-04-16T22:19:49Z
3838,Veimiltíta,und,Iceland,IS,,Icelandic,max kirsch,2018-04-16T22:20:14Z
3837,Bakkatíta,und,Iceland,IS,,Icelandic,max kirsch,2018-04-16T22:20:35Z
3864,Mærutíta,und,Iceland,IS,,Icelandic,max kirsch,2018-04-16T22:20:57Z
3866,Vaðlatíta,und,Iceland,IS,,Icelandic,max kirsch,2018-04-16T22:21:32Z
3851,Leirutíta,und,Iceland,IS,,Icelandic,max kirsch,2018-04-16T22:21:53Z
3865,Rákatíta,und,Iceland,IS,,Icelandic,max kirsch,2018-04-16T22:22:13Z
3863,Spóatíta,und,Iceland,IS,,Icelandic,max kirsch,2018-04-16T22:22:39Z
3856,Sendlingur,und,Iceland,IS,,Icelandic,max kirsch,2018-04-16T22:23:01Z
3857,Lóuþræll,und,Iceland,IS,,Icelandic,max kirsch,2018-04-16T22:23:24Z
3850,Vaðfæla,und,Iceland,IS,,Icelandic,max kirsch,2018-04-16T22:23:52Z
339594,Efjutíta,und,Iceland,IS,,Icelandic,max kirsch,2018-04-16T22:24:17Z
339596,Grastíta,und,Iceland,IS,,Icelandic,max kirsch,2018-04-16T22:24:40Z
339593,Rúkragi,und,Iceland,IS,,Icelandic,max kirsch,2018-04-16T22:25:03Z
3911,Dvergsnípa,und,Iceland,IS,,Icelandic,max kirsch,2018-04-16T22:25:28Z
318836,Hrossagaukur,und,Iceland,IS,,Icelandic,max kirsch,2018-04-16T22:25:50Z
144496,Flóasnípa,und,Iceland,IS,,Icelandic,max kirsch,2018-04-16T22:26:13Z
3869,Snípuduðra,und,Iceland,IS,,Icelandic,max kirsch,2018-04-16T22:26:45Z
3873,Kanaduðra,und,Iceland,IS,,Icelandic,max kirsch,2018-04-16T22:27:07Z
3931,Skógarsnípa,und,Iceland,IS,,Icelandic,max kirsch,2018-04-16T22:27:27Z
3947,Jaðrakan,und,Iceland,IS,,Icelandic,max kirsch,2018-04-16T22:27:54Z
3951,Lappajaðrakan,und,Iceland,IS,,Icelandic,max kirsch,2018-04-16T22:28:16Z
3901,Spói,und,Iceland,IS,,Icelandic,max kirsch,2018-04-16T22:28:36Z
3896,Fjöruspói,und,Iceland,IS,,Icelandic,max kirsch,2018-04-16T22:29:03Z
3962,Sléttulæpa,und,Iceland,IS,,Icelandic,max kirsch,2018-04-16T22:29:29Z
3978,Lindastelkur,und,Iceland,IS,,Icelandic,max kirsch,2018-04-16T22:29:54Z
72458,Dílastelkur,und,Iceland,IS,,Icelandic,max kirsch,2018-04-16T22:30:17Z
3885,Trjástelkur,und,Iceland,IS,,Icelandic,max kirsch,2018-04-16T22:30:44Z
3875,Svölustelkur,und,Iceland,IS,,Icelandic,max kirsch,2018-04-16T22:31:16Z
3882,Sótstelkur,und,Iceland,IS,,Icelandic,max kirsch,2018-04-16T22:31:47Z
3892,Mosastelkur,und,Iceland,IS,,Icelandic,max kirsch,2018-04-16T22:32:16Z
3878,Lyngstelkur,und,Iceland,IS,,Icelandic,max kirsch,2018-04-16T22:32:40Z
3893,Hrísastelkur,und,Iceland,IS,,Icelandic,max kirsch,2018-04-16T22:33:28Z
3888,Flóastelkur,und,Iceland,IS,,Icelandic,max kirsch,2018-04-16T22:34:01Z
3879,Stelkur,und,Iceland,IS,,Icelandic,max kirsch,2018-04-16T22:34:24Z
3938,Tildra,und,Iceland,IS,,Icelandic,max kirsch,2018-04-16T22:34:57Z
144497,Freyshani,und,Iceland,IS,,Icelandic,max kirsch,2018-04-16T22:35:25Z
3959,Óðinshani,und,Iceland,IS,,Icelandic,max kirsch,2018-04-16T22:35:51Z
73203,Þórshani,und,Iceland,IS,,Icelandic,max kirsch,2018-04-16T22:36:19Z
4491,Ískjói,und,Iceland,IS,,Icelandic,max kirsch,2018-04-18T22:10:41Z
4489,Kjói,und,Iceland,IS,,Icelandic,max kirsch,2018-04-18T22:55:42Z
4481,Fjallkjói,und,Iceland,IS,,Icelandic,max kirsch,2018-04-18T22:56:10Z
144297,Skúmur,und,Iceland,IS,,Icelandic,max kirsch,2018-04-18T22:56:33Z
144514,Hláturmáfur,und,Iceland,IS,,Icelandic,max kirsch,2018-04-18T22:56:54Z
144515,Sléttumáfur,und,Iceland,IS,,Icelandic,max kirsch,2018-04-18T22:57:24Z
144502,Trjámáfur,und,Iceland,IS,,Icelandic,max kirsch,2018-04-18T22:57:48Z
4364,Hringmáfur,und,Iceland,IS,,Icelandic,max kirsch,2018-04-18T22:58:27Z
4356,Stormmáfur,und,Iceland,IS,,Icelandic,max kirsch,2018-04-18T22:58:51Z
204533,Silfurmáfur,und,Iceland,IS,,Icelandic,max kirsch,2018-04-18T22:59:30Z
122291,Strandmáfur,und,Iceland,IS,,Icelandic,max kirsch,2018-04-18T23:01:17Z
556736,Norðmáfur,und,Iceland,IS,,Icelandic,max kirsch,2018-04-18T23:01:41Z
4361,Bjartmáfur,und,Iceland,IS,,Icelandic,max kirsch,2018-04-18T23:02:05Z
4349,Hvítmáfur,und,Iceland,IS,,Icelandic,max kirsch,2018-04-18T23:02:29Z
4368,Svartbakur,und,Iceland,IS,,Icelandic,max kirsch,2018-04-18T23:02:52Z
4557,Rósamáfur,und,Iceland,IS,,Icelandic,max kirsch,2018-04-18T23:03:14Z
4494,Rita,und,Iceland,IS,,Icelandic,max kirsch,2018-04-18T23:03:38Z
4555,Ísmáfur,und,Iceland,IS,,Icelandic,max kirsch,2018-04-18T23:03:59Z
4571,Þernumáfur,und,Iceland,IS,,Icelandic,max kirsch,2018-04-18T23:04:24Z
144512,Dvergmáfur,und,Iceland,IS,,Icelandic,max kirsch,2018-04-18T23:04:45Z
144536,Sandþerna,und,Iceland,IS,,Icelandic,max kirsch,2018-04-18T23:05:15Z
144541,Þaraþerna,und,Iceland,IS,,Icelandic,max kirsch,2018-04-18T23:06:02Z
4450,Sílaþerna,und,Iceland,IS,,Icelandic,max kirsch,2018-04-18T23:06:24Z
4457,Tálþerna,und,Iceland,IS,,Icelandic,max kirsch,2018-04-18T23:07:02Z
144525,Möttulþerna,und,Iceland,IS,,Icelandic,max kirsch,2018-04-18T23:07:26Z
144529,Dvergþerna,und,Iceland,IS,,Icelandic,max kirsch,2018-04-18T23:07:49Z
62148,Skeggþerna,und,Iceland,IS,,Icelandic,max kirsch,2018-04-18T23:09:35Z
4512,Kolþerna,und,Iceland,IS,,Icelandic,max kirsch,2018-04-18T23:10:01Z
4514,Tígulþerna,und,Iceland,IS,,Icelandic,max kirsch,2018-04-18T23:10:25Z
4519,Langvía,und,Iceland,IS,,Icelandic,max kirsch,2018-04-18T23:14:09Z
4516,Stuttnefja,und,Iceland,IS,,Icelandic,max kirsch,2018-04-18T23:14:31Z
4501,Álka,und,Iceland,IS,,Icelandic,max kirsch,2018-04-18T23:14:50Z
4540,Geirfugl,und,Iceland,IS,,Icelandic,max kirsch,2018-04-18T23:15:13Z
4418,Teista,und,Iceland,IS,,Icelandic,max kirsch,2018-04-18T23:15:32Z
4524,Haftyrðill,und,Iceland,IS,,Icelandic,max kirsch,2018-04-18T23:15:54Z
4542,Toppklumba,und,Iceland,IS,,Icelandic,max kirsch,2018-04-18T23:16:17Z
3017,Bjargdúfa,und,Iceland,IS,,Icelandic,max kirsch,2018-04-18T23:17:05Z
3033,Holudúfa,und,Iceland,IS,,Icelandic,max kirsch,2018-04-18T23:21:00Z
3048,Hringdúfa,und,Iceland,IS,,Icelandic,max kirsch,2018-04-18T23:21:25Z
2969,Tyrkjadúfa,und,Iceland,IS,,Icelandic,max kirsch,2018-04-18T23:21:52Z
2938,Turtildúfa,und,Iceland,IS,,Icelandic,max kirsch,2018-04-18T23:22:23Z
3454,Tregadúfa,und,Iceland,IS,,Icelandic,max kirsch,2018-04-18T23:22:48Z
1907,Gaukur,und,Iceland,IS,,Icelandic,max kirsch,2018-04-18T23:23:12Z
1960,Regngaukur,und,Iceland,IS,,Icelandic,max kirsch,2018-04-18T23:23:44Z
1965,Spágaukur,und,Iceland,IS,,Icelandic,max kirsch,2018-04-18T23:24:09Z
20244,Skopugla,und,Iceland,IS,,Icelandic,max kirsch,2018-04-18T23:24:55Z
144594,Snæugla,und,Iceland,IS,,Icelandic,max kirsch,2018-04-18T23:25:35Z
20307,Eyrugla,und,Iceland,IS,,Icelandic,max kirsch,2018-04-18T23:26:00Z
20315,Brandugla,und,Iceland,IS,,Icelandic,max kirsch,2018-04-18T23:26:22Z
19410,Náttfari,und,Iceland,IS,,Icelandic,max kirsch,2018-04-18T23:26:53Z
19577,Húmfari,und,Iceland,IS,,Icelandic,max kirsch,2018-04-18T23:27:17Z
6638,Múrsvölungur,und,Iceland,IS,,Icelandic,max kirsch,2018-04-18T23:27:39Z
2548,Beltaþyrill,und,Iceland,IS,,Icelandic,max kirsch,2018-04-18T23:28:30Z
2191,Býsvelgur,und,Iceland,IS,,Icelandic,max kirsch,2018-04-18T23:29:06Z
2266,Bláhrani,und,Iceland,IS,,Icelandic,max kirsch,2018-04-18T23:29:34Z
20969,Herfugl,und,Iceland,IS,,Icelandic,max kirsch,2018-04-18T23:30:23Z
18448,Gauktíta,und,Iceland,IS,,Icelandic,max kirsch,2018-04-18T23:30:46Z
18463,Safaspæta,und,Iceland,IS,,Icelandic,max kirsch,2018-04-18T23:31:11Z
17871,Barrspæta,und,Iceland,IS,,Icelandic,max kirsch,2018-04-18T23:39:35Z
16638,Mýgreipur,und,Iceland,IS,,Icelandic,max kirsch,2018-04-18T23:40:01Z
16602,Stúfgreipur,und,Iceland,IS,,Icelandic,max kirsch,2018-04-18T23:40:25Z
16620,Elrigreipur,und,Iceland,IS,,Icelandic,max kirsch,2018-04-18T23:40:58Z
578093,Sandlævirki,und,Iceland,IS,,Icelandic,max kirsch,2018-04-19T01:19:49Z
7347,Sönglævirki,und,Iceland,IS,,Icelandic,max kirsch,2018-04-19T01:20:13Z
7294,Fjallalævirki,und,Iceland,IS,,Icelandic,max kirsch,2018-04-19T01:20:44Z
11941,Bakkasvala,und,Iceland,IS,,Icelandic,max kirsch,2018-04-19T01:21:14Z
11901,Landsvala,und,Iceland,IS,,Icelandic,max kirsch,2018-04-19T01:21:37Z
64705,Bæjasvala,und,Iceland,IS,,Icelandic,max kirsch,2018-04-19T01:22:19Z
144792,Brandsvala,und,Iceland,IS,,Icelandic,max kirsch,2018-04-19T01:22:48Z
11858,Klettasvala,und,Iceland,IS,,Icelandic,max kirsch,2018-04-19T01:23:09Z
13712,Sandtittlingur,und,Iceland,IS,,Icelandic,max kirsch,2018-04-19T01:23:58Z
13724,Skógtittlingur,und,Iceland,IS,,Icelandic,max kirsch,2018-04-19T01:24:21Z
13711,Trjátittlingur,und,Iceland,IS,,Icelandic,max kirsch,2018-04-19T01:24:44Z
13727,Svarðtittlingur,und,Iceland,IS,,Icelandic,max kirsch,2018-04-19T01:25:07Z
13729,Þúfutittlingur,und,Iceland,IS,,Icelandic,max kirsch,2018-04-19T01:25:31Z
13732,Heiðatittlingur,und,Iceland,IS,,Icelandic,max kirsch,2018-04-19T01:25:58Z
13734,Strandtittlingur,und,Iceland,IS,,Icelandic,max kirsch,2018-04-19T01:26:32Z
204545,Gulerla,und,Iceland,IS,,Icelandic,max kirsch,2018-04-19T01:26:56Z
13687,Mýrerla,und,Iceland,IS,,Icelandic,max kirsch,2018-04-19T01:27:48Z
13688,Straumerla,und,Iceland,IS,,Icelandic,max kirsch,2018-04-19T01:28:19Z
13695,Maríuerla,und,Iceland,IS,,Icelandic,max kirsch,2018-04-19T01:28:49Z
7428,Sedrustoppa,und,Iceland,IS,,Icelandic,max kirsch,2018-04-19T01:29:16Z
7429,Silkitoppa,und,Iceland,IS,,Icelandic,max kirsch,2018-04-19T01:29:42Z
145363,Músarrindill,und,Iceland,IS,,Icelandic,max kirsch,2018-04-19T01:30:14Z
13988,Runntítla,und,Iceland,IS,,Icelandic,max kirsch,2018-04-19T01:30:41Z
13094,Glóbrystingur,und,Iceland,IS,,Icelandic,max kirsch,2018-04-19T02:41:10Z
13075,Húmgali,und,Iceland,IS,,Icelandic,max kirsch,2018-04-19T02:41:41Z
13079,Næturgali,und,Iceland,IS,,Icelandic,max kirsch,2018-04-19T02:42:04Z
145064,Fagurgali,und,Iceland,IS,,Icelandic,max kirsch,2018-04-19T02:42:26Z
13071,Blábrystingur,und,Iceland,IS,,Icelandic,max kirsch,2018-04-19T02:42:49Z
13000,Húsaskotta,und,Iceland,IS,,Icelandic,max kirsch,2018-04-19T02:43:22Z
12992,Garðaskotta,und,Iceland,IS,,Icelandic,max kirsch,2018-04-19T02:43:54Z
12908,Vallskvetta,und,Iceland,IS,,Icelandic,max kirsch,2018-04-19T02:44:23Z
201192,Hagaskvetta,und,Iceland,IS,,Icelandic,max kirsch,2018-04-19T02:44:44Z
12822,Steindepill,und,Iceland,IS,,Icelandic,max kirsch,2018-04-19T02:45:07Z
497042,Foldþröstur,und,Iceland,IS,,Icelandic,max kirsch,2018-04-19T02:45:44Z
145088,Barrþröstur,und,Iceland,IS,,Icelandic,max kirsch,2018-04-19T02:46:11Z
13270,Trjáþröstur,und,Iceland,IS,,Icelandic,max kirsch,2018-04-19T02:46:39Z
12890,Dulþröstur,und,Iceland,IS,,Icelandic,max kirsch,2018-04-19T02:47:00Z
12878,Moldþröstur,und,Iceland,IS,,Icelandic,max kirsch,2018-04-19T02:47:25Z
12883,Hlýraþröstur,und,Iceland,IS,,Icelandic,max kirsch,2018-04-19T02:47:49Z
12740,Mánaþröstur,und,Iceland,IS,,Icelandic,max kirsch,2018-04-19T02:48:20Z
12716,Svartþröstur,und,Iceland,IS,,Icelandic,max kirsch,2018-04-19T02:48:47Z
145086,Þorraþröstur,und,Iceland,IS,,Icelandic,max kirsch,2018-04-19T02:49:19Z
12707,Gráþröstur,und,Iceland,IS,,Icelandic,max kirsch,2018-04-19T02:49:44Z
12748,Söngþröstur,und,Iceland,IS,,Icelandic,max kirsch,2018-04-19T02:50:27Z
12735,Mistilþröstur,und,Iceland,IS,,Icelandic,max kirsch,2018-04-19T02:51:07Z
12727,Farþröstur,und,Iceland,IS,,Icelandic,max kirsch,2018-04-19T02:51:41Z
116939,Lensusöngvari,und,Iceland,IS,,Icelandic,max kirsch,2018-04-19T02:52:18Z
116941,Engisöngvari,und,Iceland,IS,,Icelandic,max kirsch,2018-04-19T02:52:47Z
116938,Straumsöngvari,und,Iceland,IS,,Icelandic,max kirsch,2018-04-19T02:53:12Z
201179,Trjásöngvari,und,Iceland,IS,,Icelandic,max kirsch,2018-04-19T02:53:50Z
201180,Fölsöngvari,und,Iceland,IS,,Icelandic,max kirsch,2018-04-19T02:55:56Z
116918,Spésöngvari,und,Iceland,IS,,Icelandic,max kirsch,2018-04-19T02:56:46Z
116923,Skopsöngvari,und,Iceland,IS,,Icelandic,max kirsch,2018-04-19T02:57:11Z
116804,Síkjasöngvari,und,Iceland,IS,,Icelandic,max kirsch,2018-04-19T02:57:50Z
116791,Dvalsöngvari,und,Iceland,IS,,Icelandic,max kirsch,2018-04-19T02:58:15Z
116797,Elrisöngvari,und,Iceland,IS,,Icelandic,max kirsch,2018-04-19T02:58:38Z
116802,Seljusöngvari,und,Iceland,IS,,Icelandic,max kirsch,2018-04-19T02:59:11Z
204455,Sefsöngvari,und,Iceland,IS,,Icelandic,max kirsch,2018-04-19T02:59:52Z
15302,Garðsöngvari,und,Iceland,IS,,Icelandic,max kirsch,2018-04-19T03:03:01Z
15282,Hettusöngvari,und,Iceland,IS,,Icelandic,max kirsch,2018-04-19T03:03:27Z
117008,Norðsöngvari,und,Iceland,IS,,Icelandic,max kirsch,2018-04-19T03:04:00Z
117028,Hnoðrasöngvari,und,Iceland,IS,,Icelandic,max kirsch,2018-04-19T03:04:30Z
117048,Grænsöngvari,und,Iceland,IS,,Icelandic,max kirsch,2018-04-19T03:04:58Z
117016,Gransöngvari,und,Iceland,IS,,Icelandic,max kirsch,2018-04-19T03:05:42Z
117055,Laufsöngvari,und,Iceland,IS,,Icelandic,max kirsch,2018-04-19T03:06:07Z
12971,Grágrípur,und,Iceland,IS,,Icelandic,max kirsch,2018-04-19T03:07:28Z
13113,Peðgrípur,und,Iceland,IS,,Icelandic,max kirsch,2018-04-19T03:09:59Z
204512,Flekkugrípur,und,Iceland,IS,,Icelandic,max kirsch,2018-04-19T03:10:31Z
203153,Flotmeisa,und,Iceland,IS,,Icelandic,max kirsch,2018-04-19T03:10:53Z
14823,Bandigða,und,Iceland,IS,,Icelandic,max kirsch,2018-04-19T03:11:21Z
204556,Laufglói,und,Iceland,IS,,Icelandic,max kirsch,2018-04-19T03:11:46Z
12042,Bleiksvarri,und,Iceland,IS,,Icelandic,max kirsch,2018-04-19T03:12:16Z
12038,Þyrnisvarri,und,Iceland,IS,,Icelandic,max kirsch,2018-04-19T03:12:38Z
559070,Grásvarri,und,Iceland,IS,,Icelandic,max kirsch,2018-04-19T03:13:11Z
12039,Trjásvarri,und,Iceland,IS,,Icelandic,max kirsch,2018-04-19T03:13:36Z
8000,Dvergkráka,und,Iceland,IS,,Icelandic,max kirsch,2018-04-19T03:14:04Z
8029,Bláhrafn,und,Iceland,IS,,Icelandic,max kirsch,2018-04-19T03:14:29Z
144757,Grákráka,und,Iceland,IS,,Icelandic,max kirsch,2018-04-19T03:15:06Z
14850,Stari,und,Iceland,IS,,Icelandic,max kirsch,2018-04-19T03:15:44Z
145108,Rósastari,und,Iceland,IS,,Icelandic,max kirsch,2018-04-19T03:16:26Z
13858,Gráspör,und,Iceland,IS,,Icelandic,max kirsch,2018-04-19T03:17:19Z
13851,Trjáspör,und,Iceland,IS,,Icelandic,max kirsch,2018-04-19T03:18:01Z
10070,Bókfinka,und,Iceland,IS,,Icelandic,max kirsch,2018-04-19T03:19:29Z
10069,Fjallafinka,und,Iceland,IS,,Icelandic,max kirsch,2018-04-19T03:19:58Z
145360,Grænfinka,und,Iceland,IS,,Icelandic,max kirsch,2018-04-19T03:20:26Z
9398,Þistilfinka,und,Iceland,IS,,Icelandic,max kirsch,2018-04-19T03:20:53Z
145303,Barrfinka,und,Iceland,IS,,Icelandic,max kirsch,2018-04-19T03:21:31Z
558634,Hörfinka,und,Iceland,IS,,Icelandic,max kirsch,2018-04-19T03:21:53Z
145300,Auðnutittlingur,und,Iceland,IS,,Icelandic,max kirsch,2018-04-19T03:22:20Z
145302,Hrímtittlingur,und,Iceland,IS,,Icelandic,max kirsch,2018-04-19T03:22:53Z
10423,Víxlnefur,und,Iceland,IS,,Icelandic,max kirsch,2018-04-19T03:23:17Z
10411,Krossnefur,und,Iceland,IS,,Icelandic,max kirsch,2018-04-19T03:23:50Z
10420,Pánefur,und,Iceland,IS,,Icelandic,max kirsch,2018-04-19T03:24:11Z
9639,Rósafinka,und,Iceland,IS,,Icelandic,max kirsch,2018-04-19T03:24:35Z
9462,Dómpápi,und,Iceland,IS,,Icelandic,max kirsch,2018-04-19T03:25:00Z
9801,Kjarnbítur,und,Iceland,IS,,Icelandic,max kirsch,2018-04-19T03:25:28Z
10286,Klifurskríkja,und,Iceland,IS,,Icelandic,max kirsch,2018-04-19T16:01:47Z
145233,Fléttuskríkja,und,Iceland,IS,,Icelandic,max kirsch,2018-04-19T16:02:42Z
145238,Gulskríkja,und,Iceland,IS,,Icelandic,max kirsch,2018-04-19T16:03:11Z
145232,Blámaskríkja,und,Iceland,IS,,Icelandic,max kirsch,2018-04-19T16:03:41Z
199916,Bláskríkja,und,Iceland,IS,,Icelandic,max kirsch,2018-04-19T16:04:12Z
145258,Grænskríkja,und,Iceland,IS,,Icelandic,max kirsch,2018-04-19T16:04:40Z
145237,Glóskríkja,und,Iceland,IS,,Icelandic,max kirsch,2018-04-19T16:05:20Z
145235,Daggarskríkja,und,Iceland,IS,,Icelandic,max kirsch,2018-04-19T16:05:45Z
145245,Krúnuskríkja,und,Iceland,IS,,Icelandic,max kirsch,2018-04-19T16:06:18Z
145242,Pálmaskríkja,und,Iceland,IS,,Icelandic,max kirsch,2018-04-19T16:06:45Z
145240,Rákaskríkja,und,Iceland,IS,,Icelandic,max kirsch,2018-04-19T16:07:15Z
10247,Húmskríkja,und,Iceland,IS,,Icelandic,max kirsch,2018-04-19T16:07:59Z
9721,Grímuskríkja,und,Iceland,IS,,Icelandic,max kirsch,2018-04-19T16:08:36Z
145275,Haustskríkja,und,Iceland,IS,,Icelandic,max kirsch,2018-04-19T16:09:04Z
9921,Skarlatstáni,und,Iceland,IS,,Icelandic,max kirsch,2018-04-19T16:09:37Z
9156,Tófutittlingur,und,Iceland,IS,,Icelandic,max kirsch,2018-04-19T16:10:12Z
9176,Kúftittlingur,und,Iceland,IS,,Icelandic,max kirsch,2018-04-19T16:10:38Z
9184,Hörputittlingur,und,Iceland,IS,,Icelandic,max kirsch,2018-04-19T16:11:05Z
10094,Vetrartittlingur,und,Iceland,IS,,Icelandic,max kirsch,2018-04-19T16:11:42Z
116840,Sportittlingur,und,Iceland,IS,,Icelandic,max kirsch,2018-04-19T16:12:13Z
117059,Snjótittlingur,und,Iceland,IS,,Icelandic,max kirsch,2018-04-19T16:12:56Z
9210,Lerkitittlingur,und,Iceland,IS,,Icelandic,max kirsch,2018-04-19T16:13:23Z
9195,Gultittlingur,und,Iceland,IS,,Icelandic,max kirsch,2018-04-19T16:13:46Z
9196,Dultittlingur,und,Iceland,IS,,Icelandic,max kirsch,2018-04-19T16:14:09Z
9188,Hrístittlingur,und,Iceland,IS,,Icelandic,max kirsch,2018-04-19T16:14:35Z
9197,Dvergtittlingur,und,Iceland,IS,,Icelandic,max kirsch,2018-04-19T16:15:00Z
9212,Víðitittlingur,und,Iceland,IS,,Icelandic,max kirsch,2018-04-19T16:15:28Z
9201,Seftittlingur,und,Iceland,IS,,Icelandic,max kirsch,2018-04-19T16:15:51Z
9203,Hettutittlingur,und,Iceland,IS,,Icelandic,max kirsch,2018-04-19T16:16:17Z
10271,Tígultáti,und,Iceland,IS,,Icelandic,max kirsch,2018-04-19T16:17:13Z
10227,Blátittlingur,und,Iceland,IS,,Icelandic,max kirsch,2018-04-19T16:17:41Z
10470,Gullsóti,und,Iceland,IS,,Icelandic,max kirsch,2018-04-19T16:18:07Z
9346,Álmkraki,und,Iceland,IS,,Icelandic,max kirsch,2018-04-19T16:18:31Z
7008,Taumgæs,und,Iceland,IS,,Icelandic,max kirsch,2018-04-19T16:18:56Z
204496,Svartkráka,und,Iceland,IS,,Icelandic,max kirsch,2018-04-19T16:19:35Z
9215,Stepputittlingur,und,Iceland,IS,,Icelandic,max kirsch,2018-04-19T16:20:11Z
6914,Svartsvanur,und,Iceland,IS,,Icelandic,max kirsch,2018-04-19T16:20:38Z
4258,Roðaflæmingi,und,Iceland,IS,,Icelandic,max kirsch,2018-04-19T16:21:07Z
516025,Austræn blesgæs,und,Iceland,IS,,Icelandic,max kirsch,2018-04-19T16:21:52Z
704639,Austræn grágæs,und,Iceland,IS,,Icelandic,max kirsch,2018-04-19T16:23:58Z
335471,Austræn margæs,und,Iceland,IS,,Icelandic,max kirsch,2018-04-19T16:24:25Z
204996,Vestræn margæs,und,Iceland,IS,,Icelandic,max kirsch,2018-04-19T16:24:50Z
528435,Amerískur smyrill,und,Iceland,IS,,Icelandic,max kirsch,2018-04-19T16:25:26Z
4657,Hvítfálki,und,Iceland,IS,,Icelandic,max kirsch,2018-04-19T16:25:52Z
525580,Vestræn kolþerna,und,Iceland,IS,,Icelandic,max kirsch,2018-04-19T16:26:33Z
366951,Bretaerla,und,Iceland,IS,,Icelandic,max kirsch,2018-04-19T16:27:15Z
4090,Súgtrosi,und,Iceland,IS,,Icelandic,max kirsch,2018-04-19T16:28:03Z
629303,Grænlenskur hrímtittlingur,und,Iceland,IS,,Icelandic,max kirsch,2018-04-19T16:33:33Z
4657,Grænlandsfálki,und,Iceland,IS,,Icelandic,max kirsch,2018-04-19T16:34:44Z
41702,Vöðuselur,und,Iceland,IS,,Icelandic,max kirsch,2018-04-19T16:36:41Z
7030,Æðardrottning,und,Iceland,IS,,Icelandic,max kirsch,2018-04-19T16:38:09Z
516023,Blesgæs,und,Iceland,IS,,Icelandic,max kirsch,2018-04-19T16:40:30Z
117026,Hlídasöngvari,und,Iceland,IS,,Icelandic,max kirsch,2018-04-19T16:47:19Z
210941,Bláskotta,und,Iceland,IS,,Icelandic,max kirsch,2018-04-19T16:48:21Z
144220,Krummönd,und,Iceland,IS,,Icelandic,max kirsch,2018-04-19T16:52:37Z
59202,Klapparmáfur,und,Iceland,IS,,Icelandic,max kirsch,2018-04-19T16:54:52Z
144537,Ránþerna,und,Iceland,IS,,Icelandic,max kirsch,2018-04-19T16:57:33Z
41566,Hnúfubakur,und,Iceland,IS,,Icelandic,max kirsch,2018-04-19T16:58:00Z
202491,Forksvölungur,und,Iceland,IS,,Icelandic,max kirsch,2018-04-19T16:59:19Z
4835,Háleggur,und,Iceland,IS,,Icelandic,max kirsch,2018-04-19T16:59:51Z
41720,Kampselur,und,Iceland,IS,,Icelandic,max kirsch,2018-04-19T17:04:10Z
333291,Sílamáfur,und,Iceland,IS,,Icelandic,max kirsch,2018-04-19T17:10:09Z
41521,Háhyrningur,und,Iceland,IS,,Icelandic,max kirsch,2018-04-19T17:13:28Z
3854,Roðatíta,und,Iceland,IS,,Icelandic,max kirsch,2018-04-19T17:21:27Z
6852,Skeifusvölungur,und,Iceland,IS,,Icelandic,max kirsch,2018-04-19T17:22:08Z
201193,Heiðaskvetta,und,Iceland,IS,,Icelandic,max kirsch,2018-04-19T17:24:39Z
12901,Húmþröstur,und,Iceland,IS,,Icelandic,max kirsch,2018-04-19T17:28:07Z
4623,Glitbrúsi,und,Iceland,IS,,Icelandic,max kirsch,2018-04-19T17:31:11Z
233598,Heimskautarefur,und,Iceland,IS,,Icelandic,max kirsch,2018-04-19T17:37:56Z
41553,Steypireyður,und,Iceland,IS,,Icelandic,max kirsch,2018-04-19T17:39:49Z
41550,Hrefna,und,Iceland,IS,,Icelandic,max kirsch,2018-04-19T17:40:17Z
9092,Brjósttittlingur,und,Iceland,IS,,Icelandic,max kirsch,2018-04-20T17:17:20Z
4436,Roðaþerna,und,Iceland,IS,,Icelandic,max kirsch,2018-04-20T17:18:37Z
4389,Ósamáfur,und,Iceland,IS,,Icelandic,max kirsch,2018-04-20T17:19:21Z
4811,Vatnalóa,und,Iceland,IS,,Icelandic,max kirsch,2018-04-20T17:20:37Z
7055,Jarpönd,und,Iceland,IS,,Icelandic,max kirsch,2018-04-20T17:21:50Z
558427,Mjallgæs,und,Iceland,IS,,Icelandic,max kirsch,2018-04-20T17:23:18Z
144517,Lónamáfur,und,Iceland,IS,,Icelandic,max kirsch,2018-04-20T17:25:11Z
4399,Heiðmáfur,und,Iceland,IS,,Icelandic,max kirsch,2018-04-20T17:25:51Z
4366,Hellumáfur,und,Iceland,IS,,Icelandic,max kirsch,2018-04-20T17:28:49Z
117022,Skúmsöngvari,und,Iceland,IS,,Icelandic,max kirsch,2018-04-20T17:33:01Z
11935,Trjásvala,und,Iceland,IS,,Icelandic,max kirsch,2018-04-21T15:32:43Z
342169,Vestræn landsvala,und,Iceland,IS,,Icelandic,max kirsch,2018-04-21T15:35:43Z
12987,Móskugrípur,und,Iceland,IS,,Icelandic,max kirsch,2018-04-21T15:59:34Z
55883,Bergflétta,und,"","",,Icelandic,John E. Christensen,2018-05-01T07:09:13Z
47429,Nökkvar,und,"","",,Icelandic,John E. Christensen,2018-05-02T14:15:24Z
55750,Fjalldalafífill,und,"","",,Icelandic,John E. Christensen,2018-05-10T16:42:46Z
64549,Blóðkollur,und,"","",,Icelandic,John E. Christensen,2018-05-15T09:08:17Z
41663,Þvottabjörn,und,Iceland,IS,,Icelandic,John E. Christensen,2018-05-22T19:52:55Z
63081,Iglur,und,"","",,Icelandic,John E. Christensen,2018-06-13T08:48:33Z
333586,Ánamaðkur,und,"","",,Icelandic,John E. Christensen,2018-07-11T14:10:41Z
198784,Blóðberg,und,"","",,Icelandic,Kai-Philipp Schablewski,2018-07-14T12:57:45Z
121943,Burknar,und,"","",,Icelandic,John E. Christensen,2018-08-12T07:11:19Z
64615,Soppmosar,und,"","",,Icelandic,John E. Christensen,2018-09-03T15:04:16Z
55884,Hundarós,und,"","",,Icelandic,John E. Christensen,2018-10-18T13:45:22Z
47336,Maurar,und,"","",,Icelandic,John E. Christensen,2018-11-01T16:27:28Z
51611,Deplur,und,"","",,Icelandic,John E. Christensen,2018-11-05T09:43:14Z
793469,Glókollur,und,Iceland,IS,,Icelandic,max kirsch,2018-11-06T02:58:51Z
47821,Kleggjar,und,"","",,Icelandic,John E. Christensen,2018-11-08T15:12:12Z
41733,Útselur,und,Iceland,IS,,Icelandic,max kirsch,2018-11-08T16:09:25Z
41733,Haustselur,und,Iceland,IS,,Icelandic,max kirsch,2018-11-08T16:10:04Z
792985,Fauskspæta,und,"","",,Icelandic,Chris Cheatle,2018-11-24T14:06:35Z
41893,Mangar,und,"","",,Icelandic,John E. Christensen,2018-11-27T09:20:19Z
45933,Íkorni,und,"","",,Icelandic,John E. Christensen,2019-01-14T09:20:14Z
48836,Slöngustjarna,und,"","",,Icelandic,John E. Christensen,2019-01-27T08:27:10Z
47119,Áttfætlur,und,"","",,Icelandic,John E. Christensen,2019-02-13T20:00:40Z
32036,Stálormur,und,"","",,Icelandic,John E. Christensen,2019-02-21T15:24:21Z
48486,Maríubjalla,und,"","",,Icelandic,John E. Christensen,2019-02-25T19:03:54Z
72486,Nílarönd,und,"","",,Icelandic,Kjartan Birgisson,2019-03-01T11:54:59Z
7251,Spörfuglar,und,"","",,Icelandic,John E. Christensen,2019-03-02T10:04:21Z
47516,Regnbogasilungur,und,"","",,Icelandic,John E. Christensen,2019-03-13T09:37:18Z
6888,Gásfuglar,und,"","",,Icelandic,John E. Christensen,2019-03-21T20:16:43Z
133387,Lyngætt,und,"","",,Icelandic,John E. Christensen,2019-04-07T11:52:08Z
47125,Dulfrævingar,und,"","",,Icelandic,John E. Christensen,2019-04-27T09:49:06Z
51741,Geitakál,und,"","",,Icelandic,John E. Christensen,2019-05-01T07:58:58Z
54856,linditré,und,"","",,Icelandic,John E. Christensen,2019-05-03T08:00:45Z
47746,Elftingar,und,"","",,Icelandic,John E. Christensen,2019-05-06T11:19:54Z
47584,Samlokur,und,"","",,Icelandic,John E. Christensen,2019-05-21T07:20:30Z
321595,Barkbjöllur,und,"","",,Icelandic,John E. Christensen,2019-06-10T14:38:15Z
57563,Ætiþistill,und,"","",,Icelandic,John E. Christensen,2019-07-06T09:42:25Z
53352,Elri,und,"","",,Icelandic,John E. Christensen,2019-07-12T20:09:39Z
81925,Vatnabuffall,und,"","",,Icelandic,John E. Christensen,2019-08-15T13:51:08Z
54704,Barnamosar,und,"","",,Icelandic,John E. Christensen,2019-09-26T10:53:29Z
47927,Drekaflugur,und,"","",,Icelandic,John E. Christensen,2019-11-11T21:24:04Z
505478,Nytjahænsni,und,Iceland,IS,,Icelandic,John E. Christensen,2019-12-05T11:29:22Z
47822,Fluga,und,"","",,Icelandic,John E. Christensen,2019-12-08T12:55:51Z
979756,Ormskríkja,und,"","",https://www.inaturalist.org/taxon_names/1184935/edit,Icelandic,,2020-01-15T23:53:47Z
82393,Litunarjafni,und,"","",,Icelandic,Johan Devos,2020-01-29T19:30:35Z
136989,Mosajafni,und,"","",,Icelandic,Johan Devos,2020-01-29T21:12:39Z
47605,Körfublómabálkur,und,"","",,Icelandic,John E. Christensen,2020-02-10T07:36:33Z
48386,Steinbrjótsætt,und,"","",,Icelandic,John E. Christensen,2020-02-12T15:23:27Z
131236,vírusar,und,"","",,Icelandic,James K. Douch,2020-02-23T02:06:13Z
47561,Furur,und,"","",,Icelandic,John E. Christensen,2020-02-29T11:40:45Z
75608,Skeggburkni,und,"","",,Icelandic,Chris Cheatle,2020-03-16T17:10:49Z
167423,Davíðslykill,und,"","",,Icelandic,Chris Cheatle,2020-03-16T17:12:00Z
160055,Gljástör,und,"","",,Icelandic,Chris Cheatle,2020-03-16T17:13:04Z
58135,Vatnsögn,und,"","",,Icelandic,Chris Cheatle,2020-03-16T17:13:49Z
163184,Mýramaðra,und,"","",,Icelandic,Chris Cheatle,2020-03-16T17:14:43Z
437504,Kampalampi,und,"","",,Icelandic,Valentin de Mazancourt,2020-04-18T09:43:39Z
933404,Garðakornblóm,und,"","",,Icelandic,John E. Christensen,2020-04-29T17:10:23Z
764793,Elftingar,und,"","",,Icelandic,John E. Christensen,2020-05-11T12:31:29Z
558430,Deplaönd,und,"","",,Icelandic,max kirsch,2020-07-02T02:46:05Z
48536,Kólfblómaætt,und,"","",,Icelandic,John E. Christensen,2020-07-03T13:13:42Z
3797,Brúnsúla,und,Iceland,IS,,Icelandic,max kirsch,2020-07-22T16:33:01Z
112841,Hákarl,und,Iceland,IS,,Icelandic,max kirsch,2020-08-02T00:15:14Z
42199,Hreindýr,und,Iceland,IS,,Icelandic,max kirsch,2020-08-20T20:42:15Z
41644,Ísbjörn,und,Iceland,IS,,Icelandic,max kirsch,2020-08-20T20:43:31Z
41644,Hvítabjörn,und,Iceland,IS,,Icelandic,max kirsch,2020-08-20T20:43:48Z
40151,Spendýra,und,"","",,Icelandic,Simon Landolt,2020-08-26T13:28:14Z
359450,Kaffifífill,und,"","",,Icelandic,John E. Christensen,2020-08-28T19:48:05Z
41852,Jarfi,und,Iceland,IS,,Icelandic,max kirsch,2020-08-29T04:21:01Z
41852,Fjallfress,und,Iceland,IS,,Icelandic,max kirsch,2020-08-29T04:21:37Z
327479,Andeselfting,und,"","",,Icelandic,Johan Devos,2020-08-31T17:40:30Z
52724,Klóelfting,und,"","",,Icelandic,Johan Devos,2020-08-31T17:42:01Z
885176,Himalajaelfting,und,"","",,Icelandic,Johan Devos,2020-08-31T17:43:29Z
47745,Fergin,und,"","",,Icelandic,Johan Devos,2020-08-31T17:47:26Z
332476,Risaeski,und,"","",,Icelandic,Johan Devos,2020-08-31T20:20:18Z
13977,Halavefari,und,"","",,Icelandic,bornfeta,2020-09-22T20:57:11Z
5367,Fjallgammur,und,"","",,Icelandic,bornfeta,2020-09-26T18:31:32Z
630955,Býflugur,und,"","",,Icelandic,John E. Christensen,2020-09-28T16:01:47Z
49075,Fjóluhnúður,und,"","",,Icelandic,James Kameron Mitchell,2020-10-07T23:10:07Z
20526,Strútur,und,Iceland,IS,,Icelandic,max kirsch,2020-11-02T04:44:00Z
20512,Nandúi,und,Iceland,IS,,Icelandic,max kirsch,2020-11-02T04:44:21Z
73338,Blettanandúi,und,Iceland,IS,,Icelandic,max kirsch,2020-11-02T04:44:44Z
20695,Gresjutínamúi,und,Iceland,IS,,Icelandic,max kirsch,2020-11-02T04:45:22Z
20656,Flekkutínamúi,und,Iceland,IS,,Icelandic,max kirsch,2020-11-02T04:45:48Z
20637,Skúftínamúi,und,Iceland,IS,,Icelandic,max kirsch,2020-11-02T04:46:15Z
20500,Hjálmkasúi,und,Iceland,IS,,Icelandic,max kirsch,2020-11-02T04:46:58Z
20499,Dvergkasúi,und,Iceland,IS,,Icelandic,max kirsch,2020-11-02T04:47:21Z
20501,Sepakasúi,und,Iceland,IS,,Icelandic,max kirsch,2020-11-02T04:47:38Z
20504,Emúi,und,Iceland,IS,,Icelandic,max kirsch,2020-11-02T04:47:53Z
204465,Brúnkíví,und,Iceland,IS,,Icelandic,max kirsch,2020-11-02T04:48:24Z
20491,Flekkukíví,und,Iceland,IS,,Icelandic,max kirsch,2020-11-02T04:48:53Z
20492,Skógarkíví,und,Iceland,IS,,Icelandic,max kirsch,2020-11-02T04:49:17Z
6908,Hornögld,und,Iceland,IS,,Icelandic,max kirsch,2020-11-02T04:49:46Z
6910,Skúfögld,und,Iceland,IS,,Icelandic,max kirsch,2020-11-02T04:50:08Z
6911,Grímögld,und,Iceland,IS,,Icelandic,max kirsch,2020-11-02T04:50:28Z
6905,Skjógæs,und,Iceland,IS,,Icelandic,max kirsch,2020-11-02T04:50:52Z
44705,Húsamús,und,Iceland,IS,,Icelandic,max kirsch,2020-11-18T21:47:20Z
44576,Brúnrotta,und,Iceland,IS,,Icelandic,max kirsch,2020-11-18T21:47:56Z
44575,Svartrotta,und,Iceland,IS,,Icelandic,max kirsch,2020-11-18T21:48:31Z
43151,Kanína,und,Iceland,IS,,Icelandic,max kirsch,2020-11-18T21:56:19Z
74103,Norðhvalur,und,Iceland,IS,,Icelandic,max kirsch,2020-11-18T21:56:57Z
74103,Grænlandssléttbakur,und,Iceland,IS,,Icelandic,max kirsch,2020-11-18T21:57:28Z
74103,Grænlandshvalur,und,Iceland,IS,,Icelandic,max kirsch,2020-11-18T21:57:47Z
41570,Sléttbakur,und,Iceland,IS,,Icelandic,max kirsch,2020-11-18T21:59:06Z
41570,Íslandssléttbakur,und,Iceland,IS,,Icelandic,max kirsch,2020-11-18T21:59:19Z
41570,Hafurketti,und,Iceland,IS,,Icelandic,max kirsch,2020-11-18T21:59:43Z
41562,Langreyður,und,Iceland,IS,,Icelandic,max kirsch,2020-11-18T22:00:44Z
41553,Bláhvalur,und,Iceland,IS,,Icelandic,max kirsch,2020-11-18T22:01:37Z
41559,Sandreyður,und,Iceland,IS,,Icelandic,max kirsch,2020-11-18T22:02:27Z
41550,Hrafnreyður,und,Iceland,IS,,Icelandic,max kirsch,2020-11-18T22:03:54Z
41550,Hrafnhvalur,und,Iceland,IS,,Icelandic,max kirsch,2020-11-18T22:04:07Z
41550,Léttir,und,Iceland,IS,,Icelandic,max kirsch,2020-11-18T22:04:23Z
41478,Sandlægja,und,Iceland,IS,,Icelandic,max kirsch,2020-11-18T22:10:28Z
41478,Gráhvalur,und,Iceland,IS,,Icelandic,max kirsch,2020-11-18T22:10:41Z
41478,Klakkur,und,Iceland,IS,,Icelandic,max kirsch,2020-11-18T22:10:55Z
41566,Hnúðurbakur,und,Iceland,IS,,Icelandic,max kirsch,2020-11-18T22:12:16Z
41566,Skeljungur,und,Iceland,IS,,Icelandic,max kirsch,2020-11-18T22:12:26Z
41440,Hnísa,und,Iceland,IS,,Icelandic,max kirsch,2020-11-18T22:14:36Z
41440,Selhnísa,und,Iceland,IS,,Icelandic,max kirsch,2020-11-18T22:14:47Z
41461,Mjaldur,und,Iceland,IS,,Icelandic,max kirsch,2020-11-18T22:15:36Z
41461,Hvíthvalur,und,Iceland,IS,,Icelandic,max kirsch,2020-11-18T22:15:48Z
41461,Hvítfiskur,und,Iceland,IS,,Icelandic,max kirsch,2020-11-18T22:16:00Z
41461,Hvítingur,und,Iceland,IS,,Icelandic,max kirsch,2020-11-18T22:16:12Z
41459,Náhvalur,und,Iceland,IS,,Icelandic,max kirsch,2020-11-18T22:17:06Z
41413,Norðursnjáldri,und,Iceland,IS,,Icelandic,max kirsch,2020-11-18T22:17:41Z
41413,Svínhvalur,und,Iceland,IS,,Icelandic,max kirsch,2020-11-18T22:17:52Z
41421,Andarnefja,und,Iceland,IS,,Icelandic,max kirsch,2020-11-18T22:18:29Z
74890,Búrhvalur,und,Iceland,IS,,Icelandic,max kirsch,2020-11-18T22:19:36Z
74890,Búri,und,Iceland,IS,,Icelandic,max kirsch,2020-11-18T22:19:48Z
41529,Grindhvalur,und,Iceland,IS,,Icelandic,max kirsch,2020-11-18T22:21:27Z
41529,Marsvín,und,Iceland,IS,,Icelandic,max kirsch,2020-11-18T22:21:48Z
41494,Rákahöfrungur,und,Iceland,IS,,Icelandic,max kirsch,2020-11-18T22:33:27Z
41494,Rákaskoppari,und,Iceland,IS,,Icelandic,max kirsch,2020-11-18T22:33:45Z
41482,Stökkull,und,Iceland,IS,,Icelandic,max kirsch,2020-11-18T22:34:37Z
41482,Höfrungur,und,Iceland,IS,,Icelandic,max kirsch,2020-11-18T22:34:58Z
41482,Dettir,und,Iceland,IS,,Icelandic,max kirsch,2020-11-18T22:35:35Z
41526,Léttir,und,Iceland,IS,,Icelandic,max kirsch,2020-11-18T22:36:55Z
41526,Höfrungur,und,Iceland,IS,,Icelandic,max kirsch,2020-11-18T22:37:07Z
41526,Eiginlegur höfrungur,und,Iceland,IS,,Icelandic,max kirsch,2020-11-18T22:37:21Z
41505,Hnýðingur,und,Iceland,IS,,Icelandic,max kirsch,2020-11-18T22:38:25Z
41505,Blettahnýðir,und,Iceland,IS,,Icelandic,max kirsch,2020-11-18T22:38:37Z
4368,Veiðibjalla,und,Iceland,IS,,Icelandic,max kirsch,2020-11-18T22:40:38Z
41691,Hringanóri,und,Iceland,IS,,Icelandic,max kirsch,2020-11-18T22:41:49Z
41720,Granselur,und,Iceland,IS,,Icelandic,max kirsch,2020-11-18T22:47:24Z
41720,Kampur,und,Iceland,IS,,Icelandic,max kirsch,2020-11-18T22:47:36Z
41706,Blöðruselur,und,Iceland,IS,,Icelandic,max kirsch,2020-11-18T22:48:21Z
41766,Rostungur,und,Iceland,IS,,Icelandic,max kirsch,2020-11-18T22:48:44Z
41766,Rosmhvalur,und,Iceland,IS,,Icelandic,max kirsch,2020-11-18T22:48:57Z
233598,Fjallarefur,und,Iceland,IS,,Icelandic,max kirsch,2020-11-18T22:49:55Z
233598,Tófa,und,Iceland,IS,,Icelandic,max kirsch,2020-11-18T22:50:11Z
233598,Refur,und,Iceland,IS,,Icelandic,max kirsch,2020-11-18T22:50:22Z
233598,Melrakki,und,Iceland,IS,,Icelandic,max kirsch,2020-11-18T22:53:44Z
40523,Hrímblaka,und,Iceland,IS,,Icelandic,max kirsch,2020-11-18T22:58:57Z
41408,Króksnjáldri,und,Iceland,IS,,Icelandic,max kirsch,2020-11-18T23:00:07Z
118552,Köttur,und,Iceland,IS,,Icelandic,max kirsch,2020-11-18T23:00:55Z
40573,Litla næturblaka,und,Iceland,IS,,Icelandic,max kirsch,2020-11-18T23:01:28Z
40346,Ljósfæla,und,Iceland,IS,,Icelandic,max kirsch,2020-11-18T23:01:48Z
41413,Norðsnjáldri,und,Iceland,IS,,Icelandic,max kirsch,2020-11-18T23:02:58Z
74719,Norðurblaka,und,Iceland,IS,,Icelandic,max kirsch,2020-11-18T23:03:30Z
40572,Næturblaka,und,Iceland,IS,,Icelandic,max kirsch,2020-11-18T23:03:54Z
42069,Rauðrefur,und,Iceland,IS,,Icelandic,max kirsch,2020-11-18T23:04:21Z
42412,Sauðnaut,und,Iceland,IS,,Icelandic,max kirsch,2020-11-18T23:04:45Z
40446,Skuggablaka,und,Iceland,IS,,Icelandic,max kirsch,2020-11-18T23:05:09Z
41428,Skugganefja,und,Iceland,IS,,Icelandic,max kirsch,2020-11-18T23:05:28Z
43126,Snæhéri,und,Iceland,IS,,Icelandic,max kirsch,2020-11-18T23:05:44Z
40509,Stórablaka,und,Iceland,IS,,Icelandic,max kirsch,2020-11-18T23:06:01Z
40391,Trítilblaka,und,Iceland,IS,,Icelandic,max kirsch,2020-11-18T23:06:38Z
40573,Húmblaka,und,Iceland,IS,,Icelandic,max kirsch,2020-11-18T23:08:45Z
201193,Runnaskvetta,und,Iceland,IS,,Icelandic,max kirsch,2020-11-18T23:14:27Z
3454,Morgundúfa,und,Iceland,IS,,Icelandic,max kirsch,2020-11-19T01:05:48Z
3454,Sorgardúfa,und,Iceland,IS,,Icelandic,max kirsch,2020-11-19T01:05:57Z
48040,Bláklukkuætt,und,"","",,Icelandic,John E. Christensen,2020-11-19T17:32:39Z
53781,Humlaætt,und,"","",,Icelandic,John E. Christensen,2020-11-21T14:48:12Z
200958,Gjóður,und,"","",,Icelandic,John E. Christensen,2020-12-01T07:55:52Z
123070,Geit,und,Iceland,IS,,Icelandic,max kirsch,2020-12-02T01:21:57Z
121578,Sauðfé,und,Iceland,IS,,Icelandic,max kirsch,2020-12-02T01:23:04Z
209233,Hestur,und,Iceland,IS,,Icelandic,max kirsch,2020-12-02T01:26:35Z
74113,Nautgripur,und,Iceland,IS,,Icelandic,max kirsch,2020-12-02T01:28:11Z
47144,Hundur,und,Iceland,IS,,Icelandic,max kirsch,2020-12-02T01:28:39Z
324492,Svín,und,Iceland,IS,,Icelandic,max kirsch,2020-12-02T01:30:50Z
42134,Villisvín,und,Iceland,IS,,Icelandic,max kirsch,2020-12-02T01:31:22Z
111997,Gjámurta,und,"","",,Icelandic,Ashwin Srinivasan,2021-01-21T05:48:25Z
7513,Taumrindill,und,"","",,Icelandic,cmciv,2021-02-14T15:04:49Z
119450,Lyngætt,und,"","",,Icelandic,John E. Christensen,2021-02-26T15:13:00Z
48648,Hoplax,und,"","",http://www.catalogueoflife.org/annual-checklist/details/species/id/10078694/common/45804,Icelandic,iSea,2021-07-09T13:44:07Z
114230,Skeggi,und,"","",http://www.catalogueoflife.org/annual-checklist/details/species/id/10061239/common/93515,Icelandic,,2021-07-14T17:45:21Z
102975,Mjaldur,und,"","",,Icelandic,Zane Roskoph,2021-07-16T12:08:23Z
55356,Sölvahrútur,und,"","",,Icelandic,Gray Catanzaro,2021-07-16T13:12:55Z
48648,Lax,und,"","",,Icelandic,Zane Roskoph,2021-07-16T15:26:04Z
47516,Urriöi,und,"","",http://www.catalogueoflife.org/annual-checklist/details/species/id/10078654/common/19121,Icelandic,,2021-07-19T12:21:42Z
99413,Þrændaskata,und,"","",http://www.catalogueoflife.org/annual-checklist/details/species/id/10078127/common/40483,Icelandic,,2021-07-19T15:44:22Z
111974,Bleikja,und,"","",,Icelandic,Zane Roskoph,2021-07-19T18:43:32Z
196745,Síldakóngur,und,"","",http://www.catalogueoflife.org/annual-checklist/details/species/id/10064533/common/117875,Icelandic,max kirsch,2021-07-20T13:28:19Z
196745,Sildakongur,und,"","",http://www.catalogueoflife.org/annual-checklist/details/species/id/10064533/common/117876,Icelandic,max kirsch,2021-07-20T13:28:20Z
1264432,Minkur,und,"","",https://www.inaturalist.org/taxon_names/1185035/edit,Icelandic,,2021-07-20T16:31:10Z
104109,Skúfur,und,"","",,Icelandic,Zane Roskoph,2021-07-28T14:28:20Z
104109,Forniskúfur,und,"","",,Icelandic,Zane Roskoph,2021-07-28T14:29:52Z
104109,Skúfuggi,und,"","",,Icelandic,Zane Roskoph,2021-07-28T14:30:19Z
99786,Hrökkáll,und,"","",,Icelandic,Zane Roskoph,2021-07-29T03:04:55Z
41970,Jagúar,und,"","",,Icelandic,Zane Roskoph,2021-07-30T12:04:53Z
50873,Hvíthákarl,und,"","",,Icelandic,Zane Roskoph,2021-07-30T13:59:02Z
84996,Nautháfur,und,"","",,Icelandic,Zane Roskoph,2021-07-30T14:48:42Z
42007,Fjallaljón,und,"","",,Icelandic,Zane Roskoph,2021-08-01T00:59:45Z
30472,Konungskóbra,und,"","",,Icelandic,Zane Roskoph,2021-08-02T18:22:12Z
14301,Skartdansari,und,"","",,Icelandic,Zane Roskoph,2021-08-02T22:57:58Z
52188,Hvalháfur,und,"","",,Icelandic,Zane Roskoph,2021-08-03T13:58:13Z
182991,Söl,und,"","",,Icelandic,Zane Roskoph,2021-08-05T17:57:25Z
130176,Fjörugrös,und,"","",,Icelandic,Zane Roskoph,2021-08-05T18:04:03Z
10421,Skotanefur,und,"","",,Icelandic,Zane Roskoph,2021-08-06T15:25:15Z
331121,Límóna,und,"","",,Icelandic,Zane Roskoph,2021-08-10T12:20:55Z
3451,Urðardúfa,und,"","",,Icelandic,Zane Roskoph,2021-08-11T11:48:08Z
144516,Svartmáfur,und,"","",,Icelandic,Zane Roskoph,2021-08-11T11:59:08Z
4564,Svölumáfur,und,"","",,Icelandic,Zane Roskoph,2021-08-11T12:41:00Z
18941,Kea,und,"","",,Icelandic,Zane Roskoph,2021-08-12T14:33:22Z
41955,Blettatígur,und,"","",,Icelandic,Zane Roskoph,2021-08-13T12:05:28Z
112581,Fengrani,und,"","",,Icelandic,Zane Roskoph,2021-08-14T18:14:18Z
483213,Alpaklukka,und,"","",,Icelandic,Zane Roskoph,2021-08-17T02:27:35Z
16782,Kóngahersir,und,Iceland,IS,,Icelandic,max kirsch,2021-08-19T05:43:07Z
41964,Ljón,und,"","",,Icelandic,Zane Roskoph,2021-08-24T12:23:13Z
74831,Snjóhlébarði,und,"","",,Icelandic,Zane Roskoph,2021-08-25T11:44:06Z
130796,Síberíutígur,und,"","",,Icelandic,Zane Roskoph,2021-08-26T14:00:28Z
41967,Tígrisdýr,und,"","",,Icelandic,Zane Roskoph,2021-08-26T15:26:23Z
130793,Bengaltígur,und,"","",,Icelandic,Zane Roskoph,2021-08-27T12:27:24Z
114126,Túnfiskur,und,"","",http://www.catalogueoflife.org/annual-checklist/details/species/id/10072982/common/159674,Icelandic,Scott Loarie,2021-08-30T12:33:39Z
114122,Tünfiskur,und,"","",http://www.catalogueoflife.org/annual-checklist/details/species/id/10072976/common/160254,Icelandic,iSea,2021-08-30T12:33:39Z
114126,Tunfiskur,und,"","",http://www.catalogueoflife.org/annual-checklist/details/species/id/10072982/common/159673,Icelandic,Scott Loarie,2021-08-30T12:33:40Z
445715,Blámævill,und,"","",,Icelandic,Zane Roskoph,2021-09-10T14:52:16Z
111990,Murta,und,"","",,Icelandic,Zane Roskoph,2021-09-10T14:53:34Z
101186,Jensensháfur,und,"","",,Icelandic,Zane Roskoph,2021-09-10T14:58:12Z
152974,Sprettfiskur,und,"","",http://www.catalogueoflife.org/annual-checklist/2012/details/species/id/9741333,Icelandic,,2021-09-19T12:43:58Z
152974,Skerjasteinbitur,und,"","",http://www.catalogueoflife.org/annual-checklist/2012/details/species/id/9741333,Icelandic,,2021-09-19T12:44:04Z
60603,Hrognkelsi,und,"","",http://www.catalogueoflife.org/annual-checklist/2012/details/species/id/9741333,Icelandic,,2021-09-19T15:00:05Z
49601,Tunglfiskur,und,"","",http://www.catalogueoflife.org/annual-checklist/2012/details/species/id/9741333,Icelandic,Victor HOYEAU,2021-09-19T15:28:38Z
97990,Síld,und,"","",,Icelandic,Zane Roskoph,2021-09-19T16:10:26Z
97990,Sild,und,"","",,Icelandic,Zane Roskoph,2021-09-19T16:10:50Z
93704,Augnasíld,und,"","",http://www.catalogueoflife.org/annual-checklist/2012/details/species/id/9741333,Icelandic,,2021-09-19T18:31:05Z
51362,Augnasíld,und,"","",http://www.catalogueoflife.org/annual-checklist/2012/details/species/id/9741333,Icelandic,,2021-09-19T18:31:06Z
82128,Beinhákarl,und,"","",http://www.catalogueoflife.org/annual-checklist/2012/details/species/id/9741333,Icelandic,,2021-09-19T19:33:21Z
105913,Lensuháfur,und,"","",http://www.catalogueoflife.org/annual-checklist/2012/details/species/id/9741333,Icelandic,,2021-09-28T11:35:30Z
213519,Steinbítur,und,"","",,Icelandic,Zane Roskoph,2021-10-02T13:46:26Z
47639,Marhnútur,und,"","",http://www.catalogueoflife.org/annual-checklist/2012/details/species/id/9741333,Icelandic,,2021-10-02T14:13:52Z
47638,Marhnútur,und,"","",http://www.catalogueoflife.org/annual-checklist/2012/details/species/id/9741333,Icelandic,,2021-10-02T14:13:52Z
788734,Lysingur,und,"","",http://www.catalogueoflife.org/annual-checklist/2012/details/species/id/9741333,Icelandic,,2021-10-02T14:27:17Z
224886,Lysingur,und,"","",http://www.catalogueoflife.org/annual-checklist/2012/details/species/id/9741333,Icelandic,Mirko Schoenitz,2021-10-02T14:27:18Z
118603,Lýsingur,und,"","",http://www.catalogueoflife.org/annual-checklist/2012/details/species/id/9741333,Icelandic,,2021-10-02T14:27:18Z
224389,Kolbíldur,und,"","",http://www.catalogueoflife.org/annual-checklist/2012/details/species/id/9741333,Icelandic,,2021-10-03T13:57:45Z
213734,Sláni,und,"","",http://www.catalogueoflife.org/annual-checklist/2012/details/species/id/9741333,Icelandic,,2021-10-03T14:06:21Z
93644,Stóri földungur,und,"","",http://www.catalogueoflife.org/annual-checklist/2012/details/species/id/9741333,Icelandic,,2021-10-03T14:14:11Z
120645,Slóans gelgja,und,"","",http://www.catalogueoflife.org/annual-checklist/2012/details/species/id/9741333,Icelandic,,2021-10-03T14:32:21Z
213729,Bjúgtanni,und,"","",http://www.catalogueoflife.org/annual-checklist/2012/details/species/id/9741333,Icelandic,,2021-10-03T14:54:39Z
317049,Gleypir,und,"","",http://www.catalogueoflife.org/annual-checklist/2012/details/species/id/9741333,Icelandic,,2021-10-03T15:00:17Z
317049,Svelgur,und,"","",http://www.catalogueoflife.org/annual-checklist/2012/details/species/id/9741333,Icelandic,,2021-10-03T15:00:23Z
317098,Gapaldur,und,"","",http://www.catalogueoflife.org/annual-checklist/2012/details/species/id/9741333,Icelandic,,2021-10-03T17:46:43Z
459219,Pokakjaftur,und,"","",http://www.catalogueoflife.org/annual-checklist/2012/details/species/id/9741333,Icelandic,,2021-10-03T17:52:16Z
213895,Stinglax,und,"","",http://www.catalogueoflife.org/annual-checklist/2012/details/species/id/9741333,Icelandic,,2021-10-03T22:47:20Z
122916,Guðlax,und,"","",,Icelandic,Zane Roskoph,2021-10-03T23:15:22Z
120657,Flugfiskur,und,"","",http://www.catalogueoflife.org/annual-checklist/2012/details/species/id/9741333,Icelandic,,2021-10-23T14:29:09Z
324558,smokkfiskur,und,"","",,Icelandic,Johan Devos,2021-11-29T15:45:55Z
1087538,Skógarbredda,und,"","",,Icelandic,Sam R,2021-12-15T18:31:08Z
1200342,Beiðubredda,und,"","",,Icelandic,Sam R,2021-12-15T18:32:31Z
1087328,Garðstulta,und,"","",,Icelandic,Sam R,2021-12-15T18:50:47Z
1368483,Leiftur,und,"","",https://www.inaturalist.org/taxon_names/2309659/edit,Icelandic,,2022-03-24T19:41:37Z
1368483,Leifturhnýðir,und,"","",https://www.inaturalist.org/taxon_names/2309660/edit,Icelandic,,2022-03-24T19:41:38Z
469472,epli,und,"","",,Icelandic,10423,2022-03-27T04:36:46Z
1286843,Sefrindill,und,Iceland,IS,,Icelandic,max kirsch,2022-04-12T19:23:31Z
214872,Gljárani,und,"","",,Icelandic,Sam R,2022-04-18T10:31:47Z
213737,Skrápuxi,und,Iceland,IS,,Icelandic,Sam R,2022-04-18T19:39:08Z
458613,Túnuxi,und,Iceland,IS,,Icelandic,Sam R,2022-04-18T19:50:50Z
131826,Maruxi,und,Iceland,IS,,Icelandic,Sam R,2022-04-18T19:52:03Z
451388,Hvannuxi,und,Iceland,IS,,Icelandic,Sam R,2022-04-18T19:55:32Z
1289622,Sjósvala,und,"","",https://www.inaturalist.org/taxon_names/1183141/edit,Icelandic,Cole Gaerber,2022-04-18T20:12:44Z
1289488,Hauksöngvari,und,Iceland,IS,https://www.inaturalist.org/taxon_names/1184717/edit,Icelandic,max kirsch,2022-04-18T20:56:53Z
1289484,Netlusöngvari,und,Iceland,IS,https://www.inaturalist.org/taxon_names/1184718/edit,Icelandic,max kirsch,2022-04-18T20:58:20Z
1289470,Þyrnisöngvari,und,Iceland,IS,https://www.inaturalist.org/taxon_names/1184719/edit,Icelandic,max kirsch,2022-04-18T21:00:33Z
56552,Varmasmiður,und,Iceland,IS,,Icelandic,Sam R,2022-04-25T10:57:52Z
498559,Lækjaklukka,und,Iceland,IS,,Icelandic,Sam R,2022-04-25T17:50:26Z
217274,Eggbobbi,und,"","",,Icelandic,Sam R,2022-04-25T23:25:38Z
1256851,Silfurrani,und,"","",,Icelandic,Sam R,2022-04-30T09:28:45Z
1289604,Toppskarfur,und,Iceland,IS,https://www.inaturalist.org/taxon_names/534429/edit,Icelandic,max kirsch,2022-05-15T02:58:41Z
1300445,Hrafnaklukka,und,"","",,Icelandic,Kai-Philipp Schablewski,2022-07-11T01:32:45Z
204337,Sauðamergur,und,Iceland,IS,,Icelandic,eoe16,2022-08-30T00:58:49Z
83541,Holtasóley,und,Iceland,IS,,Icelandic,eoe16,2022-08-30T12:18:52Z
78352,Mýrasóley,und,Iceland,IS,,Icelandic,eoe16,2022-08-30T12:21:50Z
76812,Krækilyng,und,Iceland,IS,,Icelandic,eoe16,2022-08-30T12:25:20Z
405808,Gulvíðir,und,Iceland,IS,,Icelandic,eoe16,2022-08-30T12:28:20Z
127215,Klófífa,und,Iceland,IS,,Icelandic,eoe16,2022-08-30T12:37:57Z
47161,Stararætt,und,Iceland,IS,,Icelandic,eoe16,2022-08-30T12:39:57Z
324812,Loðvíðir,und,Iceland,IS,,Icelandic,eoe16,2022-08-30T14:33:22Z
118873,Baldursbrá,und,Iceland,IS,,Icelandic,eoe16,2022-08-30T14:37:47Z
84436,Burnirót,und,Iceland,IS,,Icelandic,eoe16,2022-08-30T14:43:48Z
51890,Helluhnoðraætt,und,Iceland,IS,,Icelandic,eoe16,2022-08-30T14:45:07Z
60476,Geldingahnappur,und,Iceland,IS,,Icelandic,eoe16,2022-08-30T15:37:31Z
62312,Bláklukka,und,Iceland,IS,,Icelandic,eoe16,2022-08-30T15:40:50Z
159768,Fjallabláklukka,und,Iceland,IS,,Icelandic,eoe16,2022-08-30T16:03:12Z
52471,Umfeðmingur,und,Iceland,IS,,Icelandic,eoe16,2022-08-30T16:06:31Z
127345,Giljaflækja,und,Iceland,IS,,Icelandic,eoe16,2022-08-30T16:10:05Z
208923,Steindepla,und,Iceland,IS,,Icelandic,eoe16,2022-08-30T16:18:50Z
170185,Fjalladepla,und,Iceland,IS,,Icelandic,eoe16,2022-08-30T16:35:31Z
55749,Lækjadepla,und,Iceland,IS,,Icelandic,eoe16,2022-08-30T17:00:32Z
55666,Varmadepla,und,Iceland,IS,,Icelandic,eoe16,2022-08-30T17:11:46Z
51610,Völudepla,und,Iceland,IS,,Icelandic,eoe16,2022-08-30T17:16:20Z
163230,Dýragras,und,Iceland,IS,,Icelandic,eoe16,2022-08-30T17:19:16Z
76424,Maríuvendlingur,und,Iceland,IS,,Icelandic,eoe16,2022-08-30T17:24:53Z
164758,Blástjarna,und,Iceland,IS,,Icelandic,eoe16,2022-08-30T18:23:11Z
51726,Gleym-mér-ei,und,Iceland,IS,,Icelandic,eoe16,2022-08-30T18:51:45Z
49130,Engjamunablóm,und,Iceland,IS,,Icelandic,eoe16,2022-08-30T18:55:55Z
165350,Blálilja,und,Iceland,IS,,Icelandic,eoe16,2022-08-30T20:14:39Z
127196,Sandmunablóm,und,Iceland,IS,,Icelandic,eoe16,2022-08-30T20:18:49Z
143145,Ertuygla,und,Iceland,IS,,Icelandic,eoe16,2022-08-30T21:51:40Z
70265,Kisugras,und,Iceland,IS,,Icelandic,eoe16,2022-08-30T22:20:46Z
131203,Stúfa,und,Iceland,IS,,Icelandic,eoe16,2022-08-30T22:58:43Z
48984,Fjallakornblóm,und,Iceland,IS,,Icelandic,eoe16,2022-08-30T23:00:33Z
131144,Smjörgras,und,Iceland,IS,,Icelandic,eoe16,2022-08-30T23:34:16Z
133012,Lyngbúi,und,Iceland,IS,,Icelandic,eoe16,2022-08-30T23:45:22Z
55739,Þrenningarfjóla,und,Iceland,IS,,Icelandic,eoe16,2022-08-31T23:00:16Z
61481,Skógfjóla,und,Iceland,IS,,Icelandic,eoe16,2022-08-31T23:07:49Z
131201,Venusvagn,und,Iceland,IS,,Icelandic,eoe16,2022-09-02T23:59:52Z
144489,Grástelkur,und,Iceland,IS,,Icelandic,max kirsch,2022-09-04T18:36:56Z
124359,Týsfjóla,und,Iceland,IS,,Icelandic,eoe16,2022-09-09T00:01:13Z
170239,Birkifjóla,und,Iceland,IS,,Icelandic,eoe16,2022-09-09T00:04:23Z
79514,Mýrfjóla,und,Iceland,IS,,Icelandic,eoe16,2022-09-09T00:06:25Z
121266,Lyfjagras,und,Iceland,IS,,Icelandic,eoe16,2022-09-09T00:10:41Z
129020,Hárdepla,und,Iceland,IS,,Icelandic,eoe16,2022-09-09T00:12:30Z
57858,Laugadepla,und,Iceland,IS,,Icelandic,eoe16,2022-09-09T00:20:16Z
57774,Rauðþörungar,und,"","",,Icelandic,John E. Christensen,2022-09-29T12:07:23Z
1,Dýr,und,"","",,Icelandic,John E. Christensen,2022-10-03T20:21:02Z
170939,Gráösp,und,"","",,Icelandic,Johan Devos,2022-11-17T16:57:10Z
54840,Nöturösp,und,"","",,Icelandic,Johan Devos,2022-11-17T17:05:17Z
52490,Býsveifa,und,"","",,Icelandic,Sam R,2022-11-20T16:49:51Z
52488,Kjarrsveifa,und,"","",,Icelandic,Sam R,2022-11-25T20:45:52Z
322366,Blómsveifa,und,"","",,Icelandic,Sam R,2022-11-25T20:46:32Z
311346,Amöbur,und,"","",,Icelandic,Johan Devos,2023-01-18T14:33:25Z
47604,Körfublómaætt,und,"","",,Icelandic,John E. Christensen,2023-01-30T13:46:58Z
1445691,Silvurskotta,und,"","",https://www.inaturalist.org/taxon_names/503317/edit,Icelandic,,2023-01-30T21:51:45Z
71297,Skónefur,und,"","",,Icelandic,John E. Christensen,2023-01-31T12:37:34Z
1289388,Rauðkollur,und,Iceland,IS,https://www.inaturalist.org/taxon_names/1184728/edit,Icelandic,max kirsch,2023-02-14T21:41:44Z
216505,Strandfíkill,und,"","",,Icelandic,Sam R,2023-02-25T18:02:49Z
41541,Rispuhöfrungur,und,"","",,Icelandic,Sigrún H.,2023-03-18T13:47:31Z
55838,Skarfakál,und,"","",,Icelandic,fikjumadurinn,2023-03-19T18:09:29Z
125787,Fuglaertur,und,"","",,Icelandic,fikjumadurinn,2023-03-19T18:10:18Z
57005,Skurfa,und,"","",,Icelandic,fikjumadurinn,2023-03-19T18:12:49Z
62336,Ætihvönn,und,"","",,Icelandic,fikjumadurinn,2023-03-19T18:14:55Z
55821,Túnsúra,und,"","",,Icelandic,fikjumadurinn,2023-03-19T18:16:39Z
148937,Hrossanál,und,"","",,Icelandic,fikjumadurinn,2023-03-19T18:22:21Z
168241,Njóli,und,"","",,Icelandic,fikjumadurinn,2023-03-19T18:26:01Z
1105043,Vallhumall,und,"","",,Icelandic,fikjumadurinn,2023-03-19T18:35:30Z
47697,Næturfjóla,und,"","",,Icelandic,M. Whitson,2023-03-25T01:51:43Z
168826,Stormþulur,und,"","",,Icelandic,M. Whitson,2023-03-25T01:54:05Z
56916,Vatnsnafli,und,"","",,Icelandic,M. Whitson,2023-03-25T02:14:58Z
77422,Lófótur,und,"","",,Icelandic,M. Whitson,2023-03-25T02:17:13Z
52658,Sóldögg,und,"","",,Icelandic,M. Whitson,2023-03-25T02:19:59Z
47332,Draumsóleyjarætt,und,"","",,Icelandic,M. Whitson,2023-03-25T02:30:20Z
41545,Nefhöfrungur,und,"","",,Icelandic,Sigrún H.,2023-03-29T23:37:05Z
41490,Flóðahöfrungur,und,"","",,Icelandic,Sigrún H.,2023-03-29T23:38:21Z
41488,Kryppuhöfrungur,und,"","",,Icelandic,Sigrún H.,2023-03-29T23:40:30Z
41487,Hnúðhöfrungur,und,"","",,Icelandic,Sigrún H.,2023-03-29T23:41:38Z
41496,Trjónuskoppari,und,"","",,Icelandic,Sigrún H.,2023-03-29T23:42:44Z
41541,Grámi,und,"","",,Icelandic,Sigrún H.,2023-03-29T23:44:59Z
41523,Malajahöfrungur,und,"","",,Icelandic,Sigrún H.,2023-03-29T23:46:39Z
41539,Háhyrningsbróðir,und,Iceland,IS,,Icelandic,Sigrún H.,2023-03-29T23:47:39Z
1368492,Dökkvahnýðir,und,Iceland,IS,,Icelandic,Sigrún H.,2023-03-29T23:48:31Z
1368491,Skelluhnýðir,und,Iceland,IS,,Icelandic,Sigrún H.,2023-03-29T23:49:25Z
1368489,Ránarhnýðir,und,Iceland,IS,,Icelandic,Sigrún H.,2023-03-29T23:50:22Z
41519,Irravaddíhöfrungur,und,Iceland,IS,,Icelandic,Sigrún H.,2023-03-29T23:51:13Z
486706,Skógarsveifa,und,"","",,Icelandic,Sam R,2023-04-15T23:59:56Z
226717,Trjákeppur,und,"","",,Icelandic,Sam R,2023-04-20T23:28:10Z
362339,Kampaskotta,und,"","",,Icelandic,Sam R,2023-04-24T00:38:53Z
131009,Kragasmiður,und,"","",,Icelandic,Sam R,2023-04-24T20:26:16Z
131113,Hagasmella,und,"","",,Icelandic,Sam R,2023-05-03T20:52:58Z
229733,Moðuxi,und,"","",,Icelandic,Sam R,2023-05-03T20:59:41Z
457864,Molduxi,und,"","",,Icelandic,Sam R,2023-05-03T21:23:31Z
55617,Lyngbobbi,und,Iceland,IS,,Icelandic,Barnaby Walters,2023-05-07T01:48:53Z
456111,Túnarani,und,"","",,Icelandic,Sam R,2023-05-11T11:11:07Z
853329,Sóttarlöpp,und,"","",,Icelandic,Sam R,2023-05-26T00:43:24Z
165100,Loðna,und,Iceland,IS,,Icelandic,eoe16,2023-06-12T14:43:19Z
124544,Skógarkerfill,und,Iceland,IS,,Icelandic,eoe16,2023-06-12T18:22:20Z
340946,Mosadoppa,und,"","",,Icelandic,Johan Devos,2023-06-14T21:14:58Z
61112,Skriðdepla,und,Iceland,IS,,Icelandic,eoe16,2023-06-16T13:39:59Z
79342,Brjóstagras,und,Iceland,IS,,Icelandic,eoe16,2023-06-16T13:41:05Z
52764,Blákolla,und,Iceland,IS,,Icelandic,eoe16,2023-06-16T13:43:17Z
85429,Blágresi,und,Iceland,IS,,Icelandic,eoe16,2023-06-16T13:44:49Z
163245,Engjavöndur,und,Iceland,IS,,Icelandic,eoe16,2023-06-16T13:46:51Z
245736,Maríuvöndur,und,Iceland,IS,,Icelandic,eoe16,2023-06-16T13:48:35Z
509248,Gullvöndur,und,Iceland,IS,,Icelandic,eoe16,2023-06-16T13:50:55Z
118549,Baunagras,und,Iceland,IS,,Icelandic,eoe16,2023-06-16T13:52:45Z
77642,Mýraertur,und,Iceland,IS,,Icelandic,eoe16,2023-06-16T13:55:06Z
166760,Bláklukkulyng,und,Iceland,IS,,Icelandic,eoe16,2023-06-16T17:10:30Z
128880,Vetrarblóm,und,Iceland,IS,,Icelandic,eoe16,2023-06-16T17:13:12Z
82159,Brönugrös,und,Iceland,IS,,Icelandic,eoe16,2023-06-16T17:14:48Z
129115,Rauðkollur,und,Iceland,IS,,Icelandic,eoe16,2023-06-16T17:16:47Z
60132,Þistill,und,Iceland,IS,,Icelandic,eoe16,2023-06-16T17:17:50Z
332681,Purpuraþistill,und,Iceland,IS,,Icelandic,eoe16,2023-06-16T17:19:20Z
77990,Vatnamynta,und,Iceland,IS,,Icelandic,eoe16,2023-06-16T17:20:52Z
55851,Akurtvítönn,und,Iceland,IS,,Icelandic,eoe16,2023-06-16T17:22:22Z
55459,Varpatvítönn,und,Iceland,IS,,Icelandic,eoe16,2023-06-16T17:24:19Z
740984,Munkahetta,und,Iceland,IS,,Icelandic,eoe16,2023-06-16T17:40:21Z
741458,Ljósberi,und,Iceland,IS,,Icelandic,eoe16,2023-06-16T17:42:33Z
55759,Dagstjarna,und,Iceland,IS,,Icelandic,eoe16,2023-06-16T17:43:58Z
711103,Roðafífill,und,Iceland,IS,,Icelandic,eoe16,2023-06-16T17:45:55Z
957533,Höskollur,und,Iceland,IS,,Icelandic,eoe16,2023-06-16T17:49:25Z
564969,Sigurskúfur,und,Iceland,IS,,Icelandic,eoe16,2023-06-16T17:51:36Z
564970,Eyrarrós,und,Iceland,IS,,Icelandic,eoe16,2023-06-16T17:53:10Z
322341,Lindadúnurt,und,Iceland,IS,,Icelandic,eoe16,2023-06-16T17:56:12Z
76832,Heiðadúnurt,und,Iceland,IS,,Icelandic,eoe16,2023-06-16T17:57:24Z
53050,Vætudúnurt,und,Iceland,IS,,Icelandic,eoe16,2023-06-16T17:59:04Z
474457,Klappadúnurt,und,Iceland,IS,,Icelandic,eoe16,2023-06-16T18:00:42Z
76841,Mýradúnurt,und,Iceland,IS,,Icelandic,eoe16,2023-06-16T18:02:31Z
76826,Fjalladúnurt,und,Iceland,IS,,Icelandic,eoe16,2023-06-16T18:03:51Z
62213,Engjarós,und,Iceland,IS,,Icelandic,eoe16,2023-06-16T18:09:06Z
55979,Garðahjálmgras,und,Iceland,IS,,Icelandic,eoe16,2023-06-16T18:10:26Z
167433,Maríulykill,und,Iceland,IS,,Icelandic,eoe16,2023-06-16T18:11:34Z
118545,Holurt,und,Iceland,IS,,Icelandic,eoe16,2023-06-16T18:13:28Z
68886,Lambagras,und,Iceland,IS,,Icelandic,eoe16,2023-06-16T18:15:58Z
85441,Ljónslappi,und,Iceland,IS,,Icelandic,eoe16,2023-06-16T18:20:42Z
84328,Gulmaðra,und,Iceland,IS,,Icelandic,eoe16,2023-06-16T18:24:30Z
167020,Friggjargras,und,Iceland,IS,,Icelandic,eoe16,2023-06-16T18:26:38Z
52821,Vallhumall,und,Iceland,IS,,Icelandic,eoe16,2023-06-16T18:28:25Z
119450,Beitilyng,und,Iceland,IS,,Icelandic,eoe16,2023-06-16T18:30:38Z
68049,Sortulyng,und,Iceland,IS,,Icelandic,eoe16,2023-06-16T18:32:43Z
52836,Hvannir,und,Iceland,IS,,Icelandic,eoe16,2023-06-18T17:03:55Z
48699,Sveipjurtaætt,und,Iceland,IS,,Icelandic,eoe16,2023-06-18T17:05:53Z
211194,Æðplöntur,und,Iceland,IS,,Icelandic,eoe16,2023-06-18T17:07:14Z
169783,Sýkigras,und,Iceland,IS,,Icelandic,eoe16,2023-06-18T17:09:43Z
71426,Sýkigrasætt,und,Iceland,IS,,Icelandic,eoe16,2023-06-18T17:10:52Z
47163,Einkímblöðungar,und,Iceland,IS,,Icelandic,eoe16,2023-06-18T17:11:39Z
159228,Fjalldrapi,und,Iceland,IS,,Icelandic,eoe16,2023-06-18T17:17:01Z
49155,Bjarkarætt,und,Iceland,IS,,Icelandic,eoe16,2023-06-18T17:18:02Z
162543,Fjallakobbi,und,Iceland,IS,,Icelandic,eoe16,2023-06-18T17:23:03Z
162456,Jakobsfífill,und,Iceland,IS,,Icelandic,eoe16,2023-06-18T17:25:32Z
162487,Snækobbi,und,Iceland,IS,,Icelandic,eoe16,2023-06-18T17:26:54Z
47217,Brönugrasaætt,und,Iceland,IS,,Icelandic,eoe16,2023-06-18T17:44:40Z
78016,Horblaðka,und,Iceland,IS,,Icelandic,eoe16,2023-06-18T17:50:03Z
62369,Horblöðkuætt,und,Iceland,IS,,Icelandic,eoe16,2023-06-18T17:51:32Z
48064,Maríulykilsætt,und,Iceland,IS,,Icelandic,eoe16,2023-06-18T17:58:36Z
371656,Mýraberjalyng,und,Iceland,IS,,Icelandic,eoe16,2023-06-18T18:02:54Z
51875,Rauðsmári,und,Iceland,IS,,Icelandic,eoe16,2023-06-18T18:06:12Z
47122,Ertublómaætt,und,Iceland,IS,,Icelandic,eoe16,2023-06-18T18:07:12Z
85065,Skógarsmári,und,Iceland,IS,,Icelandic,eoe16,2023-06-18T18:09:08Z
168753,Flagahnoðri,und,Iceland,IS,,Icelandic,eoe16,2023-06-18T18:13:12Z
162431,Haustlyng,und,Iceland,IS,,Icelandic,eoe16,2023-06-18T18:15:51Z
60478,Gullintoppuætt,und,Iceland,IS,,Icelandic,eoe16,2023-06-18T18:45:31Z
429796,Glitrós,und,Iceland,IS,,Icelandic,eoe16,2023-06-18T18:47:19Z
54531,Hrafnaklukka,und,Iceland,IS,,Icelandic,eoe16,2023-06-18T18:51:42Z
47204,Krossblómaætt,und,Iceland,IS,,Icelandic,eoe16,2023-06-18T18:53:25Z
162680,Hrafnafífa,und,Iceland,IS,,Icelandic,eoe16,2023-06-18T19:34:14Z
78985,Þúfusteinbrjótur,und,Iceland,IS,,Icelandic,eoe16,2023-06-18T19:37:25Z
78450,Tjarnablaðka,und,Iceland,IS,,Icelandic,eoe16,2023-06-18T21:10:46Z
56166,Flóajurt,und,Iceland,IS,,Icelandic,eoe16,2023-06-18T21:12:52Z
127029,Aðalbláberjalyng,und,Iceland,IS,,Icelandic,eoe16,2023-06-18T21:32:12Z
64714,Bláberjalyng,und,Iceland,IS,,Icelandic,eoe16,2023-06-18T21:35:18Z
59016,Efjugras,und,Iceland,IS,,Icelandic,eoe16,2023-06-18T21:39:41Z
204175,Sandlæðingur,und,Iceland,IS,,Icelandic,eoe16,2023-06-18T22:01:27Z
167723,Jöklasóley,und,Iceland,IS,,Icelandic,eoe16,2023-06-18T22:10:39Z
1473092,Garðasól,und,"","",https://www.inaturalist.org/taxon_names/3299495/edit,Icelandic,,2023-06-20T16:55:06Z
227186,Hnoðakönguló,und,Iceland,IS,,Icelandic,eoe16,2023-06-29T15:53:56Z
168337,Grasvíðir,und,Iceland,IS,,Icelandic,eoe16,2023-06-29T19:06:53Z
78794,Klukkublóm,und,Iceland,IS,,Icelandic,eoe16,2023-07-20T07:14:34Z
61470,Lokasjóður,und,Iceland,IS,,Icelandic,eoe16,2023-07-24T12:21:00Z
993152,Laufrani,und,"","",,Icelandic,Sam R,2023-09-06T11:59:05Z
1500452,Steypireyður × Langreyður,und,Iceland,IS,,Icelandic,max kirsch,2023-10-04T19:13:47Z
131049,Grefilsmiður,und,"","",,Icelandic,Sam R,2023-10-16T16:50:10Z
72516,Alpasvölungur,und,"","",https://www.inaturalist.org/taxon_names/1184607/edit,Icelandic,Donald Davesne,2023-10-29T11:53:39Z
4788,Fjalllóa,und,"","",https://www.inaturalist.org/taxon_names/1183763/edit,Icelandic,Victor HOYEAU,2023-10-29T13:13:47Z
1505629,Auðnalóa,und,"","",https://www.inaturalist.org/taxon_names/1183762/edit,Icelandic,,2023-10-30T00:55:05Z
12830,Nunnudepill,und,"","",,Icelandic,max kirsch,2023-11-01T21:42:37Z
82685,Gullkollur,und,Iceland,IS,,Icelandic,Freyr Smári,2023-11-28T15:49:41Z
48715,Berserkur,und,Iceland,IS,,Icelandic,Freyr Smári,2023-11-28T16:10:56Z
47392,Ullblekill,und,"","",,Icelandic,Freyr Smári,2023-11-28T16:13:12Z
955949,Sítrónubikarlingur,und,Iceland,IS,,Icelandic,Freyr Smári,2023-11-28T16:16:47Z
924908,Alpaglitnir,und,Iceland,IS,,Icelandic,Freyr Smári,2023-11-28T16:19:05Z
48424,Slímgompur,und,"","",,Icelandic,Freyr Smári,2023-11-28T16:24:04Z
472765,Birkibólstur,und,Iceland,IS,,Icelandic,Freyr Smári,2023-11-28T16:26:18Z
336951,Nátvífætla,und,Iceland,IS,,Icelandic,Freyr Smári,2023-11-28T16:30:03Z
153445,Ígulskrýfa,und,Iceland,IS,,Icelandic,Freyr Smári,2023-11-28T16:39:21Z
55767,Rósagrýta,und,Iceland,IS,,Icelandic,Freyr Smári,2023-11-28T16:42:39Z
167684,Hraungambri,und,Iceland,IS,,Icelandic,Freyr Smári,2023-11-28T16:48:26Z
55745,Hvítsmári,und,Iceland,IS,,Icelandic,Freyr Smári,2023-11-28T16:55:32Z
56064,Brennisóley,und,Iceland,IS,,Icelandic,Freyr Smári,2023-11-28T18:48:45Z
130545,Kornsúra,und,Iceland,IS,,Icelandic,Freyr Smári,2023-11-28T18:49:57Z
67591,Ólafssúra,und,Iceland,IS,,Icelandic,Freyr Smári,2023-11-28T18:50:50Z
56224,Hófsóley,und,Iceland,IS,,Icelandic,Freyr Smári,2023-11-28T18:51:55Z
61856,Húshumla,und,Iceland,IS,,Icelandic,Freyr Smári,2023-11-28T18:52:58Z
452446,Móhumla,und,Iceland,IS,,Icelandic,Freyr Smári,2023-11-28T18:55:36Z
121989,Garðhumla,und,Iceland,IS,,Icelandic,Freyr Smári,2023-11-28T18:56:30Z
61803,Rauðhumla,und,Iceland,IS,,Icelandic,Freyr Smári,2023-11-28T18:57:18Z
55637,Ryðhumla,und,Iceland,IS,,Icelandic,Freyr Smári,2023-11-28T18:58:45Z
47219,Hunangsbý,und,Iceland,IS,,Icelandic,Freyr Smári,2023-11-28T19:01:14Z
56063,Reynir,und,Iceland,IS,,Icelandic,Freyr Smári,2023-11-28T19:03:23Z
219829,Mófeti,und,"","",,Icelandic,Sam R,2024-01-01T23:03:53Z
211009,Skrautfeti,und,"","",,Icelandic,Sam R,2024-01-01T23:09:26Z
205039,Birkifeti,und,"","",,Icelandic,Sam R,2024-01-01T23:10:27Z
483294,Klettafeti,und,"","",,Icelandic,Sam R,2024-01-01T23:11:30Z
60780,Haustfeti,und,"","",,Icelandic,Sam R,2024-01-01T23:12:49Z
221602,Víðifeti,und,"","",,Icelandic,Sam R,2024-01-01T23:14:15Z
483413,Jarðygla,und,"","",,Icelandic,Sam R,2024-01-01T23:15:05Z
805808,Birkikemba,und,"","",,Icelandic,Sam R,2024-01-01T23:15:46Z
324217,Grasygla,und,"","",,Icelandic,Sam R,2024-01-01T23:16:37Z
233739,Túnfeti,und,"","",,Icelandic,Sam R,2024-01-02T01:17:44Z
127618,Möðrufeti,und,"","",,Icelandic,Sam R,2024-01-02T02:45:52Z
49133,Aðmíráll,und,"","",,Icelandic,Sam R,2024-01-02T02:46:47Z
219979,Brandygla,und,"","",,Icelandic,Sam R,2024-01-02T02:47:57Z
460241,Dumbygla,und,"","",,Icelandic,Sam R,2024-01-02T02:52:17Z
333907,Reyrslæða,und,"","",,Icelandic,Sam R,2024-01-02T02:53:23Z
212346,Birkivefari,und,"","",,Icelandic,Sam R,2024-01-02T02:54:09Z
320282,Mýrfeti,und,"","",,Icelandic,Sam R,2024-01-02T02:54:48Z
229513,Víðiglæða,und,"","",,Icelandic,Sam R,2024-01-02T02:55:31Z
132718,Mykjufluga,und,"","",,Icelandic,Sam R,2024-01-02T08:16:52Z
416144,Trjágeitungur,und,"","",,Icelandic,Sam R,2024-01-02T08:18:53Z
326631,Galdralöpp,und,"","",,Icelandic,Sam R,2024-01-02T08:19:45Z
52486,Randasveifa,und,"","",,Icelandic,Sam R,2024-01-02T08:20:30Z
61917,Folafluga,und,"","",,Icelandic,Sam R,2024-01-02T08:21:14Z
131873,Járnsmiður,und,"","",,Icelandic,Sam R,2024-01-02T08:21:54Z
127777,Holugeitungur,und,"","",,Icelandic,Sam R,2024-01-02T08:22:33Z
194032,Þangfluga,und,"","",,Icelandic,Sam R,2024-01-02T08:23:20Z
205977,Flikrudepla,und,"","",,Icelandic,Sam R,2024-01-02T08:25:05Z
483637,Asparglytta,und,"","",,Icelandic,Sam R,2024-01-02T08:25:43Z
359385,Birkiþéla,und,"","",,Icelandic,Sam R,2024-01-02T08:26:21Z
337416,Ánabokka,und,"","",,Icelandic,Sam R,2024-01-02T08:27:02Z
486716,Glersveifa,und,"","",,Icelandic,Sam R,2024-01-02T08:28:09Z
322691,Hræbokka,und,"","",,Icelandic,Sam R,2024-01-02T08:28:49Z
120156,Húsfluga,und,"","",,Icelandic,Sam R,2024-01-02T08:29:32Z
497713,Humlusveifa,und,"","",,Icelandic,Sam R,2024-01-02T08:31:17Z
546001,Víðirani,und,"","",,Icelandic,Sam R,2024-01-02T08:32:22Z
131880,Glitsmiður,und,"","",,Icelandic,Sam R,2024-01-02T08:35:50Z
486661,Snjáldursveifa,und,"","",,Icelandic,Sam R,2024-01-02T08:37:11Z
126802,Þerrilöpp,und,"","",,Icelandic,Sam R,2024-01-02T08:39:46Z
1525546,Anístrektla,und,"","",https://www.inaturalist.org/taxon_names/3495489/edit,Icelandic,,2024-01-21T17:48:17Z
209705,Strandsmiður,und,"","",,Icelandic,Sam R,2024-02-08T01:20:59Z
545779,Búrgæra,und,"","",,Icelandic,Sam R,2024-02-08T01:24:07Z
457535,Stranduxi,und,"","",,Icelandic,Sam R,2024-02-08T01:27:47Z
131908,Garðasmiður,und,"","",,Icelandic,Sam R,2024-02-08T01:29:26Z
122238,Grálodda,und,"","",,Icelandic,Sam R,2024-02-18T22:51:19Z
115167,sverðfiskur,und,"","",,Icelandic,Johan Devos,2024-02-28T20:53:09Z
457557,Skánaruxi,und,"","",,Icelandic,Sam R,2024-03-14T17:48:44Z
783978,Mýrakönguló,und,"","",,Icelandic,Sam R,2024-03-15T14:29:54Z
783954,Snæló,und,"","",,Icelandic,Sam R,2024-03-15T19:41:19Z
67328,Leggjakönguló,und,"","",,Icelandic,Sam R,2024-03-15T23:26:51Z
67905,Gráhaddur,und,"","",,Icelandic,Sam R,2024-03-28T12:14:55Z
55734,Helluhnoðri,und,"","",,Icelandic,Sam R,2024-03-28T12:15:59Z
165601,Síkjamari,und,"","",,Icelandic,Sam R,2024-03-28T12:17:52Z
167121,Melhöttur,und,"","",,Icelandic,Sam R,2024-03-28T12:19:35Z
123390,Silfurhnokki,und,"","",,Icelandic,Sam R,2024-03-28T12:20:34Z
68770,Klóþangsklungur,und,"","",,Icelandic,Sam R,2024-03-28T12:22:07Z
130213,Beitukóngur,und,Iceland,IS,,Icelandic,Freyr Smári,2024-04-24T14:44:28Z
52523,Bogkrabbi,und,Iceland,IS,,Icelandic,Freyr Smári,2024-04-24T14:51:29Z
53739,Grjótkrabbi,und,Iceland,IS,,Icelandic,Freyr Smári,2024-04-24T14:52:20Z
522058,Silakeppur,und,"","",,Icelandic,Sam R,2024-04-28T00:08:49Z
396021,Húsþjófur,und,"","",,Icelandic,Sam R,2024-05-05T09:29:00Z
851710,Rotuxi,und,"","",,Icelandic,Sam R,2024-05-07T12:14:31Z
778388,Hagabrúða,und,"","",https://www.inaturalist.org/taxon_names/3366519/edit,Icelandic,,2024-05-10T12:23:41Z
53926,Dritbjalla,und,"","",,Icelandic,Sam R,2024-05-11T11:07:26Z
131970,Mjölbjalla,und,"","",,Icelandic,Sam R,2024-05-11T11:08:24Z
232867,Hveitibjalla,und,"","",,Icelandic,Sam R,2024-05-11T11:09:03Z
232865,Kornbjalla,und,"","",,Icelandic,Sam R,2024-05-11T11:10:23Z
232866,Sterkjubjalla,und,"","",,Icelandic,Sam R,2024-05-11T11:11:08Z
336997,Barkartvífætla,und,"","",,Icelandic,Sam R,2024-05-11T11:11:56Z
133831,Dropatvífætla,und,"","",,Icelandic,Sam R,2024-05-11T11:12:49Z
48648,Atlantshafslax,und,"","",,Icelandic,max kirsch,2024-07-02T00:12:00Z
144296,Sæskúmur,und,"","",,Icelandic,max kirsch,2024-07-02T01:20:05Z
