id,vernacularName,language,locality,countryCode,source,lexicon,contributor,created
32093,limacoa,und,"","",,Tarahumara,M. Domínguez-Laso,2013-05-08T00:07:47Z
30740,chachamuri,und,"","",,Tarahumara,Ken-ichi Ueda,2013-05-08T00:27:39Z
30729,chachamuri,und,"","",,Tarahumara,Daniel Alexander Carrillo Mtz,2013-05-08T00:27:48Z
30705,chachamuri,und,"","",,Tarahumara,Ken-ichi Ueda,2013-05-08T00:28:10Z
47118,Narúchari,und,"","",,Tarahumara,Diego Barrales,2015-09-29T15:57:51Z
85035,Chabochi,und,"","",,Tarahumara,Diego Barrales,2015-09-29T16:00:47Z
48894,Machiri,und,"","",,Tarahumara,Diego Barrales,2015-09-29T16:01:41Z
51672,Machá,und,"","",,Tarahumara,Diego Barrales,2015-09-29T16:02:33Z
47424,Sipurí,und,"","",,Tarahumara,Diego Barrales,2015-09-29T16:03:03Z
47424,Sipúruhui,und,"","",,Tarahumara,Diego Barrales,2015-09-29T16:03:41Z
315018,cusabi,und,"","",,Tarahumara,Bodo Nuñez Oberg,2017-07-10T00:35:30Z
18284,Cumecócari,und,"","",,Tarahumara,Daniel Alexander Carrillo Mtz,2019-04-30T02:37:50Z
