id,vernacularName,language,locality,countryCode,source,lexicon,contributor,created
47434,Треви,mk,"","",,Macedonian,John E. Christensen,2017-11-29T09:57:20Z
47903,Кактус,mk,"","",,Macedonian,John E. Christensen,2017-12-19T12:55:29Z
311249,Мов,mk,"","",,Macedonian,John E. Christensen,2018-01-01T10:04:30Z
56091,Боболка,mk,"","",,Macedonian,John E. Christensen,2018-02-18T14:07:24Z
372739,Шестноги,mk,"","",,Macedonian,John E. Christensen,2018-03-07T09:50:56Z
47603,Глуварче,mk,"","",,Macedonian,John E. Christensen,2018-04-30T15:06:54Z
67759,Коријандер,mk,"","",,Macedonian,John E. Christensen,2018-05-06T07:30:03Z
41663,Ракун,mk,"","",,Macedonian,John E. Christensen,2018-05-22T19:53:25Z
48623,Усноцветни,mk,"","",,Macedonian,John E. Christensen,2018-07-25T20:41:17Z
151882,Гинко,mk,"","",,Macedonian,John E. Christensen,2018-08-12T07:03:28Z
121943,Папрат,mk,"","",,Macedonian,John E. Christensen,2018-08-12T07:11:16Z
64615,Џигерница,mk,"","",,Macedonian,John E. Christensen,2018-09-03T15:06:22Z
49315,Обичен октопод,mk,"","",,Macedonian,Bobby McCabe,2018-09-26T16:05:55Z
47459,Главоноги,mk,"","",,Macedonian,Bobby McCabe,2018-10-09T05:37:20Z
41964,Лав,mk,"","",,Macedonian,Bobby McCabe,2018-10-22T04:12:14Z
41970,Јагуар,mk,"","",,Macedonian,Bobby McCabe,2018-10-22T04:32:52Z
41963,Леопард,mk,"","",,Macedonian,Bobby McCabe,2018-10-22T04:56:25Z
41967,Тигар,mk,"","",,Macedonian,Bobby McCabe,2018-10-22T05:14:54Z
74831,Снежен леопард,mk,"","",,Macedonian,Bobby McCabe,2018-10-22T05:36:05Z
41955,Гепард,mk,"","",,Macedonian,Bobby McCabe,2018-10-22T13:12:34Z
42007,Пума,mk,"","",,Macedonian,Bobby McCabe,2018-10-22T13:39:43Z
42007,Кагуар,mk,"","",,Macedonian,Bobby McCabe,2018-10-22T13:40:05Z
42007,Планински лав,mk,"","",,Macedonian,Bobby McCabe,2018-10-22T13:40:29Z
41641,Кафеава мечка,mk,"","",,Macedonian,Bobby McCabe,2018-10-22T22:46:21Z
41659,Џиновска панда,mk,"","",,Macedonian,Bobby McCabe,2018-10-23T00:43:33Z
41644,Бела мечка,mk,"","",,Macedonian,Bobby McCabe,2018-10-23T21:44:39Z
41644,Поларна мечка,mk,"","",,Macedonian,Bobby McCabe,2018-10-23T21:45:28Z
41638,Американска црна мечка,mk,"","",,Macedonian,Bobby McCabe,2018-10-24T13:22:20Z
41647,Азиска црна мечка,mk,"","",,Macedonian,Bobby McCabe,2018-10-24T14:31:21Z
711631,Тибетска црна мечка,mk,"","",,Macedonian,Bobby McCabe,2018-10-24T14:31:53Z
554363,Хималајска црна мечка,mk,"","",,Macedonian,Bobby McCabe,2018-10-24T14:33:01Z
43697,Азиски слон,mk,"","",,Macedonian,Bobby McCabe,2018-10-26T21:10:25Z
47336,Мравка,mk,"","",,Macedonian,John E. Christensen,2018-11-01T16:34:00Z
43692,Слон,mk,"","",,Macedonian,Bobby McCabe,2018-11-01T19:17:45Z
43694,Африкански савана слон,mk,"","",,Macedonian,Bobby McCabe,2018-11-10T23:34:32Z
357910,Африкански шума слон,mk,"","",,Macedonian,Bobby McCabe,2018-11-22T17:41:09Z
43348,Бел носорог,mk,"","",,Macedonian,Bobby McCabe,2018-11-26T13:39:28Z
47851,Даб,mk,"","",,Macedonian,John E. Christensen,2018-11-26T15:14:29Z
848319,Торбарите,mk,"","",,Macedonian,Bobby McCabe,2019-01-18T21:35:29Z
40151,Цицачи,mk,"","",,Macedonian,John E. Christensen,2019-02-07T16:19:00Z
121039,Гавијаловидни,mk,"","",,Macedonian,John E. Christensen,2019-02-08T15:30:24Z
133387,Вресови,mk,"","",,Macedonian,John E. Christensen,2019-04-07T11:53:47Z
81542,Едногрба камила,mk,"","",,Macedonian,Bobby McCabe,2019-04-11T14:44:08Z
81542,Дромедар,mk,"","",,Macedonian,Bobby McCabe,2019-04-11T14:44:50Z
81542,Арапска камила,mk,"","",,Macedonian,Bobby McCabe,2019-04-11T14:45:09Z
147328,Кардинал,mk,"","",,Macedonian,Jonathan Hoskins,2019-04-12T21:50:20Z
43236,Птицечовка,mk,"","",,Macedonian,Bobby McCabe,2019-04-18T15:33:43Z
74113,Домашно говедо,mk,"","",,Macedonian,Bobby McCabe,2019-05-07T14:40:03Z
74113,Крава,mk,"","",,Macedonian,Bobby McCabe,2019-05-07T14:40:28Z
131201,Едич,mk,"","",,Macedonian,John E. Christensen,2019-09-03T16:05:58Z
72281,Мушкатла,mk,"","",,Macedonian,John E. Christensen,2019-10-26T07:11:01Z
505478,Кокошка,mk,"","",,Macedonian,John E. Christensen,2019-12-18T08:43:50Z
48460,Живот,mk,"","",,Macedonian,cassi saari,2020-01-30T18:23:02Z
1199,Паун,mk,"","",https://eol.org/pages/45510661,Macedonian,,2020-06-16T05:15:38Z
48536,Аруми,mk,"","",,Macedonian,John E. Christensen,2020-07-03T13:15:33Z
115268,Vretenar,mk,"","",http://www.catalogueoflife.org/annual-checklist/details/species/id/10071454/common/291022,Macedonian,,2021-07-27T14:36:41Z
47516,Калифорниска пастрмка,mk,"","",,Macedonian,Zane Roskoph,2021-07-29T23:20:18Z
41972,Облачен леопард,mk,"","",,Macedonian,Zane Roskoph,2021-07-30T12:56:42Z
74753,Борнејски облачен леопард,mk,"","",,Macedonian,Zane Roskoph,2021-07-30T13:12:08Z
50873,Голема бела ајкула,mk,"","",,Macedonian,Zane Roskoph,2021-07-30T14:02:10Z
26076,Филипински крокодил,mk,"","",,Macedonian,Zane Roskoph,2021-07-30T15:07:04Z
26061,Кубански крокодил,mk,"","",,Macedonian,Zane Roskoph,2021-07-30T15:20:56Z
123749,Кермодова мечка,mk,"","",,Macedonian,Zane Roskoph,2021-08-02T00:40:34Z
26081,Ориночки крокодил,mk,"","",,Macedonian,Zane Roskoph,2021-08-02T23:26:02Z
52459,жолт хирург,mk,"","",,Macedonian,Zane Roskoph,2021-08-03T13:15:30Z
52188,Кит-ајкула,mk,"","",,Macedonian,Zane Roskoph,2021-08-03T14:02:00Z
112841,Гренландска ајкула,mk,"","",,Macedonian,Zane Roskoph,2021-08-03T15:31:01Z
52729,пони-риби,mk,"","",https://eol.org/pages/5300,Macedonian,,2021-08-03T19:48:47Z
49105,листен морски змеј,mk,"","",,Macedonian,Zane Roskoph,2021-08-05T13:45:42Z
35347,морска игуана,mk,"","",,Macedonian,Zane Roskoph,2021-08-10T19:50:01Z
4564,галапагоски галеб,mk,"","",,Macedonian,Zane Roskoph,2021-08-11T12:36:15Z
41738,галапагоски морски лав,mk,"","",,Macedonian,Zane Roskoph,2021-08-11T19:17:19Z
41724,морски леопард,mk,"","",,Macedonian,Zane Roskoph,2021-08-11T19:28:22Z
54699,Манука,mk,"","",,Macedonian,Zane Roskoph,2021-08-12T12:56:11Z
210165,Канука,mk,"","",,Macedonian,Zane Roskoph,2021-08-12T13:00:12Z
18941,Кеа,mk,"","",,Macedonian,Zane Roskoph,2021-08-12T14:40:02Z
147527,азиски гепард,mk,"","",,Macedonian,Zane Roskoph,2021-08-13T11:45:00Z
112581,Som,mk,"","",,Macedonian,Zane Roskoph,2021-08-14T18:34:18Z
41553,Син кит,mk,"","",,Macedonian,Zane Roskoph,2021-08-15T15:08:24Z
41570,северноатлантски леден кит,mk,"","",,Macedonian,Zane Roskoph,2021-08-15T17:21:48Z
41461,белуга,mk,"","",,Macedonian,Zane Roskoph,2021-08-15T19:48:37Z
41461,бел кит,mk,"","",,Macedonian,Zane Roskoph,2021-08-15T19:49:02Z
42407,европски бизон,mk,"","",,Macedonian,Zane Roskoph,2021-08-25T13:53:55Z
130796,Сибирски тигар,mk,"","",,Macedonian,Zane Roskoph,2021-08-26T14:36:01Z
130799,Суматрански тигар,mk,"","",,Macedonian,Zane Roskoph,2021-08-26T17:00:50Z
130799,Балиски тигар,mk,"","",,Macedonian,Zane Roskoph,2021-08-26T17:52:11Z
130793,Бенгалски тигар,mk,"","",,Macedonian,Zane Roskoph,2021-08-27T12:31:20Z
130793,Малајски тигар,mk,"","",,Macedonian,Zane Roskoph,2021-08-27T13:54:26Z
130793,Индокинески тигар,mk,"","",,Macedonian,Zane Roskoph,2021-08-27T14:10:46Z
130793,Јужнокинески тигар,mk,"","",,Macedonian,Zane Roskoph,2021-08-27T14:36:04Z
27677,човечка рипка,mk,"","",,Macedonian,Zane Roskoph,2021-08-27T15:16:34Z
18975,Амазон папагали,mk,"","",,Macedonian,sinaves,2021-09-15T20:11:42Z
116993,Нимфа,mk,Macedonia,MK,,Macedonian,sinaves,2021-09-26T09:10:05Z
224886,Ugotica,mk,"","",,Macedonian,Zane Roskoph,2021-10-02T14:30:37Z
55882,бршлен,mk,"","",,Macedonian,Bojan Rantasa,2022-02-03T12:13:01Z
82942,прнар,mk,"","",,Macedonian,Bojan Rantasa,2022-02-03T13:00:44Z
54806,јасен,mk,"","",,Macedonian,Bojan Rantasa,2022-02-03T13:02:00Z
55858,дрен,mk,"","",,Macedonian,Bojan Rantasa,2022-02-03T13:03:09Z
181682,платан,mk,"","",,Macedonian,Bojan Rantasa,2022-02-03T13:05:10Z
181682,чинар,mk,"Ohrid, MK","",,Macedonian,Bojan Rantasa,2022-02-03T13:06:02Z
181682,јавор,mk,"Demir Kapija, MK","",,Macedonian,Bojan Rantasa,2022-02-03T13:06:45Z
200942,горун,mk,"","",,Macedonian,Bojan Rantasa,2022-02-05T15:15:19Z
200942,даб горун,mk,"","",,Macedonian,Bojan Rantasa,2022-02-05T15:15:59Z
200942,мазника,mk,"Skopje, MK","",,Macedonian,Bojan Rantasa,2022-02-05T15:39:22Z
365244,Акаи,mk,"","",,Macedonian,10423,2022-03-27T03:54:46Z
469472,јаболко,mk,"","",,Macedonian,10423,2022-03-27T04:49:53Z
51607,кокиче,mk,"","",,Macedonian,nalagtus,2022-05-02T10:46:06Z
54404,Булка,mk,"","",,Macedonian,Bojan Rantasa,2022-05-17T13:41:21Z
121763,Питом костен,mk,"","",,Macedonian,Bojan Rantasa,2022-05-17T13:41:49Z
121763,Костен,mk,"","",,Macedonian,Bojan Rantasa,2022-05-17T13:42:26Z
1277867,Оскоруша,mk,"","",,Macedonian,Bojan Rantasa,2022-05-17T13:45:38Z
35677,Гуштер,mk,"","",,Macedonian,Bojan Rantasa,2022-05-17T13:45:54Z
54227,Бука,mk,"","",,Macedonian,Bojan Rantasa,2022-05-17T13:46:11Z
71212,Желка,mk,"","",,Macedonian,Bojan Rantasa,2022-05-17T13:46:42Z
451952,Кукурек,mk,"","",,Macedonian,Bojan Rantasa,2022-05-17T13:46:59Z
55819,Јаглика,mk,"","",,Macedonian,Bojan Rantasa,2022-05-17T13:47:25Z
55819,Петопрст,mk,Mavrovo,"",,Macedonian,Bojan Rantasa,2022-05-17T13:48:06Z
136319,Ела,mk,"","",,Macedonian,Bojan Rantasa,2022-05-17T13:48:27Z
47602,Глуварче,mk,"","",,Macedonian,Bojan Rantasa,2022-05-17T13:48:39Z
50298,Шумска јагода,mk,"","",,Macedonian,Bojan Rantasa,2022-05-17T13:49:06Z
50298,Јагода,mk,"","",,Macedonian,Bojan Rantasa,2022-05-17T13:49:20Z
48867,Палми,mk,"","",,Macedonian,John E. Christensen,2022-11-02T10:49:44Z
119157,Какаду,mk,"","",,Macedonian,sinaves,2022-11-10T00:05:32Z
60460,украсна кала,mk,"","",,Macedonian,Марина Горбунова-Ëлкина,2022-12-11T07:47:32Z
60460,мочуришна кала,mk,"","",,Macedonian,Марина Горбунова-Ëлкина,2022-12-11T07:47:58Z
60460,кала,mk,"","",,Macedonian,Марина Горбунова-Ëлкина,2022-12-11T07:48:57Z
47564,Зокум,mk,"","",,Macedonian,John E. Christensen,2023-01-03T12:48:56Z
558438,Патка лажичарка,mk,Macedonia,MK,,Macedonian,sinaves,2023-01-17T19:19:30Z
95334,Црна мрена,mk,"","",,Macedonian,Yurij Ivancea,2023-01-20T10:18:36Z
20526,ној,mk,"","",,Macedonian,Johan Devos,2023-02-28T22:47:51Z
7018,Дива гуска,mk,Macedonia,MK,,Macedonian,sinaves,2023-08-26T09:22:23Z
7019,Обична белочелна гуска,mk,Macedonia,MK,,Macedonian,sinaves,2023-08-26T09:26:49Z
7019,Лисеста гуска,mk,"","",,Macedonian,sinaves,2023-08-26T09:28:18Z
7013,Мала белочелна гуска,mk,Macedonia,MK,,Macedonian,sinaves,2023-08-26T09:30:36Z
7009,Полска гуска (тајга),mk,Macedonia,MK,,Macedonian,sinaves,2023-08-26T09:47:55Z
144423,Полска гуска (тундра),mk,Macedonia,MK,,Macedonian,sinaves,2023-08-26T09:52:00Z
7102,Цвенограда гуска,mk,Macedonia,MK,,Macedonian,sinaves,2023-08-26T09:56:21Z
6921,Црвеноклун лебед,mk,Macedonia,MK,,Macedonian,sinaves,2023-08-26T10:06:51Z
6917,Мал лебед,mk,Macedonia,MK,,Macedonian,sinaves,2023-08-26T10:52:41Z
6916,Жолтоклун лебед,mk,Macedonia,MK,,Macedonian,sinaves,2023-08-26T10:55:11Z
7068,Лисеста гусковидна патка,mk,Macedonia,MK,,Macedonian,sinaves,2023-08-26T10:58:44Z
7067,Обична гусковидна патка,mk,Macedonia,MK,,Macedonian,sinaves,2023-08-26T11:03:27Z
558429,Патка крецка,mk,Macedonia,MK,,Macedonian,sinaves,2023-08-26T11:05:54Z
558439,Сива патка,mk,Macedonia,MK,,Macedonian,sinaves,2023-08-26T11:39:33Z
558441,Патка свиркач,mk,Macedonia,MK,,Macedonian,sinaves,2023-08-26T11:41:13Z
6930,Дива патка,mk,Macedonia,MK,,Macedonian,sinaves,2023-08-26T11:45:08Z
6933,Патка ластовичарка,mk,Macedonia,MK,,Macedonian,sinaves,2023-08-26T15:09:40Z
6937,Патка берија,mk,Macedonia,MK,,Macedonian,sinaves,2023-08-26T15:12:50Z
7139,Мраморна патка,mk,Macedonia,MK,,Macedonian,sinaves,2023-08-26T15:15:31Z
7122,Патка превез,mk,Macedonia,MK,,Macedonian,sinaves,2023-08-26T15:18:38Z
7045,Црвеноглав кожувар,mk,Macedonia,MK,,Macedonian,sinaves,2023-08-26T15:22:09Z
7055,Црн кожувар,mk,Macedonia,MK,,Macedonian,sinaves,2023-08-26T15:26:19Z
7046,Цуцулест кожувар,mk,Macedonia,MK,,Macedonian,sinaves,2023-08-26T15:31:32Z
7046,Цуцулеста патка,mk,Macedonia,MK,,Macedonian,sinaves,2023-08-26T15:32:06Z
7047,Морски кожувар,mk,Macedonia,MK,,Macedonian,sinaves,2023-08-26T15:37:18Z
1515459,Аризонски чемпрес,mk,"","",https://www.inaturalist.org/taxon_names/2996986/edit,Macedonian,Kieran H,2023-12-28T12:39:16Z
144757,Сива врана,mk,Macedonia,MK,,Macedonian,sinaves,2024-05-11T11:11:18Z
3017,Див гулаб,mk,Macedonia,MK,,Macedonian,sinaves,2024-05-11T11:13:57Z
122767,Домашен гулаб,mk,Macedonia,MK,,Macedonian,sinaves,2024-05-11T11:15:16Z
59202,Жолтоног галеб,mk,Macedonia,MK,,Macedonian,sinaves,2024-05-11T11:18:55Z
2969,Гугутка,mk,Macedonia,MK,,Macedonian,sinaves,2024-05-11T11:21:58Z
8000,Чавка,mk,Macedonia,MK,,Macedonian,sinaves,2024-05-11T12:16:19Z
144510,Езерски галеб,mk,Macedonia,MK,,Macedonian,sinaves,2024-05-11T12:19:44Z
13858,Градско врапче,mk,Macedonia,MK,,Macedonian,sinaves,2024-05-11T12:26:08Z
13858,Домашно врапче,mk,Macedonia,MK,,Macedonian,sinaves,2024-05-11T12:26:59Z
979813,Мал корморан,mk,Macedonia,MK,,Macedonian,sinaves,2024-05-11T12:29:22Z
8088,Сојка,mk,Macedonia,MK,,Macedonian,sinaves,2024-05-11T12:32:17Z
11901,Селска ластовичка,mk,Macedonia,MK,,Macedonian,sinaves,2024-05-11T12:35:12Z
11901,Селска ластовица,mk,Macedonia,MK,,Macedonian,sinaves,2024-05-11T12:36:15Z
891696,Страчка,mk,Macedonia,MK,,Macedonian,sinaves,2024-05-11T12:42:06Z
12716,Кос,mk,Macedonia,MK,,Macedonian,sinaves,2024-05-11T12:44:43Z
482,Лиска,mk,Macedonia,MK,,Macedonian,sinaves,2024-05-11T12:46:35Z
3048,Гулаб гривнаш,mk,Macedonia,MK,,Macedonian,sinaves,2024-05-11T12:49:21Z
71212,Ридска желка,mk,Macedonia,MK,,Macedonian,sinaves,2024-05-11T12:51:34Z
71212,Шумска желка,mk,Macedonia,MK,,Macedonian,sinaves,2024-05-11T12:52:15Z
203153,Голема сипка,mk,Macedonia,MK,,Macedonian,sinaves,2024-05-11T12:53:46Z
55990,Ѕидна гуштерица,mk,Macedonia,MK,,Macedonian,sinaves,2024-05-11T12:55:39Z
55990,Обичен ѕиден гуштер,mk,Macedonia,MK,,Macedonian,sinaves,2024-05-11T12:56:24Z
146280,Гекон,mk,Macedonia,MK,,Macedonian,sinaves,2024-05-11T12:59:12Z
4954,Сива чапја,mk,Macedonia,MK,,Macedonian,sinaves,2024-05-11T13:00:18Z
14850,Обичен сколовранец,mk,Macedonia,MK,,Macedonian,sinaves,2024-05-11T13:02:21Z
201282,Црвеноклуна блатна кокошка,mk,Macedonia,MK,,Macedonian,sinaves,2024-05-11T13:36:23Z
201282,Зеленонога блатна кокошка,mk,Macedonia,MK,,Macedonian,sinaves,2024-05-11T13:38:00Z
326296,Крастава жаба,mk,Macedonia,MK,,Macedonian,sinaves,2024-05-11T13:39:42Z
4237,Мал нуркач,mk,Macedonia,MK,,Macedonian,sinaves,2024-05-11T13:44:36Z
4237,Штипче,mk,Macedonia,MK,,Macedonian,sinaves,2024-05-11T13:45:05Z
4270,Голем корморан,mk,Macedonia,MK,,Macedonian,sinaves,2024-05-11T13:47:43Z
4943,Мала бела чапја,mk,Macedonia,MK,,Macedonian,sinaves,2024-05-11T13:51:24Z
8029,Полска врана,mk,Macedonia,MK,,Macedonian,sinaves,2024-05-11T13:53:40Z
9398,Билбилче,mk,Macedonia,MK,,Macedonian,sinaves,2024-05-11T13:57:33Z
9398,Билбил,mk,Macedonia,MK,,Macedonian,sinaves,2024-05-11T13:58:43Z
9398,Трнарче,mk,Macedonia,MK,,Macedonian,sinaves,2024-05-11T13:59:18Z
9398,Каденче,mk,Macedonia,MK,,Macedonian,sinaves,2024-05-11T13:59:57Z
10070,Обична ѕвингалка,mk,Macedonia,MK,,Macedonian,sinaves,2024-05-11T14:02:24Z
12748,Дрозд пејач,mk,Macedonia,MK,,Macedonian,sinaves,2024-05-11T14:06:32Z
13695,Бела тресиопашка,mk,Macedonia,MK,,Macedonian,sinaves,2024-05-11T14:08:19Z
13851,Полско врапче,mk,Macedonia,MK,,Macedonian,sinaves,2024-05-11T14:09:56Z
46001,Црвена верверица,mk,Macedonia,MK,,Macedonian,sinaves,2024-05-11T14:12:55Z
64705,Градска ластовичка,mk,Macedonia,MK,,Macedonian,sinaves,2024-05-11T14:16:56Z
64705,Градска ластовица,mk,Macedonia,MK,,Macedonian,sinaves,2024-05-11T14:17:31Z
4733,Бел штрк,mk,Macedonia,MK,,Macedonian,sinaves,2024-05-11T14:19:43Z
6643,Сива пиштарка,mk,Macedonia,MK,,Macedonian,sinaves,2024-05-11T14:22:26Z
7278,Долгоопашеста сипка,mk,Macedonia,MK,,Macedonian,sinaves,2024-05-11T14:25:24Z
8010,Гавран,mk,Macedonia,MK,,Macedonian,sinaves,2024-05-11T14:26:28Z
12054,Мало свраче,mk,Macedonia,MK,,Macedonian,sinaves,2024-05-11T14:28:59Z
