id,vernacularName,language,locality,countryCode,source,lexicon,contributor,created
355675,Тоноҕостоохтор,und,"","",,Sakha,John E. Christensen,2017-12-06T09:51:16Z
47170,Тэллэйдэр,und,"","",,Sakha,John E. Christensen,2018-01-20T08:44:49Z
64549,Ымыйах,und,"","",,Sakha,John E. Christensen,2018-05-15T09:06:09Z
333586,Балык чиэрбэтэ,und,"","",,Sakha,John E. Christensen,2018-07-11T14:14:00Z
47336,Кымырдаҕас,und,"","",,Sakha,John E. Christensen,2018-11-02T13:11:48Z
505478,Куурусса,und,"","",,Sakha,John E. Christensen,2019-12-27T07:20:59Z
41644,Үрүҥ эһэ,und,"","",,Sakha,Zane Roskoph,2021-08-11T17:00:08Z
41461,Бөлүүгэ,und,"","",,Sakha,Zane Roskoph,2021-08-15T20:14:14Z
41964,Хахай,und,"","",,Sakha,Zane Roskoph,2021-08-24T15:11:20Z
74831,Баарыс,und,"","",,Sakha,Zane Roskoph,2021-08-25T11:59:47Z
41967,Баабыр,und,"","",,Sakha,Zane Roskoph,2021-08-26T16:29:24Z
4672,Хардааччы,und,"","",,Sakha,Марина Горбунова-Ëлкина,2022-11-17T19:05:52Z
41852,Сиэгэн,und,"","",,Sakha,Марина Горбунова-Ëлкина,2022-12-13T12:03:38Z
5106,Чыычаахсыт,und,"","",,Sakha,Марина Горбунова-Ëлкина,2022-12-27T00:26:52Z
5108,Улар кыырда,und,"","",,Sakha,Марина Горбунова-Ëлкина,2022-12-27T00:51:38Z
6990,Орулуос,und,"","",,Sakha,Марина Горбунова-Ëлкина,2022-12-27T01:17:48Z
8088,Ньокоокуй,und,"","",,Sakha,Марина Горбунова-Ëлкина,2022-12-27T01:36:01Z
17871,Бэс тоҥсоҕойо,und,"","",,Sakha,Марина Горбунова-Ëлкина,2022-12-27T04:30:36Z
41850,Дьуукун,und,"","",,Sakha,Марина Горбунова-Ëлкина,2022-12-27T04:46:03Z
558429,Чардырҕас чөркөй,und,"","",,Sakha,Марина Горбунова-Ëлкина,2022-12-30T03:43:21Z
558429,таас чөркөйө,und,"","",,Sakha,Марина Горбунова-Ëлкина,2022-12-30T03:43:28Z
558429,хахырыал,und,"","",,Sakha,Марина Горбунова-Ëлкина,2022-12-30T03:56:02Z
558429,чардыыс,und,"","",,Sakha,Марина Горбунова-Ëлкина,2022-12-30T03:56:04Z
558429,хаачыгырас чыккымай,und,"","",,Sakha,Марина Горбунова-Ëлкина,2022-12-30T03:56:05Z
558429,таас чыккымайа,und,"","",,Sakha,Марина Горбунова-Ëлкина,2022-12-30T03:56:07Z
558429,мас чаҥкы,und,"","",,Sakha,Марина Горбунова-Ëлкина,2022-12-30T03:56:20Z
558429,мас чаҥкыныар,und,"","",,Sakha,Марина Горбунова-Ëлкина,2022-12-30T03:56:24Z
6933,Моонньоҕон,und,"","",,Sakha,Марина Горбунова-Ëлкина,2022-12-30T04:03:33Z
558438,Халба,und,"","",,Sakha,Марина Горбунова-Ëлкина,2022-12-30T04:03:56Z
6937,Чөркөй,und,"","",,Sakha,Марина Горбунова-Ëлкина,2022-12-30T04:04:29Z
6937,чөркөөкү,und,"","",,Sakha,Марина Горбунова-Ëлкина,2022-12-30T04:04:37Z
558439,Дьаҕыл уйус,und,"","",,Sakha,Марина Горбунова-Ëлкина,2022-12-30T04:05:19Z
558441,Тыйаах,und,"","",,Sakha,Марина Горбунова-Ëлкина,2022-12-30T04:05:37Z
558440,Уйус,und,"","",,Sakha,Марина Горбунова-Ëлкина,2022-12-30T04:05:54Z
558440,даарда көҕөн,und,"","",,Sakha,Марина Горбунова-Ëлкина,2022-12-30T04:06:02Z
558428,Мороду,und,"","",,Sakha,Марина Горбунова-Ëлкина,2022-12-30T04:06:23Z
6930,Көҕөн,und,"","",,Sakha,Марина Горбунова-Ëлкина,2022-12-30T04:06:47Z
111782,Мунду,und,"","",,Sakha,Марина Горбунова-Ëлкина,2023-02-12T15:27:41Z
144757,Ала тураах,und,"","",,Sakha,Марина Горбунова-Ëлкина,2023-02-12T15:35:20Z
42048,Бөрө,und,"","",,Sakha,Марина Горбунова-Ëлкина,2023-03-10T18:32:58Z
