id,vernacularName,language,locality,countryCode,source,lexicon,contributor,created
97790,Nsong-nsong,und,"","",http://www.catalogueoflife.org/annual-checklist/details/species/id/10082883/common/83753,Fang,,2021-07-12T17:08:27Z
84996,Nkwégnan,und,"","",http://www.catalogueoflife.org/annual-checklist/details/species/id/10055550/common/130050,Fang,Victor HOYEAU,2021-07-13T16:45:06Z
94290,Mbonha,und,"","",http://www.catalogueoflife.org/annual-checklist/details/species/id/10062691/common/17466,Fang,,2021-07-15T12:55:16Z
97803,Keme,und,"","",,Fang,Zane Roskoph,2021-07-21T13:39:13Z
108746,Nfvon,und,"","",,Fang,Zane Roskoph,2021-11-28T17:34:50Z
108746,Ndoo,und,"","",,Fang,Zane Roskoph,2021-11-28T17:35:17Z
