id,vernacularName,language,locality,countryCode,source,lexicon,contributor,created
47157,Kʼaalógii,und,"","",,Navajo,John E. Christensen,2018-11-23T08:58:51Z
41893,Dlǫ́ʼii yił Aheedaałtʼéhígíí,und,"","",,Navajo,John E. Christensen,2018-11-27T09:22:09Z
63573,Chʼó,und,"","",,Navajo,John E. Christensen,2018-12-16T09:39:45Z
4756,Jeeshóóʼ (íiyisígíí),und,"","",,Navajo,John E. Christensen,2019-01-23T10:04:07Z
12727,Téél halchíʼí,und,"","",,Navajo,John E. Christensen,2019-02-02T16:37:10Z
40151,Bidił Daazdoígíí dóó Daʼałtʼoʼígíí,und,"","",,Navajo,John E. Christensen,2019-02-07T16:16:28Z
47119,Chʼosh bijáád tseebíhígíí,und,"","",,Navajo,John E. Christensen,2019-02-13T20:02:56Z
116638,Bitseeʼ yee adiłhałii yázhí,und,"","",,Navajo,John E. Christensen,2019-02-16T11:00:49Z
447155,Tónteel tsídii dóó bikʼéí,und,"","",,Navajo,John E. Christensen,2019-02-22T15:38:51Z
6888,Táłkáaʼgi Tsídii,und,"","",,Navajo,John E. Christensen,2019-03-21T20:17:23Z
505478,Naaʼahóóhai,und,"","",,Navajo,John E. Christensen,2019-12-26T16:10:35Z
2314,Tábąąh naalzheehii,und,"","",,Navajo,John E. Christensen,2020-03-26T12:04:36Z
764793,Ałtį́į́ʼ jikʼaashí (chʼil),und,"","",,Navajo,John E. Christensen,2020-05-11T12:37:04Z
41638,Shash,und,"","",,Navajo,Erik Erbes,2020-07-06T02:32:24Z
47727,Sóól,und,"","",,Navajo,Erik Erbes,2020-07-06T02:43:04Z
42223,Bįįh bitseełgaiígíí,und,"","",,Navajo,Erik Erbes,2020-07-07T00:36:14Z
41663,Tábąąh mą'ii,und,"","",,Navajo,Erik Erbes,2020-07-07T00:38:52Z
35003,Tiníléí,und,"","",,Navajo,Erik Erbes,2020-07-07T00:40:32Z
906,Tązhii,und,"","",,Navajo,Erik Erbes,2020-07-07T00:43:44Z
20044,Né'éshjaá,und,"","",,Navajo,Erik Erbes,2020-07-07T00:45:11Z
5212,Atseełtsoi,und,"","",,Navajo,Erik Erbes,2020-07-07T00:46:48Z
42158,Bįįh Danilínígíí,und,"","",,Navajo,John E. Christensen,2020-09-26T15:26:41Z
4270,Tábąąh zhį́ʼii ntsaaígíí,und,"","",,Navajo,John E. Christensen,2020-10-30T09:21:53Z
200958,Táłkááʼ naalzheehí,und,"","",,Navajo,John E. Christensen,2020-12-01T08:02:36Z
6913,Dééłgai,und,"","",,Navajo,Alec Cowles,2021-07-12T20:02:17Z
99786,Atsiniltłʼish ííłʼíinii,und,"","",,Navajo,Zane Roskoph,2021-07-29T02:46:09Z
35327,Eʼeʼaahjí Tónteeldę́ę́ʼ tsintah naʼashǫ́ʼiitsoh,und,"","",,Navajo,Zane Roskoph,2021-07-30T02:16:57Z
41970,Shádiʼááhdę́ę́ʼ náshdóítsoh łikizhígíí,und,"","",,Navajo,Zane Roskoph,2021-07-30T12:13:58Z
41972,Náshdóí kʼos bee naashchʼąąʼígíí,und,"","",,Navajo,Zane Roskoph,2021-07-30T12:59:16Z
50873,Łóóʼ hashkéhétsoh,und,"","",,Navajo,Zane Roskoph,2021-07-30T14:03:48Z
42007,Náshdóítsoh,und,"","",,Navajo,Zane Roskoph,2021-08-01T01:47:19Z
26710,Bitsįʼ Yishtłizhii Tónteeldę́ę́ʼ chʼał yishtłizhígíí,und,"","",,Navajo,Zane Roskoph,2021-08-01T14:59:14Z
67182,Bitsįʼ Yishtłizhii Tónteeldę́ę́ʼ chʼał dibéłchíʼígíí,und,"","",,Navajo,Zane Roskoph,2021-08-01T15:06:11Z
604218,Bitsįʼ Yishtłizhii Tónteeldę́ę́ʼ łeeyiʼ chʼoshtsoh diłhiłígíí,und,"","",,Navajo,Zane Roskoph,2021-08-01T15:13:08Z
145913,Bitsįʼ Yishtłizhii Tónteeldę́ę́ʼ naʼashǫ́ʼii łahgo aníʼdoolníiłii,und,"","",,Navajo,Zane Roskoph,2021-08-01T15:16:13Z
146482,Bitsįʼ Yishtłizhii Tónteeldę́ę́ʼ naʼashǫ́ʼiilkǫǫhí dinilzhinígíí,und,"","",,Navajo,Zane Roskoph,2021-08-01T15:19:53Z
37985,Bitsįʼ Yishtłizhii Tónteeldę́ę́ʼ naʼashǫ́ʼiilkǫǫhí niłhinígíí,und,"","",,Navajo,Zane Roskoph,2021-08-01T15:21:30Z
539233,Bitsįʼ Yishtłizhii Tónteeldę́ę́ʼ chʼééh digháhiitsoh,und,"","",,Navajo,Zane Roskoph,2021-08-01T16:53:21Z
40123,Haʼaʼaahjí Naakaii Łizhiní Bikéyahdę́ę́ʼ tsisteeł bikʼos yiitásígíí,und,"","",,Navajo,Zane Roskoph,2021-08-01T17:03:03Z
27834,Ghą́ą́ʼaskʼidii Biłikahii Bikéyahdę́ę́ʼ tsxilghááh dichʼízhí łibáhígíí,und,"","",,Navajo,Zane Roskoph,2021-08-02T19:00:23Z
14301,Dzidzé yiyiitsahii binághah dootłʼizhígíí,und,"","",,Navajo,Zane Roskoph,2021-08-02T22:44:53Z
144644,Móʼmoʼii bitéél halchíʼí,und,"","",,Navajo,Zane Roskoph,2021-08-03T00:06:56Z
146059,Tsétah naʼashǫ́ʼiitsoh noodǫ́zígíí,und,"","",,Navajo,Zane Roskoph,2021-08-03T01:02:45Z
52188,Łóóʼntsxaaí łikizhígíí,und,"","",,Navajo,Zane Roskoph,2021-08-03T14:04:51Z
37641,Séiyiʼ oołkǫ́ǫłii noodǫ́zígíí,und,"","",,Navajo,Zane Roskoph,2021-08-05T13:54:59Z
10421,Ałnánoodǫ́ǫ́z Dineʼé Bikéyahdę́ę́ʼ dááʼałnááʼáhé,und,"","",,Navajo,Zane Roskoph,2021-08-06T15:14:08Z
199918,Łóóʼ bigaan tseebíí łikizhígíí,und,"","",,Navajo,Zane Roskoph,2021-08-09T11:32:53Z
32014,Tsinlátah naʼashǫ́ʼii kááʼchʼízhí naashchʼąąʼígíí,und,"","",,Navajo,Zane Roskoph,2021-08-09T14:50:45Z
26835,Naakaii Bikéyahdę́ę́ʼ hodíłchʼiltah tłʼiishkʼaaʼ yistłʼinígíí,und,"","",,Navajo,Zane Roskoph,2021-08-09T15:02:13Z
41676,Mąʼii dootłʼizhí,und,"","",,Navajo,Zane Roskoph,2021-08-09T15:11:25Z
32012,Naakaii Bikéyahdę́ę́ʼ tsinlátah naʼashǫ́ʼii kááʼchʼízhígíí,und,"","",,Navajo,Zane Roskoph,2021-08-09T15:47:24Z
23939,Haʼaʼaahdę́ę́ʼ nahoditsʼǫʼtah chʼał,und,"","",,Navajo,Zane Roskoph,2021-08-09T15:53:20Z
65832,Shádiʼááhdę́ę́ʼ chʼał dichʼízhí yázhí,und,"","",,Navajo,Zane Roskoph,2021-08-09T16:16:36Z
12711,Téél halbáhí bizééʼ noodǫ́zígíí,und,"","",,Navajo,Zane Roskoph,2021-08-09T19:24:57Z
146565,Tsétah naʼashǫ́ʼiitsoh déélgédígíí,und,"","",,Navajo,Zane Roskoph,2021-08-10T15:33:25Z
35324,Naʼashǫ́ʼiitsoh łitsooígíí,und,"","",,Navajo,Zane Roskoph,2021-08-10T19:08:41Z
35325,Naʼashǫ́ʼiitsoh diniltsooígíí,und,"","",,Navajo,Zane Roskoph,2021-08-10T19:17:53Z
35323,Naʼashǫ́ʼiitsoh daaltsooígíí,und,"","",,Navajo,Zane Roskoph,2021-08-10T19:21:21Z
35347,Naʼashǫ́ʼiitsoh naʼałkǫ́ʼígíí,und,"","",,Navajo,Zane Roskoph,2021-08-10T19:51:15Z
3451,Hasbídí yistłʼinígíí,und,"","",,Navajo,Zane Roskoph,2021-08-11T11:43:12Z
4555,Hakʼaz tónteel tsídii łigaaígíí,und,"","",,Navajo,Zane Roskoph,2021-08-11T12:22:33Z
4564,Tónteel tsídii bitseeʼ deeshgizhígíí,und,"","",,Navajo,Zane Roskoph,2021-08-11T12:36:54Z
3802,Taahilnoodii diniltsxooígíí,und,"","",,Navajo,Zane Roskoph,2021-08-11T15:47:12Z
41644,Shash łigaígíí,und,"","",,Navajo,Zane Roskoph,2021-08-11T16:57:27Z
18941,Łeesdísí Bikéyahdę́ę́ʼ tsídii yáłtiʼí diłhiłígíí,und,"","",,Navajo,Zane Roskoph,2021-08-12T14:38:17Z
41955,Náshdóí dilwoʼí,und,"","",,Navajo,Zane Roskoph,2021-08-13T12:19:06Z
41553,Łóóʼtsoh dootłʼizhígíí,und,"","",,Navajo,Zane Roskoph,2021-08-15T15:13:35Z
41553,Łóóʼtsoh dootłizhígíí,und,"","",,Navajo,Zane Roskoph,2021-08-15T15:13:59Z
41461,Tééh hóyáaniitsoh,und,"","",,Navajo,Zane Roskoph,2021-08-15T19:52:30Z
27730,Kéyah dah naaʼeełídę́ę́ʼ tsxilghááh łitsogo łikizhígíí,und,"","",,Navajo,Zane Roskoph,2021-08-19T14:22:21Z
41964,Náshdóítsoh bitsiijįʼ daditłʼooígíí,und,"","",,Navajo,Zane Roskoph,2021-08-24T12:33:38Z
74831,Náshdóíłgaii łikizhígíí,und,"","",,Navajo,Zane Roskoph,2021-08-25T11:56:13Z
42407,Béésh Bichʼahníí Bikéyahdę́ę́ʼ ayání,und,"","",,Navajo,Zane Roskoph,2021-08-25T13:56:10Z
27376,Akałii Bikéyahdę́ę́ʼ tłʼiish łichíʼígíí,und,"","",,Navajo,Zane Roskoph,2021-08-25T15:05:43Z
29793,Haʼaʼaahdę́ę́ʼ tłʼiish łichííʼ dóó łigaaígíí,und,"","",,Navajo,Zane Roskoph,2021-08-25T15:07:05Z
41967,Náshdóítsoh noodǫ́zígíí,und,"","",,Navajo,Zane Roskoph,2021-08-26T16:25:55Z
27677,Tó wónaanídę́ę́ʼ tsxilghááh binááʼ ádinígíí,und,"","",,Navajo,Zane Roskoph,2021-08-27T15:15:37Z
39453,Tiníléítsoh łikizhígíí,und,"","",,Navajo,Zane Roskoph,2021-08-27T16:08:31Z
31519,Nahatʼeʼiitsoh Bikéyahdę́ę́ʼ naʼashǫ́ʼii dichʼízhii,und,"","",,Navajo,Zane Roskoph,2021-08-27T17:39:54Z
59029,Nátʼostsoh,und,"","",,Navajo,Charlie A.,2021-09-08T14:54:20Z
52152,Tsídiidą́ą́ʼ,und,"","",,Navajo,Charlie A.,2021-09-08T15:04:50Z
78585,Naatsisʼáán bińdíshchííʼ,und,"","",,Navajo,Charlie A.,2021-09-08T15:16:03Z
47561,Ńdíshchííʼ,und,"","",,Navajo,Charlie A.,2021-09-08T15:18:23Z
50278,Láʼashdlaʼ,und,"","",,Navajo,Charlie A.,2021-09-08T15:28:33Z
58732,Kʼíshíshjį́į́zh,und,"","",,Navajo,Charlie A.,2021-09-08T15:30:40Z
64238,Shash nátʼoh,und,"","",,Navajo,Charlie A.,2021-09-08T15:37:02Z
49156,Kʼishchííʼ,und,"","",,Navajo,Charlie A.,2021-09-08T15:56:03Z
47574,Gad,und,"","",,Navajo,Charlie A.,2021-09-08T16:04:29Z
135883,Gad niʼeełí,und,"","",,Navajo,Charlie A.,2021-09-08T16:10:59Z
47603,Béésh yiltʼąąʼí,und,"","",,Navajo,Charlie A.,2021-09-08T16:17:37Z
76277,Tłoh Deeh,und,"","",,Navajo,Elliott Gordon,2022-01-04T04:35:30Z
79345,Yabanah,und,"","",,Navajo,Elliott Gordon,2022-01-04T19:24:29Z
60541,Tsa'aszi'ts'ooz,und,"","",,Navajo,Elliott Gordon,2022-01-04T19:53:46Z
58776,Naazkaadii,und,"","",,Navajo,Elliott Gordon,2022-01-04T19:54:36Z
47906,Ch'ilabe'é,und,"","",,Navajo,Elliott Gordon,2022-01-04T19:56:18Z
52821,Hazeiyiltsee'i,und,"","",,Navajo,Elliott Gordon,2022-01-04T19:57:05Z
148074,Né'éshjaa' yilkee'é,und,"","",,Navajo,Elliott Gordon,2022-01-04T19:58:30Z
170440,Nii'ii'niłntshahíkííh,und,"","",,Navajo,Elliott Gordon,2022-01-04T20:04:41Z
75377,K'ish,und,"","",,Navajo,Elliott Gordon,2022-01-04T20:37:04Z
161924,Nahasht'e'iidᾴᾴ Ɨibahígíí,und,"","",,Navajo,Elliott Gordon,2022-01-04T20:38:16Z
78269,Hosh niteelí,und,"","",,Navajo,Elliott Gordon,2022-01-04T20:39:40Z
133104,Tsech'ilndtl'iziyilt'aa'i,und,"","",,Navajo,Elliott Gordon,2022-01-04T20:40:09Z
159762,Awéé'chí'í,und,"","",,Navajo,Elliott Gordon,2022-01-04T21:51:18Z
58115,Da'ák'oozh deeníní,und,"","",,Navajo,Elliott Gordon,2022-01-04T21:51:51Z
57896,Ch'il deeníní,und,"","",,Navajo,Elliott Gordon,2022-01-04T21:52:19Z
67802,Díwózhiishzhiin,und,"","",,Navajo,Elliott Gordon,2022-01-04T21:53:01Z
120145,Gad,und,"","",,Navajo,Elliott Gordon,2022-01-04T22:26:07Z
135484,Tł'oh azihii łibáhígíí,und,"","",,Navajo,Elliott Gordon,2022-01-04T22:26:38Z
47179,Dinastsoh,und,"","",,Navajo,Elliott Gordon,2022-01-04T22:28:29Z
78854,K'íńjíl'ahí,und,"","",,Navajo,Elliott Gordon,2022-01-04T22:29:12Z
52643,Teelníyizí,und,"","",,Navajo,Elliott Gordon,2022-01-04T22:30:23Z
52643,Altxíi'tjik'aacíh,und,"","",,Navajo,Elliott Gordon,2022-01-04T22:30:45Z
126671,Azee' ntl'iní,und,"","",,Navajo,Elliott Gordon,2022-01-04T22:31:29Z
58210,Tsédédééh,und,"","",,Navajo,Elliott Gordon,2022-01-04T22:32:05Z
48461,Nídíshchíí',und,"","",,Navajo,Elliott Gordon,2022-01-04T22:38:23Z
58369,Yé'iibe'ets'os,und,"","",,Navajo,Elliott Gordon,2022-01-04T22:38:49Z
78140,Bé'ézhóó',und,"","",,Navajo,Elliott Gordon,2022-01-04T22:39:38Z
64237,Lók'aa',und,"","",,Navajo,Elliott Gordon,2022-01-04T22:40:12Z
79185,Tl'ohtsohzhóó',und,"","",,Navajo,Elliott Gordon,2022-01-04T22:54:42Z
48448,Naataa,und,"","",,Navajo,Elliott Gordon,2022-01-04T22:55:18Z
48939,Le'etsoh yiljaa'i,und,"","",,Navajo,Elliott Gordon,2022-01-04T22:55:42Z
53197,Ch'il bikétł óól łitsooígíí,und,"","",,Navajo,Elliott Gordon,2022-01-04T22:57:38Z
58991,Tsegha' niłchi',und,"","",,Navajo,Elliott Gordon,2022-01-04T22:59:12Z
52377,Tsé'ésdaazii,und,"","",,Navajo,Elliott Gordon,2022-01-04T23:00:13Z
60455,Awééts'áál,und,"","",,Navajo,Elliott Gordon,2022-01-04T23:00:46Z
78887,Chǫǫh,und,"","",,Navajo,Elliott Gordon,2022-01-04T23:01:08Z
47566,T'iis bit'ąą' niteelígíí,und,"","",,Navajo,Elliott Gordon,2022-01-04T23:01:58Z
59008,K'ei'libáhi',und,"","",,Navajo,Elliott Gordon,2022-01-04T23:03:12Z
76274,Tlotáhi,und,"","",,Navajo,Erik Erbes,2022-03-07T00:30:54Z
60307,Tsétahtł’oh,und,"","",,Navajo,Erik Erbes,2022-03-07T00:33:45Z
238449,Tł’ohdeiłichi’í,und,"","",,Navajo,Erik Erbes,2022-03-07T00:34:53Z
58376,Azéé’iilwo’iindtsaaí,und,"","",,Navajo,Erik Erbes,2022-03-07T00:35:53Z
52700,Tł’ohtsohndtł’zí,und,"","",,Navajo,Erik Erbes,2022-03-07T00:36:56Z
59210,Bi’zé yilwo’ lichi’í,und,"","",,Navajo,Erik Erbes,2022-03-07T00:38:35Z
52702,Tł’oh da a gighí,und,"","",,Navajo,Erik Erbes,2022-03-07T00:39:29Z
75903,bįįh tł’óh,und,"","",,Navajo,Erik Erbes,2022-03-07T00:40:17Z
58369,Shíyináldzidí,und,"","",,Navajo,Erik Erbes,2022-03-07T00:41:04Z
772996,Tł’ohdá’ákáłiitsoh,und,"","",,Navajo,Erik Erbes,2022-03-07T00:42:00Z
122610,Tł’ohyilzólítsoh,und,"","",,Navajo,Erik Erbes,2022-03-07T00:42:47Z
79184,Tł’ohyilzólídeeníní,und,"","",,Navajo,Erik Erbes,2022-03-07T00:48:22Z
60313,Tłohdá’ákáłiitsoh,und,"","",,Navajo,Erik Erbes,2022-03-07T00:48:56Z
162938,Tsinyaatł’ohyilzólí,und,"","",,Navajo,Erik Erbes,2022-03-07T00:49:36Z
60287,Azéé’iilwo’iitsoh,und,"","",,Navajo,Erik Erbes,2022-03-07T00:50:42Z
505356,Tł’ohdich’ízhí,und,"","",,Navajo,Erik Erbes,2022-03-07T00:51:32Z
75290,Cl’oh ałhe ni’lí,und,"","",,Navajo,Erik Erbes,2022-03-07T00:54:16Z
75859,Tł’ohnást’ąsłizhiní,und,"","",,Navajo,Erik Erbes,2022-03-07T00:54:55Z
71257,Tł’ohnást’ąsi,und,"","",,Navajo,Erik Erbes,2022-03-07T00:55:34Z
75858,Tł’ohłichi’í,und,"","",,Navajo,Erik Erbes,2022-03-07T00:56:25Z
922802,Akál,und,"","",,Navajo,Erik Erbes,2022-03-07T00:57:03Z
57183,Tł’ooléts’ózí,und,"","",,Navajo,Erik Erbes,2022-03-07T00:57:49Z
165580,Bé’ézhóó’łichií’í,und,"","",,Navajo,Erik Erbes,2022-03-07T00:58:49Z
148960,Béé’ézhóó’,und,"","",,Navajo,Erik Erbes,2022-03-07T00:59:27Z
165584,Bé’ézhóó’tsahí,und,"","",,Navajo,Erik Erbes,2022-03-07T01:00:04Z
78640,Tł’ohnikání,und,"","",,Navajo,Erik Erbes,2022-03-07T01:00:41Z
157658,Ch’il Bilata dee’ni’ni’,und,"","",,Navajo,Erik Erbes,2022-03-07T01:01:23Z
490764,Tł’ohtsahí,und,"","",,Navajo,Erik Erbes,2022-03-07T01:02:06Z
1224701,Tł’ohtsahí,und,"","",,Navajo,Erik Erbes,2022-03-07T01:02:45Z
163705,Tł’ohdit’ódítsoh,und,"","",,Navajo,Erik Erbes,2022-03-07T01:03:21Z
75314,Tł’ohlátahyíchii’í,und,"","",,Navajo,Erik Erbes,2022-03-07T01:04:01Z
1220378,Ndídlídii,und,"","",,Navajo,Erik Erbes,2022-03-07T01:04:33Z
58372,Tł’ohdík’ózhíǫtł’oolédich’ízhí,und,"","",,Navajo,Erik Erbes,2022-03-07T01:05:13Z
76207,Dííłiihí,und,"","",,Navajo,Erik Erbes,2022-03-07T01:05:55Z
63993,Azéé’iilwo’iiyázhí,und,"","",,Navajo,Erik Erbes,2022-03-07T01:06:38Z
76639,Tł’oh Deits’óózí,und,"","",,Navajo,Erik Erbes,2022-03-07T01:07:40Z
75309,Tł’ohdeindtł’izí,und,"","",,Navajo,Erik Erbes,2022-03-07T01:08:15Z
61202,Tł’ooléyilts’oozí,und,"","",,Navajo,Erik Erbes,2022-03-07T01:08:54Z
76806,Tł’oolé,und,"","",,Navajo,Erik Erbes,2022-03-07T01:09:29Z
129000,Tł’ohndtł’izítsoh,und,"","",,Navajo,Erik Erbes,2022-03-07T01:10:05Z
140044,Tł’oolétsohndtł’izí,und,"","",,Navajo,Erik Erbes,2022-03-07T01:10:46Z
60264,Tł’ohk’aa’í,und,"","",,Navajo,Erik Erbes,2022-03-07T01:11:29Z
59205,Lók’aatł’ohtsoh,und,"","",,Navajo,Erik Erbes,2022-03-07T01:12:05Z
52643,Lok’aá bit’zooz,und,"","",,Navajo,Erik Erbes,2022-03-07T01:13:12Z
76584,Tłohi’gaí,und,"","",,Navajo,Erik Erbes,2022-03-07T01:13:41Z
48571,Tééhtł’oh,und,"","",,Navajo,Erik Erbes,2022-03-07T01:14:24Z
273862,Tsinłitsoi,und,"","",,Navajo,Erik Erbes,2022-03-07T01:14:55Z
67804,Tsék’ina’ałch’ízhii,und,"","",,Navajo,Erik Erbes,2022-03-07T01:15:27Z
55343,Nímasiichilí,und,"","",,Navajo,Erik Erbes,2022-03-07T01:20:28Z
68559,Ch’ilłizhiní,und,"","",,Navajo,Erik Erbes,2022-03-07T01:21:21Z
48939,Bisnideeshchii’,und,"","",,Navajo,Erik Erbes,2022-03-07T01:22:12Z
75323,Ch’ilhoshí,und,"","",,Navajo,Erik Erbes,2022-03-07T01:22:52Z
54835,Didzédik’ǫ́zhí,und,"","",,Navajo,Erik Erbes,2022-03-07T01:23:29Z
157373,K’iishzhiní,und,"","",,Navajo,Erik Erbes,2022-03-07T01:24:09Z
58113,Díwózhiiłbéíí,und,"","",,Navajo,Erik Erbes,2022-03-07T01:25:07Z
53881,Tł’ohozihii,und,"","",,Navajo,Erik Erbes,2022-03-07T01:26:09Z
126887,Tséch’ilndtł’izíyilt ’ą́ą ’í,und,"","",,Navajo,Erik Erbes,2022-03-07T01:26:47Z
148074,Ch’ilłibáhilátahtsoi,und,"","",,Navajo,Erik Erbes,2022-03-07T01:27:30Z
57934,Ch’ildiilyésiits’óóz,und,"","",,Navajo,Erik Erbes,2022-03-07T01:28:09Z
76329,Ch’ildiilyésiits’óóz,und,"","",,Navajo,Erik Erbes,2022-03-07T01:28:51Z
127534,Dibédą́ą́’,und,"","",,Navajo,Erik Erbes,2022-03-07T01:29:26Z
75598,Ts’ahtsoh,und,"","",,Navajo,Erik Erbes,2022-03-07T01:30:00Z
75586,Ts’ahłibáhí,und,"","",,Navajo,Erik Erbes,2022-03-07T01:30:28Z
75592,Tsétah Ts’ah,und,"","",,Navajo,Erik Erbes,2022-03-07T01:30:55Z
146898,Tóyikáál,und,"","",,Navajo,Erik Erbes,2022-03-07T01:31:24Z
148049,Ch’ilzhóó’,und,"","",,Navajo,Erik Erbes,2022-03-07T01:31:56Z
58115,Dá’ák’ǫ́ǫ́zhdijoolí,und,"","",,Navajo,Erik Erbes,2022-03-07T01:32:40Z
867365,Ch’ilłichiin,und,"","",,Navajo,Erik Erbes,2022-03-07T01:33:15Z
77312,Ch’il Diilyésii dzaa,und,"","",,Navajo,Erik Erbes,2022-03-07T01:33:51Z
48523,Didzé,und,"","",,Navajo,Erik Erbes,2022-03-07T01:34:26Z
52113,Gahtsohdą́ą́’,und,"","",,Navajo,Erik Erbes,2022-03-07T01:38:28Z
58333,Haasch’ééhdą́ą́’,und,"","",,Navajo,Erik Erbes,2022-03-07T01:39:40Z
53021,Ch’il natł’oi łigaí,und,"","",,Navajo,Erik Erbes,2022-03-07T01:40:21Z
64238,Ch’ilhoshíǫ Naakaibihosh,und,"","",,Navajo,Erik Erbes,2022-03-07T01:41:11Z
62298,Azee’ła’dilt’éhé,und,"","",,Navajo,Erik Erbes,2022-03-07T01:41:49Z
149010,Tsésnádáá’,und,"","",,Navajo,Erik Erbes,2022-03-07T01:42:58Z
49038,Ch’ilbílátahłitsxoidíchi’i’í,und,"","",,Navajo,Erik Erbes,2022-03-07T01:43:35Z
51769,Ch’ilbílátahózhóón,und,"","",,Navajo,Erik Erbes,2022-03-07T01:44:20Z
49917,Azeetł’ohí,und,"","",,Navajo,Erik Erbes,2022-03-07T01:45:36Z
62312,Dahiitiíhídą́ą́’dootł’izhí,und,"","",,Navajo,Erik Erbes,2022-03-07T01:46:17Z
161707,K’ei’chilí,und,"","",,Navajo,Erik Erbes,2022-03-07T01:46:57Z
53151,Tł’oh azee,und,"","",,Navajo,Erik Erbes,2022-03-07T01:47:48Z
57920,Tá’niits’éhii,und,"","",,Navajo,Erik Erbes,2022-03-07T01:48:31Z
58991,Tsiighájiłchíí,und,"","",,Navajo,Erik Erbes,2022-03-07T01:49:05Z
77121,K’iiłtsoinitł’izí,und,"","",,Navajo,Erik Erbes,2022-03-07T01:49:37Z
53094,Azee’haagai,und,"","",,Navajo,Erik Erbes,2022-03-07T01:50:09Z
77305,Ch’ilbílátahaltsóíí,und,"","",,Navajo,Erik Erbes,2022-03-07T01:50:37Z
78445,Nidíyíliiłigaii,und,"","",,Navajo,Erik Erbes,2022-03-07T01:51:24Z
47602,Bééshyilt’ą́ą’í,und,"","",,Navajo,Erik Erbes,2022-03-07T01:52:15Z
79380,Yííłtsíniitsoh,und,"","",,Navajo,Erik Erbes,2022-03-07T01:52:42Z
50255,K’íneeshdlíshiidą́ą́’,und,"","",,Navajo,Erik Erbes,2022-03-07T01:53:17Z
76291,Ni’ ił tł’ hii,und,"","",,Navajo,Erik Erbes,2022-03-07T01:53:47Z
48626,Tł’é’yiigáhii,und,"","",,Navajo,Erik Erbes,2022-03-07T01:55:08Z
47687,Dahįįtiíhídą́ą́’łikaní,und,"","",,Navajo,Erik Erbes,2022-03-07T01:55:45Z
75334,K’ińeeshdlíshiidą́ą́’łigai,und,"","",,Navajo,Erik Erbes,2022-03-07T01:56:25Z
47701,Dahįįtííhídą́ą́’tsó,und,"","",,Navajo,Erik Erbes,2022-03-07T01:57:01Z
50837,Azééhaaleeh,und,"","",,Navajo,Erik Erbes,2022-03-07T01:57:27Z
50154,Azeenitł’inii,und,"","",,Navajo,Erik Erbes,2022-03-07T01:57:58Z
242851,Azeehááldzidí,und,"","",,Navajo,Erik Erbes,2022-03-07T01:58:34Z
77331,Chil’bit’ą́ą́h t’ó,und,"","",,Navajo,Erik Erbes,2022-03-07T01:58:59Z
52736,Kétłoh,und,"","",,Navajo,Erik Erbes,2022-03-07T01:59:27Z
49340,Dahiitįį ́hídą́ą́’tsoh,und,"","",,Navajo,Erik Erbes,2022-03-07T02:00:05Z
57730,Bílátahyígaii,und,"","",,Navajo,Erik Erbes,2022-03-07T02:01:24Z
84977,Azee’naachii’,und,"","",,Navajo,Erik Erbes,2022-03-07T02:02:09Z
164149,K’iiłtsoiłizhiní,und,"","",,Navajo,Erik Erbes,2022-03-07T02:02:40Z
48943,Ch’óhojilééh,und,"","",,Navajo,Erik Erbes,2022-03-07T02:03:09Z
48160,Ch’it Bilat’a dootłizhigí,und,"","",,Navajo,Erik Erbes,2022-03-07T02:03:48Z
76210,Ch’il lat’á dei nínigí,und,"","",,Navajo,Erik Erbes,2022-03-07T02:04:17Z
159194,Ch’il nilt’ǫlí,und,"","",,Navajo,Erik Erbes,2022-03-07T02:05:19Z
239979,Tł’oh dei hałgaí,und,"","",,Navajo,Erik Erbes,2022-03-07T02:05:48Z
48493,Tádídiíńdootł’izh,und,"","",,Navajo,Erik Erbes,2022-03-07T02:06:18Z
162821,Ch’il abcí tsoh,und,"","",,Navajo,Erik Erbes,2022-03-07T02:06:45Z
148899,Ch’ilaghání’dool ghasí,und,"","",,Navajo,Erik Erbes,2022-03-07T02:07:19Z
75617,Dá’ághálii,und,"","",,Navajo,Erik Erbes,2022-03-07T02:07:49Z
121932,Ch’ilaghání,und,"","",,Navajo,Erik Erbes,2022-03-07T02:08:35Z
158886,Ch’ilna’át’ó’í,und,"","",,Navajo,Erik Erbes,2022-03-07T02:09:06Z
47121,Łį ́į ́dą́,und,"","",,Navajo,Erik Erbes,2022-03-07T02:09:41Z
59029,Bįįhyiljáa’í,und,"","",,Navajo,Erik Erbes,2022-03-07T02:10:52Z
53113,Oostse’,und,"","",,Navajo,Erik Erbes,2022-03-07T02:11:23Z
79345,Ch’ilgohwéhí’deí,und,"","",,Navajo,Erik Erbes,2022-03-07T02:11:49Z
53197,Dziłnát’oh,und,"","",,Navajo,Erik Erbes,2022-03-07T02:12:21Z
58291,Chaasht’ezhiitsoh,und,"","",,Navajo,Erik Erbes,2022-03-07T02:12:49Z
50641,Ma’iidą́ą́’,und,"","",,Navajo,Erik Erbes,2022-03-07T02:13:22Z
48367,Tsédídééh,und,"","",,Navajo,Erik Erbes,2022-03-07T02:13:53Z
164508,Os si tsóh,und,"","",,Navajo,Erik Erbes,2022-03-07T02:14:19Z
58729,K’ishishjiin,und,"","",,Navajo,Erik Erbes,2022-03-07T02:14:47Z
77478,Né’éshjaa’yilkee’é,und,"","",,Navajo,Erik Erbes,2022-03-07T02:15:11Z
83078,Gáagiibitł’ohchin,und,"","",,Navajo,Erik Erbes,2022-03-07T02:19:29Z
53207,Ch’ilbílátahalsoi,und,"","",,Navajo,Erik Erbes,2022-03-07T02:20:31Z
77349,Nií’ii’nił,und,"","",,Navajo,Erik Erbes,2022-03-07T02:21:00Z
77073,Bist’á azéé tsoh,und,"","",,Navajo,Erik Erbes,2022-03-07T02:21:32Z
56077,Biłhaazhch’ih,und,"","",,Navajo,Erik Erbes,2022-03-07T02:22:22Z
62211,Azee tsoxíí,und,"","",,Navajo,Erik Erbes,2022-03-07T02:23:02Z
62211,Chil di tsoxíí,und,"","",,Navajo,Erik Erbes,2022-03-07T02:23:17Z
57983,Nidíyílii,und,"","",,Navajo,Erik Erbes,2022-03-07T02:24:05Z
76007,Azee’okani’whooshí,und,"","",,Navajo,Erik Erbes,2022-03-07T02:24:37Z
76007,Azee’okani’deniní,und,"","",,Navajo,Erik Erbes,2022-03-07T02:24:53Z
60132,Azéé hakaní yázhí,und,"","",,Navajo,Erik Erbes,2022-03-07T02:25:34Z
78259,Zéé hókanííł béí,und,"","",,Navajo,Erik Erbes,2022-03-07T02:26:09Z
78259,Whosh Waa’,und,"","",,Navajo,Erik Erbes,2022-03-07T02:26:28Z
57896,Ch’ildeeníní,und,"","",,Navajo,Erik Erbes,2022-03-07T02:26:57Z
76338,Shashdáá’,und,"","",,Navajo,Erik Erbes,2022-03-07T02:27:24Z
63352,Chil bi la t’ahłigaí,und,"","",,Navajo,Erik Erbes,2022-03-07T02:28:58Z
78618,Azee’haatł’inii,und,"","",,Navajo,Erik Erbes,2022-03-07T02:29:25Z
76746,Tsé’ázhiíh,und,"","",,Navajo,Erik Erbes,2022-03-07T02:29:52Z
49352,Hoshdítsáhii,und,"","",,Navajo,Erik Erbes,2022-03-07T02:30:21Z
47902,Hoshniteelí,und,"","",,Navajo,Erik Erbes,2022-03-07T02:31:00Z
47787,Tsá’ászeh,und,"","",,Navajo,Erik Erbes,2022-03-07T02:31:30Z
53352,K’ish,und,"","",,Navajo,Erik Erbes,2022-03-07T02:32:02Z
57902,Chá’oł,und,"","",,Navajo,Erik Erbes,2022-03-07T02:32:32Z
52120,T’iis,und,"","",,Navajo,Erik Erbes,2022-03-07T02:33:22Z
116377,Che ch’il,und,"","",,Navajo,Erik Erbes,2022-03-07T02:33:52Z
52378,Tsé’ásdaazii,und,"","",,Navajo,Erik Erbes,2022-03-07T02:34:41Z
54840,Ts’iisbéií,und,"","",,Navajo,Erik Erbes,2022-03-07T02:35:34Z
48629,Didzétsoh dík’ǫ́zhígíí,und,"","",,Navajo,Erik Erbes,2022-03-07T02:36:00Z
64694,Tsin łibáhá,und,"","",,Navajo,Erik Erbes,2022-03-07T02:36:30Z
51305,K’eiłichii’its’óóz,und,"","",,Navajo,Erik Erbes,2022-03-07T02:37:01Z
79463,Naasts’ósí bit’iis,und,"","",,Navajo,Erik Erbes,2022-03-07T02:37:32Z
194527,Ch’oh deeníní,und,"","",,Navajo,Erik Erbes,2022-03-07T02:38:08Z
57278,T’iis Nattói,und,"","",,Navajo,Erik Erbes,2022-03-07T02:38:39Z
61099,Dídzéi dit’odi,und,"","",,Navajo,Erik Erbes,2022-03-07T02:39:06Z
75764,K’ishchíí,und,"","",,Navajo,Erik Erbes,2022-03-07T02:39:42Z
52724,Ch’ilabe’éts’óóz,und,"","",,Navajo,Erik Erbes,2022-03-07T02:40:16Z
63870,Ch’ilabe’éts’óóz,und,"","",,Navajo,Erik Erbes,2022-03-07T02:40:41Z
47533,Tóchʼil yooʼí dóó Tóchʼil halání,und,"","",,Navajo,John E. Christensen,2022-04-01T11:44:28Z
63142,Yaatsʼósí,und,"","",,Navajo,John E. Christensen,2022-04-01T12:05:35Z
58331,Chohoodiilyeh,und,"","",,Navajo,Elliott Gordon,2022-04-06T02:48:01Z
77141,Tł’ohyilzólídijoolí,und,"","",https://www.inaturalist.org/taxon_names/2909749/edit,Navajo,Thomas Koffel,2022-04-20T08:52:46Z
58951,Azhee Ateeh,und,"","",,Navajo,Elliott Gordon,2022-05-15T02:58:27Z
148445,Ghaa Biizhi,und,"","",,Navajo,Elliott Gordon,2022-05-16T20:55:41Z
148062,Daah Ahquiz Sikaadi,und,"","",,Navajo,Elliott Gordon,2022-05-17T03:04:37Z
170384,Tsaa Aahziih Tsoosi,und,"","",,Navajo,Elliott Gordon,2022-05-28T20:32:42Z
59034,Dziłnát'oh,und,"","",,Navajo,Elliott Gordon,2022-07-11T22:54:10Z
169626,Ayaani Bih Siih,und,"","",,Navajo,Elliott Gordon,2022-07-12T00:18:41Z
58756,Jaah Niił Siilii Daah,und,"","",,Navajo,Elliott Gordon,2022-07-13T23:08:06Z
53160,K’iniidlishii daa’,und,"","",,Navajo,Elliott Gordon,2022-08-26T01:03:35Z
78463,Niiłchii Jiih Naatoh,und,"","",,Navajo,Elliott Gordon,2022-08-26T01:04:31Z
148998,Inaah Zeen Bichaa Azhee,und,"","",,Navajo,Elliott Gordon,2022-08-26T01:05:25Z
60132,Tooh Nanideeh Azhee Hocuni,und,"","",,Navajo,Elliott Gordon,2022-08-26T01:06:20Z
62298,Iiłkoohi,und,"","",,Navajo,Elliott Gordon,2022-09-02T03:56:03Z
62298,Łiih Tsoijiih Ahzee,und,"","",,Navajo,Elliott Gordon,2022-09-02T03:56:25Z
53207,Ahzee Haał Zidii,und,"","",,Navajo,Elliott Gordon,2022-09-02T05:08:35Z
148327,Dii Quozhii Liih Tsui,und,"","",,Navajo,Elliott Gordon,2022-09-05T00:55:15Z
1415100,Waa’,und,"","",https://www.inaturalist.org/taxon_names/2909829/edit,Navajo,,2022-10-04T05:40:34Z
59034,Naatoh Bilatah Łigai,und,"","",,Navajo,Elliott Gordon,2022-11-28T02:39:53Z
505356,Tłoh Bilataah Łichii,und,"","",,Navajo,Elliott Gordon,2022-11-28T02:40:39Z
53050,Bikétłʼóól Názbąs,und,"","",,Navajo,pigeonlister,2022-12-31T02:52:31Z
83061,Tsiiyii Ałtiini Tsoh,und,"","",,Navajo,Elliott Gordon,2023-01-20T17:08:49Z
20903,Díłdánii yił aheełtʼéhii bitéél halzhinígíí,und,"","",,Navajo,pigeonlister,2023-01-30T00:50:59Z
71297,Chʼídeeldlóohiitsoh,und,"","",,Navajo,John E. Christensen,2023-01-31T12:41:45Z
138674,Dibeh Natooh,und,"","",,Navajo,Elliott Gordon,2023-02-19T21:56:00Z
76998,Biis Bihodochii,und,"","",,Navajo,Elliott Gordon,2023-02-19T21:56:51Z
162628,Biis Hodochii Yazhi,und,"","",,Navajo,Elliott Gordon,2023-02-19T21:57:45Z
160631,Tseh Biineeh Ahzee Hocuni,und,"","",,Navajo,Elliott Gordon,2023-02-19T21:58:17Z
58341,Daa Tsaah,und,"","",,Navajo,Elliott Gordon,2023-02-22T03:35:22Z
20526,Tsídiitsoh,und,"","",,Navajo,Johan Devos,2023-02-28T23:02:52Z
47788,Tsaa Aszii Niiteel,und,"","",,Navajo,Elliott Gordon,2023-06-07T17:44:58Z
866496,Woosh Ałhaa Dininilli,und,"","",,Navajo,Elliott Gordon,2023-06-07T18:17:53Z
889456,Tł’ohyilzólí,und,"","",https://www.inaturalist.org/taxon_names/2909742/edit,Navajo,,2023-08-06T01:38:22Z
58331,Choo Hodiilye,und,"","",,Navajo,Elliott Gordon,2023-08-29T04:01:46Z
58291,Chaa Haatiini,und,"","",,Navajo,Elliott Gordon,2023-09-26T02:23:19Z
339502,Ch’ildích’l’iłibáhí,und,"","",https://www.inaturalist.org/taxon_names/2909866/edit,Navajo,,2023-10-20T18:48:51Z
49348,Iichʼąhii noodǫ́zí,und,"","",,Navajo,John E. Christensen,2023-11-21T12:43:29Z
1290036,Hakʼaz Dineʼé Bikéyahdę́ę́ʼ gáagii,und,"","",,Navajo,William Harmon,2024-01-16T18:33:40Z
8010,Zhį́ʼii,und,"","",,Navajo,William Harmon,2024-01-16T18:36:23Z
12936,Dólii,und,"","",,Navajo,William Harmon,2024-01-17T01:02:00Z
12937,Dóliiłchííʼ,und,"","",,Navajo,William Harmon,2024-01-17T01:04:27Z
4778,Jeeshóóʼ,und,"","",,Navajo,William Harmon,2024-01-17T01:25:25Z
9420,Dilchʼóshiishzhiin łikizhígíí,und,"","",,Navajo,William Harmon,2024-01-17T01:27:06Z
10094,Dilchʼóshii,und,"","",,Navajo,William Harmon,2024-01-17T01:29:10Z
8618,Tsʼání,und,"","",,Navajo,William Harmon,2024-01-17T01:35:23Z
8234,Dilzhę́ʼii,und,"","",,Navajo,William Harmon,2024-01-17T01:37:35Z
7824,Tsʼánídílzhiʼí,und,"","",,Navajo,William Harmon,2024-01-17T01:48:55Z
506118,Ahééháshį́į́hdę́ę́ʼ tsʼánídílzhiʼí,und,"","",,Navajo,William Harmon,2024-01-17T01:49:39Z
7843,Tsʼánídílzhiʼí dootłʼizhígíí,und,"","",,Navajo,William Harmon,2024-01-17T01:52:19Z
144207,Naakaii Bikéyahdę́ę́ʼ tsʼánídílzhiʼí,und,"","",,Navajo,William Harmon,2024-01-17T01:53:59Z
7845,Kéyah dah naaʼeełídę́ę́ʼ tsʼánídílzhiʼí,und,"","",,Navajo,William Harmon,2024-01-17T01:55:18Z
7824,Tsintah tsʼánídílzhiʼí,und,"","",,Navajo,William Harmon,2024-01-17T01:56:01Z
144206,Tsintah tsʼánídílzhiʼí,und,"","",,Navajo,William Harmon,2024-01-17T02:03:21Z
8020,Shádiʼááhjí Akałii Bikéyahdę́ę́ʼ gáagii,und,"","",,Navajo,William Harmon,2024-01-17T02:11:52Z
7829,Haʼaʼaahdę́ę́ʼ tsʼánídílzhiʼí,und,"","",,Navajo,William Harmon,2024-01-17T02:13:39Z
506117,Tsʼánídílzhiʼí,und,"","",,Navajo,William Harmon,2024-01-17T02:14:58Z
8006,Naakaii Łizhiní Bikéyahdę́ę́ʼ gáagii,und,"","",,Navajo,William Harmon,2024-01-17T02:22:27Z
7998,Gáagii dóó Zhį́ʼii,und,"","",,Navajo,William Harmon,2024-01-17T14:22:42Z
8015,Kéyah Ałkééʼ Naaznilgo Dah Ndaaʼeełídę́ę́ʼ gáagii,und,"","",,Navajo,William Harmon,2024-01-17T14:23:30Z
8029,Dáʼákʼehtah gáagii,und,"","",,Navajo,William Harmon,2024-01-17T14:24:16Z
8050,Zhį́ʼii bidaaʼ ditání,und,"","",,Navajo,William Harmon,2024-01-17T14:25:21Z
8004,Zhį́ʼii bitsiiyah łigaaígíí,und,"","",,Navajo,William Harmon,2024-01-17T14:26:01Z
8003,Naakaii Bikéyahdę́ę́ʼ zhį́ʼii,und,"","",,Navajo,William Harmon,2024-01-17T14:27:00Z
8034,Zhį́ʼii bitsiiyah dibéłchíʼígíí,und,"","",,Navajo,William Harmon,2024-01-17T14:28:55Z
8038,Gáagii łizhin dóó łigaaígíí,und,"","",,Navajo,William Harmon,2024-01-17T14:29:57Z
8046,Zhį́ʼii bitseeʼ nteelígíí,und,"","",,Navajo,William Harmon,2024-01-17T14:31:15Z
7823,Gáagii dóó Joogii Ndahalinígíí,und,"","",,Navajo,William Harmon,2024-01-17T14:33:03Z
8413,Ąąʼąʼii dadiłhiłígíí,und,"","",,Navajo,William Harmon,2024-01-17T14:33:58Z
8415,Dziłtah ąąʼąʼii diłhiłí,und,"","",,Navajo,William Harmon,2024-01-17T14:34:50Z
8416,Ąąʼąʼii diłhiłí bidaaʼ łitsooígíí,und,"","",,Navajo,William Harmon,2024-01-17T14:35:29Z
8414,Ąąʼąʼii diłhiłí bitsiiʼ łichíʼígíí,und,"","",,Navajo,William Harmon,2024-01-17T14:35:59Z
495200,Ąąʼąʼii diłhiłí bidaaʼ łichíʼígíí,und,"","",,Navajo,William Harmon,2024-01-17T14:36:40Z
8507,Ąąʼąʼii dadootłʼizhígíí,und,"","",,Navajo,William Harmon,2024-01-17T14:37:45Z
8510,Ąąʼąʼii dootłʼizhígíí,und,"","",,Navajo,William Harmon,2024-01-17T14:39:31Z
8509,Náátsʼózídę́ę́ʼ ąąʼąʼii dootłʼizhígíí,und,"","",,Navajo,William Harmon,2024-01-17T14:40:44Z
144215,Ąąʼąʼii chʼilgo dootłʼizhígíí,und,"","",,Navajo,William Harmon,2024-01-17T14:41:38Z
144214,Ąąʼąʼii dootłʼizhí bitʼaʼ dibéłchíʼígíí,und,"","",,Navajo,William Harmon,2024-01-17T14:42:20Z
8335,Náhookǫs biyaadę́ę́ʼ báʼii,und,"","",,Navajo,William Harmon,2024-01-17T14:45:43Z
8334,Tó wónaanídę́ę́ʼ báʼii,und,"","",,Navajo,William Harmon,2024-01-17T14:46:29Z
72785,Ąąʼąʼiiłbáhí,und,"","",,Navajo,William Harmon,2024-01-17T14:49:03Z
8372,Ąąʼąʼiiłbáhí,und,"","",,Navajo,William Harmon,2024-01-17T14:49:30Z
339684,Naakaii Łibáhí Bikéyahdę́ę́ʼ ąąʼąʼiiłbáhí,und,"","",,Navajo,William Harmon,2024-01-17T14:50:01Z
8465,Zhį́ʼii dadootłʼizhígíí,und,"","",,Navajo,William Harmon,2024-01-17T14:51:14Z
8471,Zhį́ʼii dootłʼizhí bitsiiʼ łizhinígíí,und,"","",,Navajo,William Harmon,2024-01-17T14:51:55Z
8473,Tsinyiʼ zhį́ʼii dootłʼizhí,und,"","",,Navajo,William Harmon,2024-01-17T14:52:39Z
8470,Zhį́ʼii dootłʼizhí bijáád łitsooígíí,und,"","",,Navajo,William Harmon,2024-01-17T14:53:18Z
8482,Zhį́ʼii dootłʼizhí binághah tsédídéhígíí,und,"","",,Navajo,William Harmon,2024-01-17T14:53:55Z
8468,Zhį́ʼii dootłʼizhí bitsiiyah halbáhígíí,und,"","",,Navajo,William Harmon,2024-01-17T14:54:37Z
8481,Zhį́ʼii dootłʼizhí bitłʼaaʼ dinilbáhígíí,und,"","",,Navajo,William Harmon,2024-01-17T14:56:43Z
8483,Zhį́ʼii tsédídéehgo dootłʼizhí,und,"","",,Navajo,William Harmon,2024-01-17T14:57:15Z
8480,Zhį́ʼii dootłʼizhí bitéél łigaaígíí,und,"","",,Navajo,William Harmon,2024-01-17T14:57:52Z
8478,Zhį́ʼii dootłʼizhí diltʼóshígíí,und,"","",,Navajo,William Harmon,2024-01-17T14:58:27Z
8479,Zhį́ʼii dootłʼizhí bitéél halzhinígíí,und,"","",,Navajo,William Harmon,2024-01-17T14:59:05Z
8472,Zhį́ʼii dootłʼizhí bitseeʼ kʼídzígaaígíí,und,"","",,Navajo,William Harmon,2024-01-17T14:59:35Z
8466,Zhį́ʼii dootłʼizhí bizééʼ łigaaígíí,und,"","",,Navajo,William Harmon,2024-01-17T15:00:23Z
8484,Zhį́ʼii dootłʼizhí bitsiitʼáád yilzhólígíí,und,"","",,Navajo,William Harmon,2024-01-17T15:27:45Z
8469,Zhį́ʼii dootłʼizhí bitsiiyah łigaaígíí,und,"","",,Navajo,William Harmon,2024-01-17T15:28:24Z
509330,Zhį́ʼii dootłʼizhí bitłʼaaʼ łitsooígíí,und,"","",,Navajo,William Harmon,2024-01-17T15:41:34Z
8474,Zhį́ʼii dootłʼizhí bitłʼaaʼ łitsooígíí,und,"","",,Navajo,William Harmon,2024-01-17T15:42:01Z
509329,Zhį́ʼii dootłʼizhí bitłʼaaʼ diniltsooígíí,und,"","",,Navajo,William Harmon,2024-01-17T15:43:02Z
8650,Joogiitsoh bizééʼ halzhinígíí,und,"","",,Navajo,William Harmon,2024-01-17T15:50:05Z
8649,Joogiitsoh bizééʼ łigaaígíí,und,"","",,Navajo,William Harmon,2024-01-17T15:51:02Z
8523,Dinilzhį́ʼii,und,"","",,Navajo,William Harmon,2024-01-17T15:52:04Z
8524,Dinilzhį́ʼii,und,"","",,Navajo,William Harmon,2024-01-17T15:52:58Z
8648,Joogiitsoh bizééʼ,und,"","",,Navajo,William Harmon,2024-01-17T15:56:27Z
8229,Joogii,und,"","",,Navajo,William Harmon,2024-01-17T15:57:20Z
8617,Tsʼání,und,"","",,Navajo,William Harmon,2024-01-17T16:01:27Z
8228,Joogii dóó Dilzhę́ʼii,und,"","",,Navajo,William Harmon,2024-01-17T16:04:04Z
8166,Wíiʼii,und,"","",,Navajo,William Harmon,2024-01-17T16:05:05Z
8168,Wíiʼii binákʼee halzhinígíí,und,"","",,Navajo,William Harmon,2024-01-17T16:05:36Z
8171,Wíiʼii dootłʼizhígíí,und,"","",,Navajo,William Harmon,2024-01-17T16:07:34Z
8169,Wíiʼii bitsiiyah dootłʼizhígíí,und,"","",,Navajo,William Harmon,2024-01-17T16:08:14Z
8172,Wíiʼii nizhónígíí,und,"","",,Navajo,William Harmon,2024-01-17T16:09:02Z
8173,Wíiʼii bizééʼ halzhinígíí,und,"","",,Navajo,William Harmon,2024-01-17T16:10:21Z
8637,Hodíłchʼiltah gáagii łibáhígíí,und,"","",,Navajo,William Harmon,2024-01-17T16:20:14Z
8638,Hodíłchʼiltah gáagii łibáhígíí,und,"","",,Navajo,William Harmon,2024-01-17T16:20:43Z
15977,Dólii dóó Bisii dóó bikʼéí,und,"","",,Navajo,William Harmon,2024-01-17T17:55:03Z
367648,Wíiʼiichilí,und,"","",,Navajo,William Harmon,2024-01-17T19:37:36Z
8167,Wíiʼii bizééʼ dinilgaaígíí,und,"","",,Navajo,William Harmon,2024-01-17T19:38:11Z
204496,Dííłdzid gáagii,und,"","",,Navajo,William Harmon,2024-01-17T19:40:26Z
144757,Gáagii łibáhígíí,und,"","",,Navajo,William Harmon,2024-01-17T19:41:48Z
8021,Gáagii,und,"","",,Navajo,William Harmon,2024-01-17T19:43:10Z
8026,Gáagii bidaaʼ ntsaaígíí,und,"","",,Navajo,William Harmon,2024-01-17T19:44:27Z
8031,Biʼééʼ Łigaii Bikéyahdę́ę́ʼ gáagii,und,"","",,Navajo,William Harmon,2024-01-17T19:45:06Z
8028,Nahatʼeʼiitsoh Bikéyahdę́ę́ʼ gáagii,und,"","",,Navajo,William Harmon,2024-01-17T19:46:16Z
8048,Gáagii yázhí,und,"","",,Navajo,William Harmon,2024-01-17T19:46:52Z
8043,Tsintah zhį́ʼii,und,"","",,Navajo,William Harmon,2024-01-17T19:47:21Z
8042,Zhį́ʼii yázhí,und,"","",,Navajo,William Harmon,2024-01-17T19:47:59Z
8040,Nahatʼeʼiitsoh Bikéyahdę́ę́ʼ zhį́ʼii,und,"","",,Navajo,William Harmon,2024-01-17T19:48:32Z
979668,Gáagii bidaaʼ áłtsʼózígíí,und,"","",,Navajo,William Harmon,2024-01-17T19:49:10Z
8041,Gáagii bitéél łigaaígíí,und,"","",,Navajo,William Harmon,2024-01-17T19:49:58Z
8045,Kéyah Dah Ndaaʼeełí Łánídę́ę́ʼ gáagii,und,"","",,Navajo,William Harmon,2024-01-17T19:50:38Z
512241,Hodíłchʼiltah gáagii,und,"","",,Navajo,William Harmon,2024-01-17T19:51:42Z
512240,Náátsʼózídę́ę́ʼ hodíłchʼiltah gáagii,und,"","",,Navajo,William Harmon,2024-01-17T19:52:55Z
8019,Naakaii Nátʼohí Bikéyahdę́ę́ʼ gáagii,und,"","",,Navajo,William Harmon,2024-01-17T19:54:13Z
8009,Náátsʼózídę́ę́ʼ gáagii bitsiiyah halbáhígíí,und,"","",,Navajo,William Harmon,2024-01-17T19:54:52Z
8000,Tó wónaanídę́ę́ʼ gáagii bitsiiyah halbáhígíí,und,"","",,Navajo,William Harmon,2024-01-17T19:55:44Z
8001,Haʼaʼaahjí Tónteel bibąąhdę́ę́ʼ gáagii,und,"","",,Navajo,William Harmon,2024-01-17T19:59:32Z
979667,Gáagii bikʼos łigaaígíí,und,"","",,Navajo,William Harmon,2024-01-17T20:01:41Z
8052,Naakaii Bikéyahdę́ę́ʼ tónteel bibąąh gáagii,und,"","",,Navajo,William Harmon,2024-01-17T20:03:07Z
204552,Bítáátʼashzhiin,und,"","",,Navajo,William Harmon,2024-01-17T20:05:45Z
8520,Bitsiichįįshgahí,und,"","",,Navajo,William Harmon,2024-01-17T20:06:18Z
8318,Ąąʼąʼii,und,"","",,Navajo,William Harmon,2024-01-17T20:08:40Z
8501,Bitsiichįįshgahí yił aheełtʼéhé bitéél halzhinígíí,und,"","",,Navajo,William Harmon,2024-01-17T20:09:45Z
8502,Bitsiichįįshgahí yił aheełtʼéhé bitsiitʼáád halzhinígíí,und,"","",,Navajo,William Harmon,2024-01-17T20:10:48Z
827398,Ghą́ą́ʼaskʼidii Biłikahii Bikéyahdę́ę́ʼ ąąʼąʼii,und,"","",,Navajo,William Harmon,2024-01-17T20:12:18Z
143853,Ąąʼąʼii íiyisígíí,und,"","",,Navajo,William Harmon,2024-01-17T20:13:05Z
8319,Ąąʼąʼii bidaaʼ łitsooígíí,und,"","",,Navajo,William Harmon,2024-01-17T20:13:39Z
827400,Ąąʼąʼii bitłʼaaʼ halzhinígíí,und,"","",,Navajo,William Harmon,2024-01-17T20:14:17Z
891696,Tó wónaanídę́ę́ʼ ąąʼąʼii,und,"","",,Navajo,William Harmon,2024-01-17T20:14:49Z
827401,Náátsʼózídę́ę́ʼ ąąʼąʼii,und,"","",,Navajo,William Harmon,2024-01-17T20:15:33Z
8085,Tʼádootłʼizhii,und,"","",,Navajo,William Harmon,2024-01-17T20:16:46Z
8088,Tʼádootłʼizhii,und,"","",,Navajo,William Harmon,2024-01-17T20:17:07Z
8087,Tʼádootłʼizhii bitsiiʼ diłhiłígíí,und,"","",,Navajo,William Harmon,2024-01-17T20:17:41Z
8086,Tʼádootłʼizhii dibéłchíʼígíí,und,"","",,Navajo,William Harmon,2024-01-17T20:18:09Z
8370,Bíyaabíyaaʼii,und,"","",,Navajo,William Harmon,2024-01-17T20:19:14Z
8371,Bíyaabíyaaʼii,und,"","",,Navajo,William Harmon,2024-01-17T20:19:36Z
144755,Ąąʼąʼiitseenézí bitʼaʼ łizhinígíí,und,"","",,Navajo,William Harmon,2024-01-17T20:21:54Z
8306,Ąąʼąʼiitseenézí łibáhígíí,und,"","",,Navajo,William Harmon,2024-01-17T20:22:38Z
8309,Ąąʼąʼiitseenézí bikʼos łigaaígíí,und,"","",,Navajo,William Harmon,2024-01-17T20:23:42Z
8308,Ąąʼąʼiitseenézí bitéél łigaaígíí,und,"","",,Navajo,William Harmon,2024-01-17T20:24:14Z
8305,Ąąʼąʼiitseenézí binághah dibéłchíʼígíí,und,"","",,Navajo,William Harmon,2024-01-17T20:24:43Z
8204,Ąąʼąʼiitseenézí bítááʼ halzhinígíí,und,"","",,Navajo,William Harmon,2024-01-17T20:25:41Z
8653,Ąąʼąʼiitseenézí diłhiłígíí,und,"","",,Navajo,William Harmon,2024-01-17T20:26:15Z
8654,Ąąʼąʼiitseenézí diłhiłígíí,und,"","",,Navajo,William Harmon,2024-01-17T20:26:34Z
8651,Ąąʼąʼii łizhinígíí,und,"","",,Navajo,William Harmon,2024-01-17T20:27:08Z
8652,Ąąʼąʼii łizhinígíí,und,"","",,Navajo,William Harmon,2024-01-17T20:27:30Z
8348,Dziłtah zhį́ʼii bidaaʼ,und,"","",,Navajo,William Harmon,2024-01-17T20:28:34Z
8350,Dziłtah zhį́ʼii bidaaʼ łitsooígíí,und,"","",,Navajo,William Harmon,2024-01-17T20:29:06Z
8349,Dziłtah zhį́ʼii bidaaʼ łichíʼígíí,und,"","",,Navajo,William Harmon,2024-01-17T20:29:36Z
7251,Tsídii tsídígíí,und,"","",,Navajo,William Harmon,2024-01-17T20:32:32Z
14221,Dzidzé dayiitsahii,und,"","",,Navajo,William Harmon,2024-01-17T20:33:34Z
1289319,Dzidzé yiyiitsahii bitsiitʼáád łigaaígíí,und,"","",,Navajo,William Harmon,2024-01-17T20:34:08Z
1289536,Dzidzé yiyiitsahii bitsiitʼáád łigaaígíí,und,"","",,Navajo,William Harmon,2024-01-17T20:34:29Z
14262,Dzidzé yiyiitsahii dinilchíʼígíí,und,"","",,Navajo,William Harmon,2024-01-17T20:35:12Z
14268,Dzidzé yiyiitsahii bitseeʼ áłtsʼózígíí,und,"","",,Navajo,William Harmon,2024-01-17T20:35:38Z
339674,Dzidzé yiyiitsahii bitsiiʼ łitsxooígíí,und,"","",,Navajo,William Harmon,2024-01-17T20:36:32Z
339673,Dzidzé yiyiitsahii bitsiitʼáád halchíʼígíí,und,"","",,Navajo,William Harmon,2024-01-17T20:37:07Z
339676,Dzidzé yiyiitsahii tseechʼį́dígíí,und,"","",,Navajo,William Harmon,2024-01-17T20:39:21Z
339675,Dzidzé yiyiitsahii bitsiiʼ łichxíʼígíí,und,"","",,Navajo,William Harmon,2024-01-17T20:39:54Z
199840,Jiinííhí,und,"","",,Navajo,William Harmon,2024-01-29T05:21:47Z
9079,Tó wónaanídę́ę́ʼ tsídiiłtsooí dóó Jiinííhí dóó bikʼéí,und,"","",,Navajo,William Harmon,2024-01-29T05:22:32Z
10219,Daatsohí binághah yishtłizhígíí,und,"","",,Navajo,William Harmon,2024-01-29T05:25:45Z
18236,Tʼáyaałchííʼ,und,"","",,Navajo,William Harmon,2024-03-03T03:32:43Z
18256,Tʼáyaałtso,und,"","",,Navajo,William Harmon,2024-03-03T03:33:33Z
18230,Tʼáyaałchííʼ dóó bikʼéí,und,"","",,Navajo,William Harmon,2024-03-03T03:34:08Z
18160,Tsįįłkaałii diłhiłígíí,und,"","",,Navajo,William Harmon,2024-03-03T03:35:25Z
18209,Tsįįłkaałii bitsiiʼ łichíʼígíí,und,"","",,Navajo,William Harmon,2024-03-03T03:37:25Z
18204,Tsįįłkaałii bitsiiʼ łichíʼígíí,und,"","",,Navajo,William Harmon,2024-03-03T03:38:17Z
18161,Hosh yiłkaałii,und,"","",,Navajo,William Harmon,2024-03-03T03:39:59Z
18167,Tsįįłkaałii bítááʼ łitsxooígíí,und,"","",,Navajo,William Harmon,2024-03-03T03:41:46Z
18205,Tsįįłkaałii bitłʼaaʼ halchíʼígíí,und,"","",,Navajo,William Harmon,2024-03-03T03:43:36Z
17599,Tsin yiłkaałii,und,"","",,Navajo,William Harmon,2024-03-03T03:45:19Z
18467,Néʼézhiin,und,"","",,Navajo,William Harmon,2024-03-03T03:46:08Z
18459,Néʼézhiin,und,"","",,Navajo,William Harmon,2024-03-03T03:46:49Z
18464,Néʼézhiin bitéél halchíiʼii,und,"","",,Navajo,William Harmon,2024-03-03T03:47:18Z
18463,Néʼézhiin bitéél diniltsooígíí,und,"","",,Navajo,William Harmon,2024-03-03T03:49:35Z
18460,Néʼézhiin łizhinígíí,und,"","",,Navajo,William Harmon,2024-03-03T03:50:11Z
17638,Tsįįłkaałii bílaʼ táaʼii,und,"","",,Navajo,William Harmon,2024-03-03T03:52:38Z
17694,Náhookǫs biyaadę́ę́ʼ tsįįłkaałii bílaʼ táaʼii,und,"","",,Navajo,William Harmon,2024-03-03T03:53:19Z
792990,Tsįįłkaałii binághah dah łigaaígíí,und,"","",,Navajo,William Harmon,2024-03-03T03:54:39Z
792991,Shádiʼááhdę́ę́ʼ tsįįłkaałii,und,"","",,Navajo,William Harmon,2024-03-03T03:55:38Z
792994,Tsįįłkaałii bitsiiʼ łigaaígíí,und,"","",,Navajo,William Harmon,2024-03-03T03:56:26Z
792986,Tsįįłkaałii noodǫ́zígíí,und,"","",,Navajo,William Harmon,2024-03-03T03:57:15Z
792987,Ahééháshį́į́hdę́ę́ʼ tsįįłkaałii,und,"","",,Navajo,William Harmon,2024-03-03T03:57:50Z
792988,Tsįįłkaałii yilzhólígíí,und,"","",,Navajo,William Harmon,2024-03-03T03:58:33Z
17855,Tsįįłkaałiizhiin bitsiitʼáád halchíʼígíí,und,"","",,Navajo,William Harmon,2024-03-03T04:02:27Z
44171,Dahsánítsoh,und,"","",,Navajo,El Vaquero Loco,2024-04-24T06:11:41Z
42332,Deeshiyish dibéłchíʼígíí,und,"","",,Navajo,El Vaquero Loco,2024-04-24T06:12:31Z
74870,Bįįh nanitʼiní dootłʼizhígíí,und,"","",,Navajo,El Vaquero Loco,2024-04-24T06:13:41Z
42424,Hodíłchʼiltah bįįh nanitʼiní,und,"","",,Navajo,El Vaquero Loco,2024-04-24T06:16:09Z
39420,Tiníléítsoh bizééʼ łigaaígíí,und,"","",,Navajo,El Vaquero Loco,2024-04-24T06:22:04Z
4793,Tábąądijádí,und,"","",,Navajo,El Vaquero Loco,2024-04-24T06:26:08Z
3739,Tsídiidaashiyishí bitsiiʼ halzhinígíí,und,"","",,Navajo,El Vaquero Loco,2024-04-24T14:58:28Z
3734,Naakaii Łizhiní Bikéyahdę́ę́ʼ dááʼadeeʼii,und,"","",,Navajo,El Vaquero Loco,2024-04-24T15:00:48Z
9800,Tsídiiłtsooí bidaatsohígíí,und,"","",,Navajo,El Vaquero Loco,2024-05-25T21:13:03Z
158858,Dibeh Haychiidi Łibai,und,"","",,Navajo,Elliott Gordon,2024-07-28T16:08:30Z
