id,vernacularName,language,locality,countryCode,source,lexicon,contributor,created
492089,Cabeza de pollu,und,"","",,Asturian,John E. Christensen,2017-11-29T07:58:11Z
2,Chordata,und,"","",,Asturian,John E. Christensen,2017-11-30T11:10:44Z
83992,abeduriu común,und,"","",,Asturian,John E. Christensen,2017-12-14T22:09:25Z
49187,Castanea,und,"","",,Asturian,John E. Christensen,2017-12-17T11:04:34Z
47158,Inseutu,und,"","",,Asturian,John E. Christensen,2017-12-23T10:39:30Z
47118,Araneae,und,"","",,Asturian,John E. Christensen,2017-12-29T16:41:26Z
40268,Esperteyu,und,"","",,Asturian,John E. Christensen,2018-01-24T16:22:49Z
53856,carrascu,und,"","",,Asturian,Xurugetu,2019-04-14T17:52:22Z
55757,ciriguenya mayor,und,"","",,Asturian,Xurugetu,2019-04-14T18:10:51Z
47602,cardenya,und,"","",,Asturian,Xurugetu,2019-04-14T18:13:11Z
55848,golgeira,und,"","",,Asturian,Xurugetu,2019-04-14T18:16:52Z
55811,Prunal,und,"","",,Asturian,Xurugetu,2019-04-14T18:19:22Z
55858,corneyal,und,"","",,Asturian,Xurugetu,2019-04-14T18:22:46Z
56152,Ayo ursino,und,"","",,Asturian,Xurugetu,2019-04-14T18:27:00Z
55846,salgeiru,und,"","",,Asturian,Xurugetu,2019-04-14T18:28:41Z
204321,ciriguenya minor,und,"","",,Asturian,Xurugetu,2019-04-14T18:30:10Z
5106,ferre,und,"","",,Asturian,Xurugetu,2019-04-14T18:35:58Z
4643,ferlamicu,und,"","",,Asturian,Xurugetu,2019-04-14T18:37:26Z
5379,franwessu,und,"","",,Asturian,Xurugetu,2019-04-14T18:39:42Z
5265,pardon,und,"","",,Asturian,Xurugetu,2019-04-14T18:41:03Z
472766,Penheirina,und,"","",,Asturian,Xurugetu,2019-04-14T18:42:31Z
4672,Zaparin,und,"","",,Asturian,Xurugetu,2019-04-14T18:46:55Z
5361,Zapiqueira,und,"","",,Asturian,Xurugetu,2019-04-14T18:48:50Z
5267,Pardon,und,"","",,Asturian,Xurugetu,2019-04-14T18:50:57Z
20059,Coruxhon,und,"","",,Asturian,Xurugetu,2019-04-14T19:02:34Z
19898,Coruxhu,und,"","",,Asturian,Xurugetu,2019-04-14T19:03:52Z
20307,Tubeca,und,"","",,Asturian,Xurugetu,2019-04-14T19:05:15Z
20315,Coruxha marinhana,und,"","",,Asturian,Xurugetu,2019-04-14T19:06:52Z
19998,Miagon,und,"","",,Asturian,Xurugetu,2019-04-14T19:09:38Z
20445,Coruxha,und,"","",,Asturian,Xurugetu,2019-04-14T19:10:41Z
20244,Coruxhin,und,"","",,Asturian,Xurugetu,2019-04-14T19:11:58Z
41562,Balhena,und,"","",,Asturian,Xurugetu,2019-04-14T19:23:54Z
41570,Balhena Basca,und,"","",,Asturian,Xurugetu,2019-04-14T19:25:08Z
41550,Balhenatu,und,"","",,Asturian,Xurugetu,2019-04-14T19:27:11Z
41566,Xibarte,und,"","",,Asturian,Xurugetu,2019-04-14T19:28:59Z
41526,Tolinha,und,"","",,Asturian,Xurugetu,2019-04-14T19:31:28Z
41494,Tolinha raxona,und,"","",,Asturian,Xurugetu,2019-04-14T19:33:07Z
41521,Sperlon,und,"","",,Asturian,Xurugetu,2019-04-14T19:34:50Z
41539,Xiborgu,und,"","",,Asturian,Xurugetu,2019-04-14T19:36:16Z
41482,Tschitscharreiru,und,"","",,Asturian,Xurugetu,2019-04-14T19:38:33Z
41529,Arruaxe,und,"","",,Asturian,Xurugetu,2019-04-14T19:41:03Z
41440,Botu,und,"","",,Asturian,Xurugetu,2019-04-14T19:42:59Z
41541,Calderon,und,"","",,Asturian,Xurugetu,2019-04-14T19:44:26Z
41532,Romu aleta curtia,und,"","",,Asturian,Xurugetu,2019-04-14T19:46:04Z
41464,Romu pequenhu,und,"","",,Asturian,Xurugetu,2019-04-14T19:47:10Z
41428,Vacca marinha,und,"","",,Asturian,Xurugetu,2019-04-14T19:48:26Z
74890,Romu,und,"","",,Asturian,Xurugetu,2019-04-14T19:50:01Z
41421,Moscote,und,"","",,Asturian,Xurugetu,2019-04-14T19:51:14Z
41411,Balhena picu True,und,"","",,Asturian,Xurugetu,2019-04-14T19:52:46Z
41413,Balhena picu Sowerby,und,"","",,Asturian,Xurugetu,2019-04-14T19:53:46Z
41505,Tolinha picu blrancu,und,"","",,Asturian,Xurugetu,2019-04-14T19:55:14Z
41733,Lhuw marin,und,"","",,Asturian,Xurugetu,2019-04-14T19:57:00Z
41850,Lhóndriga,und,"","",,Asturian,Xurugetu,2019-04-14T20:01:21Z
569428,Mustelielha,und,"","",,Asturian,Xurugetu,2019-04-14T20:03:51Z
41800,Fhoina,und,"","",,Asturian,Xurugetu,2019-04-14T20:05:53Z
41796,Marta,und,"","",,Asturian,Xurugetu,2019-04-14T20:07:36Z
41808,Papalbina,und,"","",,Asturian,Xurugetu,2019-04-14T20:11:57Z
41812,Tôuron,und,"","",,Asturian,Xurugetu,2019-04-14T20:14:33Z
8088,Glrayu,und,"","",,Asturian,Xurugetu,2019-04-15T17:13:15Z
45933,Squil,und,"","",,Asturian,Xurugetu,2019-04-17T22:38:25Z
343021,Scolibiertu,und,"","",,Asturian,Xurugetu,2019-04-17T22:54:59Z
57309,Fhaba de mayo,und,"","",,Asturian,Xurugetu,2019-04-20T11:44:25Z
54763,Pládanu,und,"","",,Asturian,Xurugetu,2019-04-21T15:41:58Z
53549,Lhameires,und,"","",,Asturian,Xurugetu,2019-04-21T18:39:38Z
189148,Umeiru,und,"","",,Asturian,Xurugetu,2019-04-21T18:43:53Z
127345,Erveyaca,und,"","",,Asturian,Xurugetu,2019-04-26T18:43:29Z
61964,Cerezal,und,"","",,Asturian,Xurugetu,2019-04-26T19:21:01Z
765394,Xawuw,und,"","",,Asturian,Xurugetu,2019-04-26T19:35:29Z
52669,Fheleitscha,und,"","",,Asturian,Xurugetu,2019-04-26T19:46:03Z
56063,Capudre,und,"","",,Asturian,Xurugetu,2019-04-26T19:49:36Z
56063,Alcafresna,und,"","",,Asturian,Xurugetu,2019-04-26T19:50:27Z
55745,Bolitsche,und,"","",,Asturian,Xurugetu,2019-04-26T19:57:51Z
83992,Bedul,und,"","",,Asturian,Xurugetu,2019-04-29T13:26:52Z
57513,Arfhuöyos,und,"","",,Asturian,Xurugetu,2019-04-29T13:28:29Z
48538,Piornal,und,"","",,Asturian,Xurugetu,2019-04-30T17:26:15Z
371831,Cotolha,und,"","",,Asturian,Xurugetu,2019-04-30T17:33:49Z
51751,cotolha,und,"","",,Asturian,Xurugetu,2019-04-30T18:35:53Z
43151,Cuniyu,und,"","",,Asturian,Xurugetu,2019-05-01T20:01:16Z
81870,Fhedieira,und,"","",,Asturian,Xurugetu,2019-05-17T11:50:50Z
126368,Caçacabalhu,und,"","",,Asturian,Xurugetu,2019-05-27T14:21:37Z
78820,Papeira,und,"","",,Asturian,Xurugetu,2019-05-27T14:24:02Z
48229,Cotel,und,"","",,Asturian,Xurugetu,2019-05-27T14:33:36Z
324005,Caçacabalhu,und,"","",,Asturian,Xurugetu,2019-05-27T14:35:29Z
78820,Patalhuw,und,"","",,Asturian,Xurugetu,2019-05-27T14:39:11Z
335032,Carmona,und,"","",,Asturian,Xurugetu,2019-05-28T16:00:48Z
56133,Carbayu,und,"","",,Asturian,Xurugetu,2019-05-30T22:23:01Z
125848,Rebolhu,und,"","",,Asturian,Xurugetu,2019-05-30T22:27:59Z
82980,Caxigu,und,"","",,Asturian,Xurugetu,2019-05-30T22:32:40Z
55721,Restalhon,und,"","",,Asturian,Xurugetu,2019-06-01T16:48:31Z
124138,Cauleyu,und,"","",,Asturian,Xurugetu,2019-06-01T16:50:32Z
79109,Cascabel,und,"","",,Asturian,Xurugetu,2019-06-01T16:53:27Z
55884,Ganzavera,und,"","",,Asturian,Xurugetu,2019-06-05T18:36:16Z
54811,Cambron,und,"","",,Asturian,Xurugetu,2019-06-05T19:54:28Z
170200,Lhoránganu,und,"","",,Asturian,Xurugetu,2019-06-05T19:59:52Z
160697,Bilortu,und,"","",,Asturian,Xurugetu,2019-06-05T22:24:59Z
82663,Rapunciu,und,"","",,Asturian,Xurugetu,2019-06-18T11:43:47Z
56174,Cordielha,und,"","",,Asturian,Xurugetu,2019-06-25T19:22:17Z
155124,Cornapuya,und,"","",,Asturian,Xurugetu,2019-06-26T05:01:10Z
126575,Garampayu,und,"","",,Asturian,Xurugetu,2019-06-28T17:39:17Z
56077,Pericon,und,"","",,Asturian,Xurugetu,2019-07-15T12:33:41Z
53453,salgeiros,und,"","",,Asturian,Xurugetu,2019-07-30T11:23:28Z
430553,Fherreiru,und,"","",,Asturian,Xurugetu,2019-08-06T00:30:43Z
57512,arfhuöyu,und,"","",,Asturian,Xurugetu,2019-08-13T13:21:19Z
54227,Fhaya,und,"","",,Asturian,Xurugetu,2019-08-14T11:41:39Z
110361,Caelha,und,"","",,Asturian,Xurugetu,2019-08-14T11:54:30Z
52306,Mielga,und,"","",,Asturian,Xurugetu,2019-08-14T11:59:40Z
925661,Algaire,und,"","",,Asturian,Bobby McCabe,2019-08-20T16:53:11Z
6937,Zarapicu,und,"","",,Asturian,Xurugetu,2019-10-13T18:11:51Z
81001,anegro,und,"","",,Asturian,Rachel Ardura Profeta,2019-12-08T02:43:18Z
119061,bedul,und,"","",,Asturian,Rachel Ardura Profeta,2019-12-08T02:47:22Z
59901,abichera,und,"","",,Asturian,Rachel Ardura Profeta,2019-12-08T02:50:08Z
54491,ablanu,und,"","",,Asturian,Rachel Ardura Profeta,2019-12-08T02:51:57Z
53856,xardón,und,"","",,Asturian,Rachel Ardura Profeta,2019-12-08T03:13:31Z
53052,finochu,und,"","",,Asturian,Rachel Ardura Profeta,2019-12-08T03:22:46Z
127029,arándanu,und,"","",,Asturian,Rachel Ardura Profeta,2019-12-08T03:26:33Z
75864,argana,und,"","",,Asturian,Rachel Ardura Profeta,2019-12-08T03:31:24Z
84031,bálsamu,und,"","",,Asturian,Rachel Ardura Profeta,2019-12-08T03:44:00Z
78895,artu,und,"","",,Asturian,Rachel Ardura Profeta,2019-12-08T03:46:06Z
78174,berriu,und,"","",,Asturian,Rachel Ardura Profeta,2019-12-08T03:49:00Z
50298,abruóganu,und,"","",,Asturian,Rachel Ardura Profeta,2019-12-08T03:53:31Z
244095,berimu,und,"","",,Asturian,Rachel Ardura Profeta,2019-12-08T03:57:52Z
82689,arbedeiru,und,"","",,Asturian,Rachel Ardura Profeta,2019-12-08T04:04:45Z
133015,prusel,und,"","",,Asturian,Rachel Ardura Profeta,2019-12-08T04:10:17Z
167911,prusel,und,"","",,Asturian,Rachel Ardura Profeta,2019-12-08T04:11:04Z
56133,carbachu,und,Parque Natural Somiedo (ASTURIAS),"",,Asturian,Rachel Ardura Profeta,2019-12-08T04:14:22Z
63371,carbaza,und,"","",,Asturian,Rachel Ardura Profeta,2019-12-08T04:16:29Z
208803,cardu,und,"","",,Asturian,Rachel Ardura Profeta,2019-12-08T05:41:26Z
139068,carqueisa,und,"","",,Asturian,Rachel Ardura Profeta,2019-12-08T05:44:25Z
61470,centeḷḷón,und,"","",,Asturian,Rachel Ardura Profeta,2019-12-08T05:55:07Z
61964,zreizal,und,Parque Natural Somiedo (ASTURIAS),"",,Asturian,Rachel Ardura Profeta,2019-12-08T05:56:37Z
78805,ancina,und,"","",,Asturian,Rachel Ardura Profeta,2019-12-09T01:19:03Z
51751,árguma,und,Parque Natural Somiedo (ASTURIAS),"",,Asturian,Rachel Ardura Profeta,2019-12-09T01:23:56Z
55847,escuernacabra,und,"","",,Asturian,Rachel Ardura Profeta,2019-12-09T01:29:01Z
131586,espantapastores,und,"","",,Asturian,Rachel Ardura Profeta,2019-12-09T01:32:42Z
334041,espantapastores,und,"","",,Asturian,Rachel Ardura Profeta,2019-12-09T01:34:57Z
51147,espinera,und,"","",,Asturian,Rachel Ardura Profeta,2019-12-09T01:50:03Z
54227,faya,und,Parque Natural Somiedo (ASTURIAS),"",,Asturian,Rachel Ardura Profeta,2019-12-09T01:52:01Z
52681,fleitu,und,Parque Natural Somiedo (ASTURIAS),"",,Asturian,Rachel Ardura Profeta,2019-12-09T01:54:22Z
125440,freisnu,und,"","",,Asturian,Rachel Ardura Profeta,2019-12-09T02:02:19Z
82881,freisnu,und,"","",,Asturian,Rachel Ardura Profeta,2019-12-09T02:03:01Z
68049,gabuxa,und,"","",,Asturian,Rachel Ardura Profeta,2019-12-09T02:04:41Z
55884,garameta,und,"","",,Asturian,Rachel Ardura Profeta,2019-12-09T02:06:23Z
491058,gamón,und,"","",,Asturian,Rachel Ardura Profeta,2019-12-09T02:09:03Z
209586,gamón,und,"","",,Asturian,Rachel Ardura Profeta,2019-12-09T02:09:33Z
162431,ganzu,und,"","",,Asturian,Rachel Ardura Profeta,2019-12-09T02:12:29Z
82688,ganzu,und,"","",,Asturian,Rachel Ardura Profeta,2019-12-09T02:14:14Z
55775,gurbizu,und,"","",,Asturian,Rachel Ardura Profeta,2019-12-09T02:19:36Z
55777,gurbizu,und,"","",,Asturian,Rachel Ardura Profeta,2019-12-09T02:20:53Z
55821,agrina,und,"","",,Asturian,Rachel Ardura Profeta,2019-12-09T02:24:06Z
53195,agrina,und,"","",,Asturian,Rachel Ardura Profeta,2019-12-09T02:24:35Z
82691,nuega,und,"","",,Asturian,Rachel Ardura Profeta,2019-12-09T02:26:37Z
55885,nueda,und,"","",,Asturian,Rachel Ardura Profeta,2019-12-09T02:27:48Z
77990,hortelana,und,"","",,Asturian,Rachel Ardura Profeta,2019-12-09T02:29:47Z
77992,hortelana,und,"","",,Asturian,Rachel Ardura Profeta,2019-12-09T02:30:44Z
181920,hortelana,und,"","",,Asturian,Rachel Ardura Profeta,2019-12-09T02:31:33Z
371834,árguma,und,"","",,Asturian,Rachel Ardura Profeta,2019-12-09T02:34:16Z
338103,piornu,und,"","",,Asturian,Rachel Ardura Profeta,2019-12-09T02:35:45Z
55827,meixacán,und,"","",,Asturian,Rachel Ardura Profeta,2019-12-09T02:41:48Z
482795,yerbunegru,und,"","",,Asturian,Rachel Ardura Profeta,2019-12-09T02:43:06Z
170056,ḷḷamera,und,"","",,Asturian,Rachel Ardura Profeta,2019-12-09T02:45:39Z
127391,acebún,und,"","",,Asturian,Rachel Ardura Profeta,2019-12-09T02:47:57Z
55977,malva,und,"","",,Asturian,Rachel Ardura Profeta,2019-12-09T06:16:12Z
56162,malva,und,"","",,Asturian,Rachel Ardura Profeta,2019-12-09T06:17:06Z
418222,malva,und,"","",,Asturian,Rachel Ardura Profeta,2019-12-09T06:17:56Z
143243,manzanieḷḷa,und,"","",,Asturian,Rachel Ardura Profeta,2019-12-09T06:19:52Z
52841,manzanieḷḷa,und,"","",,Asturian,Rachel Ardura Profeta,2019-12-09T06:20:57Z
77965,manzanieḷḷa,und,"","",,Asturian,Rachel Ardura Profeta,2019-12-09T06:22:18Z
56158,malrubiu,und,"","",,Asturian,Rachel Ardura Profeta,2019-12-09T06:24:24Z
54605,malrubiu,und,"","",,Asturian,Rachel Ardura Profeta,2019-12-09T06:25:18Z
77993,hortolana,und,Parque Natural Somiedo (ASTURIAS),"",,Asturian,Rachel Ardura Profeta,2019-12-14T05:32:03Z
57116,menta,und,"","",,Asturian,Rachel Ardura Profeta,2019-12-14T05:34:48Z
53298,muruxa,und,"","",,Asturian,Rachel Ardura Profeta,2019-12-14T05:37:52Z
55666,muruxa,und,"","",,Asturian,Rachel Ardura Profeta,2019-12-14T05:40:22Z
56129,muruxa,und,"","",,Asturian,Rachel Ardura Profeta,2019-12-14T05:43:40Z
78895,amora,und,"","",,Asturian,Rachel Ardura Profeta,2019-12-14T05:46:40Z
63935,nuzal,und,"","",,Asturian,Rachel Ardura Profeta,2019-12-14T05:51:50Z
61396,auriéganu,und,"","",,Asturian,Rachel Ardura Profeta,2019-12-14T05:54:12Z
53315,urtiga,und,"","",,Asturian,Rachel Ardura Profeta,2019-12-14T05:56:05Z
51884,urtiga,und,"","",,Asturian,Rachel Ardura Profeta,2019-12-14T05:57:13Z
55876,urtiga,und,"","",,Asturian,Rachel Ardura Profeta,2019-12-14T05:58:10Z
338408,peruchal,und,"","",,Asturian,Rachel Ardura Profeta,2019-12-14T06:02:08Z
119791,falsu pláganu,und,"","",,Asturian,Rachel Ardura Profeta,2019-12-14T06:04:13Z
56133,reboḷḷu,und,"","",,Asturian,Rachel Ardura Profeta,2019-12-14T06:07:15Z
55846,salgueira,und,Parque Natural Somiedo (ASTURIAS),"",,Asturian,Rachel Ardura Profeta,2019-12-14T06:11:41Z
168326,salgueira,und,"","",,Asturian,Rachel Ardura Profeta,2019-12-14T06:13:00Z
495238,salgueiru,und,"","",,Asturian,Rachel Ardura Profeta,2019-12-14T06:14:45Z
55972,sangüeñu,und,"","",,Asturian,Rachel Ardura Profeta,2019-12-15T02:50:12Z
443674,te murunu,und,Parque Natural Somiedo (ASTURIAS),"",,Asturian,Rachel Ardura Profeta,2019-12-15T02:54:21Z
47553,teixu,und,"","",,Asturian,Rachel Ardura Profeta,2019-12-15T02:56:07Z
169761,tila,und,"","",,Asturian,Rachel Ardura Profeta,2019-12-15T02:57:59Z
132600,tila,und,"","",,Asturian,Rachel Ardura Profeta,2019-12-15T02:59:24Z
163682,ḷḷampazu,und,"","",,Asturian,Rachel Ardura Profeta,2019-12-15T03:02:38Z
57662,ḷḷeitarina,und,"","",,Asturian,Rachel Ardura Profeta,2019-12-15T03:05:42Z
124741,ḷḷuriánganu,und,"","",,Asturian,Rachel Ardura Profeta,2019-12-15T03:12:55Z
53352,umeiru,und,"","",,Asturian,Rachel Ardura Profeta,2019-12-15T03:14:55Z
56161,valediana,und,"","",,Asturian,Rachel Ardura Profeta,2019-12-15T03:19:03Z
142299,xanzaina,und,"","",,Asturian,Rachel Ardura Profeta,2019-12-15T03:21:24Z
48538,xiniesta,und,Parque Natural Somiedo (ASTURIAS),"",,Asturian,Rachel Ardura Profeta,2019-12-15T03:23:32Z
48699,xistra,und,Parque Natural Somiedo (ASTURIAS),"",,Asturian,Rachel Ardura Profeta,2019-12-15T03:25:34Z
52643,xuncu,und,"","",,Asturian,Rachel Ardura Profeta,2019-12-15T03:27:26Z
85424,surbia,und,"","",,Asturian,Rachel Ardura Profeta,2019-12-15T03:28:57Z
55883,yedra,und,"","",,Asturian,Rachel Ardura Profeta,2019-12-15T03:30:13Z
47219,abeicha,und,"","",,Asturian,Rachel Ardura Profeta,2019-12-15T03:33:07Z
5242,aigla,und,"","",,Asturian,Rachel Ardura Profeta,2019-12-15T03:35:39Z
11901,andulina,und,"","",,Asturian,Rachel Ardura Profeta,2019-12-15T03:39:51Z
94105,enguila,und,"","",,Asturian,Rachel Ardura Profeta,2019-12-15T03:41:14Z
165925,almoradus,und,"","",,Asturian,Xurugetu,2020-01-31T12:21:58Z
61398,alfhabaca,und,"","",,Asturian,Xurugetu,2020-01-31T12:43:05Z
4954,Óligu,und,"","",,Asturian,Xurugetu,2020-02-02T23:39:18Z
50203,cadielhu,und,"","",,Asturian,Xurugetu,2020-02-17T18:22:06Z
49237,Zamborca,und,"","",,Asturian,Xurugetu,2020-02-17T21:31:06Z
4784,Maçaricos,und,"","",,Asturian,Xurugetu,2020-02-22T10:47:58Z
318836,Gatsa,und,"","",,Asturian,Xurugetu,2020-02-22T10:49:49Z
4519,Aru,und,"","",,Asturian,Xurugetu,2020-02-22T10:54:58Z
1024536,miruxha,und,"","",https://www.inaturalist.org/taxon_names/1561578/edit,Asturian,Victor HOYEAU,2020-02-23T18:28:30Z
7363,Retsártsara,und,"","",,Asturian,Xurugetu,2020-03-20T12:26:39Z
4981,Garcina de Nueche,und,"","",https://eol.org/pages/45511338,Asturian,Sean Cozart,2020-05-05T16:32:24Z
4943,Garcina,und,"","",https://eol.org/pages/45511358,Asturian,lwnrngr,2020-05-05T16:32:25Z
13695,Monxa,und,"Asturias, AS, ES","",,Asturian,fidalvarez,2020-05-10T20:25:16Z
49668,(M)arfhuœyu,und,"","",,Asturian,Xurugetu,2020-05-20T13:51:04Z
126575,Pumar (el),und,"","",,Asturian,Xurugetu,2020-07-09T11:56:12Z
1035349,ganzu,und,"","",https://www.inaturalist.org/taxon_names/1865397/edit,Asturian,,2020-07-28T08:10:08Z
54436,Alrtimora,und,"","",,Asturian,Xurugetu,2020-09-04T21:54:38Z
47602,diente de cambrión,und,"","",https://www.inaturalist.org/taxon_names/1865323/edit,Asturian,Orsi Galló,2021-04-03T20:33:36Z
399272,Fhuron,und,"","",https://www.inaturalist.org/taxon_names/1548144/edit,Asturian,,2021-07-21T00:08:29Z
55811,Scayu negral,und,"","",,Asturian,Xurugetu,2021-08-19T13:21:18Z
41964,Lleón,und,"","",,Asturian,Zane Roskoph,2021-08-24T12:42:23Z
900799,mustachal,und,"","",https://www.inaturalist.org/taxon_names/1871510/edit,Asturian,carnifex,2021-09-02T20:25:50Z
82903,Nuœgada,und,"","",,Asturian,Xurugetu,2021-09-08T10:06:59Z
47322,mantecon,und,"","",,Asturian,Xurugetu,2021-09-08T10:13:00Z
60126,Mexacan,und,"","",,Asturian,Xurugetu,2021-09-08T10:16:37Z
59029,mœrga,und,"","",,Asturian,Xurugetu,2021-09-08T10:19:24Z
58725,Nebreira,und,"","",,Asturian,Xurugetu,2021-09-08T10:21:04Z
63935,Nozal,und,"","",,Asturian,Xurugetu,2021-09-08T10:24:51Z
63935,Noceu,und,"","",,Asturian,Xurugetu,2021-09-08T10:25:32Z
64161,Pan,und,"","",,Asturian,Xurugetu,2021-09-08T10:27:27Z
57066,meliloto mariellu,und,"","",,Asturian,Charlie A.,2021-09-08T14:43:45Z
1330161,peruchal,und,"","",https://www.inaturalist.org/taxon_names/1871517/edit,Asturian,,2021-12-11T15:41:49Z
485105,Spinela,und,"","",,Asturian,Xurugetu,2021-12-21T17:08:20Z
244095,Belimbre,und,"","",,Asturian,Xurugetu,2021-12-21T17:14:49Z
359468,Xistra,und,"","",,Asturian,Xurugetu,2021-12-21T17:18:53Z
169752,Ourieganina,und,"","",,Asturian,Xurugetu,2021-12-21T17:21:37Z
59901,Abeyeira,und,"","",,Asturian,Xurugetu,2021-12-21T17:22:57Z
59314,brúncanu,und,"","",,Asturian,Xurugetu,2022-03-06T10:59:45Z
145363,cerrica,und,"","",,Asturian,Xurugetu,2022-03-06T11:12:38Z
4889,zaramielhu,und,"","",,Asturian,Xurugetu,2022-03-20T17:59:33Z
1367002,Carapanal,und,"","",https://www.inaturalist.org/taxon_names/2843512/edit,Asturian,,2022-03-22T02:52:56Z
929057,quitameriendas,und,"","",https://www.inaturalist.org/taxon_names/1865354/edit,Asturian,,2022-03-31T07:54:39Z
482795,pata-lhuw,und,"","",,Asturian,Xurugetu,2022-04-12T20:36:24Z
55827,Lhabeira,und,"","",,Asturian,Xurugetu,2022-04-12T20:40:29Z
55775,cotolha,und,"","",,Asturian,Xurugetu,2022-05-12T09:01:22Z
713191,Urç,und,"","",,Asturian,Xurugetu,2022-05-12T09:02:12Z
118551,gurbizu,und,"","",,Asturian,Xurugetu,2022-05-12T09:06:45Z
47574,teixeiræs,und,"","",,Asturian,Xurugetu,2022-11-02T00:05:24Z
54856,teyeiræs,und,"","",,Asturian,Xurugetu,2022-11-02T00:15:28Z
20526,Avestruz,und,"","",,Asturian,Johan Devos,2023-02-28T22:11:26Z
