id,vernacularName,language,locality,countryCode,source,lexicon,contributor,created
2,Kordata,und,"","",,Ilokano,John E. Christensen,2017-11-30T13:23:55Z
170883,Saba,und,"","",,Ilokano,John E. Christensen,2017-12-20T15:52:16Z
347809,Sap-sap (Talibuknu),und,"","",http://www.ubio.org/browser/details.php?namebankID=1543071,Ilokano,,2017-12-21T22:48:58Z
84830,Suako-ti-uak,und,"","",,Ilokano,James Ojascastro,2018-03-05T01:50:02Z
102025,Barugudun,und,"","",http://www.catalogueoflife.org/annual-checklist/details/species/id/10076325/common/59598,Ilokano,,2021-07-13T12:47:06Z
102037,Barugudun,und,"","",http://www.catalogueoflife.org/annual-checklist/details/species/id/10076338/common/59483,Ilokano,operculum_ben,2021-07-13T12:47:06Z
102059,Barugudun,und,"","",http://www.catalogueoflife.org/annual-checklist/details/species/id/10076365/common/59023,Ilokano,Donald Davesne,2021-07-13T12:47:06Z
102073,Barugudun,und,"","",http://www.catalogueoflife.org/annual-checklist/details/species/id/10076381/common/58855,Ilokano,,2021-07-13T12:47:07Z
102075,Barugudun,und,"","",http://www.catalogueoflife.org/annual-checklist/details/species/id/10076383/common/58820,Ilokano,,2021-07-13T12:47:07Z
102045,Bagundun,und,"","",http://www.catalogueoflife.org/annual-checklist/details/species/id/10076351/common/59306,Ilokano,,2021-07-13T13:04:59Z
113980,Bagundun,und,"","",http://www.catalogueoflife.org/annual-checklist/details/species/id/10076599/common/94198,Ilokano,,2021-07-13T13:05:00Z
113203,Bagundun,und,"","",http://www.catalogueoflife.org/annual-checklist/details/species/id/10076556/common/152051,Ilokano,,2021-07-13T13:05:00Z
102055,Bagundun,und,"","",http://www.catalogueoflife.org/annual-checklist/details/species/id/10076361/common/59167,Ilokano,,2021-07-13T13:05:00Z
113981,Bagundun,und,"","",http://www.catalogueoflife.org/annual-checklist/details/species/id/10076600/common/94115,Ilokano,,2021-07-13T13:05:01Z
113209,Bagundun,und,"","",http://www.catalogueoflife.org/annual-checklist/details/species/id/10076562/common/151983,Ilokano,,2021-07-13T13:05:01Z
102056,Bagundun,und,"","",http://www.catalogueoflife.org/annual-checklist/details/species/id/10076362/common/59108,Ilokano,,2021-07-13T13:05:01Z
113985,Bagundun,und,"","",http://www.catalogueoflife.org/annual-checklist/details/species/id/10076605/common/93980,Ilokano,,2021-07-13T13:05:02Z
102077,Bagundun,und,"","",http://www.catalogueoflife.org/annual-checklist/details/species/id/10076387/common/58729,Ilokano,,2021-07-13T13:05:02Z
58467,Bagundun,und,"","",http://www.catalogueoflife.org/annual-checklist/details/species/id/10076606/common/93922,Ilokano,,2021-07-13T13:05:02Z
67963,Bagundun,und,"","",http://www.catalogueoflife.org/annual-checklist/details/species/id/10076593/common/94348,Ilokano,,2021-07-13T13:05:03Z
102080,Bagundun,und,"","",http://www.catalogueoflife.org/annual-checklist/details/species/id/10076392/common/58712,Ilokano,lwnrngr,2021-07-13T13:05:03Z
102044,Bagundun,und,"","",http://www.catalogueoflife.org/annual-checklist/details/species/id/10076349/common/59351,Ilokano,,2021-07-13T13:05:04Z
113978,Bagundun,und,"","",http://www.catalogueoflife.org/annual-checklist/details/species/id/10076596/common/94264,Ilokano,,2021-07-13T13:05:04Z
102088,Bagundun,und,"","",http://www.catalogueoflife.org/annual-checklist/details/species/id/10076400/common/58587,Ilokano,,2021-07-13T13:05:04Z
102044,Balaki,und,"","",http://www.catalogueoflife.org/annual-checklist/details/species/id/10076349/common/59350,Ilokano,,2021-07-13T13:06:01Z
95831,Balaki,und,"","",http://www.catalogueoflife.org/annual-checklist/details/species/id/10076173/common/125055,Ilokano,,2021-07-13T13:06:01Z
196837,Balaki,und,"","",http://www.catalogueoflife.org/annual-checklist/details/species/id/10077036/common/64974,Ilokano,,2021-07-13T13:06:01Z
107302,Balaki,und,"","",http://www.catalogueoflife.org/annual-checklist/details/species/id/10076470/common/269864,Ilokano,,2021-07-13T13:06:05Z
135225,Balaki,und,"","",http://www.catalogueoflife.org/annual-checklist/details/species/id/10066489/common/209351,Ilokano,,2021-07-13T13:06:06Z
196838,Balaki,und,"","",http://www.catalogueoflife.org/annual-checklist/details/species/id/10077021/common/65581,Ilokano,Victor HOYEAU,2021-07-13T13:06:06Z
103426,Balaki,und,"","",http://www.catalogueoflife.org/annual-checklist/details/species/id/10076411/common/191281,Ilokano,,2021-07-13T13:06:06Z
52323,Balaki,und,"","",http://www.catalogueoflife.org/annual-checklist/details/species/id/10076294/common/142061,Ilokano,,2021-07-13T13:06:06Z
325734,Balaki,und,"","",http://www.catalogueoflife.org/annual-checklist/details/species/id/10077085/common/101735,Ilokano,,2021-07-13T13:06:07Z
102080,Balaki,und,"","",http://www.catalogueoflife.org/annual-checklist/details/species/id/10076392/common/58711,Ilokano,lwnrngr,2021-07-13T13:06:07Z
97667,Balaki,und,"","",http://www.catalogueoflife.org/annual-checklist/details/species/id/10076223/common/165322,Ilokano,,2021-07-13T13:06:07Z
530409,Balaki,und,"","",http://www.catalogueoflife.org/annual-checklist/details/species/id/10077068/common/102214,Ilokano,,2021-07-13T13:06:08Z
102045,Balaki,und,"","",http://www.catalogueoflife.org/annual-checklist/details/species/id/10076351/common/59307,Ilokano,,2021-07-13T13:06:08Z
97307,Balaki,und,"","",http://www.catalogueoflife.org/annual-checklist/details/species/id/10076195/common/126095,Ilokano,,2021-07-13T13:06:09Z
131234,Balaki,und,"","",http://www.catalogueoflife.org/annual-checklist/details/species/id/10077040/common/64913,Ilokano,,2021-07-13T13:06:09Z
67963,Balaki,und,"","",http://www.catalogueoflife.org/annual-checklist/details/species/id/10076593/common/94349,Ilokano,,2021-07-13T13:06:09Z
108074,Balaki,und,"","",http://www.catalogueoflife.org/annual-checklist/details/species/id/10076473/common/125588,Ilokano,,2021-07-13T13:06:10Z
94016,Balaki,und,"","",http://www.catalogueoflife.org/annual-checklist/details/species/id/10076137/common/200182,Ilokano,,2021-07-13T13:06:10Z
519572,Balaki,und,"","",http://www.catalogueoflife.org/annual-checklist/details/species/id/10077024/common/65468,Ilokano,,2021-07-13T13:06:10Z
103431,Balaki,und,"","",http://www.catalogueoflife.org/annual-checklist/details/species/id/10076416/common/191220,Ilokano,,2021-07-13T13:06:11Z
100036,Balaki,und,"","",http://www.catalogueoflife.org/annual-checklist/details/species/id/10076318/common/81494,Ilokano,,2021-07-13T13:06:11Z
102579,Balaki,und,"","",http://www.catalogueoflife.org/annual-checklist/details/species/id/10076405/common/171858,Ilokano,Donald Davesne,2021-07-13T13:06:12Z
97671,Balaki,und,"","",http://www.catalogueoflife.org/annual-checklist/details/species/id/10076227/common/165267,Ilokano,,2021-07-13T13:06:12Z
530410,Balaki,und,"","",http://www.catalogueoflife.org/annual-checklist/details/species/id/10077071/common/102173,Ilokano,,2021-07-13T13:06:13Z
102055,Balaki,und,"","",http://www.catalogueoflife.org/annual-checklist/details/species/id/10076361/common/59166,Ilokano,,2021-07-13T13:06:13Z
97308,Balaki,und,"","",http://www.catalogueoflife.org/annual-checklist/details/species/id/10076196/common/125985,Ilokano,,2021-07-13T13:06:14Z
121673,Balaki,und,"","",http://www.catalogueoflife.org/annual-checklist/details/species/id/10077043/common/64838,Ilokano,,2021-07-13T13:06:14Z
113978,Balaki,und,"","",http://www.catalogueoflife.org/annual-checklist/details/species/id/10076596/common/94263,Ilokano,,2021-07-13T13:06:14Z
108076,Balaki,und,"","",http://www.catalogueoflife.org/annual-checklist/details/species/id/10076475/common/125450,Ilokano,,2021-07-13T13:06:15Z
94021,Balaki,und,"","",http://www.catalogueoflife.org/annual-checklist/details/species/id/10076142/common/200078,Ilokano,,2021-07-13T13:06:15Z
188052,Balaki,und,"","",http://www.catalogueoflife.org/annual-checklist/details/species/id/10077026/common/65345,Ilokano,,2021-07-13T13:06:16Z
103436,Balaki,und,"","",http://www.catalogueoflife.org/annual-checklist/details/species/id/10076421/common/191194,Ilokano,,2021-07-13T13:06:16Z
52508,Balaki,und,"","",http://www.catalogueoflife.org/annual-checklist/details/species/id/10076322/common/200269,Ilokano,,2021-07-13T13:06:16Z
102580,Balaki,und,"","",http://www.catalogueoflife.org/annual-checklist/details/species/id/10076406/common/171797,Ilokano,,2021-07-13T13:06:17Z
97672,Balaki,und,"","",http://www.catalogueoflife.org/annual-checklist/details/species/id/10076228/common/165220,Ilokano,,2021-07-13T13:06:17Z
347936,Balaki,und,"","",http://www.catalogueoflife.org/annual-checklist/details/species/id/10077080/common/102036,Ilokano,,2021-07-13T13:06:17Z
123346,Balaki,und,"","",http://www.catalogueoflife.org/annual-checklist/details/species/id/10077010/common/22852,Ilokano,,2021-07-13T13:06:18Z
102056,Balaki,und,"","",http://www.catalogueoflife.org/annual-checklist/details/species/id/10076362/common/59109,Ilokano,,2021-07-13T13:06:18Z
97311,Balaki,und,"","",http://www.catalogueoflife.org/annual-checklist/details/species/id/10076202/common/125833,Ilokano,,2021-07-13T13:06:18Z
132376,Balaki,und,"","",http://www.catalogueoflife.org/annual-checklist/details/species/id/10077047/common/64768,Ilokano,,2021-07-13T13:06:19Z
113980,Balaki,und,"","",http://www.catalogueoflife.org/annual-checklist/details/species/id/10076599/common/94197,Ilokano,,2021-07-13T13:06:19Z
108081,Balaki,und,"","",http://www.catalogueoflife.org/annual-checklist/details/species/id/10076480/common/125415,Ilokano,,2021-07-13T13:06:20Z
95819,Balaki,und,"","",http://www.catalogueoflife.org/annual-checklist/details/species/id/10076159/common/125244,Ilokano,,2021-07-13T13:06:20Z
122514,Balaki,und,"","",http://www.catalogueoflife.org/annual-checklist/details/species/id/10077027/common/65333,Ilokano,Donald Davesne,2021-07-13T13:06:21Z
81498,Balaki,und,"","",http://www.catalogueoflife.org/annual-checklist/details/species/id/10076455/common/192646,Ilokano,,2021-07-13T13:06:21Z
102037,Balaki,und,"","",http://www.catalogueoflife.org/annual-checklist/details/species/id/10076338/common/59486,Ilokano,operculum_ben,2021-07-13T13:06:21Z
100130,Kurapu,und,"","",http://www.catalogueoflife.org/annual-checklist/details/species/id/10073150/common/41466,Ilokano,,2021-07-15T12:15:30Z
52556,Kurapu,und,"","",http://www.catalogueoflife.org/annual-checklist/details/species/id/10073107/common/43456,Ilokano,,2021-07-15T12:15:30Z
109745,Kurapu,und,"","",http://www.catalogueoflife.org/annual-checklist/details/species/id/10073364/common/200867,Ilokano,,2021-07-15T12:15:30Z
100116,Kurapu,und,"","",http://www.catalogueoflife.org/annual-checklist/details/species/id/10073140/common/41970,Ilokano,,2021-07-15T12:15:31Z
100121,Kurapu,und,"","",http://www.catalogueoflife.org/annual-checklist/details/species/id/10073084/common/44278,Ilokano,,2021-07-15T12:15:31Z
56559,Kurapu,und,"","",http://www.catalogueoflife.org/annual-checklist/details/species/id/10073124/common/42552,Ilokano,,2021-07-15T12:15:34Z
96989,Kurapu,und,"","",http://www.catalogueoflife.org/annual-checklist/details/species/id/10073037/common/61347,Ilokano,,2021-07-15T12:15:35Z
100141,Kurapu,und,"","",http://www.catalogueoflife.org/annual-checklist/details/species/id/10073162/common/41001,Ilokano,,2021-07-15T12:15:35Z
100131,Kurapu,und,"","",http://www.catalogueoflife.org/annual-checklist/details/species/id/10073151/common/41378,Ilokano,,2021-07-15T12:15:36Z
100088,Kurapu,und,"","",http://www.catalogueoflife.org/annual-checklist/details/species/id/10073110/common/43343,Ilokano,,2021-07-15T12:15:36Z
109747,Kurapu,und,"","",http://www.catalogueoflife.org/annual-checklist/details/species/id/10073366/common/200811,Ilokano,,2021-07-15T12:15:36Z
100118,Kurapu,und,"","",http://www.catalogueoflife.org/annual-checklist/details/species/id/10073142/common/41861,Ilokano,Victor HOYEAU,2021-07-15T12:15:36Z
100124,Kurapu,und,"","",http://www.catalogueoflife.org/annual-checklist/details/species/id/10073089/common/44074,Ilokano,,2021-07-15T12:15:37Z
100104,Kurapu,und,"","",http://www.catalogueoflife.org/annual-checklist/details/species/id/10073127/common/42462,Ilokano,,2021-07-15T12:15:37Z
96990,Kurapu,und,"","",http://www.catalogueoflife.org/annual-checklist/details/species/id/10073038/common/61268,Ilokano,,2021-07-15T12:15:37Z
100143,Kurapu,und,"","",http://www.catalogueoflife.org/annual-checklist/details/species/id/10073164/common/40900,Ilokano,,2021-07-15T12:15:38Z
100132,Kurapu,und,"","",http://www.catalogueoflife.org/annual-checklist/details/species/id/10073152/common/41294,Ilokano,Victor HOYEAU,2021-07-15T12:15:38Z
100090,Kurapu,und,"","",http://www.catalogueoflife.org/annual-checklist/details/species/id/10073112/common/43138,Ilokano,,2021-07-15T12:15:38Z
114930,Kurapu,und,"","",http://www.catalogueoflife.org/annual-checklist/details/species/id/10073505/common/202582,Ilokano,Donald Davesne,2021-07-15T12:15:39Z
100120,Kurapu,und,"","",http://www.catalogueoflife.org/annual-checklist/details/species/id/10073144/common/41776,Ilokano,,2021-07-15T12:15:39Z
100076,Kurapu,und,"","",http://www.catalogueoflife.org/annual-checklist/details/species/id/10073097/common/43813,Ilokano,,2021-07-15T12:15:39Z
100106,Kurapu,und,"","",http://www.catalogueoflife.org/annual-checklist/details/species/id/10073129/common/42398,Ilokano,,2021-07-15T12:15:40Z
96992,Kurapu,und,"","",http://www.catalogueoflife.org/annual-checklist/details/species/id/10073040/common/61123,Ilokano,,2021-07-15T12:15:40Z
100146,Kurapu,und,"","",http://www.catalogueoflife.org/annual-checklist/details/species/id/10073169/common/40761,Ilokano,,2021-07-15T12:15:40Z
100133,Kurapu,und,"","",http://www.catalogueoflife.org/annual-checklist/details/species/id/10073153/common/41348,Ilokano,Yann Kemper,2021-07-15T12:15:41Z
100094,Kurapu,und,"","",http://www.catalogueoflife.org/annual-checklist/details/species/id/10073116/common/42993,Ilokano,,2021-07-15T12:15:41Z
49420,Kurapu,und,"","",http://www.catalogueoflife.org/annual-checklist/details/species/id/10076650/common/219659,Ilokano,Cole Gaerber,2021-07-15T12:15:42Z
100125,Kurapu,und,"","",http://www.catalogueoflife.org/annual-checklist/details/species/id/10073145/common/41656,Ilokano,,2021-07-15T12:15:42Z
100077,Kurapu,und,"","",http://www.catalogueoflife.org/annual-checklist/details/species/id/10073098/common/43775,Ilokano,,2021-07-15T12:15:42Z
100111,Kurapu,und,"","",http://www.catalogueoflife.org/annual-checklist/details/species/id/10073135/common/42169,Ilokano,Victor HOYEAU,2021-07-15T12:15:43Z
49639,Kurapu,und,"","",http://www.catalogueoflife.org/annual-checklist/details/species/id/10073047/common/60734,Ilokano,,2021-07-15T12:15:43Z
100098,Kurapu,und,"","",http://www.catalogueoflife.org/annual-checklist/details/species/id/10073120/common/42919,Ilokano,,2021-07-15T12:15:44Z
100134,Kurapu,und,"","",http://www.catalogueoflife.org/annual-checklist/details/species/id/10073154/common/41238,Ilokano,,2021-07-15T12:15:44Z
100128,Kurapu,und,"","",http://www.catalogueoflife.org/annual-checklist/details/species/id/10073148/common/41534,Ilokano,,2021-07-15T12:15:44Z
100080,Kurapu,und,"","",http://www.catalogueoflife.org/annual-checklist/details/species/id/10073101/common/43642,Ilokano,,2021-07-15T12:15:45Z
109743,Kurapu,und,"","",http://www.catalogueoflife.org/annual-checklist/details/species/id/10073362/common/201094,Ilokano,,2021-07-15T12:15:45Z
100115,Kurapu,und,"","",http://www.catalogueoflife.org/annual-checklist/details/species/id/10073139/common/42022,Ilokano,,2021-07-15T12:15:45Z
100099,Kurapu,und,"","",http://www.catalogueoflife.org/annual-checklist/details/species/id/10073121/common/42802,Ilokano,,2021-07-15T12:15:46Z
94231,Kurapu,und,"","",http://www.catalogueoflife.org/annual-checklist/details/species/id/10073015/common/229554,Ilokano,,2021-07-15T12:15:47Z
100140,Kurapu,und,"","",http://www.catalogueoflife.org/annual-checklist/details/species/id/10073161/common/41079,Ilokano,,2021-07-15T12:15:47Z
67971,Pagi,und,"","",,Ilokano,Zane Roskoph,2021-07-19T14:52:54Z
52508,Verde verde,und,"","",,Ilokano,Zane Roskoph,2021-07-27T15:57:21Z
154282,Ampapakul,und,"","",http://www.catalogueoflife.org/annual-checklist/details/species/id/10084940/common/227982,Ilokano,,2021-07-27T16:30:58Z
123392,Ampapakul,und,"","",http://www.catalogueoflife.org/annual-checklist/details/species/id/10084941/common/227924,Ilokano,Donald Davesne,2021-07-27T16:30:59Z
52449,Ampapakul,und,"","",http://www.catalogueoflife.org/annual-checklist/details/species/id/10084957/common/180585,Ilokano,,2021-07-27T16:30:59Z
325499,Ampapakul,und,"","",http://www.catalogueoflife.org/annual-checklist/details/species/id/10084958/common/180525,Ilokano,,2021-07-27T16:30:59Z
94016,Labayan,und,"","",,Ilokano,Zane Roskoph,2021-07-27T16:55:29Z
94016,Verde verde,und,"","",,Ilokano,Zane Roskoph,2021-07-27T16:55:44Z
97167,Kapiged,und,"","",,Ilokano,Zane Roskoph,2021-07-27T17:44:09Z
63597,Balaki,und,"","",,Ilokano,Zane Roskoph,2021-07-27T19:26:40Z
63597,Labayan,und,"","",,Ilokano,Zane Roskoph,2021-07-27T19:26:56Z
63597,Verde verde,und,"","",,Ilokano,Zane Roskoph,2021-07-27T19:27:12Z
424818,Labahita,und,"","",,Ilokano,Zane Roskoph,2021-07-28T13:09:55Z
132410,Labahita,und,"","",,Ilokano,Zane Roskoph,2021-07-28T14:58:53Z
49639,Bato-bato,und,"","",,Ilokano,Zane Roskoph,2021-07-29T00:36:46Z
100127,Kakab,und,"","",http://www.catalogueoflife.org/annual-checklist/details/species/id/10073147/common/41605,Ilokano,,2021-07-29T00:38:26Z
94231,Kakab,und,"","",http://www.catalogueoflife.org/annual-checklist/details/species/id/10073015/common/229573,Ilokano,,2021-07-29T00:38:27Z
100124,Kakab,und,"","",http://www.catalogueoflife.org/annual-checklist/details/species/id/10073089/common/44086,Ilokano,,2021-07-29T00:38:27Z
97004,Kakab,und,"","",http://www.catalogueoflife.org/annual-checklist/details/species/id/10073054/common/60525,Ilokano,,2021-07-29T00:38:27Z
109744,Kakab,und,"","",http://www.catalogueoflife.org/annual-checklist/details/species/id/10073363/common/200991,Ilokano,,2021-07-29T00:38:28Z
100130,Kakab,und,"","",http://www.catalogueoflife.org/annual-checklist/details/species/id/10073150/common/41479,Ilokano,,2021-07-29T00:38:28Z
96990,Kakab,und,"","",http://www.catalogueoflife.org/annual-checklist/details/species/id/10073038/common/61286,Ilokano,,2021-07-29T00:38:28Z
100088,Kakab,und,"","",http://www.catalogueoflife.org/annual-checklist/details/species/id/10073110/common/43330,Ilokano,,2021-07-29T00:38:29Z
97007,Kakab,und,"","",http://www.catalogueoflife.org/annual-checklist/details/species/id/10073057/common/60325,Ilokano,,2021-07-29T00:38:29Z
109745,Kakab,und,"","",http://www.catalogueoflife.org/annual-checklist/details/species/id/10073364/common/200879,Ilokano,,2021-07-29T00:38:30Z
100134,Kakab,und,"","",http://www.catalogueoflife.org/annual-checklist/details/species/id/10073154/common/41250,Ilokano,,2021-07-29T00:38:30Z
96992,Kakab,und,"","",http://www.catalogueoflife.org/annual-checklist/details/species/id/10073040/common/61133,Ilokano,,2021-07-29T00:38:30Z
100089,Kakab,und,"","",http://www.catalogueoflife.org/annual-checklist/details/species/id/10073111/common/43255,Ilokano,,2021-07-29T00:38:31Z
114929,Kakab,und,"","",http://www.catalogueoflife.org/annual-checklist/details/species/id/10073504/common/202642,Ilokano,,2021-07-29T00:38:31Z
100145,Kakab,und,"","",http://www.catalogueoflife.org/annual-checklist/details/species/id/10073168/common/40825,Ilokano,,2021-07-29T00:38:32Z
54941,Kakab,und,"","",http://www.catalogueoflife.org/annual-checklist/details/species/id/10073041/common/61068,Ilokano,,2021-07-29T00:38:32Z
100090,Kakab,und,"","",http://www.catalogueoflife.org/annual-checklist/details/species/id/10073112/common/43150,Ilokano,,2021-07-29T00:38:33Z
142212,Kakab,und,"","",http://www.catalogueoflife.org/annual-checklist/details/species/id/10073082/common/201763,Ilokano,,2021-07-29T00:38:33Z
109741,Kakab,und,"","",http://www.catalogueoflife.org/annual-checklist/details/species/id/10073360/common/201259,Ilokano,,2021-07-29T00:38:33Z
96997,Kakab,und,"","",http://www.catalogueoflife.org/annual-checklist/details/species/id/10073046/common/60856,Ilokano,,2021-07-29T00:38:34Z
100099,Kakab,und,"","",http://www.catalogueoflife.org/annual-checklist/details/species/id/10073121/common/42822,Ilokano,,2021-07-29T00:38:34Z
100121,Kakab,und,"","",http://www.catalogueoflife.org/annual-checklist/details/species/id/10073084/common/44297,Ilokano,,2021-07-29T00:38:34Z
49639,Kakab,und,"","",http://www.catalogueoflife.org/annual-checklist/details/species/id/10073047/common/60751,Ilokano,,2021-07-29T00:38:35Z
109743,Kakab,und,"","",http://www.catalogueoflife.org/annual-checklist/details/species/id/10073362/common/201105,Ilokano,,2021-07-29T00:38:36Z
96990,Kurapo,und,"","",http://www.catalogueoflife.org/annual-checklist/details/species/id/10073038/common/61269,Ilokano,,2021-07-29T00:39:16Z
100130,Kurapo,und,"","",http://www.catalogueoflife.org/annual-checklist/details/species/id/10073150/common/41467,Ilokano,,2021-07-29T00:39:16Z
100088,Kurapo,und,"","",http://www.catalogueoflife.org/annual-checklist/details/species/id/10073110/common/43342,Ilokano,,2021-07-29T00:39:17Z
114929,Kurapo,und,"","",http://www.catalogueoflife.org/annual-checklist/details/species/id/10073504/common/202629,Ilokano,,2021-07-29T00:39:17Z
97007,Kurapo,und,"","",http://www.catalogueoflife.org/annual-checklist/details/species/id/10073057/common/60314,Ilokano,,2021-07-29T00:39:17Z
96992,Kurapo,und,"","",http://www.catalogueoflife.org/annual-checklist/details/species/id/10073040/common/61125,Ilokano,,2021-07-29T00:39:17Z
100134,Kurapo,und,"","",http://www.catalogueoflife.org/annual-checklist/details/species/id/10073154/common/41239,Ilokano,,2021-07-29T00:39:18Z
100089,Kurapo,und,"","",http://www.catalogueoflife.org/annual-checklist/details/species/id/10073111/common/43235,Ilokano,,2021-07-29T00:39:18Z
100145,Kurapo,und,"","",http://www.catalogueoflife.org/annual-checklist/details/species/id/10073168/common/40819,Ilokano,,2021-07-29T00:39:19Z
54941,Kurapo,und,"","",http://www.catalogueoflife.org/annual-checklist/details/species/id/10073041/common/61059,Ilokano,,2021-07-29T00:39:19Z
100090,Kurapo,und,"","",http://www.catalogueoflife.org/annual-checklist/details/species/id/10073112/common/43139,Ilokano,,2021-07-29T00:39:20Z
142212,Kurapo,und,"","",http://www.catalogueoflife.org/annual-checklist/details/species/id/10073082/common/201754,Ilokano,,2021-07-29T00:39:20Z
109741,Kurapo,und,"","",http://www.catalogueoflife.org/annual-checklist/details/species/id/10073360/common/201248,Ilokano,,2021-07-29T00:39:20Z
96997,Kurapo,und,"","",http://www.catalogueoflife.org/annual-checklist/details/species/id/10073046/common/60846,Ilokano,,2021-07-29T00:39:20Z
100099,Kurapo,und,"","",http://www.catalogueoflife.org/annual-checklist/details/species/id/10073121/common/42803,Ilokano,,2021-07-29T00:39:21Z
100121,Kurapo,und,"","",http://www.catalogueoflife.org/annual-checklist/details/species/id/10073084/common/44279,Ilokano,,2021-07-29T00:39:21Z
109744,Kurapo,und,"","",http://www.catalogueoflife.org/annual-checklist/details/species/id/10073363/common/200976,Ilokano,,2021-07-29T00:39:22Z
49639,Kurapo,und,"","",http://www.catalogueoflife.org/annual-checklist/details/species/id/10073047/common/60735,Ilokano,,2021-07-29T00:39:22Z
94231,Kurapo,und,"","",http://www.catalogueoflife.org/annual-checklist/details/species/id/10073015/common/229555,Ilokano,,2021-07-29T00:39:22Z
100127,Kurapo,und,"","",http://www.catalogueoflife.org/annual-checklist/details/species/id/10073147/common/41593,Ilokano,,2021-07-29T00:39:23Z
100124,Kurapo,und,"","",http://www.catalogueoflife.org/annual-checklist/details/species/id/10073089/common/44075,Ilokano,,2021-07-29T00:39:23Z
109745,Kurapo,und,"","",http://www.catalogueoflife.org/annual-checklist/details/species/id/10073364/common/200868,Ilokano,,2021-07-29T00:39:24Z
97004,Kurapo,und,"","",http://www.catalogueoflife.org/annual-checklist/details/species/id/10073054/common/60512,Ilokano,,2021-07-29T00:39:24Z
54941,Maskad,und,"","",http://www.catalogueoflife.org/annual-checklist/details/species/id/10073041/common/61051,Ilokano,,2021-07-29T00:39:33Z
100145,Maskad,und,"","",http://www.catalogueoflife.org/annual-checklist/details/species/id/10073168/common/40807,Ilokano,,2021-07-29T00:39:34Z
100090,Maskad,und,"","",http://www.catalogueoflife.org/annual-checklist/details/species/id/10073112/common/43121,Ilokano,,2021-07-29T00:39:34Z
142212,Maskad,und,"","",http://www.catalogueoflife.org/annual-checklist/details/species/id/10073082/common/201747,Ilokano,,2021-07-29T00:39:35Z
109741,Maskad,und,"","",http://www.catalogueoflife.org/annual-checklist/details/species/id/10073360/common/201239,Ilokano,,2021-07-29T00:39:35Z
96997,Maskad,und,"","",http://www.catalogueoflife.org/annual-checklist/details/species/id/10073046/common/60838,Ilokano,,2021-07-29T00:39:35Z
100099,Maskad,und,"","",http://www.catalogueoflife.org/annual-checklist/details/species/id/10073121/common/42777,Ilokano,,2021-07-29T00:39:36Z
100121,Maskad,und,"","",http://www.catalogueoflife.org/annual-checklist/details/species/id/10073084/common/44424,Ilokano,,2021-07-29T00:39:36Z
109743,Maskad,und,"","",http://www.catalogueoflife.org/annual-checklist/details/species/id/10073362/common/201072,Ilokano,,2021-07-29T00:39:36Z
49639,Maskad,und,"","",http://www.catalogueoflife.org/annual-checklist/details/species/id/10073047/common/60810,Ilokano,,2021-07-29T00:39:37Z
94231,Maskad,und,"","",http://www.catalogueoflife.org/annual-checklist/details/species/id/10073015/common/229540,Ilokano,,2021-07-29T00:39:37Z
100127,Maskad,und,"","",http://www.catalogueoflife.org/annual-checklist/details/species/id/10073147/common/41572,Ilokano,,2021-07-29T00:39:38Z
100124,Maskad,und,"","",http://www.catalogueoflife.org/annual-checklist/details/species/id/10073089/common/44059,Ilokano,,2021-07-29T00:39:38Z
109744,Maskad,und,"","",http://www.catalogueoflife.org/annual-checklist/details/species/id/10073363/common/200963,Ilokano,,2021-07-29T00:39:39Z
97004,Maskad,und,"","",http://www.catalogueoflife.org/annual-checklist/details/species/id/10073054/common/60498,Ilokano,,2021-07-29T00:39:40Z
96990,Maskad,und,"","",http://www.catalogueoflife.org/annual-checklist/details/species/id/10073038/common/61254,Ilokano,,2021-07-29T00:39:40Z
100130,Maskad,und,"","",http://www.catalogueoflife.org/annual-checklist/details/species/id/10073150/common/41439,Ilokano,,2021-07-29T00:39:40Z
100088,Maskad,und,"","",http://www.catalogueoflife.org/annual-checklist/details/species/id/10073110/common/43359,Ilokano,,2021-07-29T00:39:41Z
109745,Maskad,und,"","",http://www.catalogueoflife.org/annual-checklist/details/species/id/10073364/common/200853,Ilokano,,2021-07-29T00:39:41Z
97007,Maskad,und,"","",http://www.catalogueoflife.org/annual-checklist/details/species/id/10073057/common/60305,Ilokano,,2021-07-29T00:39:41Z
96992,Maskad,und,"","",http://www.catalogueoflife.org/annual-checklist/details/species/id/10073040/common/61111,Ilokano,,2021-07-29T00:39:42Z
100134,Maskad,und,"","",http://www.catalogueoflife.org/annual-checklist/details/species/id/10073154/common/41221,Ilokano,,2021-07-29T00:39:42Z
114929,Matkad,und,"","",http://www.catalogueoflife.org/annual-checklist/details/species/id/10073504/common/202615,Ilokano,,2021-07-29T00:39:42Z
100089,Maskad,und,"","",http://www.catalogueoflife.org/annual-checklist/details/species/id/10073111/common/43224,Ilokano,,2021-07-29T00:39:42Z
97007,Matkad,und,"","",http://www.catalogueoflife.org/annual-checklist/details/species/id/10073057/common/60301,Ilokano,,2021-07-29T00:39:43Z
114929,Maskad,und,"","",http://www.catalogueoflife.org/annual-checklist/details/species/id/10073504/common/202614,Ilokano,,2021-07-29T00:39:43Z
96992,Matkad,und,"","",http://www.catalogueoflife.org/annual-checklist/details/species/id/10073040/common/61110,Ilokano,,2021-07-29T00:39:43Z
100134,Matkad,und,"","",http://www.catalogueoflife.org/annual-checklist/details/species/id/10073154/common/41220,Ilokano,,2021-07-29T00:39:44Z
100089,Matkad,und,"","",http://www.catalogueoflife.org/annual-checklist/details/species/id/10073111/common/43223,Ilokano,,2021-07-29T00:39:44Z
54941,Matkad,und,"","",http://www.catalogueoflife.org/annual-checklist/details/species/id/10073041/common/61050,Ilokano,,2021-07-29T00:39:44Z
100145,Matkad,und,"","",http://www.catalogueoflife.org/annual-checklist/details/species/id/10073168/common/40806,Ilokano,,2021-07-29T00:39:45Z
100090,Matkad,und,"","",http://www.catalogueoflife.org/annual-checklist/details/species/id/10073112/common/43120,Ilokano,,2021-07-29T00:39:45Z
142212,Matkad,und,"","",http://www.catalogueoflife.org/annual-checklist/details/species/id/10073082/common/201745,Ilokano,,2021-07-29T00:39:45Z
96997,Matkad,und,"","",http://www.catalogueoflife.org/annual-checklist/details/species/id/10073046/common/60837,Ilokano,,2021-07-29T00:39:46Z
109741,Matkad,und,"","",http://www.catalogueoflife.org/annual-checklist/details/species/id/10073360/common/201237,Ilokano,,2021-07-29T00:39:46Z
100099,Matkad,und,"","",http://www.catalogueoflife.org/annual-checklist/details/species/id/10073121/common/42775,Ilokano,,2021-07-29T00:39:47Z
100121,Matkad,und,"","",http://www.catalogueoflife.org/annual-checklist/details/species/id/10073084/common/44423,Ilokano,,2021-07-29T00:39:47Z
49639,Matkad,und,"","",http://www.catalogueoflife.org/annual-checklist/details/species/id/10073047/common/60809,Ilokano,,2021-07-29T00:39:47Z
109744,Matkad,und,"","",http://www.catalogueoflife.org/annual-checklist/details/species/id/10073363/common/200962,Ilokano,,2021-07-29T00:39:48Z
100127,Matkad,und,"","",http://www.catalogueoflife.org/annual-checklist/details/species/id/10073147/common/41570,Ilokano,,2021-07-29T00:39:48Z
94231,Matkad,und,"","",http://www.catalogueoflife.org/annual-checklist/details/species/id/10073015/common/229539,Ilokano,,2021-07-29T00:39:48Z
100124,Matkad,und,"","",http://www.catalogueoflife.org/annual-checklist/details/species/id/10073089/common/44058,Ilokano,,2021-07-29T00:39:49Z
109745,Matkad,und,"","",http://www.catalogueoflife.org/annual-checklist/details/species/id/10073364/common/200852,Ilokano,,2021-07-29T00:39:49Z
97004,Matkad,und,"","",http://www.catalogueoflife.org/annual-checklist/details/species/id/10073054/common/60496,Ilokano,,2021-07-29T00:39:49Z
96990,Matkad,und,"","",http://www.catalogueoflife.org/annual-checklist/details/species/id/10073038/common/61253,Ilokano,,2021-07-29T00:39:50Z
100130,Matkad,und,"","",http://www.catalogueoflife.org/annual-checklist/details/species/id/10073150/common/41438,Ilokano,,2021-07-29T00:39:50Z
100088,Matkad,und,"","",http://www.catalogueoflife.org/annual-checklist/details/species/id/10073110/common/43360,Ilokano,,2021-07-29T00:39:51Z
135223,Labungan,und,"","",http://www.catalogueoflife.org/annual-checklist/details/species/id/10075941/common/139675,Ilokano,,2021-07-29T01:06:41Z
100088,Labungan,und,"","",http://www.catalogueoflife.org/annual-checklist/details/species/id/10073110/common/43344,Ilokano,,2021-07-29T01:06:41Z
97007,Labungan,und,"","",http://www.catalogueoflife.org/annual-checklist/details/species/id/10073057/common/60312,Ilokano,,2021-07-29T01:06:41Z
109745,Labungan,und,"","",http://www.catalogueoflife.org/annual-checklist/details/species/id/10073364/common/200866,Ilokano,,2021-07-29T01:06:42Z
84539,Labungan,und,"","",http://www.catalogueoflife.org/annual-checklist/details/species/id/10075976/common/137822,Ilokano,Victor HOYEAU,2021-07-29T01:06:42Z
100134,Labungan,und,"","",http://www.catalogueoflife.org/annual-checklist/details/species/id/10073154/common/41237,Ilokano,,2021-07-29T01:06:42Z
96992,Labungan,und,"","",http://www.catalogueoflife.org/annual-checklist/details/species/id/10073040/common/61122,Ilokano,,2021-07-29T01:06:43Z
104856,Labungan,und,"","",http://www.catalogueoflife.org/annual-checklist/details/species/id/10075951/common/139229,Ilokano,,2021-07-29T01:06:43Z
100089,Labungan,und,"","",http://www.catalogueoflife.org/annual-checklist/details/species/id/10073111/common/43234,Ilokano,,2021-07-29T01:06:43Z
114929,Labungan,und,"","",http://www.catalogueoflife.org/annual-checklist/details/species/id/10073504/common/202630,Ilokano,,2021-07-29T01:06:44Z
186848,Labungan,und,"","",http://www.catalogueoflife.org/annual-checklist/details/species/id/10076012/common/271130,Ilokano,,2021-07-29T01:06:44Z
100145,Labungan,und,"","",http://www.catalogueoflife.org/annual-checklist/details/species/id/10073168/common/40818,Ilokano,,2021-07-29T01:06:45Z
54941,Labungan,und,"","",http://www.catalogueoflife.org/annual-checklist/details/species/id/10073041/common/61058,Ilokano,,2021-07-29T01:06:48Z
121459,Labungan,und,"","",http://www.catalogueoflife.org/annual-checklist/details/species/id/10075953/common/139127,Ilokano,,2021-07-29T01:06:48Z
100090,Labungan,und,"","",http://www.catalogueoflife.org/annual-checklist/details/species/id/10073112/common/43136,Ilokano,,2021-07-29T01:06:49Z
142212,Labungan,und,"","",http://www.catalogueoflife.org/annual-checklist/details/species/id/10073082/common/201753,Ilokano,,2021-07-29T01:06:49Z
118574,Labungan,und,"","",http://www.catalogueoflife.org/annual-checklist/details/species/id/10075923/common/140612,Ilokano,,2021-07-29T01:06:49Z
109741,Labungan,und,"","",http://www.catalogueoflife.org/annual-checklist/details/species/id/10073360/common/201249,Ilokano,,2021-07-29T01:06:50Z
96997,Labungan,und,"","",http://www.catalogueoflife.org/annual-checklist/details/species/id/10073046/common/60845,Ilokano,,2021-07-29T01:06:50Z
616950,Labungan,und,"","",http://www.catalogueoflife.org/annual-checklist/details/species/id/10075960/common/138708,Ilokano,,2021-07-29T01:06:50Z
100099,Labungan,und,"","",http://www.catalogueoflife.org/annual-checklist/details/species/id/10073121/common/42800,Ilokano,,2021-07-29T01:06:51Z
100121,Labungan,und,"","",http://www.catalogueoflife.org/annual-checklist/details/species/id/10073084/common/44275,Ilokano,,2021-07-29T01:06:52Z
204571,Labungan,und,"","",http://www.catalogueoflife.org/annual-checklist/details/species/id/10075930/common/140259,Ilokano,,2021-07-29T01:06:52Z
109743,Labungan,und,"","",http://www.catalogueoflife.org/annual-checklist/details/species/id/10073362/common/201093,Ilokano,Donald Davesne,2021-07-29T01:06:52Z
49639,Labungan,und,"","",http://www.catalogueoflife.org/annual-checklist/details/species/id/10073047/common/60733,Ilokano,,2021-07-29T01:06:53Z
121001,Labungan,und,"","",http://www.catalogueoflife.org/annual-checklist/details/species/id/10075967/common/138298,Ilokano,Victor HOYEAU,2021-07-29T01:06:53Z
100127,Labungan,und,"","",http://www.catalogueoflife.org/annual-checklist/details/species/id/10073147/common/41591,Ilokano,,2021-07-29T01:06:54Z
94231,Labungan,und,"","",http://www.catalogueoflife.org/annual-checklist/details/species/id/10073015/common/229553,Ilokano,,2021-07-29T01:06:54Z
447971,Labungan,und,"","",http://www.catalogueoflife.org/annual-checklist/details/species/id/10075940/common/139764,Ilokano,,2021-07-29T01:06:54Z
100124,Labungan,und,"","",http://www.catalogueoflife.org/annual-checklist/details/species/id/10073089/common/44073,Ilokano,,2021-07-29T01:06:55Z
97004,Labungan,und,"","",http://www.catalogueoflife.org/annual-checklist/details/species/id/10073054/common/60511,Ilokano,,2021-07-29T01:06:56Z
109744,Labungan,und,"","",http://www.catalogueoflife.org/annual-checklist/details/species/id/10073363/common/200975,Ilokano,,2021-07-29T01:06:56Z
142736,Labungan,und,"","",http://www.catalogueoflife.org/annual-checklist/details/species/id/10075973/common/138091,Ilokano,,2021-07-29T01:06:56Z
100130,Labungan,und,"","",http://www.catalogueoflife.org/annual-checklist/details/species/id/10073150/common/41464,Ilokano,,2021-07-29T01:06:57Z
96990,Labungan,und,"","",http://www.catalogueoflife.org/annual-checklist/details/species/id/10073038/common/61267,Ilokano,,2021-07-29T01:06:57Z
318323,Barangan,und,"","",,Ilokano,Zane Roskoph,2021-07-30T16:06:31Z
318323,Malaga,und,"","",,Ilokano,Zane Roskoph,2021-07-30T16:06:47Z
318323,Padas,und,"","",,Ilokano,Zane Roskoph,2021-07-30T16:07:01Z
97154,Kapiged,und,"","",,Ilokano,Zane Roskoph,2021-07-30T18:54:03Z
123227,Barangan,und,"","",,Ilokano,Zane Roskoph,2021-08-03T11:55:32Z
123227,Malaga,und,"","",,Ilokano,Zane Roskoph,2021-08-03T11:55:47Z
52323,Mul-mul,und,"","",,Ilokano,Zane Roskoph,2021-08-12T16:01:03Z
52323,Verde verde,und,"","",,Ilokano,Zane Roskoph,2021-08-12T16:01:23Z
102059,Labayan,und,"","",,Ilokano,Zane Roskoph,2021-08-17T23:34:17Z
41964,Leon,und,"","",,Ilokano,Zane Roskoph,2021-08-24T13:15:51Z
41967,Tigre,und,"","",,Ilokano,Zane Roskoph,2021-08-26T15:25:22Z
54441,Bircaca,und,"","",http://www.catalogueoflife.org/annual-checklist/details/species/id/10053590/common/123257,Ilokano,,2021-08-29T11:53:53Z
325734,Malmot,und,"","",http://www.catalogueoflife.org/annual-checklist/2012/details/species/id/9741333,Ilokano,,2021-09-12T23:03:04Z
180170,Malmot,und,"","",http://www.catalogueoflife.org/annual-checklist/2012/details/species/id/9741333,Ilokano,Victor HOYEAU,2021-09-12T23:03:04Z
122682,Malmot,und,"","",http://www.catalogueoflife.org/annual-checklist/2012/details/species/id/9741333,Ilokano,,2021-09-12T23:03:04Z
131234,Malmot,und,"","",http://www.catalogueoflife.org/annual-checklist/2012/details/species/id/9741333,Ilokano,,2021-09-12T23:03:05Z
132375,Malmot,und,"","",http://www.catalogueoflife.org/annual-checklist/2012/details/species/id/9741333,Ilokano,,2021-09-12T23:03:05Z
530410,Malmot,und,"","",http://www.catalogueoflife.org/annual-checklist/2012/details/species/id/9741333,Ilokano,,2021-09-12T23:03:06Z
196838,Malmot,und,"","",http://www.catalogueoflife.org/annual-checklist/2012/details/species/id/9741333,Ilokano,Victor HOYEAU,2021-09-12T23:03:06Z
347936,Malmot,und,"","",http://www.catalogueoflife.org/annual-checklist/2012/details/species/id/9741333,Ilokano,,2021-09-12T23:03:07Z
519572,Malmot,und,"","",http://www.catalogueoflife.org/annual-checklist/2012/details/species/id/9741333,Ilokano,,2021-09-12T23:03:08Z
119432,Malmot,und,"","",http://www.catalogueoflife.org/annual-checklist/2012/details/species/id/9741333,Ilokano,,2021-09-12T23:03:08Z
122514,Malmot,und,"","",http://www.catalogueoflife.org/annual-checklist/2012/details/species/id/9741333,Ilokano,Donald Davesne,2021-09-12T23:03:09Z
123346,Malmot,und,"","",http://www.catalogueoflife.org/annual-checklist/2012/details/species/id/9741333,Ilokano,,2021-09-12T23:03:09Z
97149,Kulibangbang,und,"","",http://www.catalogueoflife.org/annual-checklist/2012/details/species/id/9741333,Ilokano,,2021-09-13T12:36:56Z
110013,Kulibangbang,und,"","",http://www.catalogueoflife.org/annual-checklist/2012/details/species/id/9741333,Ilokano,,2021-09-13T12:36:57Z
102638,Kulibangbang,und,"","",http://www.catalogueoflife.org/annual-checklist/2012/details/species/id/9741333,Ilokano,,2021-09-13T12:36:57Z
97197,Kulibangbang,und,"","",http://www.catalogueoflife.org/annual-checklist/2012/details/species/id/9741333,Ilokano,,2021-09-13T12:36:57Z
97150,Kulibangbang,und,"","",http://www.catalogueoflife.org/annual-checklist/2012/details/species/id/9741333,Ilokano,Donald Davesne,2021-09-13T12:36:57Z
84181,Kulibangbang,und,"","",http://www.catalogueoflife.org/annual-checklist/2012/details/species/id/9741333,Ilokano,,2021-09-13T12:36:58Z
108423,Kulibangbang,und,"","",http://www.catalogueoflife.org/annual-checklist/2012/details/species/id/9741333,Ilokano,,2021-09-13T12:36:58Z
97139,Kulibangbang,und,"","",http://www.catalogueoflife.org/annual-checklist/2012/details/species/id/9741333,Ilokano,,2021-09-13T12:36:58Z
48744,Kulibangbang,und,"","",http://www.catalogueoflife.org/annual-checklist/2012/details/species/id/9741333,Ilokano,lwnrngr,2021-09-13T12:36:58Z
49273,Kulibangbang,und,"","",http://www.catalogueoflife.org/annual-checklist/2012/details/species/id/9741333,Ilokano,,2021-09-13T12:36:59Z
110020,Kulibangbang,und,"","",http://www.catalogueoflife.org/annual-checklist/2012/details/species/id/9741333,Ilokano,,2021-09-13T12:36:59Z
111841,Kulibangbang,und,"","",http://www.catalogueoflife.org/annual-checklist/2012/details/species/id/9741333,Ilokano,,2021-09-13T12:37:00Z
52457,Kulibangbang,und,"","",http://www.catalogueoflife.org/annual-checklist/2012/details/species/id/9741333,Ilokano,max kirsch,2021-09-13T12:37:00Z
97340,Kulibangbang,und,"","",http://www.catalogueoflife.org/annual-checklist/2012/details/species/id/9741333,Ilokano,,2021-09-13T12:37:01Z
110021,Kulibangbang,und,"","",http://www.catalogueoflife.org/annual-checklist/2012/details/species/id/9741333,Ilokano,,2021-09-13T12:37:01Z
52454,Kulibangbang,und,"","",http://www.catalogueoflife.org/annual-checklist/2012/details/species/id/9741333,Ilokano,,2021-09-13T12:37:01Z
97146,Kulibangbang,und,"","",http://www.catalogueoflife.org/annual-checklist/2012/details/species/id/9741333,Ilokano,,2021-09-13T12:37:02Z
97222,Kulibangbang,und,"","",http://www.catalogueoflife.org/annual-checklist/2012/details/species/id/9741333,Ilokano,,2021-09-13T12:37:02Z
100991,Kulibangbang,und,"","",http://www.catalogueoflife.org/annual-checklist/2012/details/species/id/9741333,Ilokano,,2021-09-13T12:37:02Z
111389,Kulibangbang,und,"","",http://www.catalogueoflife.org/annual-checklist/2012/details/species/id/9741333,Ilokano,,2021-09-13T12:37:03Z
97193,Kulibangbang,und,"","",http://www.catalogueoflife.org/annual-checklist/2012/details/species/id/9741333,Ilokano,,2021-09-13T12:37:03Z
97147,Kulibangbang,und,"","",http://www.catalogueoflife.org/annual-checklist/2012/details/species/id/9741333,Ilokano,,2021-09-13T12:37:03Z
101333,Kulibangbang,und,"","",http://www.catalogueoflife.org/annual-checklist/2012/details/species/id/9741333,Ilokano,,2021-09-13T12:37:04Z
102633,Kulibangbang,und,"","",http://www.catalogueoflife.org/annual-checklist/2012/details/species/id/9741333,Ilokano,,2021-09-13T12:37:04Z
97194,Kulibangbang,und,"","",http://www.catalogueoflife.org/annual-checklist/2012/details/species/id/9741333,Ilokano,,2021-09-13T12:37:04Z
83879,Labahita,und,"","",,Ilokano,Zane Roskoph,2021-09-15T23:32:26Z
47257,Bayokbokan,und,"","",http://www.catalogueoflife.org/annual-checklist/2012/details/species/id/9741333,Ilokano,,2021-09-20T00:25:32Z
47257,Tangigue,und,"","",,Ilokano,Zane Roskoph,2021-09-20T00:25:57Z
112160,Mul-mul,und,"","",,Ilokano,Zane Roskoph,2021-09-25T14:29:21Z
97098,Mul-mul,und,"","",,Ilokano,Zane Roskoph,2021-09-25T15:17:51Z
97004,Bato-bato,und,"","",,Ilokano,Zane Roskoph,2021-10-09T16:08:37Z
108074,Verde verde,und,"","",,Ilokano,Zane Roskoph,2021-10-16T13:45:26Z
108074,Mul-mul,und,"","",,Ilokano,Zane Roskoph,2021-10-16T13:45:52Z
47256,Babayo,und,"","",http://www.catalogueoflife.org/annual-checklist/2012/details/species/id/9741333,Ilokano,Donald Davesne,2021-10-17T23:14:53Z
47251,Babayo,und,"","",http://www.catalogueoflife.org/annual-checklist/2012/details/species/id/9741333,Ilokano,,2021-10-17T23:14:54Z
179870,Babayo,und,"","",http://www.catalogueoflife.org/annual-checklist/2012/details/species/id/9741333,Ilokano,,2021-10-17T23:14:54Z
179870,Babayuti,und,"","",http://www.catalogueoflife.org/annual-checklist/2012/details/species/id/9741333,Ilokano,,2021-10-17T23:15:23Z
47256,Babayuti,und,"","",http://www.catalogueoflife.org/annual-checklist/2012/details/species/id/9741333,Ilokano,Donald Davesne,2021-10-17T23:15:23Z
47259,Babayuti,und,"","",http://www.catalogueoflife.org/annual-checklist/2012/details/species/id/9741333,Ilokano,,2021-10-17T23:15:24Z
47255,Babayuti,und,"","",http://www.catalogueoflife.org/annual-checklist/2012/details/species/id/9741333,Ilokano,,2021-10-17T23:15:24Z
47251,Babayuti,und,"","",http://www.catalogueoflife.org/annual-checklist/2012/details/species/id/9741333,Ilokano,,2021-10-17T23:15:25Z
47251,Barracuda,und,"","",,Ilokano,Zane Roskoph,2021-10-17T23:16:15Z
47251,Penyosa,und,"","",,Ilokano,Zane Roskoph,2021-10-17T23:17:24Z
47251,Torsilyo,und,"","",,Ilokano,Zane Roskoph,2021-10-17T23:17:44Z
49269,Busisi,und,"","",http://www.catalogueoflife.org/annual-checklist/2012/details/species/id/9741333,Ilokano,Małgorzata Śliż,2021-11-07T23:39:20Z
81498,Verde verde,und,"","",,Ilokano,Zane Roskoph,2021-12-04T06:49:14Z
102075,Balaki,und,"","",,Ilokano,Zane Roskoph,2021-12-04T14:10:57Z
102075,Labayan,und,"","",,Ilokano,Zane Roskoph,2021-12-04T14:11:16Z
102075,Verde verde,und,"","",,Ilokano,Zane Roskoph,2021-12-04T14:11:38Z
93987,Arraro,und,"","",http://www.catalogueoflife.org/annual-checklist/2012/details/species/id/9741333,Ilokano,,2021-12-04T16:27:09Z
113934,Butiti,und,"","",,Ilokano,Zane Roskoph,2021-12-23T20:18:54Z
1316661,Kurapu,und,"","",http://www.catalogueoflife.org/annual-checklist/details/species/id/10073064/common/276496,Ilokano,,2022-03-08T00:39:03Z
1316661,Matkad,und,"","",http://www.catalogueoflife.org/annual-checklist/details/species/id/10073064/common/276475,Ilokano,,2022-03-08T00:39:08Z
1316661,Kakab,und,"","",http://www.catalogueoflife.org/annual-checklist/details/species/id/10073064/common/276516,Ilokano,,2022-03-08T00:39:08Z
1316661,Kurapo,und,"","",http://www.catalogueoflife.org/annual-checklist/details/species/id/10073064/common/276497,Ilokano,,2022-03-08T00:39:11Z
1316661,Maskad,und,"","",http://www.catalogueoflife.org/annual-checklist/details/species/id/10073064/common/276476,Ilokano,,2022-03-08T00:39:12Z
1316661,Labungan,und,"","",http://www.catalogueoflife.org/annual-checklist/details/species/id/10073064/common/276495,Ilokano,,2022-03-08T00:39:15Z
543093,Popoklo,und,"","",,Ilokano,sea-kangaroo,2022-05-01T23:00:39Z
1508374,Kurapu,und,"","",http://www.catalogueoflife.org/annual-checklist/details/species/id/10073184/common/115719,Ilokano,,2023-11-10T03:35:50Z
1561489,Bagundun,und,"","",http://www.catalogueoflife.org/annual-checklist/details/species/id/10076585/common/94458,Ilokano,,2024-07-14T23:26:48Z
1561489,Balaki,und,"","",http://www.catalogueoflife.org/annual-checklist/details/species/id/10076585/common/94457,Ilokano,,2024-07-14T23:26:48Z
