id,vernacularName,language,locality,countryCode,source,lexicon,contributor,created
180170,Balaka,und,"","",http://www.ubio.org/browser/details.php?namebankID=1546314,Pangasinan,Victor HOYEAU,2012-11-03T05:24:50Z
67971,Page,und,"","",,Pangasinan,Zane Roskoph,2021-07-19T14:45:06Z
54441,Bircaca,und,"","",,Pangasinan,Zane Roskoph,2021-08-29T12:00:51Z
47257,Tangigue,und,"","",,Pangasinan,Zane Roskoph,2021-09-20T00:40:34Z
47251,Penyosa,und,"","",http://www.catalogueoflife.org/annual-checklist/2012/details/species/id/9741333,Pangasinan,,2021-10-17T23:15:39Z
47251,Torsilyo,und,"","",,Pangasinan,Zane Roskoph,2021-10-17T23:41:41Z
47251,Barracuda,und,"","",,Pangasinan,Zane Roskoph,2021-10-17T23:42:28Z
93987,Alalo,und,"","",,Pangasinan,Zane Roskoph,2021-12-04T16:50:23Z
