id,vernacularName,language,locality,countryCode,source,lexicon,contributor,created
47158,Kirwa,und,"","",,Fiji Hindi,John E. Christensen,2017-12-04T08:29:29Z
47336,Chuunti,und,"","",,Fiji Hindi,John E. Christensen,2018-11-01T16:32:16Z
47157,Titli,und,"","",,Fiji Hindi,John E. Christensen,2018-11-23T08:54:39Z
47119,Makrraa,und,"","",,Fiji Hindi,John E. Christensen,2019-02-13T20:01:48Z
505478,Murgi,und,"","",,Fiji Hindi,John E. Christensen,2019-11-26T12:51:47Z
123356,Khatta nabbu,und,"","",,Fiji Hindi,Zane Roskoph,2021-08-10T12:41:01Z
41964,Ser,und,"","",,Fiji Hindi,Zane Roskoph,2021-08-24T13:12:37Z
