id,vernacularName,language,locality,countryCode,source,lexicon,contributor,created
370035,Boobialla,und,"","",Integrated Taxonomic Information System website at https://www.itis.gov/,Indigenous Australian,Jon Sullivan,2014-09-11T18:32:12Z
323840,Boobialla,und,Australia,AU,,Indigenous Australian,Peter de Lange,2015-10-22T07:29:57Z
83520,Tar-beri,und,"","",,Indigenous Australian,Steven Kurniawidjaja,2019-06-23T18:24:34Z
35172,Dandarabilla,und,"","",,Indigenous Australian,Zane Roskoph,2021-08-02T14:37:39Z
42993,Ngilgyte,und,"","",,Indigenous Australian,sea-kangaroo,2022-11-01T18:28:28Z
512260,Kyloring,und,"","",,Indigenous Australian,sea-kangaroo,2022-11-01T18:33:12Z
74968,Ngwayir,und,"","",,Indigenous Australian,sea-kangaroo,2022-11-01T18:33:39Z
7422,Djimalak,und,"","",,Indigenous Australian,sea-kangaroo,2022-11-01T18:34:22Z
13479,Booderitj,und,"","",,Indigenous Australian,sea-kangaroo,2022-11-01T18:34:52Z
117179,Darding,und,"","",,Indigenous Australian,sea-kangaroo,2022-11-01T18:35:21Z
1432694,Malak,und,"","",https://www.inaturalist.org/taxon_names/3141678/edit,Indigenous Australian,Sam Gordon,2022-12-11T06:06:30Z
1315097,Guyu,und,"","",,Indigenous Australian,José Pedro De Campos Fogaça,2023-03-11T01:54:38Z
49133,Aimiréal dearg,und,"","",,Indigenous Australian,Alec McClay,2024-04-02T22:03:45Z
