id,vernacularName,language,locality,countryCode,source,lexicon,contributor,created
22953,Huhukɨ,und,"","",,Kwaza,Bobby McCabe,2021-03-07T02:55:45Z
555086,ukato,und,"","",,Kwaza,Zane Roskoph,2021-07-23T23:29:11Z
27187,doi,und,"","",,Kwaza,Zane Roskoph,2021-07-23T23:58:03Z
27187,duma,und,"","",,Kwaza,Zane Roskoph,2021-07-23T23:58:29Z
363376,atʃitʃiɁũii,und,"","",,Kwaza,Igor Kuhnen Cabral e Silva,2021-12-03T19:17:26Z
122965,babaɨkalo,und,"","",,Kwaza,Igor Kuhnen Cabral e Silva,2021-12-03T19:20:14Z
365244,wiriɁu,und,"","",,Kwaza,Igor Kuhnen Cabral e Silva,2021-12-03T19:24:53Z
19022,awɨ-tʃihĩtɛ,und,"","",,Kwaza,Igor Kuhnen Cabral e Silva,2021-12-03T19:41:26Z
19015,awɨ,und,"","",,Kwaza,Igor Kuhnen Cabral e Silva,2021-12-03T19:43:26Z
19016,awi-kiʔĩhɨ,und,"","",,Kwaza,Igor Kuhnen Cabral e Silva,2021-12-03T19:48:15Z
43920,kurukuru,und,"","",,Kwaza,Igor Kuhnen Cabral e Silva,2022-03-26T17:02:31Z
