id,vernacularName,language,locality,countryCode,source,lexicon,contributor,created
48891,gumamela,fil,"","",,Filipino,Carrie Seltzer,2015-02-02T16:18:53Z
131236,mga virus,fil,"","",,Filipino,James K. Douch,2020-02-23T02:03:02Z
43584,Tao,fil,"","",,Filipino,Alessandro G.,2020-10-23T15:11:14Z
68319,Kapa-Kapa,fil,"","",,Filipino,Peter Quakenbush,2021-01-26T21:31:04Z
81925,Kalabaw,fil,"","",,Filipino,Alessandro G.,2021-02-02T20:54:44Z
154842,Ilang ilang,fil,"","",,Filipino,Alessandro G.,2021-02-02T21:32:45Z
68686,Balayong,fil,"","",,Filipino,Kitty Maurey,2021-07-02T01:42:35Z
74831,Leopardong niyebe,fil,"","",,Filipino,Zane Roskoph,2021-08-25T12:31:56Z
42407,Europeong bison,fil,"","",,Filipino,Zane Roskoph,2021-08-25T14:02:27Z
130793,Tigreng Bengal,fil,"","",,Filipino,Zane Roskoph,2021-08-27T12:43:20Z
1044384,Panggabing Berdeng Kuliglig,fil,"","",,Filipino,,2021-09-24T12:33:06Z
568769,Berdeng Kuliglig,fil,"","",,Filipino,,2021-09-24T13:45:52Z
469472,mansanas,fil,"","",,Filipino,10423,2022-03-27T04:26:18Z
50190,Kuliglig,fil,"","",,Filipino,,2022-05-13T10:01:58Z
340825,Alimango,fil,Philippines,PH,,Filipino,nxbgan,2022-05-19T09:21:42Z
127703,Alimasaag,fil,Philippines,PH,,Filipino,nxbgan,2022-05-19T09:27:45Z
55533,Bangus,fil,"","",,Filipino,nopenot,2022-06-17T07:12:51Z
505478,Manok,fil,"","",,Filipino,nopenot,2022-06-17T07:17:10Z
236935,Itik,fil,"","",,Filipino,nopenot,2022-06-17T07:18:41Z
925355,Kagang kuliglig,fil,"","",,Filipino,,2022-07-01T12:08:13Z
185264,Balbas pusa,fil,"","",,Filipino,Diana Studer,2022-07-26T21:52:19Z
369438,Kalumpit,fil,Philippines,PH,,Filipino,Andreas Christian Yudhistira,2023-03-01T01:39:06Z
62809,Buboi,fil,"","",,Filipino,Jeremy Gilmore,2023-04-16T09:11:39Z
615235,Buging,fil,"","",,Filipino,José Pedro De Campos Fogaça,2023-05-12T23:13:10Z
131560,Tawa-tawa,fil,Philippines,PH,,Filipino,Joan Evangelista,2023-07-30T06:07:29Z
72989,Mayang Pula,fil,Philippines,PH,,Filipino,labster,2023-09-08T09:48:06Z
13851,Mayang Simbahan,fil,Philippines,PH,,Filipino,labster,2023-09-08T09:52:23Z
13893,Mayang Paking,fil,Philippines,PH,,Filipino,labster,2023-09-08T09:55:33Z
13897,Mayang Bato,fil,Philippines,PH,,Filipino,labster,2023-09-08T09:55:54Z
72992,Mayang Costa,fil,Philippines,PH,,Filipino,labster,2023-09-08T09:56:31Z
1506247,Labayan,fil,"","",,Filipino,José Pedro De Campos Fogaça,2023-11-10T17:56:42Z
552950,Lanzones,fil,Philippines,PH,,Filipino,labster,2023-11-11T12:50:52Z
166494,Pansit-pansitan,fil,Philippines,PH,,Filipino,labster,2023-11-12T01:02:23Z
559534,Palata,fil,"","",https://www.inaturalist.org/taxon_names/3355157/edit,Filipino,,2024-03-06T14:29:53Z
