id,vernacularName,language,locality,countryCode,source,lexicon,contributor,created
47208,Amamanggi,und,"","",,Central Bikol,John E. Christensen,2017-12-22T08:27:42Z
122976,Litsugas,und,"","",,Central Bikol,John E. Christensen,2018-02-23T10:36:05Z
39392,Gotô,und,"","",,Central Bikol,John E. Christensen,2018-07-08T16:13:58Z
114891,Gotô,und,"","",,Central Bikol,John E. Christensen,2019-01-03T07:24:45Z
118552,Ikos,und,"","",,Central Bikol,John E. Christensen,2019-04-14T11:44:54Z
505478,Manok,und,"","",,Central Bikol,John E. Christensen,2019-10-05T14:33:50Z
157765,Okra,und,"","",,Central Bikol,Johan Devos,2020-12-20T20:29:17Z
52188,Butanding,und,"","",,Central Bikol,Zane Roskoph,2021-08-03T13:49:43Z
41964,Leon,und,"","",,Central Bikol,Zane Roskoph,2021-08-24T13:01:08Z
41967,Tigre,und,"","",,Central Bikol,Zane Roskoph,2021-08-26T14:58:36Z
