id,vernacularName,language,locality,countryCode,source,lexicon,contributor,created
135283,Timu,und,"","",,Fataluku,Zane Roskoph,2021-07-27T18:15:58Z
135283,Aurapi laulau,und,"","",,Fataluku,Zane Roskoph,2021-07-27T18:16:43Z
52456,La,und,"","",,Fataluku,Zane Roskoph,2021-08-01T13:43:58Z
123227,Malar,und,"","",,Fataluku,Zane Roskoph,2021-08-03T12:07:50Z
52451,Ikir,und,"","",,Fataluku,Zane Roskoph,2021-08-03T16:22:30Z
153280,Loron,und,"","",,Fataluku,Zane Roskoph,2021-08-29T12:48:06Z
196838,Veren api,und,"","",,Fataluku,Zane Roskoph,2021-09-12T23:18:45Z
112160,Mas,und,"","",,Fataluku,Zane Roskoph,2021-09-25T14:33:32Z
68025,Mas,und,"","",,Fataluku,Zane Roskoph,2021-09-25T14:56:27Z
97004,Lau mimireke,und,"","",,Fataluku,Zane Roskoph,2021-10-09T16:44:20Z
52464,Mai sunu,und,"","",,Fataluku,Zane Roskoph,2021-10-17T14:10:24Z
47251,Karno,und,"","",,Fataluku,Zane Roskoph,2021-10-17T23:39:28Z
471636,Chapaku api,und,"","",,Fataluku,Zane Roskoph,2021-12-04T14:43:03Z
122514,Cica oleu,und,"","",,Fataluku,Zane Roskoph,2021-12-06T00:57:03Z
