id,vernacularName,language,locality,countryCode,source,lexicon,contributor,created
340245,Omugongo,und,"","",,Oshindonga,Botswanabugs,2020-01-11T07:28:04Z
340228,Omusheshete,und,"","",,Oshindonga,Botswanabugs,2020-01-11T08:29:43Z
595009,Eguni,und,"","",,Oshindonga,Botswanabugs,2020-01-11T15:22:36Z
652800,Omambonzi,und,"","",,Oshindonga,Jacob Henry,2021-04-06T15:26:08Z
128928,omboga,und,"","",,Oshindonga,Botswanabugs,2021-11-08T13:44:13Z
157488,Omushila wonzi,und,"","",,Oshindonga,Botswanabugs,2021-11-08T13:47:47Z
564343,Omundjulu,und,"","",,Oshindonga,Botswanabugs,2021-11-08T13:50:41Z
594500,Okashemetele,und,"","",,Oshindonga,Botswanabugs,2021-11-08T13:53:03Z
516178,Okalopolola,und,"","",,Oshindonga,Botswanabugs,2021-11-08T13:56:43Z
122898,Omafo Omakunde,und,"","",,Oshindonga,Botswanabugs,2021-11-08T13:58:26Z
282677,Omboga yaasita,und,"","",,Oshindonga,Botswanabugs,2021-11-08T14:01:54Z
58991,Engamundjulu,und,"","",,Oshindonga,Botswanabugs,2021-11-08T14:13:02Z
142774,dhepupu,und,"","",,Oshindonga,Botswanabugs,2022-01-09T04:40:12Z
1428,Onkanga,und,"","",,Oshindonga,Jacob Henry,2022-07-20T09:33:47Z
340214,Omwandi,und,"","",,Oshindonga,Jacob Henry,2022-09-27T16:23:14Z
340214,Onyandi,und,"","",,Oshindonga,Jacob Henry,2022-09-27T16:24:17Z
71746,okatana komiilya,und,"","",,Oshindonga,Jacob Henry,2023-01-24T07:56:10Z
5017,amutoka kanyandi,und,"","",,Oshindonga,Jacob Henry,2023-01-24T08:09:26Z
201282,onkwikwiti,und,"","",,Oshindonga,Jacob Henry,2023-01-24T08:13:34Z
42283,okamenye,und,"","",,Oshindonga,Jacob Henry,2023-01-24T08:21:03Z
41822,nikitha,und,"","",,Oshindonga,Jacob Henry,2023-01-24T08:25:16Z
19350,ehwiyu,und,"","",,Oshindonga,Jacob Henry,2023-01-24T08:29:57Z
19350,omahwiyu,und,"","",,Oshindonga,Jacob Henry,2023-01-24T08:30:37Z
42149,ongobe yomomeya,und,"","",,Oshindonga,Jacob Henry,2023-01-24T08:32:14Z
2715,onguti,und,"","",,Oshindonga,Jacob Henry,2023-01-24T08:33:15Z
7998,omakola,und,"","",,Oshindonga,Jacob Henry,2023-01-24T08:34:16Z
516814,ongalangombe,und,"","",,Oshindonga,Jacob Henry,2023-01-24T08:36:12Z
528081,onyati,und,"","",,Oshindonga,Jacob Henry,2023-01-24T08:39:26Z
17599,mbangula,und,"","",,Oshindonga,Jacob Henry,2023-01-24T08:42:31Z
6544,uudhigilila,und,"","",,Oshindonga,Jacob Henry,2023-01-24T08:44:51Z
14026,namushiishika,und,"","",,Oshindonga,Jacob Henry,2023-01-24T08:45:40Z
154483,ompo,und,"","",,Oshindonga,Jacob Henry,2023-01-24T08:46:48Z
319574,ongwe,und,"","",,Oshindonga,Jacob Henry,2023-01-24T08:49:06Z
41886,shimbungu,und,"","",,Oshindonga,Jacob Henry,2023-01-24T08:50:53Z
1210973,kaandje,und,"","",,Oshindonga,Jacob Henry,2023-01-24T08:51:56Z
606958,etotongwe,und,"","",,Oshindonga,Jacob Henry,2023-01-24T08:52:28Z
371414,eyaluhwa,und,"","",,Oshindonga,Jacob Henry,2023-01-24T08:53:14Z
81542,ongamelo,und,"","",,Oshindonga,Jacob Henry,2023-01-24T09:00:10Z
45723,niihana,und,"","",,Oshindonga,Jacob Henry,2023-01-24T09:02:26Z
447362,ongolo,und,"","",,Oshindonga,Jacob Henry,2023-01-25T17:44:22Z
13783,omanza,und,"","",,Oshindonga,Jacob Henry,2023-01-25T17:48:38Z
13962,nalukula,und,"","",,Oshindonga,Jacob Henry,2023-01-25T17:49:30Z
13858,evalela nghda,und,"","",,Oshindonga,Jacob Henry,2023-01-25T17:51:55Z
4954,Endokondoko,und,"","",,Oshindonga,Jacob Henry,2023-03-19T15:34:40Z
13858,Evalelanganda,und,"","",,Oshindonga,Jacob Henry,2023-03-19T15:35:40Z
14096,Enza,und,"","",,Oshindonga,Jacob Henry,2023-03-19T15:36:57Z
4870,Olutsentse,und,"","",,Oshindonga,Jacob Henry,2023-03-19T15:39:29Z
13962,Namusheshe,und,"","",,Oshindonga,Jacob Henry,2023-03-19T15:40:42Z
19079,Shihwilihwihwi,und,"","",,Oshindonga,Jacob Henry,2023-03-19T15:41:56Z
804,Oshimote,und,"","",,Oshindonga,Jacob Henry,2023-03-19T15:43:24Z
8268,Shidhilu,und,"","",,Oshindonga,Jacob Henry,2023-03-19T15:45:17Z
5231,Ekodhi,und,"","",,Oshindonga,Jacob Henry,2023-03-19T15:49:17Z
71261,Ontsa,und,"","",,Oshindonga,Jacob Henry,2023-03-19T15:51:07Z
516777,Makaya,und,"","",,Oshindonga,Jacob Henry,2023-03-19T15:53:18Z
46,Elandula ngombe,und,"","",,Oshindonga,Jacob Henry,2023-03-19T15:54:42Z
14005,Uuyandja,und,"","",,Oshindonga,Jacob Henry,2023-03-19T15:55:29Z
43341,Ompanda,und,"","",,Oshindonga,Jacob Henry,2023-03-19T15:57:53Z
1473181,Omuve,und,"","",https://www.inaturalist.org/taxon_names/1914685/edit,Oshindonga,,2023-06-09T13:59:12Z
