id,vernacularName,language,locality,countryCode,source,lexicon,contributor,created
56727,Assikchi laana,und,"","",,Alabama,anneliese merrigan,2020-07-21T08:32:28Z
54498,Assikchìlpa hòmma,und,"","",,Alabama,anneliese merrigan,2020-07-21T08:33:18Z
50299,Biyyòkha,und,"","",,Alabama,anneliese merrigan,2020-07-21T08:34:21Z
48448,Chassi,und,"","",,Alabama,anneliese merrigan,2020-07-21T08:35:14Z
85553,Chinto,und,"","",,Alabama,anneliese merrigan,2020-07-21T08:36:34Z
43095,Chokfi,und,"","",,Alabama,anneliese merrigan,2020-07-21T08:38:14Z
42069,Chola,und,"","",,Alabama,anneliese merrigan,2020-07-21T08:39:26Z
6912,Chooskani,und,"","",,Alabama,anneliese merrigan,2020-07-21T08:40:30Z
538904,Foho,und,"","",,Alabama,anneliese merrigan,2020-07-21T08:41:21Z
54781,Aalaana,und,"","",,Alabama,anneliese merrigan,2020-07-21T08:48:00Z
53898,Aataksi ipa,und,"","",,Alabama,anneliese merrigan,2020-07-21T08:51:22Z
54654,Aatichòoba ichokhiska,und,"","",,Alabama,anneliese merrigan,2020-07-21T08:53:44Z
119955,Aatichoosanàyli,und,"","",,Alabama,anneliese merrigan,2020-07-21T08:54:36Z
119971,Aatimpiskachàali,und,"","",,Alabama,anneliese merrigan,2020-07-21T08:56:48Z
50861,Aatipachobahakcho,und,"","",,Alabama,anneliese merrigan,2020-07-21T08:57:45Z
51874,Aatyammichi,und,"","",,Alabama,anneliese merrigan,2020-07-21T09:00:43Z
547193,Abáksapàlki,und,"","",,Alabama,anneliese merrigan,2020-07-21T09:04:31Z
116333,Aissihatka,und,"","",,Alabama,anneliese merrigan,2020-07-21T09:11:39Z
49662,Akhatka,und,"","",,Alabama,anneliese merrigan,2020-07-21T09:13:03Z
47727,Akhommachi,und,"","",,Alabama,anneliese merrigan,2020-07-21T09:13:50Z
76538,Akomaali,und,"","",,Alabama,anneliese merrigan,2020-07-21T09:15:38Z
30983,Aha,und,"","",,Alabama,anneliese merrigan,2020-07-21T09:18:21Z
56232,Apatìlli,und,"","",,Alabama,anneliese merrigan,2020-07-21T09:26:01Z
82813,Atchòobittabi,und,"","",,Alabama,anneliese merrigan,2020-07-21T09:30:52Z
54771,Ayaanabi,und,"","",,Alabama,anneliese merrigan,2020-07-21T09:33:12Z
51122,Ayiipifo pakaali,und,"","",,Alabama,anneliese merrigan,2020-07-21T19:01:47Z
17855,Bakha,und,"","",,Alabama,anneliese merrigan,2020-07-21T19:06:49Z
60748,Bakcho hollo,und,"","",,Alabama,anneliese merrigan,2020-07-21T19:08:15Z
60748,Bakchokchako,und,"","",,Alabama,anneliese merrigan,2020-07-21T19:08:45Z
168004,Bakcho itabatli,und,"","",,Alabama,anneliese merrigan,2020-07-21T19:10:27Z
53438,Bakchopakaali,und,"","",,Alabama,anneliese merrigan,2020-07-21T19:11:14Z
60773,Baɬkapihchi,und,"","",,Alabama,anneliese merrigan,2020-07-21T19:15:11Z
54779,Baya,und,"","",,Alabama,anneliese merrigan,2020-07-21T19:19:04Z
54801,Bihi,und,"","",,Alabama,anneliese merrigan,2020-07-21T19:19:51Z
50999,Bihichoba,und,"","",,Alabama,anneliese merrigan,2020-07-21T19:20:38Z
83435,Biɬko,und,"","",,Alabama,anneliese merrigan,2020-07-21T19:22:13Z
106195,Chaalo,und,"","",,Alabama,anneliese merrigan,2020-07-21T19:29:36Z
17871,Chahochahka,und,"","",,Alabama,anneliese merrigan,2020-07-21T19:31:20Z
14898,Chaɬcha,und,"","",,Alabama,anneliese merrigan,2020-07-21T19:33:06Z
72338,Champolapihchi,und,"","",,Alabama,anneliese merrigan,2020-07-21T19:34:55Z
47821,Chichoba kachàali,und,"","",,Alabama,anneliese merrigan,2020-07-21T19:38:03Z
54795,Chihkafo,und,"","",,Alabama,anneliese merrigan,2020-07-21T19:39:48Z
12727,Chíiskokko,und,"","",,Alabama,anneliese merrigan,2020-07-21T19:40:51Z
82329,Chilaaka,und,"","",,Alabama,anneliese merrigan,2020-07-21T19:42:45Z
7562,Chilòyha,und,"","",,Alabama,anneliese merrigan,2020-07-21T19:44:20Z
30692,Chintochoba,und,"","",,Alabama,anneliese merrigan,2020-07-21T19:46:06Z
29044,Chinto isbakpàtha,und,"","",,Alabama,anneliese merrigan,2020-07-21T19:47:07Z
28339,Chintokchákkosi,und,"","",,Alabama,anneliese merrigan,2020-07-21T19:48:04Z
28627,Chintopalki,und,"","",,Alabama,anneliese merrigan,2020-07-21T19:48:45Z
119269,Chisa,und,"","",,Alabama,anneliese merrigan,2020-07-21T19:49:46Z
870778,Chissi,und,"","",,Alabama,anneliese merrigan,2020-07-21T19:50:41Z
45763,Chissichoba,und,"","",,Alabama,anneliese merrigan,2020-07-21T19:51:07Z
54825,Chittiɬhòmma,und,"","",,Alabama,anneliese merrigan,2020-07-21T19:52:15Z
1426,Chokàⁿhka,und,"","",,Alabama,anneliese merrigan,2020-07-21T19:54:20Z
44027,Chokbahta,und,"","",,Alabama,anneliese merrigan,2020-07-21T19:55:12Z
199837,Chokbilàkbila,und,"","",,Alabama,anneliese merrigan,2020-07-21T19:56:22Z
82529,Chokkapihchi,und,"","",,Alabama,anneliese merrigan,2020-07-21T20:23:42Z
82529,Chokko,und,"","",,Alabama,anneliese merrigan,2020-07-21T20:24:03Z
160965,Chommilòmhi,und,"","",,Alabama,anneliese merrigan,2020-07-21T20:25:56Z
6930,Chooskani ichiksa okchakko,und,"","",,Alabama,anneliese merrigan,2020-07-21T20:29:46Z
49399,Chowwaala,und,"","",,Alabama,anneliese merrigan,2020-07-21T20:30:45Z
59921,Choyyi,und,"","",,Alabama,anneliese merrigan,2020-07-21T20:53:00Z
81901,Choyyihissi hobaski,und,"","",,Alabama,anneliese merrigan,2020-07-21T20:53:38Z
49396,Choyyihissi kobayli,und,"","",,Alabama,anneliese merrigan,2020-07-21T20:54:23Z
119956,Choyyiniyaachi,und,"","",,Alabama,anneliese merrigan,2020-07-21T20:58:39Z
18204,Fachala,und,"","",,Alabama,anneliese merrigan,2020-07-21T21:01:48Z
118538,Fiitihpo,und,"","",,Alabama,anneliese merrigan,2020-07-21T21:28:07Z
906,Fiito,und,"","",,Alabama,anneliese merrigan,2020-07-21T21:28:35Z
61356,Fofchanassa,und,"","",,Alabama,anneliese merrigan,2020-07-21T21:30:01Z
5017,Fooshatka,und,"","",,Alabama,anneliese merrigan,2020-07-21T21:32:23Z
14877,Fooshobàachi,und,"","",,Alabama,anneliese merrigan,2020-07-21T21:40:18Z
2314,Fooshòllo,und,"","",,Alabama,anneliese merrigan,2020-07-21T21:41:00Z
9913,Fooshòmma,und,"","",,Alabama,anneliese merrigan,2020-07-21T21:41:55Z
23,Foosi nokbibaski,und,"","",,Alabama,anneliese merrigan,2020-07-21T21:42:26Z
1985,Foospalki,und,"","",,Alabama,anneliese merrigan,2020-07-21T21:43:13Z
559248,Foossáwwasi,und,"","",,Alabama,anneliese merrigan,2020-07-21T21:43:42Z
54504,Haahi,und,"","",,Alabama,anneliese merrigan,2020-07-21T21:44:33Z
4323,Haakha,und,"","",,Alabama,anneliese merrigan,2020-07-21T21:45:07Z
49193,Haakhimbaɬka,und,"","",,Alabama,anneliese merrigan,2020-07-21T21:46:51Z
4638,Hachibaskosi,und,"","",,Alabama,anneliese merrigan,2020-07-21T21:48:19Z
48894,Hachichiniili,und,"","",,Alabama,anneliese merrigan,2020-07-21T21:49:18Z
5212,Hachihomma,und,"","",,Alabama,anneliese merrigan,2020-07-21T21:49:43Z
16783,Hachi iskalaska,und,"","",,Alabama,anneliese merrigan,2020-07-21T21:50:12Z
84363,Hachiⁿfakto,und,"","",,Alabama,anneliese merrigan,2020-07-21T21:50:47Z
39806,Hachitakna,und,"","",,Alabama,anneliese merrigan,2020-07-21T21:51:45Z
26159,Hachonchoba,und,"","",,Alabama,anneliese merrigan,2020-07-21T21:53:26Z
47731,Hakchòmmapala,und,"","",,Alabama,anneliese merrigan,2020-07-21T21:54:09Z
47157,Hakchoopàalpa,und,"","",,Alabama,anneliese merrigan,2020-07-21T21:54:40Z
40268,Halaawosa,und,"","",,Alabama,anneliese merrigan,2020-07-21T21:55:45Z
73792,Hanaabiya chómbo,und,"","",,Alabama,anneliese merrigan,2020-07-21T21:57:53Z
36299,Hanaabiya illapihchìisa,und,"","",,Alabama,anneliese merrigan,2020-07-21T21:58:27Z
26718,Hanaabiya ɬìnko,und,"","",,Alabama,anneliese merrigan,2020-07-21T21:58:56Z
36514,Hanaabiya okchàkko,und,"","",,Alabama,anneliese merrigan,2020-07-21T22:00:00Z
36142,Hanaabiya pàlki,und,"","",,Alabama,anneliese merrigan,2020-07-21T22:00:43Z
47381,Hanchokfala locha,und,"","",,Alabama,anneliese merrigan,2020-07-21T23:26:55Z
53022,Hapaafalala,und,"","",,Alabama,anneliese merrigan,2020-07-21T23:27:51Z
51737,Hapanchokko,und,"","",,Alabama,anneliese merrigan,2020-07-21T23:28:34Z
52775,Haskiina,und,"","",,Alabama,anneliese merrigan,2020-07-21T23:30:50Z
52119,Hasmalmo,und,"","",,Alabama,anneliese merrigan,2020-07-21T23:31:17Z
131568,Hassihasàaya,und,"","",,Alabama,anneliese merrigan,2020-07-21T23:32:17Z
49038,Hassihomi,und,"","",,Alabama,anneliese merrigan,2020-07-21T23:32:49Z
47927,Hatokwassi,und,"","",,Alabama,anneliese merrigan,2020-07-21T23:34:06Z
792990,Hiplichi,und,"","",,Alabama,anneliese merrigan,2020-07-21T23:35:58Z
904170,Hiwa,und,"","",,Alabama,anneliese merrigan,2020-07-21T23:37:19Z
39539,Holaawa,und,"","",,Alabama,anneliese merrigan,2020-07-21T23:39:03Z
47743,Holikcho kosòoma,und,"","",,Alabama,anneliese merrigan,2020-07-21T23:39:51Z
29768,Hopohko,und,"","",,Alabama,anneliese merrigan,2020-07-21T23:41:58Z
128717,Ichinchastoki,und,"","",,Alabama,anneliese merrigan,2020-07-22T06:50:28Z
60598,Icho iⁿsatani,und,"","",,Alabama,anneliese merrigan,2020-07-22T06:51:07Z
47351,Icho intakkosáwwa,und,"","",,Alabama,anneliese merrigan,2020-07-22T06:51:58Z
49569,Ichokhiska hatka,und,"","",,Alabama,anneliese merrigan,2020-07-22T06:52:32Z
42051,Ifamaɬatli,und,"","",,Alabama,anneliese merrigan,2020-07-22T06:56:32Z
121748,Iɬani,und,"","",,Alabama,anneliese merrigan,2020-07-22T07:08:03Z
577688,Ipɬiⁿsapha,und,"","",,Alabama,anneliese merrigan,2020-07-22T07:26:21Z
46017,Ipɬohatkasi,und,"","",,Alabama,anneliese merrigan,2020-07-22T07:27:19Z
46020,Ipɬolaana,und,"","",,Alabama,anneliese merrigan,2020-07-22T07:27:53Z
339576,Ipɬowakàyka,und,"","",,Alabama,anneliese merrigan,2020-07-22T07:28:44Z
29923,Isbakpàtha,und,"","",,Alabama,anneliese merrigan,2020-07-22T07:30:09Z
489328,Iskanhatka,und,"","",,Alabama,anneliese merrigan,2020-07-22T07:31:36Z
59675,Iskaniwoksi,und,"","",,Alabama,anneliese merrigan,2020-07-22T07:32:25Z
151794,Iskaniyòossoba,und,"","",,Alabama,anneliese merrigan,2020-07-22T07:33:13Z
127636,Iskanlochasi,und,"","",,Alabama,anneliese merrigan,2020-07-22T07:33:59Z
67597,Iskanniyòosa hoyòopa,und,"","",,Alabama,anneliese merrigan,2020-07-22T07:34:26Z
118903,Iskanniyòosa waayòoka,und,"","",,Alabama,anneliese merrigan,2020-07-22T07:35:22Z
54854,Ittobaksa,und,"","",,Alabama,anneliese merrigan,2020-07-22T07:57:45Z
82247,Ittobitìima,und,"","",,Alabama,anneliese merrigan,2020-07-22T07:58:55Z
119986,Ittohalokpa,und,"","",,Alabama,anneliese merrigan,2020-07-22T07:59:58Z
60749,Ittohissishalokpa,und,"","",,Alabama,anneliese merrigan,2020-07-22T08:00:31Z
131585,Ittoissi kosòoma,und,"","",,Alabama,anneliese merrigan,2020-07-22T08:01:15Z
58205,Ittokamo,und,"","",,Alabama,anneliese merrigan,2020-07-22T08:01:53Z
58732,Ittokánko,und,"","",,Alabama,anneliese merrigan,2020-07-22T08:02:37Z
125845,Ittokchakkosi,und,"","",,Alabama,anneliese merrigan,2020-07-22T08:04:28Z
53453,Ittokoowisa,und,"","",,Alabama,anneliese merrigan,2020-07-22T08:05:42Z
47450,Ittopakaali,und,"","",,Alabama,anneliese merrigan,2020-07-22T08:06:50Z
54768,Ittopankachi,und,"","",,Alabama,anneliese merrigan,2020-07-22T08:07:25Z
54834,Ittotalikcho,und,"","",,Alabama,anneliese merrigan,2020-07-22T08:08:36Z
50861,Ittotassikáya,und,"","",,Alabama,anneliese merrigan,2020-07-22T08:09:04Z
53720,Ittowachina,und,"","",,Alabama,anneliese merrigan,2020-07-22T08:09:39Z
54771,Ittowanha,und,"","",,Alabama,anneliese merrigan,2020-07-22T08:10:11Z
144128,Iyyilawa,und,"","",,Alabama,anneliese merrigan,2020-07-22T08:12:10Z
83074,Kaɬàaha,und,"","",,Alabama,anneliese merrigan,2020-07-22T08:13:17Z
126844,Kaɬàaha pakaali,und,"","",,Alabama,anneliese merrigan,2020-07-22T08:13:58Z
58205,Kamo,und,"","",,Alabama,anneliese merrigan,2020-07-22T08:14:27Z
54858,Kapko,und,"","",,Alabama,anneliese merrigan,2020-07-22T08:15:36Z
47651,Kasasa,und,"","",,Alabama,anneliese merrigan,2020-07-22T08:16:09Z
41676,Katimaɬatli,und,"","",,Alabama,anneliese merrigan,2020-07-22T08:17:15Z
103276,Katska,und,"","",,Alabama,anneliese merrigan,2020-07-22T08:18:17Z
20044,Kitini,und,"","",,Alabama,anneliese merrigan,2020-07-22T08:29:42Z
51876,Kloofa,und,"","",,Alabama,anneliese merrigan,2020-07-22T08:30:08Z
11867,Kochochohki,und,"","",,Alabama,anneliese merrigan,2020-07-22T08:31:09Z
6571,Kochochohkihpo,und,"","",,Alabama,anneliese merrigan,2020-07-22T08:31:36Z
515419,Kolkohkachinto,und,"","",,Alabama,anneliese merrigan,2020-07-22T08:32:47Z
26796,Koⁿhko,und,"","",,Alabama,anneliese merrigan,2020-07-22T08:34:10Z
846224,Kono,und,"","",,Alabama,anneliese merrigan,2020-07-22T08:34:46Z
54802,Kosapa,und,"","",,Alabama,anneliese merrigan,2020-07-22T08:35:45Z
48599,Kosiba,und,"","",,Alabama,anneliese merrigan,2020-07-22T08:36:10Z
41976,Kowaachi,und,"","",,Alabama,anneliese merrigan,2020-07-22T08:37:44Z
1278,Kowwàyki,und,"","",,Alabama,anneliese merrigan,2020-07-22T08:38:31Z
127907,Kowwàykinchastoki,und,"","",,Alabama,anneliese merrigan,2020-07-22T08:39:22Z
7998,Lakcha,und,"","",,Alabama,anneliese merrigan,2020-07-22T20:34:14Z
59675,Lambi,und,"","",,Alabama,anneliese merrigan,2020-07-22T20:36:28Z
69758,Lapcho,und,"","",,Alabama,anneliese merrigan,2020-07-22T20:38:25Z
63081,Lapchola,und,"","",,Alabama,anneliese merrigan,2020-07-22T20:40:15Z
42223,Lapitta,und,"","",,Alabama,anneliese merrigan,2020-07-22T20:41:44Z
523711,Lapla,und,"","",,Alabama,anneliese merrigan,2020-07-22T20:43:40Z
125819,Laykitonòolichi,und,"","",,Alabama,anneliese merrigan,2020-07-22T20:44:57Z
331124,Limonka,und,"","",,Alabama,anneliese merrigan,2020-07-22T20:46:20Z
81552,Lipti,und,"","",,Alabama,anneliese merrigan,2020-07-22T20:47:30Z
30494,Ɬáahistimilbacha,und,"","",,Alabama,anneliese merrigan,2020-07-22T20:51:23Z
47821,ɬaana,und,"","",,Alabama,anneliese merrigan,2020-07-22T20:53:12Z
119986,ɬacho,und,"","",,Alabama,anneliese merrigan,2020-07-22T20:55:15Z
129977,ɬakaacha,und,"","",,Alabama,anneliese merrigan,2020-07-22T20:59:05Z
103293,ɬaɬlocha,und,"","",,Alabama,anneliese merrigan,2020-07-22T21:01:35Z
2314,ɬaɬooyìibi,und,"","",,Alabama,anneliese merrigan,2020-07-22T21:04:06Z
5562,ɬikònɬa,und,"","",,Alabama,anneliese merrigan,2020-07-22T21:07:09Z
54777,Naskila,und,"","",,Alabama,anneliese merrigan,2020-07-22T21:14:52Z
119986,Natikasahlichi,und,"","",,Alabama,anneliese merrigan,2020-07-22T21:17:07Z
52346,Niɬálli alpooba kano,und,"","",,Alabama,anneliese merrigan,2020-07-22T21:18:17Z
52346,Niɬállipakaali,und,"","",,Alabama,anneliese merrigan,2020-07-22T21:19:44Z
52346,Niɬállòosi pakaali,und,"","",,Alabama,anneliese merrigan,2020-07-22T21:20:10Z
41638,Nita,und,"","",,Alabama,anneliese merrigan,2020-07-22T21:21:27Z
54654,Nita imìlpa,und,"","",,Alabama,anneliese merrigan,2020-07-22T21:22:49Z
128717,Nita inchastoki,und,"","",,Alabama,anneliese merrigan,2020-07-22T21:24:57Z
574,Nita iwwaslichi,und,"","",,Alabama,anneliese merrigan,2020-07-22T21:28:47Z
54788,Ocha,und,"","",,Alabama,anneliese merrigan,2020-07-22T21:31:38Z
67593,Ochahobaski,und,"","",,Alabama,anneliese merrigan,2020-07-22T21:32:57Z
54791,Ochatakba,und,"","",,Alabama,anneliese merrigan,2020-07-22T21:34:04Z
54787,Ochatakba,und,"","",,Alabama,anneliese merrigan,2020-07-22T21:34:44Z
54504,Ochatapaski,und,"","",,Alabama,anneliese merrigan,2020-07-22T21:36:05Z
19729,Ofolo,und,"","",,Alabama,anneliese merrigan,2020-07-22T21:38:05Z
70054,Okchaako,und,"","",,Alabama,anneliese merrigan,2020-07-22T21:40:13Z
904170,Okifa chinto,und,"","",,Alabama,anneliese merrigan,2020-07-22T21:42:16Z
165760,Okifa itto,und,"","",,Alabama,anneliese merrigan,2020-07-22T21:43:25Z
51122,Okifoopatka,und,"","",,Alabama,anneliese merrigan,2020-07-22T21:45:10Z
23540,Okiyyowwa,und,"","",,Alabama,anneliese merrigan,2020-07-22T21:48:31Z
49749,Okmálko,und,"","",,Alabama,anneliese merrigan,2020-07-22T21:50:17Z
128798,Okòoɬa,und,"","",,Alabama,anneliese merrigan,2020-07-22T21:52:43Z
53453,Okoowaykachi,und,"","",,Alabama,anneliese merrigan,2020-07-22T21:54:18Z
144455,Oksipàali,und,"","",,Alabama,anneliese merrigan,2020-07-22T21:55:55Z
4324,Oksipàali,und,"","",,Alabama,anneliese merrigan,2020-07-22T21:58:45Z
23,Oksipàali,und,"","",,Alabama,anneliese merrigan,2020-07-22T22:00:50Z
119983,Okwani,und,"","",,Alabama,anneliese merrigan,2020-07-22T22:02:17Z
48914,Okyaali,und,"","",,Alabama,anneliese merrigan,2020-07-22T22:04:42Z
43794,Oofatta,und,"","",,Alabama,anneliese merrigan,2020-07-22T23:14:45Z
19893,Opa,und,"","",,Alabama,anneliese merrigan,2020-07-22T23:21:44Z
51453,Opako,und,"","",,Alabama,anneliese merrigan,2020-07-22T23:22:58Z
48345,Osakohchi,und,"","",,Alabama,anneliese merrigan,2020-07-22T23:25:16Z
354351,Oya,und,"","",,Alabama,anneliese merrigan,2020-07-22T23:28:14Z
47075,Paasatta,und,"","",,Alabama,anneliese merrigan,2020-07-22T23:31:12Z
42231,Paasìkhi,und,"","",,Alabama,anneliese merrigan,2020-07-22T23:33:10Z
2715,Pachi,und,"","",,Alabama,anneliese merrigan,2020-07-22T23:34:41Z
122767,Pachi alpooba,und,"","",,Alabama,anneliese merrigan,2020-07-22T23:35:42Z
18874,Pachinaaɬíika,und,"","",,Alabama,anneliese merrigan,2020-07-22T23:37:49Z
3454,Pachiyòsba,und,"","",,Alabama,anneliese merrigan,2020-07-22T23:39:08Z
51874,Pakaalakomahli,und,"","",,Alabama,anneliese merrigan,2020-07-22T23:40:21Z
49591,Patassi,und,"","",,Alabama,anneliese merrigan,2020-07-22T23:44:26Z
36343,Pissìila,und,"","",,Alabama,anneliese merrigan,2020-07-22T23:47:40Z
47519,Saama,und,"","",,Alabama,anneliese merrigan,2020-07-23T02:56:58Z
47783,Sakcho,und,"","",,Alabama,anneliese merrigan,2020-07-23T03:01:09Z
51221,Sakchohomma,und,"","",,Alabama,anneliese merrigan,2020-07-23T03:05:36Z
52763,Sakcho imitto,und,"","",,Alabama,anneliese merrigan,2020-07-23T03:07:17Z
82044,Saklichi,und,"","",,Alabama,anneliese merrigan,2020-07-23T03:11:20Z
48202,Saksámpa,und,"","",,Alabama,anneliese merrigan,2020-07-23T03:12:51Z
341129,Sapona,und,"","",,Alabama,anneliese merrigan,2020-07-23T03:15:55Z
52155,Satani,und,"","",,Alabama,anneliese merrigan,2020-07-23T03:17:38Z
39814,Sattapolo,und,"","",,Alabama,anneliese merrigan,2020-07-23T03:24:03Z
160965,Sattilbi,und,"","",,Alabama,anneliese merrigan,2020-07-23T07:03:53Z
41663,Sawa,und,"","",,Alabama,anneliese merrigan,2020-07-23T07:05:03Z
130905,Sawimbaɬka,und,"","",,Alabama,anneliese merrigan,2020-07-23T07:07:57Z
4756,Sayki,und,"","",,Alabama,anneliese merrigan,2020-07-23T07:09:21Z
54805,Sinapo,und,"","",,Alabama,anneliese merrigan,2020-07-23T07:14:24Z
49666,Siwaakola,und,"","",,Alabama,anneliese merrigan,2020-07-23T07:15:58Z
118776,Snoktaɬaylichoba,und,"","",,Alabama,anneliese merrigan,2020-07-23T07:24:46Z
42652,Sokhàatka,und,"","",,Alabama,anneliese merrigan,2020-07-23T07:37:22Z
42134,Sokhamaɬatli,und,"","",,Alabama,anneliese merrigan,2020-07-23T07:40:40Z
358855,Sollòota,und,"","",,Alabama,anneliese merrigan,2020-07-23T07:43:22Z
49569,Somohatka,und,"","",,Alabama,anneliese merrigan,2020-07-23T07:45:43Z
81556,Sopiika,und,"","",,Alabama,anneliese merrigan,2020-07-23T07:48:48Z
81804,Taalachoba,und,"","",,Alabama,anneliese merrigan,2020-07-23T07:51:09Z
81554,Takka,und,"","",,Alabama,anneliese merrigan,2020-07-23T07:53:30Z
48502,Takkistàaya,und,"","",,Alabama,anneliese merrigan,2020-07-23T07:55:12Z
78755,Takkola,und,"","",,Alabama,anneliese merrigan,2020-07-23T07:55:52Z
54500,Takkólchoba,und,"","",,Alabama,anneliese merrigan,2020-07-25T22:23:22Z
58736,Takkólchoba hobaski,und,"","",,Alabama,anneliese merrigan,2020-07-25T22:24:57Z
63735,Takkoosàwwa,und,"","",,Alabama,anneliese merrigan,2020-07-25T22:27:16Z
47894,talaapàkha,und,"","",,Alabama,anneliese merrigan,2020-07-25T22:29:57Z
5305,Talakto,und,"","",,Alabama,anneliese merrigan,2020-07-25T22:33:39Z
47367,Tapassòola,und,"","",,Alabama,anneliese merrigan,2020-07-25T22:38:58Z
121943,Tapiitapi,und,"","",,Alabama,anneliese merrigan,2020-07-25T22:40:13Z
2314,Tassalala,und,"","",,Alabama,anneliese merrigan,2020-07-25T22:41:53Z
54797,Tato,und,"","",,Alabama,anneliese merrigan,2020-07-25T22:43:02Z
471021,Tikhanti,und,"","",,Alabama,anneliese merrigan,2020-07-25T22:45:39Z
8229,Tiskila,und,"","",,Alabama,anneliese merrigan,2020-07-25T23:29:54Z
9083,Tiskòmma,und,"","",,Alabama,anneliese merrigan,2020-07-25T23:31:30Z
49202,Toomalàaha,und,"","",,Alabama,anneliese merrigan,2020-07-25T23:34:55Z
47787,Tosìina istatakka,und,"","",,Alabama,anneliese merrigan,2020-07-25T23:36:16Z
74113,Waaka,und,"","",,Alabama,anneliese merrigan,2020-07-25T23:38:14Z
74113,Waaka illapihchi hobaski,und,"","",,Alabama,anneliese merrigan,2020-07-25T23:39:06Z
74113,Waakanaani,und,"","",,Alabama,anneliese merrigan,2020-07-25T23:40:01Z
4956,Wakhachàaha,und,"","",,Alabama,anneliese merrigan,2020-07-25T23:43:28Z
245044,Wancholàski,und,"","",,Alabama,anneliese merrigan,2020-07-25T23:45:48Z
42048,Waso,und,"","",,Alabama,anneliese merrigan,2020-07-25T23:47:20Z
144455,Woksipaali,und,"","",,Alabama,anneliese merrigan,2020-07-25T23:50:31Z
34,Woksipaali,und,"","",,Alabama,anneliese merrigan,2020-07-25T23:51:18Z
331122,Yalàaha,und,"","",,Alabama,anneliese merrigan,2020-07-25T23:53:49Z
42408,Yanasa,und,"","",,Alabama,anneliese merrigan,2020-07-25T23:58:38Z
49658,Yassaako,und,"","",,Alabama,anneliese merrigan,2020-07-26T00:00:35Z
224420,Iskanokchakko choba,und,"","",https://www.inaturalist.org/taxon_names/2177044/edit,Alabama,,2021-06-13T12:40:39Z
1264432,Sakihpa,und,"","",https://www.inaturalist.org/taxon_names/2177765/edit,Alabama,,2021-07-20T16:31:06Z
331122,Yalàaha kaskaha,und,"","",https://www.inaturalist.org/taxon_names/2180406/edit,Alabama,,2023-06-21T18:35:24Z
17855,Bakba,und,"","",,Alabama,I. Slaton,2023-11-10T07:51:25Z
52736,snoktaɬaylichoba,und,"","",,Alabama,I. Slaton,2023-11-30T15:04:43Z
