id,vernacularName,language,locality,countryCode,source,lexicon,contributor,created
144288,Motlathomo,und,"","",,South Sotho,lwnrngr,2023-09-21T05:32:55Z
585308,Nyokoana-ea-likhoho,und,"","",,South Sotho,Tony Rebelo,2023-11-03T06:27:24Z
41963,Nkoe,und,"","",,South Sotho,Botswanabugs,2023-11-20T07:05:13Z
581093,Mohatollo,und,"","",,South Sotho,Tony Rebelo,2024-02-15T07:07:17Z
581093,Ntsoantsane-ea-loti,und,"","",,South Sotho,Tony Rebelo,2024-02-15T07:07:56Z
599197,Hlaha-hlaha,und,"","",,South Sotho,Tony Rebelo,2024-02-19T12:21:11Z
204827,Leqepi,und,"","",,South Sotho,Botswanabugs,2024-03-19T11:01:34Z
600240,Seona,und,"","",,South Sotho,Tony Rebelo,2024-05-30T10:42:50Z
592462,Sephomolo,und,"","",,South Sotho,Tony Rebelo,2024-07-28T18:52:21Z
589796,Mosheha,und,"","",,South Sotho,Tony Rebelo,2024-07-29T15:12:40Z
589796,mohlaba pere,und,"","",,South Sotho,Tony Rebelo,2024-07-29T15:13:10Z
589797,Moseha,und,"","",,South Sotho,Tony Rebelo,2024-07-29T15:14:33Z
589797,Mohlaba-Pere,und,"","",,South Sotho,Tony Rebelo,2024-07-29T15:15:04Z
585711,Sehlakoana,und,"","",,South Sotho,Tony Rebelo,2024-07-30T12:32:08Z
585759,Sehlakoana-se-senyenyana,und,"","",,South Sotho,Tony Rebelo,2024-07-30T12:34:53Z
