id,vernacularName,language,locality,countryCode,source,lexicon,contributor,created
30820,kalalea,und,"","",,Yao,Botswanabugs,2020-02-12T07:43:29Z
68492,iusi,und,"","",,Yao,Botswanabugs,2021-03-23T12:16:11Z
68492,mjusi,und,"","",,Yao,Botswanabugs,2021-03-23T12:16:45Z
68492,kafiri,und,"","",,Yao,Botswanabugs,2021-03-23T12:17:38Z
199580,muula,und,"","",,Yao,Botswanabugs,2021-07-04T14:07:30Z
81500,mlongje,und,"","",,Yao,Botswanabugs,2021-11-11T16:33:12Z
81500,nbondo,und,"","",,Yao,Botswanabugs,2021-11-11T16:34:24Z
2269,cole,und,"","",,Yao,Botswanabugs,2022-01-09T05:01:58Z
340245,mtondowoko,und,"","",,Yao,Botswanabugs,2022-06-02T08:46:36Z
42093,chipula,und,"","",,Yao,Botswanabugs,2023-01-04T19:32:51Z
30851,lipili,und,"","",,Yao,Botswanabugs,2023-05-13T18:51:58Z
517053,chule,und,"","",,Yao,Botswanabugs,2023-05-14T02:49:16Z
25459,namwonde,und,"","",,Yao,Botswanabugs,2023-05-14T02:56:04Z
21861,naliwonde,und,"","",,Yao,Botswanabugs,2023-05-14T03:07:02Z
25002,kaswanene,und,"","",,Yao,Botswanabugs,2023-05-14T03:09:52Z
