id,vernacularName,language,locality,countryCode,source,lexicon,contributor,created
32093,och-can,und,"","",,Maya (Lacandón),Ken-ichi Ueda,2013-05-08T00:07:49Z
27397,tzincan,und,"","",,Maya (Lacandón),Ken-ichi Ueda,2013-05-08T00:08:21Z
209852,joolol,und,"","",,Maya (Lacandón),Ken-ichi Ueda,2013-05-16T08:27:51Z
62810,Chujum,und,"","",,Maya (Lacandón),María Alejandra González,2015-07-01T03:35:08Z
867073,pucté,und,"","",https://www.inaturalist.org/taxon_names/448495/edit,Maya (Lacandón),,2020-08-04T23:28:42Z
307222,K’anit,und,"","",,Maya (Lacandón),Liliana Ramírez-Freire,2023-01-23T17:58:10Z
308156,K’e’k’an,und,"","",,Maya (Lacandón),Liliana Ramírez-Freire,2023-01-23T18:05:42Z
309304,Ajchi’,und,"","",,Maya (Lacandón),Liliana Ramírez-Freire,2023-01-23T18:09:38Z
309304,Ak chip kap,und,"","",,Maya (Lacandón),Liliana Ramírez-Freire,2023-01-23T18:10:28Z
309309,Mejen kap’,und,"","",,Maya (Lacandón),Liliana Ramírez-Freire,2023-01-23T18:17:08Z
309309,Yit mash,und,"","",,Maya (Lacandón),Liliana Ramírez-Freire,2023-01-23T18:17:57Z
308417,Ak tun kap’,und,"","",,Maya (Lacandón),Liliana Ramírez-Freire,2023-01-23T18:25:32Z
308417,Kan sak,und,"","",,Maya (Lacandón),Liliana Ramírez-Freire,2023-01-23T18:26:09Z
309437,Ajxi’p’,und,"","",,Maya (Lacandón),Liliana Ramírez-Freire,2023-01-23T18:30:26Z
309439,Ajk’uk’is kap’,und,"","",,Maya (Lacandón),Liliana Ramírez-Freire,2023-01-23T18:42:28Z
