id,vernacularName,language,locality,countryCode,source,lexicon,contributor,created
52134,Moschgieder,und,"","",,Pennsylvania German,John E. Christensen,2018-02-17T10:27:07Z
55563,Gensblumm,und,"","",,Pennsylvania German,John E. Christensen,2018-05-10T16:53:51Z
41663,Ragguune,und,"","",,Pennsylvania German,John E. Christensen,2018-05-22T19:57:35Z
505478,Hinkel,und,"","",,Pennsylvania German,John E. Christensen,2019-12-26T16:14:34Z
42158,Hasch,und,"","",,Pennsylvania German,John E. Christensen,2020-09-26T15:27:51Z
