id,vernacularName,language,locality,countryCode,source,lexicon,contributor,created
6921,Yuku,und,"","",,Quechua,John E. Christensen,2017-11-28T13:06:26Z
355675,Tulluyuq,und,"","",,Quechua,John E. Christensen,2017-12-06T09:34:54Z
41657,Ukumari,und,"","",,Quechua,Bobby McCabe,2018-01-02T22:54:08Z
41657,Ukuku,und,"","",,Quechua,Bobby McCabe,2018-01-02T22:54:56Z
52319,Pampa kuru,und,"","",,Quechua,John E. Christensen,2018-01-05T10:33:15Z
26036,Suchuq,und,"","",,Quechua,John E. Christensen,2018-01-12T14:26:45Z
56348,Phallcha,und,"","",,Quechua,John E. Christensen,2018-01-17T06:42:11Z
40268,Masu,und,"","",,Quechua,John E. Christensen,2018-01-24T16:26:36Z
122976,Pilliyuyu,und,"","",,Quechua,John E. Christensen,2018-02-23T10:39:24Z
47375,Akwayuq,und,"","",,Quechua,John E. Christensen,2018-03-09T08:34:02Z
53178,Qallu-qallu,und,"","",,Quechua,John E. Christensen,2018-04-03T06:51:07Z
48448,Choccllo,und,"","",,Quechua,Jorge Rojas S.,2018-04-06T05:26:02Z
62831,Pallta,und,"","",,Quechua,Jorge Rojas S.,2018-04-06T05:29:49Z
67759,Kulantru,und,"","",,Quechua,John E. Christensen,2018-05-06T07:30:39Z
53195,Puka qura,und,"","",,Quechua,John E. Christensen,2018-05-15T08:30:03Z
46100,Huaihuasi,und,"","",,Quechua,Gabriel Camilo Jaramillo Giraldo,2018-10-24T06:21:01Z
47336,Sisi,und,"","",,Quechua,John E. Christensen,2018-11-02T13:10:57Z
51611,Ch'iwa,und,"","",,Quechua,John E. Christensen,2018-11-05T09:42:03Z
67747,Sunkha kaka,und,"","",,Quechua,John E. Christensen,2019-01-21T07:34:21Z
339482,chukirawa,und,"","",,Quechua,Bodo Nuñez Oberg,2019-01-23T02:07:30Z
4756,Puka uma suyuntu,und,"","",,Quechua,John E. Christensen,2019-01-23T10:04:33Z
534316,Chillka,und,"","",,Quechua,Bodo Nuñez Oberg,2019-01-30T21:54:48Z
336156,mashwa,und,"","",,Quechua,Bodo Nuñez Oberg,2019-02-02T23:33:31Z
122711,shadan,und,"","",,Quechua,Bodo Nuñez Oberg,2019-02-06T16:00:42Z
704537,kishuar,und,"","",,Quechua,Bodo Nuñez Oberg,2019-02-06T16:02:17Z
571206,chachakuma,und,"","",,Quechua,Bodo Nuñez Oberg,2019-02-06T16:03:30Z
85284,guabisay,und,"","",,Quechua,Bodo Nuñez Oberg,2019-02-06T16:04:16Z
184934,kinhua,und,"","",,Quechua,Bodo Nuñez Oberg,2019-02-06T16:04:45Z
570761,huayllug,und,"","",,Quechua,Bodo Nuñez Oberg,2019-02-06T16:07:55Z
327717,kañaru,und,"","",,Quechua,Bodo Nuñez Oberg,2019-02-06T16:11:51Z
138920,allpa chocho,und,"","",,Quechua,Bodo Nuñez Oberg,2019-02-06T16:15:06Z
40151,Ñuñuq,und,"","",,Quechua,John E. Christensen,2019-02-07T16:14:34Z
26039,Lagartu,und,"","",,Quechua,John E. Christensen,2019-02-08T15:26:54Z
327707,pinllo,und,"","",,Quechua,Bodo Nuñez Oberg,2019-02-14T12:10:31Z
192903,sarashima,und,"","",,Quechua,Bodo Nuñez Oberg,2019-02-26T22:12:20Z
797952,tzumpo,und,"","",,Quechua,Bodo Nuñez Oberg,2019-02-26T22:18:37Z
552155,puka fuchana,und,"","",,Quechua,Bodo Nuñez Oberg,2019-02-27T05:00:02Z
371796,wantug,und,"","",,Quechua,Bodo Nuñez Oberg,2019-02-27T05:07:08Z
277808,shanshi,und,"","",,Quechua,Bodo Nuñez Oberg,2019-02-27T05:07:52Z
43698,Khankiq,und,"","",,Quechua,John E. Christensen,2019-03-05T06:35:53Z
133387,Thumana yura rikch'aq ayllu,und,"","",,Quechua,John E. Christensen,2019-04-07T11:54:22Z
47746,Kawallu chupa,und,"","",,Quechua,John E. Christensen,2019-05-06T11:23:03Z
48874,Mulli yura rikch'aq ayllu,und,"","",,Quechua,John E. Christensen,2019-05-29T12:24:34Z
330291,lláchiwána,und,"","",,Quechua,Jonathan Hoskins,2019-07-11T02:51:01Z
53352,Ramran,und,"","",,Quechua,John E. Christensen,2019-07-12T20:13:19Z
50638,Qallu yura rikch'aq ayllu,und,"","",,Quechua,John E. Christensen,2019-09-02T12:00:30Z
514124,waćhwa (guashgua),und,"","",,Quechua,cmanriqueb,2019-09-07T01:48:59Z
43011,Askanku,und,"","",,Quechua,John E. Christensen,2019-10-19T15:28:08Z
447603,Tarwi,und,"","",,Quechua,Miguel de Salas,2019-12-19T21:03:58Z
505478,Wallpa,und,"","",,Quechua,John E. Christensen,2019-12-26T16:16:03Z
85402,Titanka,und,"","",,Quechua,Wilder R. Quispe Rojas,2020-05-04T13:04:07Z
764793,Kawallu chupa,und,"","",,Quechua,John E. Christensen,2020-05-11T12:35:06Z
42158,Luwichu,und,"","",,Quechua,John E. Christensen,2020-09-26T15:28:12Z
21708,Jambatu,und,Ecuador,EC,,Quechua,Centro Jambatu,2020-10-09T17:55:46Z
21708,Ambatiug,und,Ecuador,EC,,Quechua,Centro Jambatu,2020-10-09T19:16:46Z
502278,Waykuntu,und,"","",,Quechua,Andrés Ramírez-Barrera,2020-10-11T22:59:33Z
9183,Paucarcori,und,Ecuador,EC,,Quechua,Diego F. Cisneros-Heredia,2020-10-16T23:48:12Z
442364,Q´wiña,und,"","",,Quechua,Wilder R. Quispe Rojas,2020-10-27T11:30:47Z
441496,Umancusau,und,"","",,Quechua,Wilder R. Quispe Rojas,2020-10-27T11:33:25Z
48363,Huaranhuay,und,"","",,Quechua,Wilder R. Quispe Rojas,2020-10-27T11:38:09Z
900225,Mutuy,und,"","",,Quechua,Wilder R. Quispe Rojas,2020-10-27T11:38:58Z
860909,Urccun Chunta,und,"","",,Quechua,Wilder R. Quispe Rojas,2020-10-27T11:44:05Z
75392,Kiwicha,und,"","",,Quechua,Alessandro G.,2020-12-26T12:25:11Z
75392,Quihuicha,und,"","",,Quechua,Alessandro G.,2020-12-26T12:25:53Z
122836,uqa,und,"","",,Quechua,Alison Northup,2021-01-08T16:19:27Z
531769,pichichik,und,"","",,Quechua,Andrés Ramírez-Barrera,2021-01-13T23:48:43Z
841815,Ccarhuaypiña,und,"Apurímac, PE","",,Quechua,"Andres C. Palmer ""Jr."" (Junior)",2021-01-27T00:45:40Z
47903,Waraqu yura rikch'aq ayllu,und,"","",,Quechua,John E. Christensen,2021-02-10T16:16:16Z
319972,Phusqallo - waraco,und,"","",,Quechua,Omar Miranda,2021-02-25T22:38:36Z
119450,Thumana yura rikch'aq ayllu,und,"","",,Quechua,John E. Christensen,2021-02-26T15:15:26Z
4981,waqwa,und,South America,"",,Quechua,Erik Erbes,2021-03-09T03:39:47Z
78701,killkiña,und,"","",,Quechua,Jorge Rojas S.,2021-03-26T23:08:07Z
9593,siccha,und,"","",,Quechua,Zygy,2021-03-27T02:30:19Z
429506,Waqanki,und,"","",,Quechua,"Andres C. Palmer ""Jr."" (Junior)",2021-05-03T15:45:16Z
99786,Chinkirma,und,"","",,Quechua,Zane Roskoph,2021-07-29T03:16:10Z
99786,Tsinkirma,und,"","",,Quechua,Zane Roskoph,2021-07-29T03:16:40Z
99786,Puraki,und,"","",,Quechua,Zane Roskoph,2021-07-29T03:17:30Z
99786,Ankilla,und,"","",,Quechua,Zane Roskoph,2021-07-29T03:18:01Z
41970,Uturunku,und,"","",,Quechua,Zane Roskoph,2021-07-30T12:15:46Z
42007,Puma,und,"","",,Quechua,Zane Roskoph,2021-08-01T01:50:41Z
291391,Chamiri,und,"","",,Quechua,Alain Cervantes,2021-08-08T20:08:08Z
709635,Pillku hamachi,und,"","",,Quechua,Zane Roskoph,2021-08-10T16:21:07Z
709635,Jamachi,und,"","",,Quechua,Zane Roskoph,2021-08-10T16:25:38Z
41644,Yuraq ukumari,und,"","",,Quechua,Zane Roskoph,2021-08-11T16:59:23Z
18941,Kiya,und,"","",,Quechua,Zane Roskoph,2021-08-12T14:37:13Z
41964,Liyun,und,"","",,Quechua,Zane Roskoph,2021-08-24T15:09:30Z
699248,wira muyu kaspi,und,"","",,Quechua,Andrés Ramírez-Barrera,2021-08-26T00:37:28Z
41967,Tigri,und,"","",,Quechua,Zane Roskoph,2021-08-26T16:28:20Z
84410,Lapis challwa,und,"","",,Quechua,Zane Roskoph,2021-08-28T16:48:28Z
47159,Totora,und,"","",,Quechua,Zane Roskoph,2021-09-06T15:15:10Z
47159,tutura,und,"","",,Quechua,Zane Roskoph,2021-09-06T15:15:36Z
47561,Pinu,und,"","",,Quechua,Charlie A.,2021-09-08T15:20:58Z
47727,Arsi,und,"","",,Quechua,Charlie A.,2021-09-08T15:24:40Z
47544,Khari-khari,und,"","",,Quechua,Charlie A.,2021-09-08T15:44:20Z
47851,Ruwli,und,"","",,Quechua,Charlie A.,2021-09-08T15:47:24Z
49156,Awidul,und,"","",,Quechua,Charlie A.,2021-09-08T15:55:19Z
47566,Alamu,und,"","",,Quechua,Charlie A.,2021-09-08T15:57:43Z
49292,Sipris,und,"","",,Quechua,Charlie A.,2021-09-08T16:01:12Z
136329,Akwayuq,und,"","",,Quechua,Charlie A.,2021-09-08T16:02:54Z
54262,Awitu,und,"","",,Quechua,Charlie A.,2021-09-08T16:05:57Z
97880,Carabali,und,"","",,Quechua,Zane Roskoph,2021-12-17T01:22:27Z
140547,qoriwaqanki,und,"","",,Quechua,Zane Roskoph,2021-12-21T18:16:24Z
854832,Q´wiña,und,"","",,Quechua,Wilder R. Quispe Rojas,2022-06-11T23:06:34Z
342767,Chuspi,und,"Ayacucho, PE","",,Quechua,Floro Ortiz Contreras,2022-07-10T02:43:29Z
48663,Pillpinto,und,"Ayacucho, PE","",,Quechua,Floro Ortiz Contreras,2022-07-10T02:49:41Z
21714,Rachack,und,"Antonio Raymondi, AN, PE","",,Quechua,Antonio W. Salas,2022-07-11T18:30:58Z
24162,Choguiash,und,"","",,Quechua,Antonio W. Salas,2022-07-11T19:14:24Z
3017,urpi,und,"","",,Quechua,Floro Ortiz Contreras,2022-07-12T14:32:32Z
12780,Chihuaco,und,"","",,Quechua,Floro Ortiz Contreras,2022-07-12T15:17:45Z
43410,Makisapa,und,"","",,Quechua,Floro Ortiz Contreras,2022-07-12T17:35:07Z
122767,Urpi,und,"","",,Quechua,Floro Ortiz Contreras,2022-07-21T23:26:36Z
22791,Karia,und,"Ayacucho, PE","",,Quechua,Antonio W. Salas,2022-08-26T11:40:38Z
57354,Molle,und,Peru,PE,,Quechua,Antonio W. Salas,2022-08-29T15:03:00Z
344448,Misky Chuspi,und,South America,"",,Quechua,Floro Ortiz Contreras,2022-09-10T14:48:15Z
47217,Inkill,und,"","",,Quechua,Floro Ortiz Contreras,2022-09-10T14:51:38Z
8877,Tunki,und,"Ayacucho, PE","",,Quechua,Floro Ortiz Contreras,2022-09-29T17:08:11Z
836584,pacra,und,"","",,Quechua,Rene Vilchez,2022-10-08T17:24:53Z
140498,Waqanki,und,"","",,Quechua,Rene Vilchez,2022-10-08T17:27:48Z
487697,Sara sara,und,"","",,Quechua,Rene Vilchez,2022-10-08T17:29:21Z
47121,Qera,und,"","",,Quechua,Floro Ortiz Contreras,2022-10-16T01:56:42Z
475274,muña,und,"","",,Quechua,MARLENY PRADA DE LA CRUZ,2022-10-16T02:05:32Z
58728,tankar kichka,und,"","",,Quechua,MARLENY PRADA DE LA CRUZ,2022-10-16T02:09:23Z
48867,Chunta yura rikch'aq ayllu,und,"","",,Quechua,John E. Christensen,2022-11-02T10:50:58Z
441193,Carapari,und,"","",,Quechua,Martin Lowry,2022-12-04T16:32:48Z
55719,Sisan Chuspi,und,"","",,Quechua,Floro Ortiz Contreras,2023-01-05T21:40:58Z
329781,chiririnka,und,"","",,Quechua,Floro Ortiz Contreras,2023-01-15T02:37:22Z
1067957,Wayrunquy,und,"","",,Quechua,Floro Ortiz Contreras,2023-01-15T02:41:02Z
145540,Sisan chuspi/llaqwaq chuspi,und,"","",,Quechua,MIRIAN LILIANA SULCA RUIZ,2023-01-22T15:09:03Z
344445,"niñuscha,niñus,chuspi itakara,Miski chuspi",und,"","",,Quechua,MIRIAN LILIANA SULCA RUIZ,2023-01-22T15:28:54Z
946903,tunya,und,"","",,Quechua,MIRIAN LILIANA SULCA RUIZ,2023-01-22T16:06:23Z
265788,"apaychiqchi, apachaqcha",und,"","",,Quechua,MIRIAN LILIANA SULCA RUIZ,2023-01-22T17:11:42Z
424396,"anqas pillpintu, llaqi pillpintu, urpillpintu",und,"","",,Quechua,MIRIAN LILIANA SULCA RUIZ,2023-01-22T17:14:23Z
486386,"anqas pillpintu, llaqi pillpintu, urpillpintu",und,"","",,Quechua,MIRIAN LILIANA SULCA RUIZ,2023-01-22T19:49:38Z
416827,sisi,und,"","",,Quechua,MIRIAN LILIANA SULCA RUIZ,2023-01-22T19:50:55Z
562404,kachikachi,und,"","",,Quechua,MIRIAN LILIANA SULCA RUIZ,2023-01-22T19:53:50Z
489970,"""kachikachi, kachi kachi, kachi suysu, rawraq nina, willankiru""",und,"","",,Quechua,MIRIAN LILIANA SULCA RUIZ,2023-01-22T19:55:40Z
49714,"Lachiwa, llachiwa",und,"","",,Quechua,MIRIAN LILIANA SULCA RUIZ,2023-01-22T19:58:42Z
1106756,Wayrunquy,und,"","",,Quechua,MIRIAN LILIANA SULCA RUIZ,2023-01-22T20:00:14Z
570750,Wayrunquy,und,"","",,Quechua,MIRIAN LILIANA SULCA RUIZ,2023-01-22T20:01:09Z
256419,"Aqaruway, tinti",und,"","",,Quechua,MIRIAN LILIANA SULCA RUIZ,2023-01-22T20:02:26Z
49150,"wallku pillpintu, wallqa pillpintu",und,"","",,Quechua,MIRIAN LILIANA SULCA RUIZ,2023-01-22T20:03:37Z
51743,Pillpinto,und,"","",,Quechua,MIRIAN LILIANA SULCA RUIZ,2023-01-22T20:04:53Z
69885,kuti pillpintu,und,"","",,Quechua,MIRIAN LILIANA SULCA RUIZ,2023-01-22T20:05:59Z
6445,pukay llulli qinti,und,"","",,Quechua,MIRIAN LILIANA SULCA RUIZ,2023-01-22T20:07:09Z
20853,"Anqas pillku, qumir pillku, pillku pillku, quriqinti",und,"","",,Quechua,MIRIAN LILIANA SULCA RUIZ,2023-01-22T20:08:56Z
44597,"Ukucha, hukucha",und,"","",,Quechua,MIRIAN LILIANA SULCA RUIZ,2023-01-22T20:10:02Z
42223,Qichwa luwichu,und,"","",,Quechua,MIRIAN LILIANA SULCA RUIZ,2023-01-22T20:12:25Z
64894,karya,und,"","",,Quechua,MIRIAN LILIANA SULCA RUIZ,2023-01-22T20:13:39Z
47370,Kusi Kusi,und,"","",,Quechua,MIRIAN LILIANA SULCA RUIZ,2023-01-22T20:15:21Z
133171,"tumbis, suytu tintin",und,"","",,Quechua,MIRIAN LILIANA SULCA RUIZ,2023-01-22T20:16:52Z
53983,"Wiswinku, wiswi tika",und,"","",,Quechua,MIRIAN LILIANA SULCA RUIZ,2023-01-22T20:18:32Z
139444,"chukuwitu, lantirkas",und,"","",,Quechua,MIRIAN LILIANA SULCA RUIZ,2023-01-22T20:20:40Z
127676,"achiwiti, mantur",und,"","",,Quechua,MIRIAN LILIANA SULCA RUIZ,2023-01-22T20:21:51Z
276273,"taqsana, pichqachina",und,"","",,Quechua,MIRIAN LILIANA SULCA RUIZ,2023-01-22T20:23:05Z
47121,qira,und,"","",,Quechua,MIRIAN LILIANA SULCA RUIZ,2023-01-22T20:23:54Z
47544,"siraka, siranka",und,"","",,Quechua,MIRIAN LILIANA SULCA RUIZ,2023-01-22T20:25:35Z
132506,"yanaywarmi, arwi mullaka",und,"","",,Quechua,MIRIAN LILIANA SULCA RUIZ,2023-01-22T20:27:29Z
1312194,"Qaratu, qarastu",und,"","",,Quechua,MIRIAN LILIANA SULCA RUIZ,2023-01-22T20:28:59Z
1113026,Chichil,und,"","",,Quechua,MIRIAN LILIANA SULCA RUIZ,2023-01-22T20:29:49Z
1146919,Sakapi,und,"","",,Quechua,MIRIAN LILIANA SULCA RUIZ,2023-01-22T20:31:31Z
982332,"Sinwa, sinuwa",und,"","",,Quechua,MIRIAN LILIANA SULCA RUIZ,2023-01-22T20:32:25Z
3439,"""Urpi, urpay, quqñu, kullku  """,und,"","",,Quechua,MIRIAN LILIANA SULCA RUIZ,2023-01-22T20:34:04Z
28537,"katari,machaqway, maqta uru, siri",und,"","",,Quechua,MIRIAN LILIANA SULCA RUIZ,2023-01-22T20:35:21Z
1432787,"Aqchi, Allqamari",und,"","",,Quechua,MIRIAN LILIANA SULCA RUIZ,2023-01-22T20:36:15Z
47075,"Kirkinchu, kirki, kutimpu",und,"","",,Quechua,MIRIAN LILIANA SULCA RUIZ,2023-01-22T20:37:18Z
24154,"chiklla, chiklliq hampatu, raktak, chiklliq raktak",und,"","",,Quechua,MIRIAN LILIANA SULCA RUIZ,2023-01-22T20:38:26Z
181278,"siwis, kita siwis, kita cedro",und,"","",,Quechua,MIRIAN LILIANA SULCA RUIZ,2023-01-22T20:39:50Z
343175,qutu awaru,und,"","",,Quechua,MIRIAN LILIANA SULCA RUIZ,2023-01-22T20:41:18Z
41657,"ukuku, hukumari",und,"","",,Quechua,MIRIAN LILIANA SULCA RUIZ,2023-01-22T20:43:40Z
71297,Llanq'ichhuru,und,"","",,Quechua,John E. Christensen,2023-01-31T12:46:25Z
20526,Awistrus,und,"","",,Quechua,Johan Devos,2023-02-28T23:07:50Z
49001,Jegona,und,"Ayacucho, PE","",,Quechua,Floro Ortiz Contreras,2023-04-19T23:15:09Z
144503,leqles,und,"","",,Quechua,Floro Ortiz Contreras,2023-07-27T02:37:35Z
47124,iskay phutuy raphiyuq,und,"","",,Quechua,Charlie A.,2023-08-30T06:12:17Z
704346,Urcu-rosa,und,"","",,Quechua,Marcelo Amores,2023-09-24T22:15:09Z
197781,Uchu mishi,und,"","",,Quechua,Leonel Roget,2023-10-11T18:35:18Z
197781,Anushi-puma,und,"","",,Quechua,Leonel Roget,2023-10-11T18:36:18Z
166894,Muqu muqu,und,"","",,Quechua,Floro Ortiz Contreras,2023-11-07T14:38:13Z
19835,Paca paca,und,Peru,PE,,Quechua,Antonio W. Salas,2023-12-12T23:31:06Z
712873,Pispita,und,"Huancavelica, PE","",,Quechua,Wilder R. Quispe Rojas,2024-05-27T01:13:22Z
1264431,Machayu,und,Peru,PE,,Quechua,Antonio W. Salas,2024-06-08T03:20:18Z
