id,vernacularName,language,locality,countryCode,source,lexicon,contributor,created
49639,Malau pokoahu,und,"","",http://www.catalogueoflife.org/annual-checklist/details/species/id/10073047/common/60813,Niuean,,2021-07-29T00:51:30Z
109743,Malau pokoahu,und,"","",http://www.catalogueoflife.org/annual-checklist/details/species/id/10073362/common/201075,Niuean,Donald Davesne,2021-07-29T00:51:31Z
52456,Pelepele,und,"","",http://www.catalogueoflife.org/annual-checklist/details/species/id/10073036/common/61405,Niuean,,2021-08-01T13:36:26Z
96989,Pelepele,und,"","",http://www.catalogueoflife.org/annual-checklist/details/species/id/10073037/common/61337,Niuean,,2021-08-01T13:36:27Z
96995,Palu kulukulu,und,"","",http://www.catalogueoflife.org/annual-checklist/details/species/id/10073044/common/60945,Niuean,,2021-08-09T14:44:31Z
153280,Ulua,und,"","",,Niuean,Zane Roskoph,2021-08-29T13:10:55Z
196838,Hafulu,und,"","",http://www.catalogueoflife.org/annual-checklist/2012/details/species/id/9741333,Niuean,Victor HOYEAU,2021-09-12T23:18:26Z
84181,Sifisifi,und,"","",http://www.catalogueoflife.org/annual-checklist/2012/details/species/id/9741333,Niuean,,2021-09-13T12:44:34Z
111389,Sifisifi,und,"","",http://www.catalogueoflife.org/annual-checklist/2012/details/species/id/9741333,Niuean,,2021-09-13T12:44:34Z
114122,Vaha leleva,und,"","",http://www.catalogueoflife.org/annual-checklist/2012/details/species/id/9741333,Niuean,iSea,2021-09-18T19:22:33Z
47257,Paala,und,"","",,Niuean,Zane Roskoph,2021-09-20T00:39:35Z
97004,Kaupatuo,und,"","",http://www.catalogueoflife.org/annual-checklist/2012/details/species/id/9741333,Niuean,,2021-10-09T16:44:00Z
47251,Koho utu,und,"","",http://www.catalogueoflife.org/annual-checklist/2012/details/species/id/9741333,Niuean,,2021-10-17T23:38:23Z
47251,Utu,und,"","",,Niuean,Zane Roskoph,2021-10-17T23:38:47Z
