id,vernacularName,language,locality,countryCode,source,lexicon,contributor,created
359331,Polystichum aculeatum × braunii,und,"","",,Hybrid Formula,Erwin Gruber,2014-06-15T14:10:41Z
359332,Polystichum braunii × setiferum,und,"","",,Hybrid Formula,Erwin Gruber,2014-06-15T14:14:15Z
366813,Polystichum aculeatum × munitum,und,"","",,Hybrid Formula,Erwin Gruber,2015-01-27T10:49:32Z
359333,Polystichum aculeatum × setiferum,und,"","",,Hybrid Formula,Erwin Gruber,2015-01-27T11:19:46Z
170934,Polystichum acrostichoides × lonchitis,und,"","",,Hybrid Formula,Erwin Gruber,2015-01-27T11:31:18Z
359335,Polystichum aculeatum × lonchitis,und,"","",,Hybrid Formula,Erwin Gruber,2015-01-27T11:43:28Z
359339,Polystichum munitum × setiferum,und,"","",,Hybrid Formula,Erwin Gruber,2015-01-27T11:48:22Z
359340,Polystichum lonchitis × setiferum,und,"","",,Hybrid Formula,Erwin Gruber,2015-01-27T12:31:30Z
359341,Polystichum falcinellum × setiferum,und,"","",,Hybrid Formula,Erwin Gruber,2015-01-27T13:43:41Z
359342,Polystichum braunii × lonchitis,und,"","",,Hybrid Formula,Erwin Gruber,2015-01-27T14:03:55Z
170935,Polystichum acrostichoides × braunii,und,"","",,Hybrid Formula,Erwin Gruber,2015-01-27T14:16:53Z
481689,Polystichum braunii × proliferum,und,"","",,Hybrid Formula,Erwin Gruber,2015-11-21T19:26:57Z
487565,Quercus rotundifolia × suber,und,"","",,Hybrid Formula,Duarte Frade,2016-02-13T13:52:26Z
518473,Prunella vulgaris × laciniata,und,"","",,Hybrid Formula,max kirsch,2016-12-07T03:33:28Z
518537,Quercus ilex × suber,und,"","",,Hybrid Formula,Duarte Frade,2016-12-07T06:00:46Z
635792,Impatiens capensis × ecornuta,und,"","",,Hybrid Formula,Erwin Gruber,2018-02-17T19:45:18Z
738635,Veronica densifolia × thompsonii,und,"","",,Hybrid Formula,Rowan Hindmarsh-Walls,2018-07-07T17:42:14Z
738785,Veronica elliptica × speciosa,und,"","",,Hybrid Formula,Rowan Hindmarsh-Walls,2018-07-07T17:47:17Z
738805,Veronica elliptica × salicifolia,und,"","",,Hybrid Formula,Rowan Hindmarsh-Walls,2018-07-07T17:47:54Z
773704,Mentha arvensis × suaveolens,und,"","",,Hybrid Formula,Duarte Frade,2018-08-25T17:51:52Z
773705,Mentha arvensis × longifolia,und,"","",,Hybrid Formula,Duarte Frade,2018-08-25T17:54:19Z
170799,Hypericum calycinum × patulum,und,"","",,Hybrid Formula,cassi saari,2019-02-01T22:59:15Z
170992,Quercus nigra × phellos,und,"","",,Hybrid Formula,cassi saari,2019-02-22T17:27:33Z
479440,Quercus ilex × pubescens,und,"","",,Hybrid Formula,Bodo Nuñez Oberg,2019-04-17T23:52:38Z
275469,Quercus crassifolia × crassipes,und,"","",,Hybrid Formula,Bodo Nuñez Oberg,2019-05-01T19:17:16Z
940049,Veronica speciosa × stricta,und,"","",https://www.inaturalist.org/taxon_names/1253402/edit,Hybrid Formula,Nicolas Schwab,2019-09-16T22:29:55Z
940051,Veronica pimeleoides × salicifolia,und,"","",https://www.inaturalist.org/taxon_names/1253219/edit,Hybrid Formula,Nicolas Schwab,2019-09-16T22:43:21Z
171203,Viola altaica × lutea ssp. sudetica × tricolor,und,"","",https://www.inaturalist.org/taxon_names/1261661/edit,Hybrid Formula,Nicolas Schwab,2020-03-15T18:35:52Z
410913,Nepeta racemosa × nepetella,und,"","",ttp://www.uniprot.org/taxonomy/39348,Hybrid Formula,Nicolas Schwab,2020-05-13T22:20:01Z
474201,Quercus cerris × suber,und,"","",https://eol.org/pages/52200739,Hybrid Formula,Nicolas Schwab,2020-07-03T10:07:00Z
1301261,Papaver armeniacum × paucifoliatum,und,"","",https://eol.org/pages/52519680,Hybrid Formula,Nicolas Schwab,2021-10-31T10:49:54Z
1318568,Quercus afares x suber,und,"","",,Hybrid Formula,Errol Véla,2021-11-27T10:58:29Z
1340067,Cirsium oleraceum × rivulare,und,"","",,Hybrid Formula,Kitty Maurey,2021-12-24T04:07:28Z
1347970,Verbascum blattaria × phlomoides,und,"","",,Hybrid Formula,Denis Davydov,2022-01-05T13:02:56Z
1062301,Narcissus cyclamineus × tazetta,und,"","",,Hybrid Formula,Errol Véla,2022-03-07T23:14:10Z
863670,Polygonatum multiflorum × odoratum,und,"","",,Hybrid Formula,Ryan Sorrells,2022-03-25T02:16:07Z
1397988,Echium brevirame × webbii,und,"","",,Hybrid Formula,Jeremy Gilmore,2022-06-20T13:02:57Z
1398009,Echium aculeatum × hierrense,und,"","",,Hybrid Formula,Jeremy Gilmore,2022-06-20T17:44:39Z
1398010,Echium decaisnei × strictum,und,"","",,Hybrid Formula,Jeremy Gilmore,2022-06-20T17:46:38Z
1398011,Erica decaisnei × virescens,und,"","",,Hybrid Formula,Jeremy Gilmore,2022-06-20T17:48:08Z
170971,Prunus avium × marginata,und,"","",,Hybrid Formula,cassi saari,2022-06-25T20:59:45Z
1398602,Dianthus hyssopifolius × seguieri,und,"","",,Hybrid Formula,cassi saari,2022-06-25T21:03:19Z
1181253,Mentha aquatica × suaveolens,und,"","",,Hybrid Formula,Wolfgang Jauch,2022-08-17T09:06:02Z
1099685,Mentha longifolia × spicata,und,"","",https://www.inaturalist.org/taxon_names/856113/edit,Hybrid Formula,Nicolas Schwab,2022-09-17T08:46:33Z
856608,Galanthus plicatus × nivalis,und,"","",,Hybrid Formula,Tig,2023-02-28T09:31:22Z
1454171,Galanthus plicatus ssp. plicatus × nivalis,und,"","",,Hybrid Formula,Tig,2023-02-28T09:36:36Z
1454170,Galanthus plicatus ssp. byzantinus × nivalis,und,"","",,Hybrid Formula,Tig,2023-02-28T09:37:33Z
1456406,Brachypodium pinnatum × racemosum,und,"","",,Hybrid Formula,Victor HOYEAU,2023-03-09T11:01:24Z
1390736,Glechoma hederacea × hirsuta,und,"","",,Hybrid Formula,Ryan Sorrells,2023-04-01T09:03:12Z
504686,Salvia greggii × microphylla,und,"","",,Hybrid Formula,Tony Rebelo,2023-04-22T19:57:02Z
1466311,Acer campbellii × laevigatum,und,"","",,Hybrid Formula,Ryan Sorrells,2023-04-25T04:46:26Z
1444151,Acer campestre × monspessulanum,und,"","",,Hybrid Formula,Ryan Sorrells,2023-04-25T05:28:19Z
1377072,Acer monspessulanum × pseudoplatanus,und,"","",,Hybrid Formula,Ryan Sorrells,2023-04-25T05:30:03Z
170461,Acer rubrum × saccharinum,und,"","",,Hybrid Formula,Ryan Sorrells,2023-04-25T05:30:24Z
181661,Salvia columbariae × mellifera,und,"","",,Hybrid Formula,Mark,2023-04-28T11:54:46Z
1456117,Salvia valentina × verbenaca,und,"","",,Hybrid Formula,Luka S. (someplant),2023-05-03T15:04:16Z
1456118,Salvia nutans × virgata,und,"","",,Hybrid Formula,Nicolas Schwab,2023-05-03T21:34:16Z
1456120,Salvia amplexicaulis × virgata,und,"","",,Hybrid Formula,Nicolas Schwab,2023-05-03T21:34:50Z
1456111,Salvia amplexicaulis × nemorosa,und,"","",,Hybrid Formula,Nicolas Schwab,2023-05-03T21:35:19Z
1456115,Salvia nutans × pratensis,und,"","",,Hybrid Formula,Nicolas Schwab,2023-05-03T21:36:02Z
1467252,Salvia granatensis × rosmarinus,und,"","",,Hybrid Formula,Nicolas Schwab,2023-05-04T12:43:22Z
1077150,Salvia chicamochae × rubescens,und,"","",,Hybrid Formula,max kirsch,2023-05-08T16:42:56Z
1345432,Salvia jordanii × rosmarinus,und,"","",,Hybrid Formula,Luka S. (someplant),2023-05-11T06:45:12Z
1468343,Verbascum blattaria × sinuatum,und,"","",,Hybrid Formula,Errol Véla,2023-05-11T16:17:18Z
1468450,Salvia bracteata × suffruticosa,und,"","",,Hybrid Formula,Alberto Colatore,2023-05-12T09:19:23Z
1468451,Salvia aucheri ssp. canescens × heldreichiana,und,"","",,Hybrid Formula,Alberto Colatore,2023-05-12T09:23:19Z
1468452,Salvia cyanescens × vermifolia,und,"","",,Hybrid Formula,Alberto Colatore,2023-05-12T09:27:02Z
1469245,Salvia koyamae × nipponica,und,"","",,Hybrid Formula,Jeremy Gilmore,2023-05-16T18:36:09Z
1469849,Salvia nutans × transsylvanica,und,"","",,Hybrid Formula,Alberto Colatore,2023-05-19T16:38:28Z
1470688,Salvia amplexicaulis × nutans,und,"","",,Hybrid Formula,Jeremy Gilmore,2023-05-25T11:41:23Z
1470689,Salvia dumetorum × nutans,und,"","",,Hybrid Formula,Jeremy Gilmore,2023-05-25T11:45:57Z
1470690,Salvia pratensis × transsylvanica,und,"","",,Hybrid Formula,Jeremy Gilmore,2023-05-25T11:50:41Z
171095,Salvia nemorosa × pratensis,und,"","",,Hybrid Formula,Alberto Colatore,2023-05-28T14:51:57Z
1456119,Salvia nemorosa × transsylvanica,und,"","",,Hybrid Formula,Alberto Colatore,2023-05-28T14:54:59Z
919791,Lavandula dentata × lanata,und,"","",,Hybrid Formula,Kevin Faccenda,2023-05-30T10:06:50Z
919793,Lavandula lanata × latifolia,und,"","",,Hybrid Formula,Jeremy Gilmore,2023-05-30T11:33:28Z
460853,Lavandula stoechas ssp. luisieri × viridis,und,"","",,Hybrid Formula,Jeremy Gilmore,2023-05-30T11:34:00Z
919789,Lavandula pedunculata × stoechas,und,"","",,Hybrid Formula,Jeremy Gilmore,2023-05-30T11:34:29Z
790312,Lavandula dentata × latifolia,und,"","",,Hybrid Formula,Jeremy Gilmore,2023-05-30T11:34:52Z
170884,Narcissus poeticus × pseudonarcissus,und,"","",,Hybrid Formula,Errol Véla,2023-05-31T20:50:00Z
61339,Narcissus poeticus × tazetta,und,"","",,Hybrid Formula,Errol Véla,2023-05-31T20:51:14Z
170885,Narcissus jonquilla × pseudonarcissus,und,"","",,Hybrid Formula,Errol Véla,2023-05-31T20:54:15Z
856789,Narcissus jonquilla × poeticus,und,"","",,Hybrid Formula,Errol Véla,2023-05-31T20:55:53Z
874199,Narcissus jonquilla × N tazetta,und,"","",,Hybrid Formula,Errol Véla,2023-05-31T20:58:29Z
811815,Narcissus obsoletus × viridiflorus,und,"","",,Hybrid Formula,Errol Véla,2023-05-31T20:59:40Z
628051,Narcissus bulbocodium var. minor × triandrus ssp. pallidulus,und,"","",,Hybrid Formula,Errol Véla,2023-05-31T21:10:19Z
1471590,Narcissus bulbocodium × pseudonarcissus,und,"","",,Hybrid Formula,Errol Véla,2023-05-31T21:40:12Z
1471597,Narcissus cavanillesii × obsoletus,und,"","",https://www.inaturalist.org/taxon_names/3353447/edit,Hybrid Formula,Nicolas Schwab,2023-06-04T16:42:09Z
1472206,Salvia blancoana × officinalis,und,"","",,Hybrid Formula,Alberto Colatore,2023-06-05T00:42:26Z
1472207,Salvia blancoana ssp. blancoana × officinalis ssp. oxyodon,und,"","",,Hybrid Formula,Alberto Colatore,2023-06-05T00:44:35Z
1472208,Salvia blancoana ssp. vellerea × officinalis ssp. officinalis,und,"","",,Hybrid Formula,Alberto Colatore,2023-06-05T00:46:44Z
1077148,Salvia amethystina × rubescens,und,"","",,Hybrid Formula,Matthew,2023-06-22T15:44:36Z
1063306,Salvia pauciserrata × splendens,und,"","",,Hybrid Formula,Matthew,2023-06-22T15:45:30Z
1077149,Salvia sagittata × scutellarioides,und,"","",,Hybrid Formula,Matthew,2023-06-22T15:46:10Z
1479786,Cirsium erisithales × rivulare,und,"","",,Hybrid Formula,Alberto Colatore,2023-07-10T16:52:16Z
171031,Quercus kelloggii × wislizeni,und,"","",,Hybrid Formula,Leyton Reid,2023-08-27T15:59:01Z
181844,Quercus agrifolia × kelloggii,und,"","",,Hybrid Formula,Leyton Reid,2023-08-27T16:00:45Z
450641,Malva olbia × thuringiaca,und,"","",,Hybrid Formula,lwnrngr,2023-09-10T15:40:34Z
1495655,Verbascum densiflorum × nigrum,und,"","",,Hybrid Formula,Alberto Colatore,2023-09-11T09:53:49Z
1496393,Cirsium erisithales × palustre,und,"","",,Hybrid Formula,Sean Cozart,2023-09-15T02:01:07Z
170982,Quercus coccinea × rubra,und,"","",,Hybrid Formula,Leyton Reid,2023-09-27T05:51:02Z
170985,Quercus falcata × laevis,und,"","",,Hybrid Formula,Leyton Reid,2023-09-27T05:52:59Z
170988,Quercus marilandica × velutina,und,"","",,Hybrid Formula,Leyton Reid,2023-09-27T05:58:17Z
170993,Quercus laurifolia × velutina,und,"","",,Hybrid Formula,Leyton Reid,2023-09-27T06:08:17Z
170994,Quercus palustris × rubra,und,"","",,Hybrid Formula,Leyton Reid,2023-09-27T06:10:03Z
170998,Quercus nigra × velutina,und,"","",,Hybrid Formula,Leyton Reid,2023-09-27T06:12:56Z
170999,Quercus shumardii × velutina,und,"","",,Hybrid Formula,Leyton Reid,2023-09-27T06:15:02Z
171001,Quercus imbricaria × shumardii,und,"","",,Hybrid Formula,Leyton Reid,2023-09-27T06:19:26Z
171003,Quercus imbricaria × palustris,und,"","",,Hybrid Formula,Leyton Reid,2023-09-27T06:21:12Z
171005,Quercus ilicifolia × rubra,und,"","",,Hybrid Formula,Leyton Reid,2023-09-27T06:22:47Z
171007,Quercus phellos × velutina,und,"","",,Hybrid Formula,Leyton Reid,2023-09-27T06:24:39Z
171008,Quercus coccinea × velutina,und,"","",,Hybrid Formula,Leyton Reid,2023-09-27T06:26:57Z
171015,Quercus buckleyi × marilandica,und,"","",,Hybrid Formula,Leyton Reid,2023-09-27T06:37:10Z
171016,Quercus rubra × velutina,und,"","",,Hybrid Formula,Leyton Reid,2023-09-27T13:46:20Z
171017,Quercus phellos × rubra,und,"","",,Hybrid Formula,Leyton Reid,2023-09-27T13:47:57Z
171020,Quercus falcata × marilandica,und,"","",,Hybrid Formula,Leyton Reid,2023-09-27T13:51:04Z
171021,Quercus gravesii × hypoleucoides,und,"","",,Hybrid Formula,Leyton Reid,2023-09-27T13:53:23Z
171025,Quercus falcata x shumardii,und,"","",,Hybrid Formula,Leyton Reid,2023-09-27T13:55:36Z
275502,Quercus coccolobifolia × viminea,und,"","",,Hybrid Formula,Leyton Reid,2023-09-27T13:57:15Z
171027,Quercus pagoda × phellos,und,"","",,Hybrid Formula,Leyton Reid,2023-09-27T14:00:30Z
171032,Quercus phellos × shumardii,und,"","",,Hybrid Formula,Leyton Reid,2023-09-28T04:42:30Z
171034,Quercus palustris × shumardii,und,"","",,Hybrid Formula,Leyton Reid,2023-09-28T04:44:18Z
171035,Quercus nigra × shumardii,und,"","",,Hybrid Formula,Leyton Reid,2023-09-28T04:46:00Z
171039,Quercus incana × myrtifolia,und,"","",,Hybrid Formula,Leyton Reid,2023-09-28T04:47:12Z
171040,Quercus ellipsoidalis × velutina,und,"","",,Hybrid Formula,Leyton Reid,2023-09-28T04:51:28Z
171043,Quercus incana × velutina,und,"","",,Hybrid Formula,Leyton Reid,2023-09-28T04:55:29Z
171044,Quercus ilicifolia × velutina,und,"","",,Hybrid Formula,Leyton Reid,2023-09-28T04:58:02Z
171045,Quercus rubra × shumardii,und,"","",,Hybrid Formula,Leyton Reid,2023-09-28T04:59:54Z
171046,Quercus coccinea × ilicifolia,und,"","",,Hybrid Formula,Leyton Reid,2023-09-28T05:02:04Z
171049,Quercus imbricaria × rubra,und,"","",,Hybrid Formula,Leyton Reid,2023-09-28T05:10:19Z
171052,Quercus palustris × phellos,und,"","",,Hybrid Formula,Leyton Reid,2023-09-28T05:13:56Z
1480290,Quercus buckleyi × shumardii,und,"","",,Hybrid Formula,Leyton Reid,2023-09-28T05:22:23Z
171062,Quercus emoryi × graciliformis,und,"","",,Hybrid Formula,Leyton Reid,2023-09-28T05:30:03Z
171066,Quercus palustris × velutina,und,"","",,Hybrid Formula,Leyton Reid,2023-09-28T05:32:29Z
171070,Quercus falcata × velutina,und,"","",,Hybrid Formula,Leyton Reid,2023-09-28T05:35:15Z
1503558,Calamagrostis epigejos × pseudophragmites,und,"","",,Hybrid Formula,Kélian Gautier,2023-10-18T13:12:59Z
1290815,Cirsium palustre × rivulare,und,"","",,Hybrid Formula,Kélian Gautier,2023-10-18T20:41:03Z
1507516,Salvia abrotanoides × yangii,und,"","",,Hybrid Formula,Elliott Gordon,2023-11-06T03:05:31Z
1506457,Quercus coccifera × ilex,und,"","",https://www.inaturalist.org/taxon_names/1550117/edit,Hybrid Formula,Nicolas Schwab,2023-11-25T00:34:05Z
1517731,Quercus coccifera × suber,und,"","",,Hybrid Formula,Kélian Gautier,2023-12-12T18:35:52Z
170749,Gentiana andrewsii × rubricaulis,und,"","",,Hybrid Formula,Ryan Sorrells,2023-12-15T08:44:01Z
1519605,Convolvulus bonariensis × Convolvulus hermanniae,und,"","",,Hybrid Formula,T. E. D.,2023-12-20T18:31:34Z
1519630,Convolvulus boissieri subsp. compactus × Convolvulus oleifolius var. angustifolius,und,"","",,Hybrid Formula,T. E. D.,2023-12-20T21:23:04Z
1520274,Quercus coccifera × rotundifolia,und,"","",,Hybrid Formula,Errol Véla,2023-12-22T19:56:21Z
1520523,Convolvulus boissieri × Convolvulus holosericeus,und,"","",,Hybrid Formula,T. E. D.,2023-12-24T05:38:57Z
1520524,Convolvulus boissieri subsp. compactus × Convolvulus holosericeus subsp. macrocalycinus,und,"","",,Hybrid Formula,T. E. D.,2023-12-24T05:47:40Z
1520525,Convolvulus boissieri subsp. compactus × Convolvulus holosericeus subsp. holosericeus,und,"","",,Hybrid Formula,T. E. D.,2023-12-24T05:50:20Z
1520547,Dianthus arenarius ssp. borussicus × carthusianorum,und,"","",,Hybrid Formula,max kirsch,2023-12-24T09:03:43Z
1521689,Solanum acaule × infundibuliforme,und,"","",,Hybrid Formula,T. E. D.,2023-12-30T21:17:11Z
1521691,Solanum anamatophilum × chomatophilum,und,"","",,Hybrid Formula,T. E. D.,2023-12-30T21:40:26Z
1523151,Quercus coccifera × faginea,und,"","",,Hybrid Formula,Josué Orfão,2024-01-06T17:18:59Z
1524735,Cirsium canum × oleraceum,und,"","",,Hybrid Formula,T. E. D.,2024-01-14T17:53:30Z
1524777,Corydalis intermedia × solida,und,"","",,Hybrid Formula,T. E. D.,2024-01-14T22:18:31Z
1524775,Corydalis cava × solida,und,"","",,Hybrid Formula,T. E. D.,2024-01-15T17:22:35Z
962704,Hibiscus rosa-sinensis × schizopetalus,und,"","",,Hybrid Formula,Tony Rebelo,2024-01-19T07:29:16Z
1526657,Aegilops tauschii × Triticum urartu,und,"","",,Hybrid Formula,T. E. D.,2024-01-23T01:41:45Z
1473178,Aegilops × Triticum,und,"","",,Hybrid Formula,T. E. D.,2024-01-23T01:42:48Z
1526658,Aegilops cylindrica × Triticum aestivum,und,"","",,Hybrid Formula,T. E. D.,2024-01-23T01:45:42Z
1533977,Ruspolia × Ruttya,und,"","",https://www.inaturalist.org/taxon_names/2074459/edit,Hybrid Formula,Nicolas Schwab,2024-02-18T23:29:21Z
1535479,Iris aphylla × pumila,und,"","",,Hybrid Formula,Nicolas Schwab,2024-02-25T17:24:09Z
1535480,Iris acutiloba × paradoxa,und,"","",,Hybrid Formula,Nicolas Schwab,2024-02-25T17:26:57Z
631579,Quercus petraea × robur,und,"","",,Hybrid Formula,Leyton Reid,2024-03-31T08:44:44Z
1510572,Quercus cerris × pubescens,und,"","",,Hybrid Formula,Leyton Reid,2024-04-02T08:17:30Z
1105912,Quercus lusitanica × suber,und,"","",,Hybrid Formula,Leyton Reid,2024-04-02T08:22:15Z
1310333,Quercus cerris × wislizeni,und,"","",,Hybrid Formula,Leyton Reid,2024-04-02T08:23:55Z
1318570,Quercus faginea × suber,und,"","",,Hybrid Formula,Leyton Reid,2024-04-02T08:29:35Z
1105913,Quercus cerris × suber,und,"","",,Hybrid Formula,Leyton Reid,2024-04-02T08:34:36Z
1105911,Quercus faginea × rotundifolia,und,"","",,Hybrid Formula,Leyton Reid,2024-04-02T08:45:45Z
1178021,Calystegia pulchra × Calystegia silvatica,und,"","",,Hybrid Formula,T. E. D.,2024-04-06T22:37:49Z
1544082,Calystegia sepium × Calystegia soldanella,und,"","",,Hybrid Formula,T. E. D.,2024-04-06T22:42:00Z
336675,Calystegia sepium × Calystegia silvatica,und,"","",,Hybrid Formula,T. E. D.,2024-04-06T22:46:08Z
336676,Calystegia pellita × Calystegia silvatica,und,"","",,Hybrid Formula,T. E. D.,2024-04-06T23:05:11Z
1544085,Calystegia pulchra × Calystegia sepium,und,"","",,Hybrid Formula,T. E. D.,2024-04-06T23:22:22Z
1544360,Rosa acicularis × nutkana,und,"","",,Hybrid Formula,T. E. D.,2024-04-08T11:57:40Z
1544363,Rosa acicularis ssp. sayi × nutkana ssp. nutkana,und,"","",,Hybrid Formula,T. E. D.,2024-04-08T11:59:47Z
1546072,Cirsium arvense × palustre,und,"","",,Hybrid Formula,max kirsch,2024-04-17T22:52:36Z
171026,Quercus imbricaria × velutina,und,"","",,Hybrid Formula,Leyton Reid,2024-04-22T23:16:09Z
1550710,Phalaris aquatica × minor,und,"","",,Hybrid Formula,James Bailey,2024-04-30T18:55:21Z
1550972,Thymus mastichina x zygis,und,"","",,Hybrid Formula,Josué Orfão,2024-05-14T22:54:41Z
1458255,Quercus ilex × robur,und,"","",,Hybrid Formula,Leyton Reid,2024-05-20T22:34:18Z
1554958,Asclepias speciosa × syriaca,und,"","","Singhurst, J., B. Hutchins, and W.C. Holmes. 2015. Identification of Milkweeds in Texas. Texas Parks and Wildlife Department publication PWD RP W7000-1803 (06/15).",Hybrid Formula,Nicolas Schwab,2024-05-31T04:10:40Z
1555903,Rosa canina × rugosa,und,"","",,Hybrid Formula,cwarneke,2024-06-06T20:03:23Z
741460,Viscaria alpina × vulgaris,und,"","",,Hybrid Formula,Nicolas Schwab,2024-06-11T19:10:37Z
1556420,Verbascum lychnitis × nigrum,und,"","",,Hybrid Formula,Nicolas Schwab,2024-06-11T21:58:12Z
1557911,Utricularia macrorhiza × tenuicaulis,und,"","",,Hybrid Formula,T. E. D.,2024-06-24T11:36:24Z
1557910,Utricularia tenuicaulis × vulgaris,und,"","",,Hybrid Formula,T. E. D.,2024-06-24T11:38:07Z
234112,Linaria repens × vulgaris,und,"","",,Hybrid Formula,Nicolas Schwab,2024-06-26T14:46:37Z
841974,Linaria anticaria × verticillata,und,"","",,Hybrid Formula,Nicolas Schwab,2024-06-26T14:47:27Z
841969,Linaria repens × supina,und,"","",,Hybrid Formula,Nicolas Schwab,2024-06-26T14:47:57Z
841970,Linaria purpurea × repens,und,"","",,Hybrid Formula,Nicolas Schwab,2024-06-26T14:48:28Z
841971,Linaria angustissima × vulgaris,und,"","",,Hybrid Formula,Nicolas Schwab,2024-06-26T14:49:51Z
841972,Linaria alpina × supina,und,"","",,Hybrid Formula,Nicolas Schwab,2024-06-26T14:50:37Z
841973,Linaria bipartita × gharbensis,und,"","",,Hybrid Formula,Nicolas Schwab,2024-06-26T14:51:20Z
841895,Antirrhinum graniticum × litigiosum,und,"","",,Hybrid Formula,Nicolas Schwab,2024-06-26T14:57:45Z
841896,Antirrhinum mollissimum × tortuosum,und,"","",,Hybrid Formula,Nicolas Schwab,2024-06-26T14:58:36Z
841897,Antirrhinum barrelieri × hispanicum ssp. mollissimum,und,"","",,Hybrid Formula,Nicolas Schwab,2024-06-26T15:26:32Z
841894,Antirrhinum majus × molle,und,"","",,Hybrid Formula,Nicolas Schwab,2024-06-26T15:28:05Z
840881,Kickxia elatine × spuria,und,"","",,Hybrid Formula,Nicolas Schwab,2024-06-26T15:32:31Z
903655,Globularia salicina × sarcophylla,und,"","",,Hybrid Formula,Nicolas Schwab,2024-06-26T15:47:15Z
903657,Globularia fuxceesis × repens,und,"","",,Hybrid Formula,Nicolas Schwab,2024-06-26T15:48:08Z
903659,Globularia borjae × repens,und,"","",,Hybrid Formula,Nicolas Schwab,2024-06-26T15:48:31Z
1169222,Veronica anagallis-aquatica × catenata,und,"","",,Hybrid Formula,Nicolas Schwab,2024-06-26T16:00:50Z
1155761,Veronica pinnata × spicata ssp. kamelinii,und,"","",,Hybrid Formula,Nicolas Schwab,2024-06-26T16:04:34Z
1334925,Veronica incana × longifolia,und,"","",,Hybrid Formula,Nicolas Schwab,2024-06-26T16:05:21Z
1155951,Veronica spicata × spuria,und,"","",,Hybrid Formula,Nicolas Schwab,2024-06-26T16:05:45Z
1291091,Veronica incana × spuria,und,"","",,Hybrid Formula,Nicolas Schwab,2024-06-26T16:06:19Z
1155884,Veronica longifolia × porphyriana,und,"","",,Hybrid Formula,Nicolas Schwab,2024-06-26T16:07:14Z
1291089,Veronica incana × porphyriana,und,"","",,Hybrid Formula,Nicolas Schwab,2024-06-26T16:07:40Z
234126,Salix glauca var. cordifolia × myricoides,und,"","",,Hybrid Formula,Nicolas Schwab,2024-06-26T16:15:32Z
234131,Salix brachycarpa var. psammophila × S. turnorii,und,"","",,Hybrid Formula,Nicolas Schwab,2024-06-26T16:16:15Z
1180415,Salix herbacea × repens,und,"","",,Hybrid Formula,Nicolas Schwab,2024-06-26T17:13:33Z
234134,Salix geyeriana × pedicellaris,und,"","",,Hybrid Formula,Nicolas Schwab,2024-06-26T17:15:51Z
1372854,Pinguicula grandiflora × vulgaris,und,"","",,Hybrid Formula,Nicolas Schwab,2024-06-27T13:02:57Z
1558413,Pinguicula grandiflora ssp. grandiflora × vulgaris,und,"","",,Hybrid Formula,Nicolas Schwab,2024-06-27T13:06:05Z
1558412,Pinguicula grandiflora ssp. rosea × vulgaris,und,"","",,Hybrid Formula,Nicolas Schwab,2024-06-27T13:08:56Z
291850,Clethra suaveolens × vicentina,und,"","",,Hybrid Formula,Nicolas Schwab,2024-06-27T13:21:36Z
458003,Arbutus andrachne × unedo,und,"","",,Hybrid Formula,Nicolas Schwab,2024-06-27T13:23:32Z
1035774,Arbutus canariensis × unedo,und,"","",,Hybrid Formula,Nicolas Schwab,2024-06-27T13:24:18Z
1417303,Arctostaphylos pungens × glauca,und,"","",,Hybrid Formula,Nicolas Schwab,2024-06-27T13:26:18Z
170497,Arctostaphylos patula × uva-ursi,und,"","",,Hybrid Formula,Nicolas Schwab,2024-06-27T13:27:54Z
170499,Arctostaphylos patula × viscida subsp. mariposa,und,"","",,Hybrid Formula,Nicolas Schwab,2024-06-27T13:28:36Z
181701,Arctostaphylos manzanita × mewukka,und,"","",,Hybrid Formula,Nicolas Schwab,2024-06-27T13:29:17Z
181436,Arctostaphylos columbiana × uva-ursi,und,"","",,Hybrid Formula,Nicolas Schwab,2024-06-27T13:30:02Z
170502,Arctostaphylos glandulosa × nevadensis,und,"","",,Hybrid Formula,Nicolas Schwab,2024-06-27T13:30:43Z
170503,Arctostaphylos glandulosa × virgata,und,"","",,Hybrid Formula,Nicolas Schwab,2024-06-27T13:31:18Z
1035776,Arctostaphylos canescens × viscida,und,"","",,Hybrid Formula,Nicolas Schwab,2024-06-27T13:31:55Z
1362439,Narcissus cavanillesii × serotinus,und,"","",,Hybrid Formula,Nicolas Schwab,2024-06-27T13:33:47Z
1551511,Narcissus cyclamineus × pseudonarcissus,und,"","",,Hybrid Formula,Nicolas Schwab,2024-06-27T13:38:16Z
344711,Narcissus obsoletus × tazetta ssp. italicus,und,"","",,Hybrid Formula,Nicolas Schwab,2024-06-27T13:40:23Z
1471589,Narcissus cantabricus × triandrus ssp. triandrus,und,"","",,Hybrid Formula,Nicolas Schwab,2024-06-27T13:44:42Z
1044260,Narcissus cantabricus × triandrus ssp. pallidulus,und,"","",,Hybrid Formula,Nicolas Schwab,2024-06-27T13:49:15Z
1133415,Amaryllis × Nerine,und,"","",,Hybrid Formula,Nicolas Schwab,2024-06-27T13:51:08Z
331093,Crinum asiaticum × zeylanicum,und,"","",,Hybrid Formula,Nicolas Schwab,2024-06-27T13:52:32Z
448524,Crinum bulbispermum × moorei,und,"","",,Hybrid Formula,Nicolas Schwab,2024-06-27T13:54:09Z
841780,Galanthus alpinus × woronowii,und,"","",,Hybrid Formula,Nicolas Schwab,2024-06-27T13:56:02Z
196743,Lycoris radiata × traubii,und,"","",,Hybrid Formula,Nicolas Schwab,2024-06-27T14:00:15Z
61774,Nothoscordum entrerianum × gracile,und,"","",,Hybrid Formula,Nicolas Schwab,2024-06-27T14:02:17Z
171084,Rosa corymbifera × gallica,und,"","",,Hybrid Formula,Nicolas Schwab,2024-06-27T14:05:13Z
1488345,Rosa maximowicziana × rugosa,und,"","",,Hybrid Formula,Nicolas Schwab,2024-06-27T14:06:06Z
909451,Rosa beggeriana × persica,und,"","",,Hybrid Formula,Nicolas Schwab,2024-06-27T14:06:32Z
1558428,Rosa chinensis × damascena,und,"","",,Hybrid Formula,Nicolas Schwab,2024-06-27T14:08:34Z
1455863,Rosa gallica × moschata,und,"","",,Hybrid Formula,Nicolas Schwab,2024-06-27T14:09:13Z
171086,Rosa blanda × woodsii,und,"","",,Hybrid Formula,Nicolas Schwab,2024-06-27T14:10:30Z
899086,Rosa balsamica × canina,und,"","",,Hybrid Formula,Nicolas Schwab,2024-06-27T14:11:19Z
1544361,Rosa acicularis ssp. sayi × nutkana ssp. macdougalii,und,"","",,Hybrid Formula,Nicolas Schwab,2024-06-27T14:14:49Z
1544362,Rosa acicularis ssp. acicularis × nutkana ssp. nutkana,und,"","",,Hybrid Formula,Nicolas Schwab,2024-06-27T14:17:10Z
1096915,Rosa caesia × mollis,und,"","",,Hybrid Formula,Nicolas Schwab,2024-06-27T14:17:54Z
1096897,Rosa canina × spinosissima,und,"","",,Hybrid Formula,Nicolas Schwab,2024-06-27T14:18:19Z
1350230,Rosa foetida × spinosissima,und,"","",,Hybrid Formula,Nicolas Schwab,2024-06-27T14:18:57Z
1096896,Rosa corymbifera × spinosissima,und,"","",,Hybrid Formula,Nicolas Schwab,2024-06-27T14:19:27Z
171087,Rosa acicularis × blanda,und,"","",,Hybrid Formula,Nicolas Schwab,2024-06-27T14:20:11Z
1204608,Rosa lucieae × rugosa,und,"","",,Hybrid Formula,Nicolas Schwab,2024-06-27T14:22:03Z
1291343,Rosa majalis × rugosa,und,"","",,Hybrid Formula,Nicolas Schwab,2024-06-27T14:22:54Z
1096890,Rosa caesia × spinosissima,und,"","",,Hybrid Formula,Nicolas Schwab,2024-06-27T14:23:21Z
721618,Rosa arkansana × carolina,und,"","",,Hybrid Formula,Nicolas Schwab,2024-06-27T14:23:46Z
1453615,Rosa chinensis × gigantea,und,"","",,Hybrid Formula,Nicolas Schwab,2024-06-27T14:26:59Z
171088,Rosa blanda × palustris,und,"","",,Hybrid Formula,Nicolas Schwab,2024-06-27T14:28:10Z
1101284,Rosa arvensis × sempervirens,und,"","",,Hybrid Formula,Nicolas Schwab,2024-06-27T14:29:39Z
171089,Rosa chinensis × multiflora,und,"","",,Hybrid Formula,Nicolas Schwab,2024-06-27T14:33:27Z
1511502,Rosa mollis × spinosissima,und,"","",,Hybrid Formula,Nicolas Schwab,2024-06-27T14:33:58Z
899088,Rosa arvensis × canina,und,"","",,Hybrid Formula,Nicolas Schwab,2024-06-27T14:34:33Z
904681,Rosa canina × stylosa,und,"","",,Hybrid Formula,Nicolas Schwab,2024-06-27T14:35:21Z
1557742,Rosa caesia × corymbifera,und,"","",,Hybrid Formula,Nicolas Schwab,2024-06-27T14:36:04Z
1469852,Convolvulus humilis × Convolvulus siculus,und,"","",,Hybrid Formula,Nicolas Schwab,2024-06-27T14:43:03Z
1469874,Convolvulus lineatus × Convolvulus oleifolius,und,"","",,Hybrid Formula,Nicolas Schwab,2024-06-27T14:43:38Z
1150975,Convolvulus scoparius × Convolvulus floridus,und,"","",,Hybrid Formula,Nicolas Schwab,2024-06-27T14:44:28Z
1538079,Ipomoea batatas × trifida,und,"","",,Hybrid Formula,Nicolas Schwab,2024-06-27T14:50:44Z
170800,Ipomoea cordatotriloba × lacunosa,und,"","",,Hybrid Formula,Nicolas Schwab,2024-06-27T14:51:31Z
170801,Ipomoea coccinea × quamoclit,und,"","",,Hybrid Formula,Nicolas Schwab,2024-06-27T14:52:47Z
1293925,Cestrum elegans × parqui,und,"","",,Hybrid Formula,Nicolas Schwab,2024-06-27T14:55:01Z
771746,Nicotiana debneyi × tabacum,und,"","",,Hybrid Formula,Nicolas Schwab,2024-06-27T14:56:43Z
873765,Nicotiana alata × forgetiana,und,"","",,Hybrid Formula,Nicolas Schwab,2024-06-27T14:58:01Z
170914,Petunia axillaris × inflata,und,"","",,Hybrid Formula,Nicolas Schwab,2024-06-27T15:01:16Z
773784,Brugmansia arborea × sanguinea,und,"","",,Hybrid Formula,Nicolas Schwab,2024-06-27T15:03:46Z
372452,Brugmansia aurea × versicolor,und,"","",,Hybrid Formula,Nicolas Schwab,2024-06-27T15:04:41Z
1374965,Brugmansia aurea × suaveolens × versicolor,und,"","",,Hybrid Formula,Nicolas Schwab,2024-06-27T15:06:36Z
716504,Atropa baetica × belladonna,und,"","",,Hybrid Formula,Nicolas Schwab,2024-06-27T15:07:33Z
1390946,Physalis angustifolia × walteri,und,"","",,Hybrid Formula,Nicolas Schwab,2024-06-27T15:09:53Z
1108787,Solanum nigrum × nitidibaccatum,und,"","",,Hybrid Formula,Nicolas Schwab,2024-06-27T15:11:52Z
1107446,Stuckenia pectinata × vaginata,und,"","",,Hybrid Formula,Nicolas Schwab,2024-06-27T15:15:05Z
1107445,Stuckenia filiformis × vaginata,und,"","",,Hybrid Formula,Nicolas Schwab,2024-06-27T15:15:35Z
453645,Stuckenia filiformis × pectinatus,und,"","",,Hybrid Formula,Nicolas Schwab,2024-06-27T15:16:09Z
994382,Potamogeton perfoliatus × richardsonii,und,"","",,Hybrid Formula,Nicolas Schwab,2024-06-27T15:17:22Z
994383,Potamogeton bicupulatus × epihydrus,und,"","",,Hybrid Formula,Nicolas Schwab,2024-06-27T15:18:00Z
994381,Potamogeton gramineus × lucens,und,"","",,Hybrid Formula,Nicolas Schwab,2024-06-27T15:18:28Z
1558432,Potamogeton nodosus × perfoliatus,und,"","",,Hybrid Formula,Nicolas Schwab,2024-06-27T15:20:52Z
1173503,Potamogeton crispus × trichoides,und,"","",,Hybrid Formula,Nicolas Schwab,2024-06-27T15:21:29Z
1173471,Potamogeton coloratus × gramineus,und,"","",,Hybrid Formula,Nicolas Schwab,2024-06-27T15:21:58Z
1173474,Potamogeton crispus × lucens,und,"","",,Hybrid Formula,Nicolas Schwab,2024-06-27T15:23:22Z
1100834,Potamogeton perfoliatus × praelongus,und,"","",,Hybrid Formula,Nicolas Schwab,2024-06-27T15:24:16Z
1101352,Potamogeton crispus × perfoliatus,und,"","",,Hybrid Formula,Nicolas Schwab,2024-06-27T15:24:58Z
170949,Potamogeton illinoensis × nodosus,und,"","",,Hybrid Formula,Nicolas Schwab,2024-06-27T15:25:28Z
283889,Potamogeton lucens × natans,und,"","",,Hybrid Formula,Nicolas Schwab,2024-06-27T15:26:17Z
1173465,Potamogeton natans × polygonifolius,und,"","",,Hybrid Formula,Nicolas Schwab,2024-06-27T15:28:35Z
170950,Potamogeton alpinus × praelongus,und,"","",,Hybrid Formula,Nicolas Schwab,2024-06-27T15:29:08Z
1431667,Potamogeton gramineus × richardsonii,und,"","",,Hybrid Formula,Nicolas Schwab,2024-06-27T15:29:52Z
170952,Potamogeton strictifolius × zosteriformis,und,"","",,Hybrid Formula,Nicolas Schwab,2024-06-27T15:33:49Z
1173473,Potamogeton berchtoldii × coloratus,und,"","",,Hybrid Formula,Nicolas Schwab,2024-06-27T15:34:23Z
170953,Potamogeton berchtoldii × perfoliatus,und,"","",,Hybrid Formula,Nicolas Schwab,2024-06-27T15:35:13Z
170955,Potamogeton gramineus × perfoliatus,und,"","",,Hybrid Formula,Nicolas Schwab,2024-06-27T15:35:46Z
167327,Potamogeton hillii × zosteriformis,und,"","",,Hybrid Formula,Nicolas Schwab,2024-06-27T15:36:40Z
1173488,Potamogeton alpinus × crispus,und,"","",,Hybrid Formula,Nicolas Schwab,2024-06-27T15:37:20Z
1101350,Potamogeton alpinus × perfoliatus,und,"","",,Hybrid Formula,Nicolas Schwab,2024-06-27T15:37:49Z
1101348,Potamogeton acutifolius × friesii,und,"","",,Hybrid Formula,Nicolas Schwab,2024-06-27T15:38:20Z
170956,Potamogeton nodosus × richardsonii,und,"","",,Hybrid Formula,Nicolas Schwab,2024-06-27T15:39:34Z
1173468,Potamogeton berchtoldii × polygonifolius,und,"","",,Hybrid Formula,Nicolas Schwab,2024-06-27T15:40:02Z
1100839,Potamogeton lucens × perfoliatus,und,"","",,Hybrid Formula,Nicolas Schwab,2024-06-27T15:40:48Z
170958,Potamogeton obtusifolius × pusillus,und,"","",,Hybrid Formula,Nicolas Schwab,2024-06-27T15:41:37Z
170959,Potamogeton natans × nodosus,und,"","",,Hybrid Formula,Nicolas Schwab,2024-06-27T15:42:18Z
170960,Potamogeton amplifolius × illinoensis,und,"","",,Hybrid Formula,Nicolas Schwab,2024-06-27T15:43:10Z
170961,Potamogeton gramineus × natans,und,"","",,Hybrid Formula,Nicolas Schwab,2024-06-27T15:43:45Z
170962,Potamogeton gramineus × illinoensis,und,"","",,Hybrid Formula,Nicolas Schwab,2024-06-27T15:44:30Z
170964,Potamogeton epihydrus × nodosus,und,"","",,Hybrid Formula,Nicolas Schwab,2024-06-27T15:44:58Z
1173499,Potamogeton acutifolius × berchtoldii,und,"","",,Hybrid Formula,Nicolas Schwab,2024-06-27T15:45:38Z
1100859,Potamogeton crispus × praelongus,und,"","",,Hybrid Formula,Nicolas Schwab,2024-06-27T15:46:21Z
1342850,Cirsium heterophyllum × oleraceum,und,"","",,Hybrid Formula,Nicolas Schwab,2024-06-27T15:47:48Z
1342851,Cirsium acaulon × heterophyllum,und,"","",,Hybrid Formula,Nicolas Schwab,2024-06-27T15:48:28Z
1342854,Cirsium heterophyllum × rivulare,und,"","",,Hybrid Formula,Nicolas Schwab,2024-06-27T15:49:00Z
1342855,Cirsium canum × tuberosum,und,"","",,Hybrid Formula,Nicolas Schwab,2024-06-27T15:49:53Z
1342856,Cirsium erisithales × oleraceum × palustre,und,"","",,Hybrid Formula,Nicolas Schwab,2024-06-27T15:50:26Z
1495654,Cirsium erisithales × oleraceum,und,"","",,Hybrid Formula,Nicolas Schwab,2024-06-27T15:50:56Z
1464945,Cirsium erisithales × montanum,und,"","",,Hybrid Formula,Nicolas Schwab,2024-06-27T15:52:26Z
1501752,Cirsium dissectum × palustre,und,"","",,Hybrid Formula,Nicolas Schwab,2024-06-27T15:53:03Z
1135506,Cirsium eriophorum × vulgare,und,"","",,Hybrid Formula,Nicolas Schwab,2024-06-27T15:54:11Z
1273396,Cirsium oleraceum × palustre,und,"","",,Hybrid Formula,Nicolas Schwab,2024-06-27T15:56:19Z
1264721,Cirsium erisithales × oleraceum × pannonicum,und,"","",,Hybrid Formula,Nicolas Schwab,2024-06-27T15:57:59Z
1550829,Cirsium heterophyllum × spinosissimum,und,"","",,Hybrid Formula,Nicolas Schwab,2024-06-27T16:00:01Z
1249170,Cirsium acaulon × oleraceum,und,"","",,Hybrid Formula,Nicolas Schwab,2024-06-27T16:00:34Z
1391451,Cirsium palustre × vulgare,und,"","",,Hybrid Formula,Nicolas Schwab,2024-06-27T16:02:27Z
1172166,Cirsium acaulon × dissectum,und,"","",,Hybrid Formula,Nicolas Schwab,2024-06-27T16:03:39Z
904685,Arctium lappa × tomentosum,und,"","",,Hybrid Formula,Nicolas Schwab,2024-06-27T16:05:46Z
962302,Arctium pseudarctium × umbrosum,und,"","",,Hybrid Formula,Nicolas Schwab,2024-06-27T16:06:29Z
962303,Arctium leiospermum × tomentosum,und,"","",,Hybrid Formula,Nicolas Schwab,2024-06-27T16:06:57Z
962349,Arctium minus × nemorosum,und,"","",,Hybrid Formula,Nicolas Schwab,2024-06-27T16:07:28Z
170492,Arctium minus × tomentosum,und,"","",,Hybrid Formula,Nicolas Schwab,2024-06-27T16:08:19Z
170493,Arctium lappa × minus,und,"","",,Hybrid Formula,Nicolas Schwab,2024-06-27T16:10:41Z
1539419,Salvia haenkei × orbignaei,und,"","",,Hybrid Formula,Nicolas Schwab,2024-06-27T16:43:21Z
948018,Gentiana lutea × punctata,und,"","",,Hybrid Formula,Nicolas Schwab,2024-06-27T19:35:38Z
1076909,Gentiana punctata × purpurea,und,"","",,Hybrid Formula,Nicolas Schwab,2024-06-27T19:36:13Z
1445042,Gentiana burseri ssp. villarsii × punctata,und,"","",,Hybrid Formula,Nicolas Schwab,2024-06-27T19:36:47Z
1445041,Gentiana lutea × purpurea,und,"","",,Hybrid Formula,Nicolas Schwab,2024-06-27T19:37:47Z
1445043,Gentiana lutea × pannonica,und,"","",,Hybrid Formula,Nicolas Schwab,2024-06-27T19:38:23Z
1445046,Gentiana lutea ssp. symphyandra × pannonica,und,"","",,Hybrid Formula,Nicolas Schwab,2024-06-27T19:39:07Z
1445047,Gentiana lutea × pannonica,und,"","",,Hybrid Formula,Nicolas Schwab,2024-06-27T19:39:36Z
1445729,Gentiana burseri × lutea,und,"","",,Hybrid Formula,Nicolas Schwab,2024-06-27T19:43:55Z
1394586,Gentiana acaulis × clusii,und,"","",,Hybrid Formula,Nicolas Schwab,2024-06-27T19:45:51Z
170747,Gentiana andrewsii × puberulenta,und,"","",,Hybrid Formula,Nicolas Schwab,2024-06-27T19:47:33Z
170748,Gentiana alba × puberulenta,und,"","",,Hybrid Formula,Nicolas Schwab,2024-06-27T19:52:10Z
170750,Gentiana alba × andrewsii,und,"","",,Hybrid Formula,Nicolas Schwab,2024-06-27T19:54:00Z
1449820,Gentianella amarella × austriaca,und,"","",,Hybrid Formula,Nicolas Schwab,2024-06-27T20:05:49Z
1449583,Gentianella campestris × germanica,und,"","",,Hybrid Formula,Nicolas Schwab,2024-06-27T20:07:51Z
960006,Gentiana amarella × germanica,und,"","",,Hybrid Formula,Nicolas Schwab,2024-06-27T20:09:36Z
1113275,Hoya australis ssp. melanesica × chlorantha,und,"","",,Hybrid Formula,Nicolas Schwab,2024-06-27T20:14:57Z
1458409,Plumeria obtusa × subsessilis,und,"","",,Hybrid Formula,Nicolas Schwab,2024-06-27T20:20:42Z
886570,Nuphar japonica × submersa,und,"","",,Hybrid Formula,Nicolas Schwab,2024-06-27T20:24:59Z
549989,Nuphar microphylla × variegata,und,"","",,Hybrid Formula,Nicolas Schwab,2024-06-27T20:26:01Z
886572,Nuphar japonica × pumila,und,"","",,Hybrid Formula,Nicolas Schwab,2024-06-27T20:26:36Z
886573,Nuphar lutea × pumila,und,"","",,Hybrid Formula,Nicolas Schwab,2024-06-27T20:27:19Z
1391093,Corydalis bracteata × solida,und,"","",,Hybrid Formula,Nicolas Schwab,2024-06-27T20:31:59Z
784549,Fumaria muralis × officinalis,und,"","",,Hybrid Formula,Nicolas Schwab,2024-06-27T20:34:17Z
1411464,Meconopsis punicea × quintuplinervia,und,"","",,Hybrid Formula,Nicolas Schwab,2024-06-27T20:36:07Z
1411465,Meconopsis simplicifolia × sulphurea,und,"","",,Hybrid Formula,Nicolas Schwab,2024-06-27T20:36:33Z
170903,Papaver dubium × rhoeas,und,"","",,Hybrid Formula,Nicolas Schwab,2024-06-27T20:38:48Z
1558456,Vitis labrusca × vinifera,und,"","",https://www.inaturalist.org/taxon_names/3189366/edit,Hybrid Formula,Nicolas Schwab,2024-06-27T20:45:01Z
171206,Vitis labrusca × riparia,und,"","",,Hybrid Formula,Nicolas Schwab,2024-06-27T20:46:05Z
1558457,Vitis mustangensis × rupestris,und,"","",,Hybrid Formula,Nicolas Schwab,2024-06-27T20:48:20Z
1558458,Vitis acerifolia × mustangensis,und,"","",,Hybrid Formula,Nicolas Schwab,2024-06-27T20:49:17Z
1454183,Elaeagnus macrophylla × pungens,und,"","",,Hybrid Formula,Nicolas Schwab,2024-06-27T20:59:54Z
1036305,Hippophae neurocarpa × sinensis,und,"","",,Hybrid Formula,Nicolas Schwab,2024-06-27T21:00:35Z
1448975,Prunus cerasifera × pumila,und,"","",,Hybrid Formula,Nicolas Schwab,2024-06-27T21:04:32Z
1276584,Prunus amygdalus × persica,und,"","",,Hybrid Formula,Nicolas Schwab,2024-06-27T21:05:51Z
960581,Prunus cerasifera × domestica,und,"","",,Hybrid Formula,Nicolas Schwab,2024-06-27T21:11:12Z
1396061,Prunus avium × cerasus,und,"","",,Hybrid Formula,Nicolas Schwab,2024-06-27T21:12:13Z
886539,Prunus jamasakura × sargentii × speciosa,und,"","",,Hybrid Formula,Nicolas Schwab,2024-06-27T21:13:03Z
984523,Prunus avium × fruticosa,und,"","",,Hybrid Formula,Nicolas Schwab,2024-06-27T21:14:12Z
1004926,Prunus incisa × itosakura,und,"","",,Hybrid Formula,Nicolas Schwab,2024-06-27T21:15:02Z
47352,Prunus itosakura × speciosa,und,"","",,Hybrid Formula,Nicolas Schwab,2024-06-27T21:15:37Z
170969,Prunus angustifolia × americana,und,"","",,Hybrid Formula,Nicolas Schwab,2024-06-27T21:16:58Z
170970,Prunus hortulana × mexicana,und,"","",,Hybrid Formula,Nicolas Schwab,2024-06-27T21:18:59Z
170972,Prunus angustifolia × gracilis,und,"","",,Hybrid Formula,Nicolas Schwab,2024-06-27T21:19:51Z
1349107,Prunus insititia × spinosa,und,"","",,Hybrid Formula,Nicolas Schwab,2024-06-27T21:21:25Z
1126551,Prunus cerasifera × spinosa,und,"","",,Hybrid Formula,Nicolas Schwab,2024-06-27T21:21:49Z
170481,Amelanchier bartramiana × laevis,und,"","",,Hybrid Formula,Nicolas Schwab,2024-06-27T21:24:36Z
170482,Amelanchier arborea × bartramiana,und,"","",,Hybrid Formula,Nicolas Schwab,2024-06-27T21:25:23Z
1551639,Amelanchier alnifolia × humilis,und,"","",,Hybrid Formula,Nicolas Schwab,2024-06-27T21:28:45Z
1469139,Aria edulis × eminens,und,"","",,Hybrid Formula,Nicolas Schwab,2024-06-27T21:29:29Z
1366946,Aronia arbutifolia × melanocarpa,und,"","",,Hybrid Formula,Nicolas Schwab,2024-06-27T21:30:02Z
1539252,Chaenomeles cathayensis × japonica,und,"","",,Hybrid Formula,Nicolas Schwab,2024-06-27T21:31:14Z
993674,Chaenomeles japonica × speciosa,und,"","",,Hybrid Formula,Nicolas Schwab,2024-06-27T21:31:53Z
1395704,Chaenomeles cathayensis × speciosa,und,"","",,Hybrid Formula,Nicolas Schwab,2024-06-27T21:32:36Z
790747,Cotoneaster conspicuus × dammeri,und,"","",,Hybrid Formula,Nicolas Schwab,2024-06-27T21:34:14Z
786554,Cotoneaster frigidus × salicifolius,und,"","",,Hybrid Formula,Nicolas Schwab,2024-06-27T21:35:03Z
1558555,Vitis riparia × rupestris,und,"","",,Hybrid Formula,Alberto Colatore,2024-06-28T13:43:07Z
1558556,Vitis berlandieri × rupestris,und,"","",,Hybrid Formula,Alberto Colatore,2024-06-28T13:47:49Z
1558557,Vitis berlandieri × riparia,und,"","",,Hybrid Formula,Alberto Colatore,2024-06-28T13:51:43Z
1558558,Mercurialis annua × tomentosa,und,"","",,Hybrid Formula,Nicolas Schwab,2024-06-28T14:07:07Z
623235,Calystegia sepium subsp. roseata × Calystegia tuguriorum,und,"","",,Hybrid Formula,Nicolas Schwab,2024-06-29T19:45:20Z
890943,Calystegia sepium subsp. roseata × Calystegia silvatica subsp. disjuncta,und,"","",,Hybrid Formula,T. E. D.,2024-06-29T20:36:21Z
170548,Bidens connata × eatonii,und,"","",,Hybrid Formula,Nicolas Schwab,2024-06-29T20:57:07Z
1277463,Bidens radiatus × tripartitus,und,"","",,Hybrid Formula,Nicolas Schwab,2024-06-29T20:57:59Z
170478,Ambrosia artemisiifolia × trifida,und,"","",,Hybrid Formula,Nicolas Schwab,2024-06-29T20:59:43Z
170479,Ambrosia artemisiifolia × psilostachya,und,"","",,Hybrid Formula,Nicolas Schwab,2024-06-29T21:00:18Z
181889,Ambrosia dumosa × salsola,und,"","",,Hybrid Formula,Nicolas Schwab,2024-06-29T21:01:57Z
62271,Balsamorhiza rosea × sagittata,und,"","",,Hybrid Formula,Nicolas Schwab,2024-06-29T21:05:45Z
181707,Balsamorhiza deltoidea × hookeri,und,"","",,Hybrid Formula,Nicolas Schwab,2024-06-29T21:06:40Z
170525,Balsamorhiza incana × sagittata,und,"","",,Hybrid Formula,Nicolas Schwab,2024-06-29T21:08:22Z
170765,Helianthus maximilianii × nuttallii,und,"","",,Hybrid Formula,Nicolas Schwab,2024-06-29T21:11:16Z
170766,Helianthus annuus × petiolaris,und,"","",,Hybrid Formula,Nicolas Schwab,2024-06-29T21:12:06Z
170767,Helianthus grosseserratus × mollis,und,"","",,Hybrid Formula,Nicolas Schwab,2024-06-29T21:12:47Z
170768,Helianthus mollis × occidentalis,und,"","",,Hybrid Formula,Nicolas Schwab,2024-06-29T21:13:39Z
170769,Helianthus divaricatus × grosseserratus,und,"","",,Hybrid Formula,Nicolas Schwab,2024-06-29T21:14:25Z
170770,Helianthus giganteus × mollis,und,"","",,Hybrid Formula,Nicolas Schwab,2024-06-29T21:15:54Z
170771,Helianthus divaricatus × microcephalus,und,"","",,Hybrid Formula,Nicolas Schwab,2024-06-29T21:16:59Z
170772,Helianthus grosseserratus × maximiliani,und,"","",,Hybrid Formula,Nicolas Schwab,2024-06-29T21:17:42Z
170773,Helianthus grosseserratus × salicifolius,und,"","",,Hybrid Formula,Nicolas Schwab,2024-06-29T21:18:55Z
170774,Helianthus pauciflorus × tuberosus,und,"","",,Hybrid Formula,Nicolas Schwab,2024-06-29T21:19:37Z
170775,Helianthus giganteus × grosseserratus,und,"","",,Hybrid Formula,Nicolas Schwab,2024-06-29T21:20:41Z
170776,Helianthus annuus × decapetalus,und,"","",,Hybrid Formula,Nicolas Schwab,2024-06-29T21:21:27Z
171212,Wyethia amplexicaulis × helianthoides,und,"","",,Hybrid Formula,Nicolas Schwab,2024-06-29T21:24:36Z
171213,Wyethia amplexicaulis × arizonica,und,"","",,Hybrid Formula,Nicolas Schwab,2024-06-29T21:25:21Z
1558717,Veronica macrocarpa × stricta,und,"","",,Hybrid Formula,Nicolas Schwab,2024-06-29T23:09:37Z
1558933,Narcissus gaditanus × papyraceus,und,"","",,Hybrid Formula,Nicolas Schwab,2024-07-01T22:52:48Z
128549,Laburnum alpinum × anagyroides,und,"","",,Hybrid Formula,Nicolas Schwab,2024-07-02T00:47:13Z
491202,Medicago falcata × sativa,und,"","",,Hybrid Formula,Nicolas Schwab,2024-07-02T01:58:33Z
1446403,Viola altaica × cornuta × lutea ssp. sudetica × tricolor,und,"","",,Hybrid Formula,Nicolas Schwab,2024-07-02T02:04:34Z
1445116,Viola altaica × disiuncta,und,"","",,Hybrid Formula,Nicolas Schwab,2024-07-02T02:07:15Z
1291090,Viola arvensis × tricolor,und,"","",,Hybrid Formula,Nicolas Schwab,2024-07-02T02:07:45Z
1558973,Viola arvensis × tricolor ssp. tricolor,und,"","",,Hybrid Formula,Nicolas Schwab,2024-07-02T02:10:09Z
1558972,Viola arvensis × tricolor ssp. subalpina,und,"","",,Hybrid Formula,Nicolas Schwab,2024-07-02T02:10:42Z
1454673,Hypericum androsaemum × hircinum,und,"","",,Hybrid Formula,Nicolas Schwab,2024-07-03T23:58:40Z
955877,Hypericum addingtonii × calycinum × hookerianum,und,"","",,Hybrid Formula,Nicolas Schwab,2024-07-03T23:59:25Z
1559281,Jacobaea maritima × Jacobaea erucifolia,und,"","",,Hybrid Formula,Nicolas Schwab,2024-07-04T15:57:18Z
1559549,Santolina rosmarinifolia × Santolina virens,und,"","",,Hybrid Formula,Kitty Maurey,2024-07-06T15:07:27Z
1348977,Dianthus barbatus × superbus,und,"","",,Hybrid Formula,Nicolas Schwab,2024-07-09T01:01:05Z
1477626,Dianthus deltoides × superbus,und,"","",,Hybrid Formula,Nicolas Schwab,2024-07-09T01:01:35Z
836607,Gypsophila struthium × tomentosa,und,"","",,Hybrid Formula,Nicolas Schwab,2024-07-09T01:04:56Z
836608,Gypsophila fastigiata × paniculata,und,"","",,Hybrid Formula,Nicolas Schwab,2024-07-09T01:05:25Z
171119,Silene dioica × latifolia ssp. alba,und,"","",,Hybrid Formula,Nicolas Schwab,2024-07-09T01:12:52Z
1559972,Acer campestre × cappadocicum ssp. lobelii,und,"","",,Hybrid Formula,Daniel McClosky,2024-07-09T14:21:27Z
1035734,Vaccinium myrtillus × vitis-idaea,und,"","",,Hybrid Formula,Ilari Rauhala,2024-07-09T19:51:05Z
1478511,Anthurium cordatum × crenatum,und,"","",,Hybrid Formula,Nicolas Schwab,2024-07-10T03:23:56Z
1339926,Prunella hyssopifolia × laciniata,und,"","",,Hybrid Formula,Nicolas Schwab,2024-07-10T03:25:18Z
1339925,Prunella grandiflora × laciniata,und,"","",,Hybrid Formula,Nicolas Schwab,2024-07-10T03:26:02Z
1349590,Prunella hyssopifolia × vulgaris,und,"","",,Hybrid Formula,Nicolas Schwab,2024-07-10T03:28:24Z
1339924,Prunella grandiflora × vulgaris,und,"","",,Hybrid Formula,Nicolas Schwab,2024-07-10T03:29:27Z
170866,Lycopus uniflorus × virginicus,und,"","",,Hybrid Formula,Nicolas Schwab,2024-07-10T03:30:50Z
1351731,Lycopus europaeus × exaltatus,und,"","",,Hybrid Formula,Nicolas Schwab,2024-07-10T03:31:22Z
326761,Thymus pulegioides × vulgaris,und,"","",,Hybrid Formula,Nicolas Schwab,2024-07-10T03:32:45Z
850749,Thymus kirgisorum × ?,und,"","",,Hybrid Formula,Nicolas Schwab,2024-07-10T03:34:06Z
1116638,Thymus moroderi × zygis ssp. gracilis,und,"","",,Hybrid Formula,Nicolas Schwab,2024-07-10T03:34:36Z
1452627,Thymus pannonicus × pulegioides,und,"","",,Hybrid Formula,Nicolas Schwab,2024-07-10T03:35:02Z
1265114,Thymus dubjanskyi × marschallianus,und,"","",,Hybrid Formula,Nicolas Schwab,2024-07-10T03:35:41Z
891060,Thymus pallasianus × pulegioides pannonicus,und,"","",,Hybrid Formula,Nicolas Schwab,2024-07-10T03:37:16Z
1514581,Thymus praecox × pulegioides,und,"","",,Hybrid Formula,Nicolas Schwab,2024-07-10T03:38:04Z
1277453,Thymus pulegioides × serpyllum,und,"","",,Hybrid Formula,Nicolas Schwab,2024-07-10T03:39:45Z
170879,Monarda fistulosa × media,und,"","",,Hybrid Formula,Nicolas Schwab,2024-07-10T03:40:42Z
1136635,Mentha aquatica × longifolia,und,"","",,Hybrid Formula,Nicolas Schwab,2024-07-10T03:43:07Z
181525,Mentha aquatica × spicata,und,"","",,Hybrid Formula,Nicolas Schwab,2024-07-10T03:43:40Z
181920,Mentha longifolia × suaveolens,und,"","",,Hybrid Formula,Nicolas Schwab,2024-07-10T03:44:48Z
181600,Mentha spicata × suaveolens,und,"","",,Hybrid Formula,Nicolas Schwab,2024-07-10T03:46:52Z
181919,Mentha arvensis × spicata,und,"","",,Hybrid Formula,Nicolas Schwab,2024-07-10T03:49:26Z
54571,Hybrid aquatica × arvensis,und,"","",,Hybrid Formula,Nicolas Schwab,2024-07-10T03:49:53Z
1149360,Mentha aquatica × arvensis × spicata,und,"","",,Hybrid Formula,Nicolas Schwab,2024-07-10T03:50:47Z
919790,Lavandula angustifolia × dentata,und,"","",,Hybrid Formula,Nicolas Schwab,2024-07-10T03:56:12Z
469711,Lavandula angustifolia × latifolia,und,"","",,Hybrid Formula,Nicolas Schwab,2024-07-10T03:57:39Z
919792,Lavandula pedunculata ssp. lusitanica × viridis,und,"","",,Hybrid Formula,Nicolas Schwab,2024-07-10T03:59:35Z
360190,Ocimum americanum × basilicum,und,"","",,Hybrid Formula,Nicolas Schwab,2024-07-10T04:02:28Z
331118,Clerodendrum splendens × thomsoniae,und,"","",,Hybrid Formula,Nicolas Schwab,2024-07-10T04:03:25Z
902215,Ajuga genevensis × pyramidalis,und,"","",,Hybrid Formula,Nicolas Schwab,2024-07-10T04:04:12Z
902216,Ajuga decumbens × yesoensis,und,"","",,Hybrid Formula,Nicolas Schwab,2024-07-10T04:04:34Z
709872,Ajuga genevensis × reptans,und,"","",,Hybrid Formula,Nicolas Schwab,2024-07-10T04:04:57Z
902218,Ajuga decumbens × nipponensis,und,"","",,Hybrid Formula,Nicolas Schwab,2024-07-10T04:05:37Z
902212,Ajuga pyramidalis × reptans,und,"","",,Hybrid Formula,Nicolas Schwab,2024-07-10T04:05:59Z
1561164,Gasteria × Haworthia,und,"","",,Hybrid Formula,T. E. D.,2024-07-14T01:18:41Z
1561170,Monardella purpurea × Monardalla villosa.,und,"","",,Hybrid Formula,Kitty Maurey,2024-07-14T02:00:21Z
1561776,Galatella linosyris × Galatella villosa,und,"","",,Hybrid Formula,Kitty Maurey,2024-07-16T02:21:53Z
1562530,Populus tremula × tremuloides,und,"","",,Hybrid Formula,Luka S. (someplant),2024-07-20T23:51:44Z
1562886,Poa compressa × nemoralis,und,"","",,Hybrid Formula,Kélian Gautier,2024-07-23T10:05:54Z
1523470,Urospermum dalechampii × picroides,und,"","",,Hybrid Formula,Nicolas Schwab,2024-07-25T16:48:00Z
770707,Onosma lineariloba × stenoloba,und,"","",,Hybrid Formula,Nicolas Schwab,2024-07-25T22:13:27Z
709635,Iris pallida × variegata,und,"","",,Hybrid Formula,Nicolas Schwab,2024-07-27T15:02:07Z
1471588,Iris acutiloba ssp. lineolata × iberica,und,"","",,Hybrid Formula,Nicolas Schwab,2024-07-27T15:04:21Z
77508,Iris douglasiana × innominata,und,"","",,Hybrid Formula,Nicolas Schwab,2024-07-27T15:05:50Z
170804,Iris versicolor × virginica,und,"","",,Hybrid Formula,Nicolas Schwab,2024-07-27T15:06:27Z
1563951,Iris hookeri × versicolor,und,"","",https://www.inaturalist.org/taxon_names/3691935/edit,Hybrid Formula,,2024-07-27T15:08:34Z
340509,Iris brevicaulis × giganticaerulea,und,"","",,Hybrid Formula,Nicolas Schwab,2024-07-27T15:10:42Z
170802,Iris brevicaulis × fulva,und,"","",,Hybrid Formula,Nicolas Schwab,2024-07-27T15:11:09Z
170803,Iris brevicaulis × fulva × hexagona,und,"","",,Hybrid Formula,Nicolas Schwab,2024-07-27T15:11:40Z
1249563,Iris fulva × giganticaerulea,und,"","",,Hybrid Formula,Nicolas Schwab,2024-07-27T15:12:06Z
244525,Iris filifolia × tingitana,und,"","",,Hybrid Formula,Nicolas Schwab,2024-07-27T15:14:45Z
863646,Hyacinthoides hispanica × non-scripta,und,"","",,Hybrid Formula,Nicolas Schwab,2024-07-27T15:24:56Z
1225264,Scilla bifolia × forbesii,und,"","",,Hybrid Formula,Nicolas Schwab,2024-07-27T15:30:49Z
863724,Dipcadibakerianum × glaucum,und,"","",,Hybrid Formula,Nicolas Schwab,2024-07-27T15:33:18Z
863660,Ornithogalum boucheanum × umbellatum,und,"","",,Hybrid Formula,Nicolas Schwab,2024-07-27T15:33:47Z
863658,Ornithogalum boucheanum × comosum,und,"","",,Hybrid Formula,Nicolas Schwab,2024-07-27T15:34:35Z
863661,Ornithogalum boucheanum × orthophyllum ssp. kochii,und,"","",,Hybrid Formula,Nicolas Schwab,2024-07-27T15:35:04Z
170473,Agave deserti var. simplex × schottii var. schottii,und,"","",,Hybrid Formula,Nicolas Schwab,2024-07-27T15:41:43Z
863691,Agave chrysantha × toumeyana var. bella,und,"","",,Hybrid Formula,Nicolas Schwab,2024-07-27T15:42:14Z
863695,Agave havardiana × lechuguilla,und,"","",,Hybrid Formula,Nicolas Schwab,2024-07-27T15:42:42Z
534442,Agave filifera × schidigera,und,"","",,Hybrid Formula,Nicolas Schwab,2024-07-27T15:43:14Z
863697,Agave asperrima × nickelsiae,und,"","",,Hybrid Formula,Nicolas Schwab,2024-07-27T15:43:39Z
863698,Anthericum liliago × ramosum,und,"","",,Hybrid Formula,Nicolas Schwab,2024-07-27T15:44:42Z
863640,Hosta longissima × sieboldiana,und,"","",,Hybrid Formula,Nicolas Schwab,2024-07-27T15:46:54Z
171214,Yucca filamentosa × glauca,und,"","",,Hybrid Formula,Nicolas Schwab,2024-07-27T15:48:27Z
181738,Dichelostemma congestum × ida-maia,und,"","",,Hybrid Formula,Nicolas Schwab,2024-07-27T15:50:10Z
170034,Triteleia hyacinthina × ixioides,und,"","",,Hybrid Formula,Nicolas Schwab,2024-07-27T15:50:58Z
863721,Cordyline banksii × pumilio,und,"","",,Hybrid Formula,Nicolas Schwab,2024-07-27T15:51:49Z
863722,Cordyline australis × pumilio,und,"","",,Hybrid Formula,Nicolas Schwab,2024-07-27T15:52:12Z
863842,Polygonatum falcatum × involucratum,und,"","",,Hybrid Formula,Nicolas Schwab,2024-07-27T15:55:40Z
863667,Polytonatum humile × involucratum,und,"","",,Hybrid Formula,Nicolas Schwab,2024-07-27T15:56:17Z
863668,Polygonatum involucratum × lasianthum,und,"","",,Hybrid Formula,Nicolas Schwab,2024-07-27T15:56:45Z
863874,Polygonatum humile × odoratum,und,"","",,Hybrid Formula,Nicolas Schwab,2024-07-27T15:57:48Z
863666,Polygonatum glaberrimum × orientale,und,"","",,Hybrid Formula,Nicolas Schwab,2024-07-27T15:58:10Z
863671,Polygonatum falcatum × lasianthum,und,"","",,Hybrid Formula,Nicolas Schwab,2024-07-27T15:58:32Z
863673,Ruscus hypoglossum × hypophyllum,und,"","",,Hybrid Formula,Nicolas Schwab,2024-07-27T15:59:44Z
1497013,Verbascum blattaria × densiflorum,und,"","",,Hybrid Formula,Nicolas Schwab,2024-07-28T13:33:22Z
1169246,Verbascum nigrum × phlomoides,und,"","",,Hybrid Formula,Nicolas Schwab,2024-07-28T13:34:54Z
1169250,Verbascum speciosum × thapsus,und,"","",,Hybrid Formula,Nicolas Schwab,2024-07-28T13:35:22Z
1169253,Verbascum pulverulentum × thapsus,und,"","",,Hybrid Formula,Nicolas Schwab,2024-07-28T13:37:11Z
1467221,Verbascum pulverulentum × sinuatum,und,"","",,Hybrid Formula,Nicolas Schwab,2024-07-28T13:37:36Z
1414207,Verbascum lychnitis × phoeniceum,und,"","",,Hybrid Formula,Nicolas Schwab,2024-07-28T13:38:47Z
1169241,Verbascum blattaria × nigrum,und,"","",,Hybrid Formula,Nicolas Schwab,2024-07-28T13:40:23Z
171161,Verbascum phlomoides × thapsus,und,"","",,Hybrid Formula,Nicolas Schwab,2024-07-28T13:40:55Z
1169243,Verbascum thapsus × virgatum,und,"","",,Hybrid Formula,Nicolas Schwab,2024-07-28T13:41:17Z
1169281,Verbascum nigrum × pulverulentum,und,"","",,Hybrid Formula,Nicolas Schwab,2024-07-28T13:42:24Z
1169248,Verbascum phlomoides × pulverulentum,und,"","",,Hybrid Formula,Nicolas Schwab,2024-07-28T13:42:55Z
171162,Verbascum blattaria × thapsus,und,"","",,Hybrid Formula,Nicolas Schwab,2024-07-28T13:43:44Z
1169301,Verbascum lychnitis × pulverulentum,und,"","",,Hybrid Formula,Nicolas Schwab,2024-07-28T13:44:14Z
865251,Verbascum chaixii × phoeniceum,und,"","",,Hybrid Formula,Nicolas Schwab,2024-07-28T13:44:44Z
1169249,Verbascum nigrum × thapsus,und,"","",,Hybrid Formula,Nicolas Schwab,2024-07-28T13:45:37Z
1169255,Verbascum lychnitis × thapsus,und,"","",,Hybrid Formula,Nicolas Schwab,2024-07-28T13:51:02Z
1169244,Verbascum nigrum × phoeniceum,und,"","",,Hybrid Formula,Nicolas Schwab,2024-07-28T13:51:34Z
1186388,Lupinus arboreus × polyphyllus,und,"","",,Hybrid Formula,Nicolas Schwab,2024-07-28T14:19:19Z
181777,Lupinus argenteus var. palmeri × caudatus,und,"","",,Hybrid Formula,Nicolas Schwab,2024-07-28T14:19:55Z
170857,Lupinus andersonii × fulcratus,und,"","",,Hybrid Formula,Nicolas Schwab,2024-07-28T14:20:35Z
1181202,Lolium arundinaceum × pratense,und,"","",,Hybrid Formula,Nicolas Schwab,2024-07-28T16:42:38Z
1154341,Lolium arundinaceum × giganteum,und,"","",,Hybrid Formula,Nicolas Schwab,2024-07-28T16:43:09Z
1181204,Lolium giganteum × pratense,und,"","",,Hybrid Formula,Nicolas Schwab,2024-07-28T16:43:32Z
331122,Citrus maxima × reticulata,und,"","",,Hybrid Formula,Nicolas Schwab,2024-07-28T22:28:32Z
331121,Citrus hystrix × medica,und,"","",,Hybrid Formula,Nicolas Schwab,2024-07-28T22:32:34Z
765432,Citrus cavaleriei × maxima × reticulata,und,"","",,Hybrid Formula,Nicolas Schwab,2024-07-28T22:34:09Z
415524,Citrus hystrix × maxima × medica × reticulata,und,"","",,Hybrid Formula,Nicolas Schwab,2024-07-28T22:35:00Z
331124,Citrus maxima × medica × reticulata,und,"","",,Hybrid Formula,Nicolas Schwab,2024-07-28T22:37:29Z
708697,Citrus japonica × reticulata,und,"","",,Hybrid Formula,Nicolas Schwab,2024-07-28T22:55:18Z
1552009,Citrus australasica × taitensis,und,"","",,Hybrid Formula,Nicolas Schwab,2024-07-28T23:01:54Z
914234,Citrus medica × reticulata,und,"","",,Hybrid Formula,Nicolas Schwab,2024-07-28T23:05:46Z
1466326,Acer monspessulanum × opalus,und,"","",,Hybrid Formula,Nicolas Schwab,2024-07-28T23:52:45Z
1523791,Aesculus flava × glabra × pavia,und,"","",,Hybrid Formula,Nicolas Schwab,2024-07-28T23:56:54Z
170466,Aesculus glabra × pavia,und,"","",,Hybrid Formula,Nicolas Schwab,2024-07-28T23:57:38Z
478638,Aesculus hippocastanum × pavia,und,"","",,Hybrid Formula,Nicolas Schwab,2024-07-28T23:58:20Z
170468,Aesculus flava × pavia,und,"","",,Hybrid Formula,Nicolas Schwab,2024-07-28T23:58:53Z
170469,Aesculus flava × glabra,und,"","",,Hybrid Formula,Nicolas Schwab,2024-07-28T23:59:26Z
170470,Aesculus pavia × sylvatica,und,"","",,Hybrid Formula,Nicolas Schwab,2024-07-28T23:59:54Z
170471,Aesculus flava × sylvatica,und,"","",,Hybrid Formula,Nicolas Schwab,2024-07-29T00:00:34Z
1501540,Aesculus flava × pavia × sylvatica,und,"","",,Hybrid Formula,Nicolas Schwab,2024-07-29T00:01:08Z
1199528,Lolium multiflorum × perenne,und,"","",,Hybrid Formula,Nicolas Schwab,2024-07-29T00:06:21Z
1181208,Lolium giganteum × perenne,und,"","",,Hybrid Formula,Nicolas Schwab,2024-07-29T00:08:32Z
867319,Lolium perenne × pratense,und,"","",,Hybrid Formula,Nicolas Schwab,2024-07-29T00:09:41Z
1561123,Lolium arundinaceum × perenne,und,"","",,Hybrid Formula,Nicolas Schwab,2024-07-29T00:10:52Z
1181207,Lolium arundinaceum × multiflorum,und,"","",,Hybrid Formula,Nicolas Schwab,2024-07-29T00:11:27Z
1340204,Lolium multiflorum × pratense,und,"","",,Hybrid Formula,Nicolas Schwab,2024-07-29T00:12:19Z
1370138,Festuca hephaestophila × livida,und,"","",,Hybrid Formula,Nicolas Schwab,2024-07-29T00:14:11Z
1370180,Festuca livida × tolucensis,und,"","",,Hybrid Formula,Nicolas Schwab,2024-07-29T00:14:31Z
1255149,Festuca × Lolium,und,"","",,Hybrid Formula,Nicolas Schwab,2024-07-29T00:19:25Z
1564209,Festuca rubra × Lolium pratense,und,"","",,Hybrid Formula,Nicolas Schwab,2024-07-29T00:23:07Z
1564210,Festuca ovina × Lolium pratense,und,"","",,Hybrid Formula,Nicolas Schwab,2024-07-29T00:23:22Z
1564211,Festuca heterophylla × Lolium pratense,und,"","",,Hybrid Formula,Nicolas Schwab,2024-07-29T00:23:40Z
1181212,Puccinellia distans × maritima,und,"","",,Hybrid Formula,Nicolas Schwab,2024-07-29T00:25:41Z
1181213,Puccinellia maritima × rupestris,und,"","",,Hybrid Formula,Nicolas Schwab,2024-07-29T00:26:08Z
1181214,Puccinellia distans × rupestris,und,"","",,Hybrid Formula,Nicolas Schwab,2024-07-29T00:26:40Z
1181233,Agrostis capillaris × gigantea,und,"","",,Hybrid Formula,Nicolas Schwab,2024-07-29T00:27:26Z
1151988,Agrostis canina × stolonifera,und,"","",,Hybrid Formula,Nicolas Schwab,2024-07-29T00:27:52Z
1564212,Agrostis capillaris × castellana,und,"","",,Hybrid Formula,Nicolas Schwab,2024-07-29T00:30:31Z
1181237,Agrostis gigantea × stolonifera,und,"","",,Hybrid Formula,Nicolas Schwab,2024-07-29T00:31:45Z
1181235,Agrostis capillaris × stolonifera,und,"","",,Hybrid Formula,Nicolas Schwab,2024-07-29T00:32:10Z
488788,Calamagrostis arundinacea × epigejos,und,"","",,Hybrid Formula,Nicolas Schwab,2024-07-29T00:33:29Z
1145342,Calamagrostis arenaria × epigejos,und,"","",,Hybrid Formula,Nicolas Schwab,2024-07-29T00:34:56Z
1181239,Calamagrostis canescens × stricta,und,"","",,Hybrid Formula,Nicolas Schwab,2024-07-29T00:35:17Z
1408841,Calamagrostis arundinacea × canescens,und,"","",,Hybrid Formula,Nicolas Schwab,2024-07-29T00:35:53Z
1409007,Calamagrostis neglecta × purpurea,und,"","",,Hybrid Formula,Nicolas Schwab,2024-07-29T00:36:16Z
524215,Helictotrichon parlatorei × petzense,und,"","",,Hybrid Formula,Nicolas Schwab,2024-07-29T00:38:28Z
171126,Sphenopholis obtusata × pensylvanica,und,"","",,Hybrid Formula,Nicolas Schwab,2024-07-29T00:39:25Z
1181217,Holcus lanatus × mollis,und,"","",,Hybrid Formula,Nicolas Schwab,2024-07-29T00:41:13Z
1050792,Poa alpina × flexuosa,und,"","",,Hybrid Formula,Nicolas Schwab,2024-07-29T00:44:25Z
170931,Poa pratensis × secunda ssp. juncifolia,und,"","",,Hybrid Formula,Nicolas Schwab,2024-07-29T00:44:59Z
1090027,Poa cusickii × fendleriana,und,"","",,Hybrid Formula,Nicolas Schwab,2024-07-29T00:45:21Z
856801,Poa compressa × pannonica,und,"","",,Hybrid Formula,Nicolas Schwab,2024-07-29T00:46:28Z
1543293,Dupontia × Poa,und,"","",,Hybrid Formula,Nicolas Schwab,2024-07-29T00:48:03Z
1543295,Dupontia fisheri × Poa eminens,und,"","",,Hybrid Formula,Nicolas Schwab,2024-07-29T00:48:27Z
1292026,Agrostis stolonifera × Polypogon monspeliensis,und,"","",,Hybrid Formula,Nicolas Schwab,2024-07-29T00:50:22Z
1181238,Agrostis stolonifera × Polypogon viridis,und,"","",,Hybrid Formula,Nicolas Schwab,2024-07-29T00:52:32Z
170758,Glyceria melicaria × striata,und,"","",,Hybrid Formula,Nicolas Schwab,2024-07-29T01:03:57Z
488316,Glyceria fluitans × notata,und,"","",,Hybrid Formula,Nicolas Schwab,2024-07-29T01:04:18Z
1514225,Melica ciliata × transsilvanica,und,"","",,Hybrid Formula,Nicolas Schwab,2024-07-29T01:04:45Z
1218702,Eriocoma hymenoides × occidentalis,und,"","",,Hybrid Formula,Nicolas Schwab,2024-07-29T01:06:46Z
140001,Stipa caucasica × pulcherrima,und,"","",,Hybrid Formula,Nicolas Schwab,2024-07-29T01:10:42Z
1019110,Secale × Triticum,und,"","",,Hybrid Formula,Nicolas Schwab,2024-07-29T01:12:15Z
1019110,Secale cereale × Triticum aestivum ssp. aestivum,und,"","",,Hybrid Formula,Nicolas Schwab,2024-07-29T01:13:17Z
986542,Tilia oliveri × chingiana,und,"","",,Hybrid Formula,Nicolas Schwab,2024-07-30T23:52:02Z
410499,Tilia cordata × platyphyllos,und,"","",,Hybrid Formula,Nicolas Schwab,2024-07-30T23:52:38Z
1480068,Hibiscus coulteri × denudatus,und,"","",,Hybrid Formula,Nicolas Schwab,2024-07-30T23:55:22Z
925585,Malva neglecta × pusilla,und,"","",,Hybrid Formula,Nicolas Schwab,2024-07-30T23:59:34Z
925584,Malva parviflora × sylvestris,und,"","",,Hybrid Formula,Nicolas Schwab,2024-07-30T23:59:57Z
925583,Malva arborea × durieui,und,"","",,Hybrid Formula,Nicolas Schwab,2024-07-31T00:00:36Z
925582,Malva alcea × sylvestris,und,"","",,Hybrid Formula,Nicolas Schwab,2024-07-31T00:00:56Z
925581,Malva moschata × sylvestris,und,"","",,Hybrid Formula,Nicolas Schwab,2024-07-31T00:01:50Z
925580,Malva alcea × moschata,und,"","",,Hybrid Formula,Nicolas Schwab,2024-07-31T00:02:33Z
925579,Malva neglecta × sylvestris,und,"","",,Hybrid Formula,Nicolas Schwab,2024-07-31T00:02:58Z
1564774,Pteris deltodon × multifida,und,"","",,Hybrid Formula,Nicolas Schwab,2024-07-31T00:05:38Z
170973,Pteris bahamensis x vittata,und,"","",,Hybrid Formula,Nicolas Schwab,2024-07-31T00:06:36Z
1403459,Pteris multifida × ryukyuensis,und,"","",,Hybrid Formula,Nicolas Schwab,2024-07-31T00:07:03Z
1002576,Onychium lucidum × vermae,und,"","",,Hybrid Formula,Nicolas Schwab,2024-07-31T00:08:01Z
1002652,Pityrogramma ochracea × trifoliata,und,"","",,Hybrid Formula,Nicolas Schwab,2024-07-31T00:08:38Z
1002653,Pityrogramma austroamericana × calomelanos,und,"","",,Hybrid Formula,Nicolas Schwab,2024-07-31T00:09:11Z
1145010,Cheilanthes skinneri × subcordata,und,"","",,Hybrid Formula,Nicolas Schwab,2024-07-31T00:13:02Z
1233319,Oeosporangium acrosticum × pteridioides,und,"","",,Hybrid Formula,Nicolas Schwab,2024-07-31T00:14:55Z
1003004,Adiantum menglianense × sinicum,und,"","",,Hybrid Formula,Nicolas Schwab,2024-07-31T00:15:55Z
1001961,Adiantum concinnum × deflectens,und,"","",,Hybrid Formula,Nicolas Schwab,2024-07-31T00:16:19Z
1003005,Adiantum humile × petiolatum,und,"","",,Hybrid Formula,Nicolas Schwab,2024-07-31T00:16:44Z
1003006,Adiantum lucidum × villosum,und,"","",,Hybrid Formula,Nicolas Schwab,2024-07-31T00:17:06Z
181629,Adiantum aleuticum × jordanii,und,"","",,Hybrid Formula,Nicolas Schwab,2024-07-31T00:17:45Z
1003007,Adiantum latifolium × petiolatum,und,"","",,Hybrid Formula,Nicolas Schwab,2024-07-31T00:18:09Z
170886,Nephrolepis biserrata × exaltata,und,"","",,Hybrid Formula,Nicolas Schwab,2024-07-31T00:23:31Z
1564320,Nephrolepis cordifolia × brownii,und,"","",,Hybrid Formula,Nicolas Schwab,2024-07-31T00:23:58Z
1374919,Drynaria rigidula × sparsisoria,und,"","",,Hybrid Formula,Nicolas Schwab,2024-07-31T00:24:52Z
448512,Adenophorus hymenophylloides × tripinnatifidus,und,"","",,Hybrid Formula,Nicolas Schwab,2024-07-31T00:26:35Z
502825,Adenophorus hymenophylloides × tamariscinus,und,"","",,Hybrid Formula,Nicolas Schwab,2024-07-31T00:27:42Z
1001884,Pleopeltis friedrichsthaliana × thyssanolepis,und,"","",,Hybrid Formula,Nicolas Schwab,2024-07-31T00:36:13Z
1550295,Pleopeltis macrocarpa × thyssanolepis,und,"","",,Hybrid Formula,Nicolas Schwab,2024-07-31T00:36:55Z
1001882,Pleopeltis friedrichsthaliana × furfuracea,und,"","",,Hybrid Formula,Nicolas Schwab,2024-07-31T00:37:26Z
1190974,Pleopeltis ecklonii × macrocarpa,und,"","",,Hybrid Formula,Nicolas Schwab,2024-07-31T00:39:36Z
1485957,Pleopeltis astrolepis × fallax,und,"","",,Hybrid Formula,Nicolas Schwab,2024-07-31T00:40:00Z
1001944,Serpocaulon hirsutulum × menisciifolium,und,"","",,Hybrid Formula,Nicolas Schwab,2024-07-31T00:41:09Z
1001967,Serpocaulon fraxinifolium × ptilorhizon,und,"","",,Hybrid Formula,Nicolas Schwab,2024-07-31T00:41:45Z
1167733,Polypodium cambricum × vulgare,und,"","",,Hybrid Formula,Nicolas Schwab,2024-07-31T00:42:16Z
170933,Polypodium appalachianum × viginianum,und,"","",,Hybrid Formula,Nicolas Schwab,2024-07-31T00:43:23Z
963198,Polypodium interjectum × vulgare,und,"","",,Hybrid Formula,Nicolas Schwab,2024-07-31T00:43:56Z
1167732,Polypodium cambricum × interjectum,und,"","",,Hybrid Formula,Nicolas Schwab,2024-07-31T00:44:35Z
1519876,Polystichopsis chaerophylloides × pubescens,und,"","",,Hybrid Formula,Nicolas Schwab,2024-07-31T00:47:51Z
1403445,Bolbitis appendiculata × subcordata,und,"","",,Hybrid Formula,Nicolas Schwab,2024-07-31T00:49:03Z
1403444,Bolbitis appendiculata × heteroclita,und,"","",,Hybrid Formula,Nicolas Schwab,2024-07-31T00:49:23Z
1564868,Dryopteris goldiana × Polystichum lonchitis,und,"","",,Hybrid Formula,Nicolas Schwab,2024-07-31T00:57:25Z
1564867,Dryopteris × Polystichum,und,"","",,Hybrid Formula,Nicolas Schwab,2024-07-31T00:57:46Z
349780,Catalpa × Chilopsis,und,"","",,Hybrid Formula,Nicolas Schwab,2024-07-31T00:58:14Z
349781,Catalpa bignonioides × Chilopsis linearis,und,"","",,Hybrid Formula,Nicolas Schwab,2024-07-31T00:58:33Z
