id,vernacularName,language,locality,countryCode,source,lexicon,contributor,created
49664,Чъандара,und,"","",,Ossetian,John E. Christensen,2018-02-23T09:21:49Z
52913,Куыдзыдзæхæра,und,"","",,Ossetian,John E. Christensen,2018-03-29T15:40:44Z
56222,Хъумбала,und,"","",,Ossetian,John E. Christensen,2018-04-10T16:28:05Z
53022,Нывдзæг,und,"","",,Ossetian,John E. Christensen,2018-07-10T14:12:09Z
121943,Цил,und,"","",,Ossetian,John E. Christensen,2018-08-12T07:11:14Z
51304,Ехсыхъæд,und,"","",,Ossetian,John E. Christensen,2018-09-23T12:40:37Z
359450,Куыдзыдзæхæра,und,"","",,Ossetian,John E. Christensen,2020-08-28T19:52:19Z
51607,малусӕг,und,"","",,Ossetian,nalagtus,2022-05-02T10:46:49Z
5106,Хъыргъы,und,"","",,Ossetian,Марина Горбунова-Ëлкина,2022-12-27T00:28:07Z
8088,Хиуа,und,"","",,Ossetian,Марина Горбунова-Ëлкина,2022-12-27T01:38:04Z
41850,Уырд,und,"","",,Ossetian,Марина Горбунова-Ëлкина,2022-12-27T04:41:44Z
75445,Хъонтхора,und,"","",,Ossetian,Марина Горбунова-Ëлкина,2022-12-27T05:27:19Z
43128,Бурхил тæрхъус,und,"","",,Ossetian,Марина Горбунова-Ëлкина,2022-12-28T01:19:50Z
144757,Халон,und,"","",,Ossetian,Марина Горбунова-Ëлкина,2023-02-12T15:33:39Z
144757,халӕттӕ,und,"","",,Ossetian,Марина Горбунова-Ëлкина,2023-02-12T15:34:07Z
42048,Бирӕгъ,und,"","",,Ossetian,Марина Горбунова-Ëлкина,2023-03-10T18:37:57Z
