id,vernacularName,language,locality,countryCode,source,lexicon,contributor,created
49617,Cero,ro,"","","FA Bisby, YR Roskov, MA Ruggiero, TM Orrell, LE Paglinawan, PW Brewer, N Bailly, J van Hertum, eds (2007). Species 2000 & ITIS Catalogue of Life: 2007 Annual Checklist Taxonomic Classification. CD-ROM; Species 2000: Reading, U.K.",Romanian,Donald Davesne,2009-02-15T05:31:08Z
103293,Bufalo cu gura mare,ro,"","",http://www.ubio.org/browser/details.php?namebankID=1542015,Romanian,,2014-05-16T06:30:27Z
103292,Bufalo cu gura mica,ro,"","",http://www.ubio.org/browser/details.php?namebankID=1542014,Romanian,,2014-05-16T06:30:28Z
61968,Ploșniță vărgată,ro,"","",,Romanian,Manuela B,2015-05-06T17:00:40Z
187795,Cordea,ro,"","",http://www.catalogueoflife.org/annual-checklist/details/species/id/10065538/common/227935,Romanian,,2016-03-01T17:49:22Z
95099,Grindel,ro,"","",http://www.catalogueoflife.org/annual-checklist/details/species/id/10061345/common/279237,Romanian,,2016-09-22T15:21:11Z
56050,Mustel,ro,"","",http://www.catalogueoflife.org/annual-checklist/details/species/id/10055361/common/321230,Romanian,iSea,2017-01-26T19:22:36Z
132600,Tei pucios,ro,"","",,Romanian,corina_tranca,2017-09-27T12:36:22Z
57278,"Cenușer, Cenușar, Falsul otetar",ro,"","",,Romanian,corina_tranca,2017-09-27T12:38:53Z
43042,Arici,ro,"","",,Romanian,John E. Christensen,2017-11-30T10:58:34Z
2,Cordate,ro,"","",,Romanian,John E. Christensen,2017-11-30T11:00:39Z
47126,Plante,ro,"","",,Romanian,John E. Christensen,2017-12-06T07:43:54Z
40151,Mamifere,ro,"","",,Romanian,John E. Christensen,2017-12-18T06:45:11Z
47124,Dicotiledonate,ro,"","",,Romanian,John E. Christensen,2017-12-20T08:17:17Z
50616,Noptiță,ro,"","",,Romanian,John E. Christensen,2017-12-24T13:15:31Z
5108,Uliu porumbar,ro,"","",,Romanian,John E. Christensen,2018-01-01T14:28:05Z
3,Păsări,ro,"","",,Romanian,John E. Christensen,2018-01-01T14:32:03Z
26039,Crocodil,ro,"","",,Romanian,John E. Christensen,2018-01-14T07:10:21Z
204472,Şorecar,ro,"","",,Romanian,John E. Christensen,2018-01-17T15:43:36Z
111527,Raje e bute,ro,"","",http://eol.org/pages/52657054,Romanian,Bobby McCabe,2018-01-21T14:44:05Z
47582,Stridie,ro,"","",,Romanian,John E. Christensen,2018-02-12T08:19:40Z
10070,Cinteză,ro,"","",,Romanian,John E. Christensen,2018-02-12T12:54:51Z
9398,Sticlete,ro,"","",,Romanian,John E. Christensen,2018-02-14T11:08:56Z
115167,Pește spadă,ro,"","",,Romanian,John E. Christensen,2018-02-17T13:17:56Z
568873,Catâr,ro,"","",,Romanian,John E. Christensen,2018-02-19T10:48:30Z
52913,Cicoare,ro,"","",,Romanian,John E. Christensen,2018-03-29T15:41:08Z
59254,Arpagic,ro,"","",,Romanian,John E. Christensen,2018-04-04T07:10:10Z
56222,Podbal,ro,"","",,Romanian,John E. Christensen,2018-04-10T16:26:33Z
57912,Tarhon,ro,"","",,Romanian,John E. Christensen,2018-04-23T20:37:20Z
143243,Mușețel,ro,"","",,Romanian,John E. Christensen,2018-04-25T14:44:01Z
55883,Iederă,ro,"","",,Romanian,John E. Christensen,2018-05-01T07:06:56Z
49697,Diavol de mare,ro,"","",,Romanian,John E. Christensen,2018-06-07T05:11:45Z
47102,Urs furnicar,ro,"","",,Romanian,John E. Christensen,2018-06-16T14:53:30Z
5267,Gaie Roșie,ro,"","",,Romanian,Vlad Neag,2018-07-01T20:28:03Z
5325,Viespar,ro,"","",,Romanian,Vlad Neag,2018-07-01T20:32:45Z
41663,Raton,ro,"","",,Romanian,John E. Christensen,2018-11-14T10:15:39Z
56235,Gențiană,ro,"","",,Romanian,John E. Christensen,2018-12-02T14:39:42Z
6930,Rață mare,ro,"","",,Romanian,John E. Christensen,2018-12-14T15:08:51Z
21359,Broască râioasă,ro,"","",,Romanian,John E. Christensen,2018-12-21T09:42:20Z
56299,Ciurul zânelor,ro,"","",,Romanian,John E. Christensen,2018-12-30T15:44:12Z
40151,Mamifer,ro,"","",,Romanian,John E. Christensen,2019-02-07T16:12:48Z
447155,Pescăruș,ro,"","",,Romanian,John E. Christensen,2019-02-22T15:38:32Z
47584,Bivalve,ro,"","",,Romanian,John E. Christensen,2019-05-21T07:22:10Z
12716,Mierla,ro,"","",,Romanian,Gabi Constantin,2019-05-24T07:45:28Z
14850,Graur,ro,"","",,Romanian,Gabi Constantin,2019-05-24T07:48:33Z
59768,Crap,ro,"","",http://www.catalogueoflife.org/annual-checklist/details/species/id/10085565/common/342189,Romanian,Edward Hicks,2019-06-13T08:29:34Z
881547,Crucea voinicului,ro,"","",,Romanian,Kai-Philipp Schablewski,2019-10-02T19:19:14Z
52821,Coada șoricelului,ro,"","",,Romanian,linktoemi,2019-10-31T13:31:03Z
83992,Mesteacăn argintiu,ro,"","",,Romanian,linktoemi,2019-10-31T13:40:00Z
160697,Curpen,ro,"","",,Romanian,linktoemi,2019-10-31T15:06:41Z
131236,viruși,ro,"","",,Romanian,James K. Douch,2020-02-23T03:05:35Z
3888,Fluierar de mlaștină,ro,"","",,Romanian,Julia C,2020-03-30T11:59:11Z
3885,Fluierarul de zăvoi,ro,"","",,Romanian,Julia C,2020-03-30T12:00:37Z
4811,Prundăraşul gulerat mic,ro,"","",,Romanian,Julia C,2020-03-30T12:03:13Z
2191,Prigorie,ro,"","",,Romanian,Julia C,2020-03-30T12:04:52Z
64346,Sarpe de apa,ro,"","",,Romanian,Iulian Gherghel,2020-08-23T07:01:06Z
630955,Albină,ro,"","",,Romanian,John E. Christensen,2020-09-28T16:02:34Z
55950,"Opintici, Ghebe",ro,"","",,Romanian,Isabela Galbin-Pristavu,2020-10-27T21:28:41Z
56063,scoruș de munte,ro,Romania,RO,,Romanian,Codrin Bucur,2020-11-17T11:29:48Z
200958,Uligan pescar,ro,"","",,Romanian,John E. Christensen,2020-12-01T07:58:17Z
48291,Oniscide,ro,"","",https://eol.org/pages/7313,Romanian,,2020-12-13T03:00:23Z
591124,Pink Babooncabbage,ro,"","",,Romanian,Tony Rebelo,2021-01-06T09:16:33Z
53275,Chironomide,ro,"","",https://eol.org/pages/482,Romanian,,2021-01-13T01:23:09Z
101585,Porcușor,ro,"","",,Romanian,Pătrașcu Lucian-Marius,2021-02-13T18:54:23Z
95147,Mreană,ro,"","",,Romanian,Pătrașcu Lucian-Marius,2021-02-13T18:57:15Z
61381,Orez,ro,"","",,Romanian,Alessandro G.,2021-03-24T21:46:22Z
4733,Barza albă,ro,"","",,Romanian,Pătrașcu Lucian-Marius,2021-05-14T07:37:35Z
4843,Scoicar,ro,"","",,Romanian,Pătrașcu Lucian-Marius,2021-05-14T10:01:50Z
6921,Lebădă de vară,ro,"","",,Romanian,Pătrașcu Lucian-Marius,2021-05-14T10:38:19Z
4857,Nagâț,ro,"","",,Romanian,Pătrașcu Lucian-Marius,2021-05-14T10:39:24Z
13695,Codobatură albă,ro,"","",,Romanian,Pătrașcu Lucian-Marius,2021-05-14T10:40:34Z
578607,Ciocârlan,ro,"","",,Romanian,Pătrașcu Lucian-Marius,2021-05-14T10:43:45Z
4450,Chiră de baltă,ro,"","",,Romanian,Pătrașcu Lucian-Marius,2021-05-14T10:44:36Z
4835,Piciorong,ro,"","",,Romanian,Pătrașcu Lucian-Marius,2021-05-14T10:46:28Z
4943,Egretă mică,ro,"","",,Romanian,Pătrașcu Lucian-Marius,2021-05-14T10:47:10Z
558429,Rață cârâitoare,ro,"","",,Romanian,Pătrașcu Lucian-Marius,2021-05-14T10:48:46Z
46037,Popândău,ro,"","",,Romanian,Pătrașcu Lucian-Marius,2021-05-14T10:50:38Z
5173,Erete de stuf,ro,"","",,Romanian,Pătrașcu Lucian-Marius,2021-05-14T10:52:10Z
20969,Pupăză,ro,"","",,Romanian,Pătrașcu Lucian-Marius,2021-05-14T10:52:56Z
145360,Florinte,ro,"","",,Romanian,Pătrașcu Lucian-Marius,2021-05-14T10:53:52Z
12822,Pietrar sur,ro,"","",,Romanian,Pătrașcu Lucian-Marius,2021-05-14T10:55:12Z
204113,Cerb carpatin,ro,"","",,Romanian,Pătrașcu Lucian-Marius,2021-05-14T11:06:20Z
144757,Cioara grivă,ro,"","",,Romanian,Pătrașcu Lucian-Marius,2021-05-14T11:06:59Z
8000,Stăncuță,ro,"","",,Romanian,Pătrașcu Lucian-Marius,2021-05-14T11:07:32Z
8029,Cioară de semănătură,ro,"","",,Romanian,Pătrașcu Lucian-Marius,2021-05-14T11:08:20Z
855297,Bursuc,ro,"","",,Romanian,Pătrașcu Lucian-Marius,2021-05-14T11:09:41Z
855297,Viezure,ro,"","",,Romanian,Pătrașcu Lucian-Marius,2021-05-14T11:09:58Z
27726,Salamandra de uscat,ro,"","",,Romanian,Pătrașcu Lucian-Marius,2021-05-14T11:10:40Z
27726,Salamandră,ro,"","",,Romanian,Pătrașcu Lucian-Marius,2021-05-14T11:11:09Z
145895,Năpârca,ro,"","",,Romanian,Pătrașcu Lucian-Marius,2021-05-14T11:11:50Z
145895,Șopârla apodă,ro,"","",,Romanian,Pătrașcu Lucian-Marius,2021-05-14T11:12:12Z
145895,Șarpele de sticlă,ro,"","",,Romanian,Pătrașcu Lucian-Marius,2021-05-14T11:12:53Z
26904,Șarpe de alun,ro,"","",,Romanian,Pătrașcu Lucian-Marius,2021-05-14T11:13:25Z
891696,Coțofana,ro,"","",,Romanian,Pătrașcu Lucian-Marius,2021-05-14T11:14:05Z
981,Fazan,ro,"","",,Romanian,Pătrașcu Lucian-Marius,2021-05-14T11:29:23Z
17835,Ciocănitoare neagră,ro,"","",,Romanian,Pătrașcu Lucian-Marius,2021-05-14T11:31:03Z
25669,Broască roșie de pădure,ro,"","",,Romanian,Pătrașcu Lucian-Marius,2021-05-14T11:31:39Z
61749,Rădașcă,ro,"","",,Romanian,Pătrașcu Lucian-Marius,2021-05-14T11:32:26Z
109631,Cambulă,ro,"","",,Romanian,Pătrașcu Lucian-Marius,2021-05-14T22:07:27Z
4389,Pescăruş pontic,ro,"","",,Romanian,Pătrașcu Lucian-Marius,2021-05-14T22:08:25Z
53853,Furnica sudică de lemn,ro,"","",,Romanian,Pătrașcu Lucian-Marius,2021-05-14T22:10:34Z
53853,Furnica cal,ro,"","",,Romanian,Pătrașcu Lucian-Marius,2021-05-14T22:11:03Z
337700,Codobatură albă,ro,"","",,Romanian,Pătrașcu Lucian-Marius,2021-05-14T22:13:35Z
4860,Nagâţ cu coadă albă,ro,"","",,Romanian,Pătrașcu Lucian-Marius,2021-05-14T22:15:39Z
3878,Fluierarul cu picioare verzi,ro,"","",,Romanian,Pătrașcu Lucian-Marius,2021-05-14T22:16:43Z
39867,Țestoasă de apă europeană,ro,"","",,Romanian,Pătrașcu Lucian-Marius,2021-05-14T22:18:51Z
201282,Găinușă de baltă,ro,"","",,Romanian,Pătrașcu Lucian-Marius,2021-05-14T22:19:33Z
55964,Ciuperca din porțelan,ro,"","",,Romanian,Pătrașcu Lucian-Marius,2021-05-14T22:22:37Z
25591,Broasca roșie de munte,ro,"","",,Romanian,Pătrașcu Lucian-Marius,2021-05-14T22:36:18Z
12971,Muscarul sur,ro,"","",,Romanian,Pătrașcu Lucian-Marius,2021-05-14T22:37:46Z
95277,Mreana vânătă,ro,"","",,Romanian,Pătrașcu Lucian-Marius,2021-05-14T22:39:04Z
326296,Broască râioasă brună,ro,"","",,Romanian,Pătrașcu Lucian-Marius,2021-05-14T22:42:50Z
41641,Urs brun,ro,"","",,Romanian,Pătrașcu Lucian-Marius,2021-05-14T22:43:46Z
42347,Capra neagră,ro,"","",,Romanian,Pătrașcu Lucian-Marius,2021-05-14T22:45:29Z
144243,Ciocănitoare verde,ro,"","",,Romanian,Pătrașcu Lucian-Marius,2021-05-14T22:46:11Z
203153,Pițigoi mare,ro,"","",,Romanian,Pătrașcu Lucian-Marius,2021-05-14T22:46:41Z
8088,Gaiță,ro,"","",,Romanian,Pătrașcu Lucian-Marius,2021-05-14T22:47:59Z
41850,Vidră,ro,"","",,Romanian,Pătrașcu Lucian-Marius,2021-05-14T22:48:55Z
4327,Pelican comun,ro,"","",,Romanian,Pătrașcu Lucian-Marius,2021-05-14T23:16:16Z
482,Lișița,ro,"","",,Romanian,Pătrașcu Lucian-Marius,2021-05-14T23:17:05Z
4954,Stârc cenușiu,ro,"","",,Romanian,Pătrașcu Lucian-Marius,2021-05-14T23:17:39Z
42069,Vulpe,ro,"","",,Romanian,Pătrașcu Lucian-Marius,2021-05-14T23:20:32Z
66334,Broască mare de lac,ro,"","",,Romanian,Pătrașcu Lucian-Marius,2021-05-14T23:21:07Z
114990,Vipera de silvostepă,ro,"","",,Romanian,Pătrașcu Lucian-Marius,2021-05-14T23:22:32Z
19898,Huhurez mic,ro,"","",,Romanian,Pătrașcu Lucian-Marius,2021-05-14T23:23:05Z
966787,Șarpe de casă,ro,"","",,Romanian,Pătrașcu Lucian-Marius,2021-05-14T23:23:40Z
1026,Cocoș de munte,ro,"","",,Romanian,Pătrașcu Lucian-Marius,2021-05-14T23:24:12Z
55990,Șopârlă de ziduri,ro,"","",,Romanian,Pătrașcu Lucian-Marius,2021-05-14T23:26:02Z
966698,Viperă comună,ro,"","",,Romanian,Pătrașcu Lucian-Marius,2021-05-14T23:26:39Z
851014,Șacal auriu,ro,"","",,Romanian,Pătrașcu Lucian-Marius,2021-05-14T23:27:38Z
19998,Cucuvea,ro,"","",,Romanian,Pătrașcu Lucian-Marius,2021-05-14T23:29:00Z
19910,Huhurez mare,ro,"","",,Romanian,Pătrașcu Lucian-Marius,2021-05-14T23:29:44Z
3931,Sitar de pădure,ro,"","",,Romanian,Pătrașcu Lucian-Marius,2021-05-14T23:30:21Z
804,Prepeliță,ro,"","",,Romanian,Pătrașcu Lucian-Marius,2021-05-14T23:31:01Z
4270,Cormoran mare,ro,"","",,Romanian,Pătrașcu Lucian-Marius,2021-05-16T02:52:18Z
979813,Cormoran mic,ro,"","",,Romanian,Pătrașcu Lucian-Marius,2021-05-16T02:53:59Z
556621,Izvoraș cu burta galbenă,ro,"","",,Romanian,Pătrașcu Lucian-Marius,2021-05-16T04:19:17Z
556621,Buhai de baltă cu burta galbenă,ro,"","",,Romanian,Pătrașcu Lucian-Marius,2021-05-16T04:19:48Z
35912,Șopârlă de câmp,ro,"","",,Romanian,Pătrașcu Lucian-Marius,2021-05-16T04:22:07Z
43793,Breb,ro,"","",,Romanian,Pătrașcu Lucian-Marius,2021-05-16T05:55:30Z
43793,Castor,ro,"","",,Romanian,Pătrașcu Lucian-Marius,2021-05-16T05:55:49Z
74009,Șarpele lui Esculap,ro,"","",,Romanian,Pătrașcu Lucian-Marius,2021-05-16T05:56:59Z
61523,Melc de livadă,ro,"","",,Romanian,Pătrașcu Lucian-Marius,2021-05-16T06:00:57Z
147154,Urs brun,ro,"","",,Romanian,Pătrașcu Lucian-Marius,2021-05-16T06:02:38Z
3938,Pietruș,ro,"","",,Romanian,Pătrașcu Lucian-Marius,2021-05-16T06:04:20Z
53905,Călugărița,ro,"","",,Romanian,Pătrașcu Lucian-Marius,2021-05-16T06:07:11Z
13858,Vrabie de casă,ro,"","",,Romanian,Pătrașcu Lucian-Marius,2021-05-16T06:07:54Z
2969,Guguștiuc,ro,"","",,Romanian,Pătrașcu Lucian-Marius,2021-05-16T06:36:59Z
5382,Vultur negru,ro,"","",,Romanian,Pătrașcu Lucian-Marius,2021-05-16T06:39:30Z
17871,Ciocănitoare pestriță mare,ro,"","",,Romanian,Pătrașcu Lucian-Marius,2021-05-16T06:41:38Z
14824,Țiclean,ro,"","",,Romanian,Pătrașcu Lucian-Marius,2021-05-16T06:42:32Z
144455,Egretă mare,ro,"","",,Romanian,Pătrașcu Lucian-Marius,2021-05-16T17:53:46Z
43128,Iepure de câmp,ro,"","",,Romanian,Pătrașcu Lucian-Marius,2021-05-16T18:08:36Z
42184,Căprioară,ro,"","",,Romanian,Pătrașcu Lucian-Marius,2021-05-16T18:13:20Z
42048,Lup,ro,"","",,Romanian,Pătrașcu Lucian-Marius,2021-05-16T18:14:46Z
5309,Codalb,ro,"","",,Romanian,Pătrașcu Lucian-Marius,2021-05-16T18:17:16Z
6937,Rață mică,ro,"","",,Romanian,Pătrașcu Lucian-Marius,2021-05-16T18:20:13Z
925139,Șacal auriu,ro,"","",,Romanian,Pătrașcu Lucian-Marius,2021-05-16T18:21:59Z
7367,Ciocârlie de bărăgan,ro,"","",,Romanian,Pătrașcu Lucian-Marius,2021-05-16T21:54:39Z
48197,Cărăbuș,ro,"","",,Romanian,Pătrașcu Lucian-Marius,2021-05-16T21:58:48Z
46001,Veverița roșie,ro,"","",,Romanian,Pătrașcu Lucian-Marius,2021-05-16T22:19:27Z
74670,Dihor de stepă,ro,"","",,Romanian,Pătrașcu Lucian-Marius,2021-05-17T05:26:47Z
12740,Mierlă gulerată,ro,"","",,Romanian,Pătrașcu Lucian-Marius,2021-05-17T06:54:28Z
84298,Castan sălbatic,ro,"","",,Romanian,Pătrașcu Lucian-Marius,2021-05-17T12:56:21Z
84298,Castan porcesc,ro,"","",,Romanian,Pătrașcu Lucian-Marius,2021-05-17T12:56:46Z
765394,Soc,ro,"","",,Romanian,Pătrașcu Lucian-Marius,2021-05-17T12:58:08Z
357480,Gândacul păros,ro,"","",,Romanian,Pătrașcu Lucian-Marius,2021-05-17T13:01:57Z
155124,Sânger,ro,"","",,Romanian,Pătrașcu Lucian-Marius,2021-05-17T14:57:41Z
54583,Limax spaniol,ro,"","",,Romanian,Pătrașcu Lucian-Marius,2021-05-17T14:59:47Z
4736,Barză neagră,ro,"","",,Romanian,Pătrașcu Lucian-Marius,2021-05-18T03:14:41Z
35453,Șopârla de munte,ro,"","",,Romanian,Pătrașcu Lucian-Marius,2021-05-18T03:17:04Z
77314,Floarea miresei,ro,"","",,Romanian,Pătrașcu Lucian-Marius,2021-05-18T09:33:31Z
77315,Gipsărița,ro,"","",,Romanian,Pătrașcu Lucian-Marius,2021-05-18T09:35:39Z
77315,Ipsărița,ro,"","",,Romanian,Pătrașcu Lucian-Marius,2021-05-18T09:36:12Z
77315,Ciuin,ro,"","",,Romanian,Pătrașcu Lucian-Marius,2021-05-18T09:36:46Z
35854,Gușter,ro,"","",,Romanian,Pătrașcu Lucian-Marius,2021-05-18T11:32:41Z
55819,Ciuboțica cucului,ro,"","",,Romanian,Pătrașcu Lucian-Marius,2021-05-18T11:58:43Z
158030,Rușcuță de primăvară,ro,"","",,Romanian,Pătrașcu Lucian-Marius,2021-05-18T12:02:09Z
24495,Buhai de baltă cu burta roșie,ro,"","",,Romanian,Pătrașcu Lucian-Marius,2021-05-18T13:18:46Z
24495,Izvoraș cu burtă roșie,ro,"","",,Romanian,Pătrașcu Lucian-Marius,2021-05-18T13:19:14Z
52402,Gândac de trandafir,ro,"","",,Romanian,Pătrașcu Lucian-Marius,2021-05-18T14:40:37Z
207977,Ochi de păun de zi,ro,"","",,Romanian,Pătrașcu Lucian-Marius,2021-05-19T04:25:06Z
207977,Păun european,ro,"","",,Romanian,Pătrașcu Lucian-Marius,2021-05-19T04:26:00Z
966205,Arin negru,ro,"","",,Romanian,Pătrașcu Lucian-Marius,2021-05-19T04:28:45Z
59979,Boz,ro,"","",,Romanian,Pătrașcu Lucian-Marius,2021-05-19T04:29:19Z
144809,Piţigoi sur,ro,"","",,Romanian,Pătrașcu Lucian-Marius,2021-05-19T04:29:54Z
11901,Rândunică,ro,"","",,Romanian,Pătrașcu Lucian-Marius,2021-05-19T07:01:57Z
4333,Pelican creț,ro,"","",,Romanian,Pătrașcu Lucian-Marius,2021-05-19T09:29:49Z
4981,Stârc de noapte,ro,"","",,Romanian,Pătrașcu Lucian-Marius,2021-05-19T12:57:29Z
13851,Vrabie de câmp,ro,"","",,Romanian,Pătrașcu Lucian-Marius,2021-05-20T02:14:05Z
42134,Mistreț,ro,"","",,Romanian,Pătrașcu Lucian-Marius,2021-05-20T02:14:33Z
42134,Porc mistreț,ro,"","",,Romanian,Pătrașcu Lucian-Marius,2021-05-20T02:14:54Z
2938,Turturică,ro,"","",,Romanian,Pătrașcu Lucian-Marius,2021-05-20T02:15:49Z
2938,Turturea,ro,"","",,Romanian,Pătrașcu Lucian-Marius,2021-05-20T02:16:27Z
3033,Porumbel de scorbură,ro,"","",,Romanian,Pătrașcu Lucian-Marius,2021-05-20T02:17:27Z
43048,Arici,ro,"","",,Romanian,Pătrașcu Lucian-Marius,2021-05-20T03:00:31Z
118552,Pisică de casă,ro,"","",,Romanian,Pătrașcu Lucian-Marius,2021-05-20T18:52:00Z
118552,Pisică domestică,ro,"","",,Romanian,Pătrașcu Lucian-Marius,2021-05-20T18:52:23Z
45763,Bizam,ro,"","",,Romanian,Pătrașcu Lucian-Marius,2021-05-20T18:53:21Z
2266,Dumbrăveancă,ro,"","",,Romanian,Pătrașcu Lucian-Marius,2021-05-20T18:54:01Z
54227,Fag,ro,"","",,Romanian,Pătrașcu Lucian-Marius,2021-05-20T18:56:05Z
47392,Burete cu perucă,ro,"","",,Romanian,Pătrașcu Lucian-Marius,2021-05-21T09:31:29Z
145291,Presură sură,ro,"","",,Romanian,Pătrașcu Lucian-Marius,2021-05-21T12:39:23Z
204545,Codobatură galbenă,ro,"","",,Romanian,Pătrașcu Lucian-Marius,2021-05-21T14:33:38Z
472766,Vânturel roșu,ro,"","",,Romanian,Pătrașcu Lucian-Marius,2021-05-21T14:34:18Z
12038,Sfrâncioc roșiatic,ro,"","",,Romanian,Pătrașcu Lucian-Marius,2021-05-21T14:49:45Z
58699,Ciupercă de câmp,ro,"","",,Romanian,Pătrașcu Lucian-Marius,2021-05-21T16:22:54Z
58699,Șampinionul oilor,ro,"","",,Romanian,Pătrașcu Lucian-Marius,2021-05-21T16:23:18Z
58699,Ciupercă de braniște,ro,"","",,Romanian,Pătrașcu Lucian-Marius,2021-05-21T16:23:40Z
58699,Ciuperca calului,ro,"","",,Romanian,Pătrașcu Lucian-Marius,2021-05-21T16:23:58Z
350216,Hrib estival,ro,"","",,Romanian,Pătrașcu Lucian-Marius,2021-05-21T16:27:15Z
81545,Râmă,ro,"","",,Romanian,Pătrașcu Lucian-Marius,2021-05-21T16:32:01Z
119642,Viespea stejarului,ro,"","",,Romanian,Pătrașcu Lucian-Marius,2021-05-22T06:41:52Z
56061,Usturoiţă,ro,"","",,Romanian,Pătrașcu Lucian-Marius,2021-05-22T06:45:43Z
480776,Ciupercă din lemn roșu,ro,"","",,Romanian,Pătrașcu Lucian-Marius,2021-05-22T07:27:43Z
480776,Ciuperca roșie,ro,"","",,Romanian,Pătrașcu Lucian-Marius,2021-05-22T07:28:01Z
82774,Gândac rinocer,ro,"","",,Romanian,Pătrașcu Lucian-Marius,2021-05-22T12:05:58Z
82774,Taurul lui Dumnezeu,ro,"","",,Romanian,Pătrașcu Lucian-Marius,2021-05-22T12:06:32Z
82774,Caraban,ro,"","",,Romanian,Pătrașcu Lucian-Marius,2021-05-22T12:07:08Z
82774,Nasicorn,ro,"","",,Romanian,Pătrașcu Lucian-Marius,2021-05-22T12:07:29Z
55884,Măceş,ro,"","",,Romanian,Pătrașcu Lucian-Marius,2021-05-22T12:09:28Z
39782,Țestoasa de Florida,ro,"","",,Romanian,Pătrașcu Lucian-Marius,2021-05-22T13:06:45Z
793469,Auşel cu cap galben,ro,"","",,Romanian,Pătrașcu Lucian-Marius,2021-05-22T13:08:26Z
144510,Pescăruș râzător,ro,"","",,Romanian,Pătrașcu Lucian-Marius,2021-05-22T13:09:14Z
13094,Măcăleandru,ro,"","",,Romanian,Pătrașcu Lucian-Marius,2021-05-22T13:09:46Z
54404,Mac de câmp,ro,"","",,Romanian,Pătrașcu Lucian-Marius,2021-05-23T05:59:57Z
4643,Șoimul rândunelelor,ro,"","",,Romanian,Pătrașcu Lucian-Marius,2021-05-23T10:43:55Z
59552,Bulbuc de munte,ro,"","",,Romanian,Pătrașcu Lucian-Marius,2021-05-23T11:41:54Z
7089,Gâscă canadiană,ro,"","",,Romanian,Pătrașcu Lucian-Marius,2021-05-23T11:42:42Z
46017,Veverița cenușie,ro,"","",,Romanian,Pătrașcu Lucian-Marius,2021-05-23T12:21:23Z
83072,Liliac,ro,"","",,Romanian,Pătrașcu Lucian-Marius,2021-05-23T14:11:29Z
4604,Ciovlica ruginie,ro,"","",,Romanian,Pătrașcu Lucian-Marius,2021-05-23T14:13:01Z
13688,Codobatură de munte,ro,"","",,Romanian,Pătrașcu Lucian-Marius,2021-05-23T17:23:42Z
64237,Stuf,ro,"","",,Romanian,Pătrașcu Lucian-Marius,2021-05-24T05:44:15Z
5192,Şorecar mare,ro,"","",,Romanian,Pătrașcu Lucian-Marius,2021-05-24T06:27:54Z
2599,Pescăraș albastru,ro,"","",,Romanian,Pătrașcu Lucian-Marius,2021-05-24T06:34:38Z
62148,Chirighiţa cu obraz alb,ro,"","",,Romanian,Pătrașcu Lucian-Marius,2021-05-24T06:35:27Z
5242,Șerpar,ro,"","",,Romanian,Pătrașcu Lucian-Marius,2021-05-24T06:36:18Z
559064,Erete vânăt,ro,"","",,Romanian,Pătrașcu Lucian-Marius,2021-05-24T06:37:34Z
17867,Ciocănitoare de grădini,ro,"","",,Romanian,Pătrașcu Lucian-Marius,2021-05-24T06:39:16Z
9196,Presură de grădină,ro,"","",,Romanian,Pătrașcu Lucian-Marius,2021-05-24T06:40:06Z
204527,Stârc pitic,ro,"","",,Romanian,Pătrașcu Lucian-Marius,2021-05-24T06:40:47Z
27718,Triton cu creastă,ro,"","",,Romanian,Pătrașcu Lucian-Marius,2021-05-24T06:57:47Z
98114,Zvârlugă,ro,"","",,Romanian,Pătrașcu Lucian-Marius,2021-05-24T06:58:36Z
111757,Boarcă,ro,"","",,Romanian,Pătrașcu Lucian-Marius,2021-05-24T06:59:55Z
111757,Blehniță,ro,"","",,Romanian,Pătrașcu Lucian-Marius,2021-05-24T07:08:17Z
111909,Câra,ro,"","",,Romanian,Pătrașcu Lucian-Marius,2021-05-24T07:09:27Z
852247,Orbete mic,ro,"","",,Romanian,Pătrașcu Lucian-Marius,2021-05-24T11:07:00Z
66322,Broasca mică verde,ro,"","",,Romanian,Pătrașcu Lucian-Marius,2021-05-24T13:47:13Z
66322,Broasca mică de lac,ro,"","",,Romanian,Pătrașcu Lucian-Marius,2021-05-24T13:47:28Z
1907,Cuc,ro,"","",,Romanian,Pătrașcu Lucian-Marius,2021-05-24T14:26:36Z
12748,Sturz cântător,ro,"","",,Romanian,Pătrașcu Lucian-Marius,2021-05-24T14:32:52Z
577950,Graur,ro,"","",,Romanian,Pătrașcu Lucian-Marius,2021-05-24T14:35:02Z
71248,Greier de câmp,ro,"","",,Romanian,Pătrașcu Lucian-Marius,2021-05-24T14:47:46Z
55882,Iederă,ro,"","",,Romanian,Pătrașcu Lucian-Marius,2021-05-24T15:09:07Z
9195,Presură galbenă,ro,"","",,Romanian,Pătrașcu Lucian-Marius,2021-05-25T05:04:54Z
4626,Cufundar mare,ro,"","",,Romanian,Pătrașcu Lucian-Marius,2021-05-25T05:05:40Z
4224,Corcodel cu gât roșu,ro,"","",,Romanian,Pătrașcu Lucian-Marius,2021-05-25T05:07:00Z
19410,Caprimulg,ro,"","",,Romanian,Pătrașcu Lucian-Marius,2021-05-25T06:57:04Z
322051,Cimbrișor,ro,"","",,Romanian,Pătrașcu Lucian-Marius,2021-05-25T09:44:07Z
51147,Păducel,ro,"","",,Romanian,Pătrașcu Lucian-Marius,2021-05-25T15:17:45Z
56088,Salcâm,ro,"","",,Romanian,Pătrașcu Lucian-Marius,2021-05-25T15:20:53Z
55811,Porumbar,ro,"","",,Romanian,Pătrașcu Lucian-Marius,2021-05-25T15:22:56Z
56152,leurdă,ro,"","",,Romanian,Pătrașcu Lucian-Marius,2021-05-25T15:25:06Z
56152,usturoi sălbatic,ro,"","",,Romanian,Pătrașcu Lucian-Marius,2021-05-25T15:25:25Z
56152,usturoiul ursului,ro,"","",,Romanian,Pătrașcu Lucian-Marius,2021-05-25T15:25:54Z
47602,Păpădie,ro,"","",,Romanian,Pătrașcu Lucian-Marius,2021-05-25T19:15:34Z
15302,Silvie de zăvoi,ro,"","",,Romanian,Pătrașcu Lucian-Marius,2021-05-25T19:22:55Z
60885,Bozior,ro,"","",,Romanian,Pătrașcu Lucian-Marius,2021-05-26T05:45:57Z
55891,Cerențel,ro,"","",,Romanian,Pătrașcu Lucian-Marius,2021-05-26T05:46:31Z
64546,Mur de miriște,ro,"","",,Romanian,Pătrașcu Lucian-Marius,2021-05-26T07:27:28Z
358060,Lăptucul oii,ro,"","",,Romanian,Pătrașcu Lucian-Marius,2021-05-26T08:39:13Z
106154,Croitor cenușiu,ro,"","",,Romanian,Pătrașcu Lucian-Marius,2021-05-26T09:38:33Z
4205,Corcodelul cu gât negru,ro,"","",,Romanian,Pătrașcu Lucian-Marius,2021-05-26T19:22:24Z
204456,Lăcar mare,ro,"","",,Romanian,Pătrașcu Lucian-Marius,2021-05-26T19:23:21Z
47779,Stânjenel de baltă,ro,"","",,Romanian,Pătrașcu Lucian-Marius,2021-05-27T08:52:12Z
118767,Stânjenel mic de munte,ro,"","",,Romanian,Pătrașcu Lucian-Marius,2021-05-27T10:01:52Z
53911,Crap,ro,"","",,Romanian,Pătrașcu Lucian-Marius,2021-05-28T08:22:25Z
168387,Jaleș de câmp,ro,"","",,Romanian,Pătrașcu Lucian-Marius,2021-05-28T10:54:44Z
933404,Albăstrea,ro,"","",,Romanian,Pătrașcu Lucian-Marius,2021-05-28T10:57:10Z
85338,Salvie de câmp,ro,"","",,Romanian,Pătrașcu Lucian-Marius,2021-05-28T15:41:03Z
76897,Bunghișor american,ro,"","",,Romanian,Pătrașcu Lucian-Marius,2021-05-28T16:56:24Z
56312,Merișor,ro,"","",,Romanian,Pătrașcu Lucian-Marius,2021-05-28T19:47:51Z
123449,Ochiul boului de munte,ro,"","",,Romanian,Pătrașcu Lucian-Marius,2021-05-28T19:49:48Z
76907,Bătrâniș,ro,"","",,Romanian,Pătrașcu Lucian-Marius,2021-05-29T08:27:08Z
76907,Bătrîniş,ro,"","",,Romanian,Pătrașcu Lucian-Marius,2021-05-29T08:27:22Z
48599,Cârmâz,ro,"","",,Romanian,Pătrașcu Lucian-Marius,2021-05-29T08:28:28Z
48599,Rumeioara,ro,"","",,Romanian,Pătrașcu Lucian-Marius,2021-05-29T08:28:47Z
167829,Oțetar roșu,ro,"","",,Romanian,Pătrașcu Lucian-Marius,2021-05-29T08:41:22Z
47892,Balsamina,ro,"","",,Romanian,Pătrașcu Lucian-Marius,2021-05-29T08:42:22Z
47892,Slăbănog,ro,"","",,Romanian,Pătrașcu Lucian-Marius,2021-05-29T08:42:41Z
57356,Amorfă,ro,"","",,Romanian,Pătrașcu Lucian-Marius,2021-05-29T08:45:15Z
57356,Salcâm pitic,ro,"","",,Romanian,Pătrașcu Lucian-Marius,2021-05-29T08:45:51Z
47726,Arțar american,ro,"","",,Romanian,Pătrașcu Lucian-Marius,2021-05-29T08:46:44Z
47443,Arbore de mătase,ro,"","",,Romanian,Pătrașcu Lucian-Marius,2021-05-29T08:52:08Z
54797,Glădiță,ro,"","",,Romanian,Pătrașcu Lucian-Marius,2021-05-29T08:53:20Z
49005,Stejar roșu american,ro,"","",,Romanian,Pătrașcu Lucian-Marius,2021-05-29T09:05:09Z
58045,Ghimpe,ro,"","",,Romanian,Pătrașcu Lucian-Marius,2021-05-29T09:06:12Z
75995,Trâmbiță,ro,"","",,Romanian,Pătrașcu Lucian-Marius,2021-05-29T09:07:36Z
75995,Pipa turcului,ro,"","",,Romanian,Pătrașcu Lucian-Marius,2021-05-29T09:07:54Z
75995,Trompeta turcului,ro,"","",,Romanian,Pătrașcu Lucian-Marius,2021-05-29T09:08:28Z
75995,Luleaua Turcului,ro,"","",,Romanian,Pătrașcu Lucian-Marius,2021-05-29T09:09:02Z
57920,Cornuți,ro,"","",,Romanian,Pătrașcu Lucian-Marius,2021-05-29T09:10:54Z
57920,Scaietele popii,ro,"","",,Romanian,Pătrașcu Lucian-Marius,2021-05-29T09:11:57Z
792985,Ciocănitoare de stejar,ro,"","",,Romanian,Pătrașcu Lucian-Marius,2021-05-29T11:51:55Z
13079,Privighetoare roșcată,ro,"","",,Romanian,Pătrașcu Lucian-Marius,2021-05-29T16:27:22Z
55739,Panseluţă sălbatică,ro,"","",,Romanian,Pătrașcu Lucian-Marius,2021-05-29T16:32:28Z
55739,Trei fraţi pătaţi,ro,"","",,Romanian,Pătrașcu Lucian-Marius,2021-05-29T16:32:59Z
55739,Tâmâioară,ro,"","",,Romanian,Pătrașcu Lucian-Marius,2021-05-29T16:33:20Z
55739,Cârligei,ro,"","",,Romanian,Pătrașcu Lucian-Marius,2021-05-29T16:33:51Z
55610,Vaca-Domnului,ro,"","",,Romanian,Pătrașcu Lucian-Marius,2021-05-29T16:40:48Z
41,Cocor,ro,"","",,Romanian,Pătrașcu Lucian-Marius,2021-05-29T19:20:16Z
77835,Mâna Maicii Domnului,ro,"","",,Romanian,Pătrașcu Lucian-Marius,2021-05-30T08:28:34Z
77835,Caprifoi,ro,"","",,Romanian,Pătrașcu Lucian-Marius,2021-05-30T08:28:56Z
75916,Liliac de vară,ro,"","",,Romanian,Pătrașcu Lucian-Marius,2021-05-30T08:29:43Z
58776,Știr,ro,"","",,Romanian,Pătrașcu Lucian-Marius,2021-05-30T08:30:38Z
64694,Sălcioară,ro,"","",,Romanian,Pătrașcu Lucian-Marius,2021-05-30T08:31:18Z
333813,Tigrul Platanului,ro,"","",,Romanian,Pătrașcu Lucian-Marius,2021-05-30T08:33:08Z
50278,Viță sălbatică,ro,"","",,Romanian,Pătrașcu Lucian-Marius,2021-05-30T08:43:05Z
50278,Viță de Canada,ro,"","",,Romanian,Pătrașcu Lucian-Marius,2021-05-30T08:43:29Z
50859,Arbore Trompetă,ro,"","",,Romanian,Pătrașcu Lucian-Marius,2021-05-30T09:28:59Z
48618,Bostănaș Spinos,ro,"","",,Romanian,Pătrașcu Lucian-Marius,2021-05-30T09:32:19Z
914922,Iulișcă,ro,"","",,Romanian,Pătrașcu Lucian-Marius,2021-05-30T09:33:16Z
122970,Topinambur,ro,"","",,Romanian,Pătrașcu Lucian-Marius,2021-05-30T09:34:30Z
122970,Picioică,ro,"","",,Romanian,Pătrașcu Lucian-Marius,2021-05-30T09:34:48Z
122970,Măr de pământ,ro,"","",,Romanian,Pătrașcu Lucian-Marius,2021-05-30T09:35:22Z
122970,Morcov porcesc,ro,"","",,Romanian,Pătrașcu Lucian-Marius,2021-05-30T09:35:42Z
122970,Nap porcesc,ro,"","",,Romanian,Pătrașcu Lucian-Marius,2021-05-30T09:36:16Z
122970,Pere iernatice,ro,"","",,Romanian,Pătrașcu Lucian-Marius,2021-05-30T09:36:41Z
122970,Guli,ro,"","",,Romanian,Pătrașcu Lucian-Marius,2021-05-30T09:36:58Z
122970,Cartoful săracilor,ro,"","",,Romanian,Pătrașcu Lucian-Marius,2021-05-30T09:37:23Z
53021,Volbura,ro,"","",,Romanian,Pătrașcu Lucian-Marius,2021-05-30T16:19:11Z
53021,Rochița-rândunicii,ro,"","",,Romanian,Pătrașcu Lucian-Marius,2021-05-30T16:19:39Z
12908,Mărăcinar mare,ro,"","",,Romanian,Pătrașcu Lucian-Marius,2021-05-30T18:51:27Z
56057,Margaretă,ro,"","",,Romanian,Pătrașcu Lucian-Marius,2021-05-30T19:07:06Z
5361,Hoitar,ro,"","",,Romanian,Pătrașcu Lucian-Marius,2021-05-31T08:01:19Z
73222,Flamingo roz,ro,"","",,Romanian,Pătrașcu Lucian-Marius,2021-05-31T08:03:37Z
40023,Țestoasă dobrogeană de uscat,ro,"","",,Romanian,Pătrașcu Lucian-Marius,2021-05-31T08:04:34Z
424147,Brotăcel,ro,"","",,Romanian,Pătrașcu Lucian-Marius,2021-05-31T10:19:58Z
70647,Brotăcel răsăritean,ro,"","",,Romanian,Pătrașcu Lucian-Marius,2021-05-31T10:24:00Z
144512,Pescăruş mic,ro,"","",,Romanian,Pătrașcu Lucian-Marius,2021-05-31T19:34:32Z
508919,Cresteț cenușiu,ro,"","",,Romanian,Pătrașcu Lucian-Marius,2021-05-31T19:35:09Z
17943,Ciocănitoare cu spate alb,ro,"","",,Romanian,Pătrașcu Lucian-Marius,2021-05-31T19:36:09Z
68763,Vișin,ro,"","",,Romanian,Pătrașcu Lucian-Marius,2021-06-01T07:54:53Z
63735,Prun,ro,"","",,Romanian,Pătrașcu Lucian-Marius,2021-06-01T07:55:39Z
61964,Cireș,ro,"","",,Romanian,Pătrașcu Lucian-Marius,2021-06-01T07:56:16Z
55837,Corcoduș,ro,"","",,Romanian,Pătrașcu Lucian-Marius,2021-06-01T07:57:10Z
126808,Vișin turcesc,ro,"","",,Romanian,Pătrașcu Lucian-Marius,2021-06-01T08:00:08Z
135331,Cais,ro,"","",,Romanian,Pătrașcu Lucian-Marius,2021-06-01T08:02:43Z
543500,Migdal pitic,ro,"","",,Romanian,Pătrașcu Lucian-Marius,2021-06-01T08:04:41Z
143793,Mălin,ro,"","",,Romanian,Pătrașcu Lucian-Marius,2021-06-01T08:05:29Z
69936,Migdal,ro,"","",,Romanian,Pătrașcu Lucian-Marius,2021-06-01T08:07:43Z
167210,Şerpânţă,ro,"","",,Romanian,Pătrașcu Lucian-Marius,2021-06-01T14:53:21Z
50298,Frag,ro,"","",,Romanian,Pătrașcu Lucian-Marius,2021-06-01T14:55:48Z
9462,Mugurar,ro,"","",,Romanian,Pătrașcu Lucian-Marius,2021-06-01T14:56:46Z
167599,Plămânărică,ro,"","",,Romanian,Pătrașcu Lucian-Marius,2021-06-01T15:41:15Z
167599,Mierea ursului,ro,"","",,Romanian,Pătrașcu Lucian-Marius,2021-06-01T15:41:39Z
167599,țâța oii,ro,"","",,Romanian,Pătrașcu Lucian-Marius,2021-06-01T15:41:57Z
167599,cuscrișor,ro,"","",,Romanian,Pătrașcu Lucian-Marius,2021-06-01T15:42:35Z
167599,sudoare,ro,"","",,Romanian,Pătrașcu Lucian-Marius,2021-06-01T15:42:48Z
167599,tutun de pădure,ro,"","",,Romanian,Pătrașcu Lucian-Marius,2021-06-01T15:43:02Z
358060,brusture,ro,"","",,Romanian,Pătrașcu Lucian-Marius,2021-06-01T15:54:26Z
168248,Ștevie,ro,"","",,Romanian,Pătrașcu Lucian-Marius,2021-06-01T15:57:08Z
358060,bruscan,ro,"","",,Romanian,Pătrașcu Lucian-Marius,2021-06-01T16:11:43Z
358060,bruscălan,ro,"","",,Romanian,Pătrașcu Lucian-Marius,2021-06-01T16:12:05Z
358060,brustan,ro,"","",,Romanian,Pătrașcu Lucian-Marius,2021-06-01T16:12:23Z
358060,clocociov,ro,"","",,Romanian,Pătrașcu Lucian-Marius,2021-06-01T16:12:45Z
358060,brusturul caprei,ro,"","",,Romanian,Pătrașcu Lucian-Marius,2021-06-01T16:13:06Z
358060,brusturul oii,ro,"","",,Romanian,Pătrașcu Lucian-Marius,2021-06-01T16:13:31Z
358060,lăpuș de oaie,ro,"","",,Romanian,Pătrașcu Lucian-Marius,2021-06-01T16:13:57Z
358060,ochiul boului,ro,"","",,Romanian,Pătrașcu Lucian-Marius,2021-06-01T16:14:26Z
358060,urechea porcului,ro,"","",,Romanian,Pătrașcu Lucian-Marius,2021-06-01T16:14:54Z
7006,Gâscă,ro,"","",,Romanian,Pătrașcu Lucian-Marius,2021-06-01T16:30:22Z
144812,Pițigoi de munte,ro,"","",,Romanian,Pătrașcu Lucian-Marius,2021-06-01T16:35:13Z
75501,Brusture,ro,"","",,Romanian,Pătrașcu Lucian-Marius,2021-06-01T17:12:47Z
5017,Stârc de cireadă,ro,"","",,Romanian,Pătrașcu Lucian-Marius,2021-06-01T19:11:16Z
7055,Rață roșie,ro,"","",,Romanian,Pătrașcu Lucian-Marius,2021-06-01T19:25:03Z
3048,Porumbel gulerat,ro,"","",,Romanian,Pătrașcu Lucian-Marius,2021-06-01T19:25:35Z
12992,Codroș de pădure,ro,"","",,Romanian,Pătrașcu Lucian-Marius,2021-06-01T19:28:21Z
4994,Stârc galben,ro,"","",,Romanian,Pătrașcu Lucian-Marius,2021-06-01T19:31:24Z
20307,Ciuf de pădure,ro,"","",,Romanian,Pătrașcu Lucian-Marius,2021-06-01T19:31:57Z
20315,Ciuf de câmp,ro,"","",,Romanian,Pătrașcu Lucian-Marius,2021-06-01T19:32:27Z
100411,Boa de nisip,ro,"","",,Romanian,Pătrașcu Lucian-Marius,2021-06-01T19:33:07Z
3017,Porumbel,ro,"","",,Romanian,Pătrașcu Lucian-Marius,2021-06-01T19:39:33Z
48229,Piciorul cocoșului,ro,"","",,Romanian,Pătrașcu Lucian-Marius,2021-06-01T19:44:07Z
62009,Nufăr alb,ro,"","",,Romanian,Pătrașcu Lucian-Marius,2021-06-01T19:44:47Z
12707,Cocoșar,ro,"","",,Romanian,Pătrașcu Lucian-Marius,2021-06-02T15:02:36Z
128274,Sânger,ro,"","",,Romanian,Pătrașcu Lucian-Marius,2021-06-02T15:25:39Z
53713,Iască galbenă,ro,"","",,Romanian,Pătrașcu Lucian-Marius,2021-06-02T18:18:29Z
145303,Scatiu,ro,"","",,Romanian,Pătrașcu Lucian-Marius,2021-06-04T12:13:38Z
204552,Alunar,ro,"","",,Romanian,Pătrașcu Lucian-Marius,2021-06-04T12:30:24Z
10069,Cinteză de iarnă,ro,"","",,Romanian,Pătrașcu Lucian-Marius,2021-06-04T12:31:07Z
145108,Lăcustar,ro,"","",,Romanian,Pătrașcu Lucian-Marius,2021-06-04T12:32:12Z
77965,Mușețel,ro,"","",,Romanian,Pătrașcu Lucian-Marius,2021-06-04T19:46:10Z
9192,Presură bărboasă,ro,"","",,Romanian,Pătrașcu Lucian-Marius,2021-06-05T17:58:24Z
201033,Acvilă ţipătoare mică,ro,"","",,Romanian,Pătrașcu Lucian-Marius,2021-06-06T12:55:07Z
9203,Presură cu cap negru,ro,"","",,Romanian,Pătrașcu Lucian-Marius,2021-06-06T12:58:08Z
5154,Acvilă mică,ro,"","",,Romanian,Pătrașcu Lucian-Marius,2021-06-06T17:36:28Z
13712,Fâsă de câmp,ro,"","",,Romanian,Pătrașcu Lucian-Marius,2021-06-06T17:44:01Z
558634,Cânepar,ro,"","",,Romanian,Pătrașcu Lucian-Marius,2021-06-06T17:44:44Z
13711,Fâsă de pădure,ro,"","",,Romanian,Pătrașcu Lucian-Marius,2021-06-06T17:45:51Z
64705,Lăstun de casă,ro,"","",,Romanian,Pătrașcu Lucian-Marius,2021-06-07T05:55:50Z
8010,Corb,ro,"","",,Romanian,Pătrașcu Lucian-Marius,2021-06-07T05:56:31Z
12837,Pietrar răsăritean,ro,"","",,Romanian,Pătrașcu Lucian-Marius,2021-06-07T05:57:44Z
13140,Mierlă de piatră,ro,"","",,Romanian,Pătrașcu Lucian-Marius,2021-06-07T05:58:27Z
201192,Mărăcinar negru,ro,"","",,Romanian,Pătrașcu Lucian-Marius,2021-06-07T06:02:14Z
9201,Presură de stuf,ro,"","",,Romanian,Pătrașcu Lucian-Marius,2021-06-07T06:04:08Z
9801,Botgros,ro,"","",,Romanian,Pătrașcu Lucian-Marius,2021-06-07T06:04:50Z
5106,Uliu păsărar,ro,"","",,Romanian,Pătrașcu Lucian-Marius,2021-06-07T06:06:16Z
13000,Codroș de munte,ro,"","",,Romanian,Pătrașcu Lucian-Marius,2021-06-07T06:06:41Z
13988,Brumăriță de pădure,ro,"","",,Romanian,Pătrașcu Lucian-Marius,2021-06-07T06:13:24Z
7647,Pescărel negru,ro,"","",,Romanian,Pătrașcu Lucian-Marius,2021-06-07T06:14:35Z
15282,Silvie cu cap negru,ro,"","",,Romanian,Pătrașcu Lucian-Marius,2021-06-07T06:15:22Z
10411,Forfecuță,ro,"","",,Romanian,Pătrașcu Lucian-Marius,2021-06-07T06:17:56Z
7046,Rață moțată,ro,"","",,Romanian,Pătrașcu Lucian-Marius,2021-06-07T06:18:36Z
4623,Cufundar polar,ro,"","",,Romanian,Pătrașcu Lucian-Marius,2021-06-07T06:19:12Z
7045,Rață cu cap castaniu,ro,"","",,Romanian,Pătrașcu Lucian-Marius,2021-06-07T06:19:53Z
850858,Rață catifelată,ro,"","",,Romanian,Pătrașcu Lucian-Marius,2021-06-07T06:23:05Z
117055,Pitulice fluierătoare,ro,"","",,Romanian,Pătrașcu Lucian-Marius,2021-06-07T06:24:41Z
5200,Șorecar încălțat,ro,"","",,Romanian,Pătrașcu Lucian-Marius,2021-06-07T06:25:23Z
559070,Sfrâncioc mare,ro,"","",,Romanian,Pătrașcu Lucian-Marius,2021-06-07T06:29:25Z
116802,Lăcar de mlaștină,ro,"","",,Romanian,Pătrașcu Lucian-Marius,2021-06-07T06:32:24Z
144823,Pițigoi de brădet,ro,"","",,Romanian,Pătrașcu Lucian-Marius,2021-06-07T06:33:09Z
9236,Cănăraș,ro,"","",,Romanian,Pătrașcu Lucian-Marius,2021-06-07T06:33:54Z
13676,Boicuș,ro,"","",,Romanian,Pătrașcu Lucian-Marius,2021-06-07T06:35:53Z
13676,Pițigoi pungar,ro,"","",,Romanian,Pătrașcu Lucian-Marius,2021-06-07T06:36:19Z
204455,Lăcar de stuf,ro,"","",,Romanian,Pătrașcu Lucian-Marius,2021-06-07T06:41:39Z
12749,Sturzul viilor,ro,"","",,Romanian,Pătrașcu Lucian-Marius,2021-06-07T06:42:36Z
145363,Ochiulboului,ro,"","",,Romanian,Pătrașcu Lucian-Marius,2021-06-07T06:44:01Z
145363,Pănțăruș,ro,"","",,Romanian,Pătrașcu Lucian-Marius,2021-06-07T06:44:19Z
7450,Cojoaică de pădure,ro,"","",,Romanian,Pătrașcu Lucian-Marius,2021-06-07T06:59:32Z
339593,Bătăuș,ro,"","",,Romanian,Pătrașcu Lucian-Marius,2021-06-07T07:00:35Z
7278,Pițigoi codat,ro,"","",,Romanian,Pătrașcu Lucian-Marius,2021-06-07T07:01:01Z
12735,Sturz de vâsc,ro,"","",,Romanian,Pătrașcu Lucian-Marius,2021-06-07T07:08:31Z
204556,Grangur,ro,"","",,Romanian,Pătrașcu Lucian-Marius,2021-06-07T07:13:05Z
144849,Piţigoi albastru,ro,"","",,Romanian,Pătrașcu Lucian-Marius,2021-06-07T07:14:52Z
117097,Aușel sprâncenat,ro,"","",,Romanian,Pătrașcu Lucian-Marius,2021-06-07T07:15:40Z
4208,Corcodel mare,ro,"","",,Romanian,Pătrașcu Lucian-Marius,2021-06-07T07:17:10Z
4951,Stârc roșu,ro,"","",,Romanian,Pătrașcu Lucian-Marius,2021-06-07T07:18:06Z
57317,Măzăriche,ro,"","",,Romanian,Pătrașcu Lucian-Marius,2021-06-08T08:38:02Z
7347,Ciocârlie de câmp,ro,"","",,Romanian,Pătrașcu Lucian-Marius,2021-06-09T08:49:41Z
205712,Ploșnița de dantelă a stejarilor,ro,"","",,Romanian,Pătrașcu Lucian-Marius,2021-06-09T10:10:25Z
47219,Albină,ro,"","",,Romanian,Pătrașcu Lucian-Marius,2021-06-09T10:46:00Z
52658,Roua cerului,ro,"","",,Romanian,Pătrașcu Lucian-Marius,2021-06-13T10:55:14Z
126088,Molia minieră a frunzelor de castan,ro,"","",,Romanian,Pătrașcu Lucian-Marius,2021-06-13T18:27:58Z
82888,Iasomie,ro,"","",https://eol.org/pages/61788,Romanian,,2021-06-15T14:37:13Z
75869,Rapiță,ro,"","",https://eol.org/pages/583918,Romanian,,2021-06-16T17:44:06Z
59778,Păstârnac,ro,"","",,Romanian,Pătrașcu Lucian-Marius,2021-06-21T18:36:39Z
200930,Sfredelitorul ramurilor,ro,"","",,Romanian,Pătrașcu Lucian-Marius,2021-06-22T08:11:40Z
12054,Sfrâncioc cu frunte neagră,ro,"","",,Romanian,Pătrașcu Lucian-Marius,2021-07-01T07:01:45Z
11941,Lăstun de mal,ro,"","",,Romanian,Pătrașcu Lucian-Marius,2021-07-05T21:23:43Z
3978,Fluierar de munte,ro,"","",,Romanian,Pătrașcu Lucian-Marius,2021-07-06T12:28:09Z
144529,Chiră mică,ro,"","",,Romanian,Pătrașcu Lucian-Marius,2021-07-06T20:01:28Z
78259,Scai măgăresc,ro,"","",,Romanian,Pătrașcu Lucian-Marius,2021-07-07T14:58:19Z
3756,Țigănuș,ro,"","",,Romanian,Pătrașcu Lucian-Marius,2021-07-08T18:34:15Z
48648,Somon de Atlantic,ro,"","",http://www.catalogueoflife.org/annual-checklist/details/species/id/10078694/common/45699,Romanian,iSea,2021-07-09T13:33:38Z
25312,Broasca de pământ brună,ro,"","",,Romanian,Pătrașcu Lucian-Marius,2021-07-10T10:26:20Z
25313,Broască de pământ verde,ro,"","",,Romanian,Pătrașcu Lucian-Marius,2021-07-10T10:27:08Z
55972,Crușin,ro,"","",,Romanian,Pătrașcu Lucian-Marius,2021-07-10T10:28:03Z
41796,Jder de copac,ro,"","",,Romanian,Pătrașcu Lucian-Marius,2021-07-10T19:38:32Z
201035,Acvilă țipătoare,ro,"","",,Romanian,Pătrașcu Lucian-Marius,2021-07-10T20:51:28Z
4641,Vânturel de seară,ro,"","",,Romanian,Pătrașcu Lucian-Marius,2021-07-11T08:09:45Z
97022,Croitorul mare al stejarului,ro,"","",,Romanian,Pătrașcu Lucian-Marius,2021-07-11T08:10:20Z
3947,Sitar de mal,ro,"","",,Romanian,Pătrașcu Lucian-Marius,2021-07-11T08:11:22Z
45836,Hârciog,ro,"","",,Romanian,Pătrașcu Lucian-Marius,2021-07-11T08:12:48Z
7102,Gâscă cu gât roșu,ro,"","",,Romanian,Pătrașcu Lucian-Marius,2021-07-11T08:13:16Z
3863,Fugaci roşcat,ro,"","",,Romanian,Pătrașcu Lucian-Marius,2021-07-11T08:13:50Z
3896,Culic mare,ro,"","",,Romanian,Pătrașcu Lucian-Marius,2021-07-11T08:14:29Z
84862,Rac de râu,ro,"","",,Romanian,Pătrașcu Lucian-Marius,2021-07-11T08:16:51Z
5178,Erete alb,ro,"","",,Romanian,Pătrașcu Lucian-Marius,2021-07-11T08:22:53Z
4209,Corcodelul de iarnă,ro,"","",,Romanian,Pătrașcu Lucian-Marius,2021-07-11T08:24:06Z
3919,Becaţină mare,ro,"","",,Romanian,Pătrașcu Lucian-Marius,2021-07-11T08:25:11Z
108020,Gândac sihastru,ro,"","",,Romanian,Pătrașcu Lucian-Marius,2021-07-11T08:29:08Z
61318,Rodul Pământului,ro,"","",,Romanian,Pătrașcu Lucian-Marius,2021-07-11T12:04:03Z
113003,Clean,ro,"","",,Romanian,Pătrașcu Lucian-Marius,2021-07-11T18:44:24Z
47514,Pastrav,ro,"","",http://www.catalogueoflife.org/annual-checklist/details/species/id/10085785/common/350745,Romanian,,2021-07-12T15:47:03Z
112581,Iaprac,ro,"","",http://www.catalogueoflife.org/annual-checklist/details/species/id/10081697/common/84406,Romanian,iSea,2021-07-13T15:07:02Z
112581,Iarma,ro,"","",http://www.catalogueoflife.org/annual-checklist/details/species/id/10081697/common/84405,Romanian,iSea,2021-07-13T15:07:13Z
112581,Moaca,ro,"","",http://www.catalogueoflife.org/annual-checklist/details/species/id/10081697/common/84397,Romanian,iSea,2021-07-13T15:07:25Z
112581,Somn,ro,"","",http://www.catalogueoflife.org/annual-checklist/details/species/id/10081697/common/84367,Romanian,iSea,2021-07-13T15:07:34Z
112581,Somn-pana,ro,"","",http://www.catalogueoflife.org/annual-checklist/details/species/id/10081697/common/84366,Romanian,iSea,2021-07-13T15:07:44Z
112581,Somotei,ro,"","",http://www.catalogueoflife.org/annual-checklist/details/species/id/10081697/common/84365,Romanian,iSea,2021-07-13T15:07:53Z
93186,Viza,ro,"","",http://www.catalogueoflife.org/annual-checklist/details/species/id/10053447/common/175224,Romanian,,2021-07-13T15:16:42Z
102975,Viza,ro,"","",http://www.catalogueoflife.org/annual-checklist/details/species/id/10053457/common/230177,Romanian,operculum_ben,2021-07-13T15:16:43Z
102975,Morun,ro,"","",http://www.catalogueoflife.org/annual-checklist/details/species/id/10053457/common/230096,Romanian,operculum_ben,2021-07-13T15:20:02Z
50873,Rechin alb,ro,"","",http://www.catalogueoflife.org/annual-checklist/details/species/id/10064513/common/239568,Romanian,iSea,2021-07-13T19:28:02Z
50873,Rechin mancator de oameni,ro,"","",http://www.catalogueoflife.org/annual-checklist/details/species/id/10064513/common/239566,Romanian,iSea,2021-07-13T19:28:13Z
112841,Rechin de Groelanda,ro,"","",http://www.catalogueoflife.org/annual-checklist/details/species/id/10083921/common/148589,Romanian,Victor HOYEAU,2021-07-14T12:18:46Z
48156,Alâar,ro,"","",http://www.catalogueoflife.org/annual-checklist/details/species/id/10071449/common/135102,Romanian,iSea,2021-07-14T18:15:02Z
48156,Ciopic,ro,"","",http://www.catalogueoflife.org/annual-checklist/details/species/id/10071449/common/135110,Romanian,iSea,2021-07-14T18:15:19Z
48156,Guran,ro,"","",http://www.catalogueoflife.org/annual-checklist/details/species/id/10071449/common/135117,Romanian,iSea,2021-07-14T18:15:35Z
48156,Salau,ro,"","",http://www.catalogueoflife.org/annual-checklist/details/species/id/10071449/common/135134,Romanian,iSea,2021-07-14T18:15:45Z
48156,Strapazan,ro,"","",http://www.catalogueoflife.org/annual-checklist/details/species/id/10071449/common/135165,Romanian,iSea,2021-07-14T18:16:07Z
114979,Suduc,ro,"","",http://www.catalogueoflife.org/annual-checklist/details/species/id/10061275/common/227492,Romanian,Victor HOYEAU,2021-07-14T18:16:21Z
48156,Suduc,ro,"","",http://www.catalogueoflife.org/annual-checklist/details/species/id/10071449/common/135168,Romanian,iSea,2021-07-14T18:16:22Z
48156,Zmug,ro,"","",http://www.catalogueoflife.org/annual-checklist/details/species/id/10071449/common/135179,Romanian,iSea,2021-07-14T18:16:35Z
128274,Crap argintiu,ro,"","",http://www.catalogueoflife.org/annual-checklist/details/species/id/10059694/common/257255,Romanian,,2021-07-15T15:27:52Z
128274,Crap-chinezesc-argintiu,ro,"","",http://www.catalogueoflife.org/annual-checklist/details/species/id/10059694/common/257254,Romanian,,2021-07-15T15:28:03Z
3731,Lopătar,ro,"","",,Romanian,Pătrașcu Lucian-Marius,2021-07-16T09:37:52Z
93179,Sturion de Siberia,ro,"","",http://www.catalogueoflife.org/annual-checklist/details/species/id/10053439/common/175449,Romanian,,2021-07-16T12:18:35Z
49590,Biban cu gura mica,ro,"","",http://www.catalogueoflife.org/annual-checklist/details/species/id/10069302/common/103705,Romanian,,2021-07-16T19:39:39Z
49587,Biban cu gura mare,ro,"","",http://www.catalogueoflife.org/annual-checklist/details/species/id/10069306/common/103635,Romanian,Victor HOYEAU,2021-07-16T19:49:03Z
6916,Lebădă de iarnă,ro,"","",,Romanian,Pătrașcu Lucian-Marius,2021-07-17T20:52:57Z
13996,Brumăriță de stâncă,ro,"","",,Romanian,Pătrașcu Lucian-Marius,2021-07-18T12:40:16Z
461931,Plevaiță,ro,"","",,Romanian,Pătrașcu Lucian-Marius,2021-07-18T12:49:26Z
62339,Lumânărica,ro,"","",,Romanian,Pătrașcu Lucian-Marius,2021-07-18T12:50:29Z
47516,Pastrav curcubeu,ro,"","",http://www.catalogueoflife.org/annual-checklist/details/species/id/10078654/common/19174,Romanian,,2021-07-19T12:27:46Z
47516,Păstrăv curcubeu,ro,"","",,Romanian,Zane Roskoph,2021-07-19T12:28:10Z
111974,Pastrav alpin,ro,"","",,Romanian,Zane Roskoph,2021-07-19T18:57:10Z
50984,Lufar,ro,"","",,Romanian,Zane Roskoph,2021-07-20T12:51:33Z
93189,Cigã,ro,"","",http://www.catalogueoflife.org/annual-checklist/details/species/id/10053450/common/175177,Romanian,,2021-07-21T17:44:55Z
5083,Acvilă de stepă,ro,"","",,Romanian,Pătrașcu Lucian-Marius,2021-07-22T17:45:53Z
114230,Mreana,ro,"","",,Romanian,Zane Roskoph,2021-07-27T13:30:36Z
99786,Țipar electric,ro,"","",https://eol.org/pages/206595,Romanian,,2021-07-29T03:18:44Z
41970,Jaguar,ro,"","",,Romanian,Zane Roskoph,2021-07-30T12:16:10Z
41972,Leopard pătat,ro,"","",,Romanian,Zane Roskoph,2021-07-30T13:00:12Z
26076,crocodil filipinez,ro,"","",https://eol.org/pages/795279,Romanian,,2021-07-30T15:08:20Z
116940,Grelușel de stuf,ro,"","",,Romanian,Pătrașcu Lucian-Marius,2021-07-31T08:52:15Z
42007,Pumă,ro,"","",,Romanian,Zane Roskoph,2021-08-01T01:50:58Z
123749,Urs Kermode,ro,"","",,Romanian,Zane Roskoph,2021-08-02T00:42:27Z
30472,Cobra regală,ro,"","",https://eol.org/pages/1055746,Romanian,,2021-08-02T18:35:51Z
26081,crocodil de Orinoco,ro,"","",https://eol.org/pages/795281,Romanian,,2021-08-02T23:29:12Z
52188,Rechin-balenă,ro,"","",https://eol.org/pages/46559686,Romanian,,2021-08-03T14:07:26Z
112841,Rechin boreal,ro,"","",,Romanian,Zane Roskoph,2021-08-03T15:34:58Z
331121,Limetă,ro,"","",,Romanian,Zane Roskoph,2021-08-10T12:27:05Z
123356,Chitru,ro,"","",,Romanian,Zane Roskoph,2021-08-10T12:47:35Z
765432,Yuzu,ro,"","",,Romanian,Zane Roskoph,2021-08-10T13:10:45Z
915545,Sudachi,ro,"","",,Romanian,Zane Roskoph,2021-08-10T13:19:37Z
35347,Iguană marină,ro,"","",,Romanian,Zane Roskoph,2021-08-10T19:52:24Z
41644,Urs polar,ro,"","",https://eol.org/pages/46559143,Romanian,,2021-08-11T16:59:35Z
18941,Kea,ro,"","",,Romanian,Zane Roskoph,2021-08-12T14:34:39Z
41955,Ghepard,ro,"","",,Romanian,Zane Roskoph,2021-08-13T12:22:36Z
112581,balaur,ro,"","",,Romanian,Zane Roskoph,2021-08-14T18:37:49Z
41553,kaalengo tšimb,ro,"","",,Romanian,Zane Roskoph,2021-08-15T15:17:03Z
41461,Balena-albă,ro,"","",https://eol.org/pages/46559337,Romanian,,2021-08-15T20:12:58Z
41461,Delfinul alb,ro,"","",,Romanian,Zane Roskoph,2021-08-15T20:27:00Z
41964,Leu,ro,"","",,Romanian,Zane Roskoph,2021-08-24T12:34:30Z
74831,Leopardul zăpezilor,ro,"","",,Romanian,Zane Roskoph,2021-08-25T11:59:10Z
42407,Zimbru,ro,"","",,Romanian,Zane Roskoph,2021-08-25T13:58:02Z
42052,Lup roșu,ro,"","",,Romanian,Zane Roskoph,2021-08-25T15:37:03Z
130796,Tigru siberian,ro,"","",,Romanian,Zane Roskoph,2021-08-26T14:43:08Z
130796,Tigrul siberian,ro,"","",,Romanian,Zane Roskoph,2021-08-26T14:43:23Z
41967,tigru,ro,"","",,Romanian,Zane Roskoph,2021-08-26T16:28:39Z
130799,Tigru de Sumatra,ro,"","",,Romanian,Zane Roskoph,2021-08-26T17:03:29Z
130799,Tigru balinez,ro,"","",,Romanian,Zane Roskoph,2021-08-26T17:53:56Z
130799,Tigru javaian,ro,"","",,Romanian,Zane Roskoph,2021-08-27T11:44:58Z
130793,Tigru bengalez,ro,"","",,Romanian,Zane Roskoph,2021-08-27T12:37:07Z
130793,Tigru bengal,ro,"","",,Romanian,Zane Roskoph,2021-08-27T12:37:25Z
130793,Tigru malaezian,ro,"","",,Romanian,Zane Roskoph,2021-08-27T13:58:07Z
130793,Tigru indochinez,ro,"","",,Romanian,Zane Roskoph,2021-08-27T14:14:57Z
27677,Proteu de peșteră,ro,"","",,Romanian,Zane Roskoph,2021-08-27T15:14:53Z
130796,Tigru caspic,ro,"","",,Romanian,Zane Roskoph,2021-08-27T15:45:06Z
49225,Hering de vara,ro,"","",http://www.catalogueoflife.org/annual-checklist/details/species/id/10058014/common/67643,Romanian,,2021-08-31T12:22:49Z
53744,Calcan de vara,ro,"","",http://www.catalogueoflife.org/annual-checklist/2012/details/species/id/9741333,Romanian,,2021-08-31T12:47:04Z
57066,Sulfină galbenă,ro,"","",,Romanian,Charlie A.,2021-09-08T14:48:52Z
55847,Salbă moale,ro,"","",,Romanian,Pătrașcu Lucian-Marius,2021-09-09T14:20:08Z
55971,Vetrice,ro,"","",,Romanian,Pătrașcu Lucian-Marius,2021-09-09T14:21:22Z
58045,holeră,ro,"","",,Romanian,Pătrașcu Lucian-Marius,2021-09-10T13:15:57Z
58045,scaiete muscălesc,ro,"","",,Romanian,Pătrașcu Lucian-Marius,2021-09-10T13:16:28Z
58045,scaiete mocănesc,ro,"","",,Romanian,Pătrașcu Lucian-Marius,2021-09-10T13:16:47Z
58045,spin alb,ro,"","",,Romanian,Pătrașcu Lucian-Marius,2021-09-10T13:17:03Z
58045,asprică,ro,"","",,Romanian,Pătrașcu Lucian-Marius,2021-09-10T13:17:19Z
7363,Ciocârlie de pădure,ro,"","",,Romanian,Pătrașcu Lucian-Marius,2021-09-10T15:26:17Z
62749,Coada rândunicii,ro,"","",,Romanian,Pătrașcu Lucian-Marius,2021-09-11T12:25:16Z
3838,Fugaci mic,ro,"","",,Romanian,Pătrașcu Lucian-Marius,2021-09-16T09:51:44Z
3857,Fugaci de țărm,ro,"","",,Romanian,Pătrașcu Lucian-Marius,2021-09-16T10:09:27Z
118688,Cocosel de mare,ro,"","",http://www.catalogueoflife.org/annual-checklist/2012/details/species/id/9741333,Romanian,,2021-09-17T23:05:58Z
118693,Cocosel de mare,ro,"","",http://www.catalogueoflife.org/annual-checklist/2012/details/species/id/9741333,Romanian,,2021-09-17T23:05:59Z
60214,Teișor,ro,"","",,Romanian,Pătrașcu Lucian-Marius,2021-09-18T12:31:21Z
114126,Ton rosu,ro,"","",http://www.catalogueoflife.org/annual-checklist/2012/details/species/id/9741333,Romanian,Donald Davesne,2021-09-18T18:46:05Z
114122,Ton alb,ro,"","",http://www.catalogueoflife.org/annual-checklist/2012/details/species/id/9741333,Romanian,iSea,2021-09-18T19:16:33Z
114122,Ton cu inotatoare lungi,ro,"","",http://www.catalogueoflife.org/annual-checklist/2012/details/species/id/9741333,Romanian,iSea,2021-09-18T19:16:42Z
49601,Peste luna,ro,"","",http://www.catalogueoflife.org/annual-checklist/2012/details/species/id/9741333,Romanian,Victor HOYEAU,2021-09-19T15:40:30Z
49601,Mambo,ro,"","",,Romanian,Zane Roskoph,2021-09-19T15:41:25Z
51362,Hering de primavara,ro,"","",http://www.catalogueoflife.org/annual-checklist/2012/details/species/id/9741333,Romanian,,2021-09-19T18:38:12Z
180029,Hering de primavara,ro,"","",http://www.catalogueoflife.org/annual-checklist/2012/details/species/id/9741333,Romanian,,2021-09-19T18:38:12Z
47257,Palamida-stiuca,ro,"","",http://www.catalogueoflife.org/annual-checklist/2012/details/species/id/9741333,Romanian,,2021-09-20T00:46:05Z
106742,Guvid de balta,ro,"","",http://www.catalogueoflife.org/annual-checklist/2012/details/species/id/9741333,Romanian,,2021-09-22T14:57:18Z
108184,Guvid de balta,ro,"","",http://www.catalogueoflife.org/annual-checklist/2012/details/species/id/9741333,Romanian,,2021-09-22T14:57:19Z
110054,Guvid de balta,ro,"","",http://www.catalogueoflife.org/annual-checklist/2012/details/species/id/9741333,Romanian,,2021-09-22T14:57:19Z
110669,Guvid de balta,ro,"","",http://www.catalogueoflife.org/annual-checklist/2012/details/species/id/9741333,Romanian,,2021-09-22T14:57:19Z
224886,Merluciu argintiu,ro,"","",http://www.catalogueoflife.org/annual-checklist/2012/details/species/id/9741333,Romanian,Mirko Schoenitz,2021-10-02T14:29:49Z
126149,Viespilor aurii,ro,"","",,Romanian,villu,2021-10-03T07:50:59Z
93644,Somon-lup,ro,"","",http://www.catalogueoflife.org/annual-checklist/2012/details/species/id/9741333,Romanian,,2021-10-03T14:16:50Z
129115,Mușcata dracului,ro,"","",,Romanian,Pătrașcu Lucian-Marius,2021-10-04T12:39:17Z
4892,Ploier argintiu,ro,"","",,Romanian,Pătrașcu Lucian-Marius,2021-10-07T11:17:42Z
77295,Lemn dulce,ro,"","",,Romanian,Pătrașcu Lucian-Marius,2021-10-10T18:36:41Z
77295,răculeț,ro,"","",,Romanian,Pătrașcu Lucian-Marius,2021-10-10T18:37:04Z
55854,Ciumăfaie,ro,"","",,Romanian,Pătrașcu Lucian-Marius,2021-10-10T19:19:31Z
17669,Ciocănitoare de munte,ro,"","",,Romanian,Pătrașcu Lucian-Marius,2021-10-11T10:00:30Z
53779,Hamei,ro,"","",,Romanian,Pătrașcu Lucian-Marius,2021-10-11T12:33:15Z
79141,Zârnă,ro,"","",,Romanian,Pătrașcu Lucian-Marius,2021-10-11T13:26:55Z
513926,Cârstel de baltă,ro,"","",,Romanian,Pătrașcu Lucian-Marius,2021-10-11T19:09:35Z
4237,Corcodel mic,ro,"","",,Romanian,Pătrașcu Lucian-Marius,2021-10-11T19:11:24Z
117048,Pitulice sfârâitoare,ro,"","",,Romanian,Pătrașcu Lucian-Marius,2021-10-11T19:14:30Z
5074,Acvilă de munte,ro,"","",,Romanian,Pătrașcu Lucian-Marius,2021-10-11T19:17:04Z
4381,Pescăruș negricios,ro,"","",,Romanian,Pătrașcu Lucian-Marius,2021-10-11T19:19:11Z
7068,Călifar roșu,ro,"","",,Romanian,Pătrașcu Lucian-Marius,2021-10-15T20:30:09Z
41808,Hermină,ro,"","",,Romanian,Pătrașcu Lucian-Marius,2021-10-16T15:32:01Z
41808,Hermelină,ro,"","",,Romanian,Pătrașcu Lucian-Marius,2021-10-16T15:32:23Z
95072,Botog,ro,"","",http://www.catalogueoflife.org/annual-checklist/2012/details/species/id/9741333,Romanian,Victor HOYEAU,2021-10-18T00:11:00Z
47256,Botog,ro,"","",http://www.catalogueoflife.org/annual-checklist/2012/details/species/id/9741333,Romanian,Donald Davesne,2021-10-18T00:11:00Z
47251,Botog,ro,"","",http://www.catalogueoflife.org/annual-checklist/2012/details/species/id/9741333,Romanian,,2021-10-18T00:11:00Z
81554,Somn de canal,ro,"","",http://www.catalogueoflife.org/annual-checklist/2012/details/species/id/9741333,Romanian,,2021-10-18T00:21:04Z
81554,Somn patat,ro,"","",http://www.catalogueoflife.org/annual-checklist/2012/details/species/id/9741333,Romanian,,2021-10-18T00:21:14Z
58654,Somn american,ro,"","",http://www.catalogueoflife.org/annual-checklist/2012/details/species/id/9741333,Romanian,,2021-10-18T00:30:56Z
58654,Bici-cu-coarne,ro,"","",http://www.catalogueoflife.org/annual-checklist/2012/details/species/id/9741333,Romanian,,2021-10-18T00:31:05Z
58654,Somn pitic,ro,"","",http://www.catalogueoflife.org/annual-checklist/2012/details/species/id/9741333,Romanian,,2021-10-18T00:31:16Z
120657,Peste zburator,ro,"","",http://www.catalogueoflife.org/annual-checklist/2012/details/species/id/9741333,Romanian,,2021-10-23T14:36:53Z
3865,Fugaci pătat,ro,"","",,Romanian,Pătrașcu Lucian-Marius,2021-10-24T07:21:50Z
4858,Nagâţ de stepă,ro,"","",,Romanian,Pătrașcu Lucian-Marius,2021-10-24T07:22:56Z
13113,Muscar mic,ro,"","",,Romanian,Pătrașcu Lucian-Marius,2021-10-24T10:06:30Z
131586,Brândușă de toamnă,ro,"","",,Romanian,Pătrașcu Lucian-Marius,2021-10-26T21:39:32Z
41800,Jder de piatră,ro,"","",,Romanian,Pătrașcu Lucian-Marius,2021-10-27T19:02:36Z
922459,Pisică sălbatică,ro,"","",,Romanian,Pătrașcu Lucian-Marius,2021-11-09T15:22:16Z
52998,Cucută,ro,"","",,Romanian,Pătrașcu Lucian-Marius,2021-11-14T12:54:21Z
55721,Gușa porumbelului,ro,"","",,Romanian,Pătrașcu Lucian-Marius,2021-11-14T13:55:01Z
569428,Nevăstuică,ro,"","",,Romanian,Pătrașcu Lucian-Marius,2021-11-20T09:01:06Z
58320,Oțetar galben,ro,"","",,Romanian,Pătrașcu Lucian-Marius,2021-11-27T21:34:38Z
58205,Mărul cailor,ro,"","",,Romanian,Pătrașcu Lucian-Marius,2021-12-05T10:26:27Z
6917,Lebădă mică,ro,"","",,Romanian,Pătrașcu Lucian-Marius,2021-12-11T12:49:28Z
43997,Nutrie,ro,"","",,Romanian,Pătrașcu Lucian-Marius,2021-12-11T15:43:42Z
46631,Chițcan de grădină,ro,"","",,Romanian,Pătrașcu Lucian-Marius,2021-12-13T22:08:31Z
831,Potârniche,ro,"","",,Romanian,Pătrașcu Lucian-Marius,2021-12-14T03:40:55Z
20059,Buhă,ro,"","",,Romanian,Pătrașcu Lucian-Marius,2021-12-14T03:50:51Z
204472,Șorecar comun,ro,"","",,Romanian,Pătrașcu Lucian-Marius,2021-12-14T18:46:04Z
18301,Ghionoaie sură,ro,"","",,Romanian,Pătrașcu Lucian-Marius,2021-12-15T16:48:13Z
82904,Ghimpe pădureț,ro,"","",,Romanian,Pătrașcu Lucian-Marius,2021-12-15T21:24:48Z
9193,Presură de munte,ro,"","",,Romanian,Pătrașcu Lucian-Marius,2021-12-19T09:16:50Z
13713,Fâsă de munte,ro,"","",,Romanian,Pătrașcu Lucian-Marius,2021-12-19T09:17:28Z
558438,Rață lingurar,ro,"","",,Romanian,Pătrașcu Lucian-Marius,2021-12-19T09:25:35Z
7067,Călifar alb,ro,"","",,Romanian,Pătrașcu Lucian-Marius,2021-12-19T09:29:04Z
116999,Uligan pescar,ro,"","",,Romanian,Pătrașcu Lucian-Marius,2021-12-19T20:06:28Z
3959,Notatiţă cu cioc subţire,ro,"","",,Romanian,Pătrașcu Lucian-Marius,2021-12-19T20:07:48Z
3882,Fluierar negru,ro,"","",,Romanian,Pătrașcu Lucian-Marius,2021-12-20T16:20:29Z
4883,Ciocîntors,ro,"","",,Romanian,Pătrașcu Lucian-Marius,2021-12-22T11:46:48Z
144517,Pescăruşul cu cap negru,ro,"","",,Romanian,Pătrașcu Lucian-Marius,2021-12-23T14:28:20Z
4512,Chirighiţă neagră,ro,"","",,Romanian,Pătrașcu Lucian-Marius,2021-12-23T14:29:07Z
59202,Pescăruş cu picioare galbene,ro,"","",,Romanian,Pătrașcu Lucian-Marius,2021-12-23T14:29:55Z
3849,Nisipar,ro,"","",,Romanian,Pătrașcu Lucian-Marius,2021-12-23T14:32:17Z
4368,Pescăruș negru,ro,"","",,Romanian,Pătrașcu Lucian-Marius,2021-12-27T10:24:19Z
18911,Papagalul micul Alexander,ro,"","",,Romanian,Pătrașcu Lucian-Marius,2021-12-27T10:26:22Z
7107,Rață cu ochi de șoim,ro,"","",,Romanian,Pătrașcu Lucian-Marius,2021-12-27T10:27:12Z
6933,Rață sulițar,ro,"","",,Romanian,Pătrașcu Lucian-Marius,2021-12-28T15:25:17Z
7018,Gâscă de vară,ro,"","",,Romanian,Pătrașcu Lucian-Marius,2021-12-28T15:25:42Z
43151,Iepurele de vizuină,ro,"","",,Romanian,Pătrașcu Lucian-Marius,2021-12-29T10:42:36Z
56529,Fluturele coada rândunicii,ro,"","",,Romanian,Pătrașcu Lucian-Marius,2022-01-01T17:25:33Z
556656,Triton comun,ro,"","",,Romanian,Pătrașcu Lucian-Marius,2022-01-02T17:52:22Z
4647,Șoim călător,ro,"","",,Romanian,Pătrașcu Lucian-Marius,2022-01-10T18:59:31Z
44918,grivan,ro,"","",,Romanian,Pătrașcu Lucian-Marius,2022-01-12T21:42:40Z
44918,hamster dobrogean,ro,"","",,Romanian,Pătrașcu Lucian-Marius,2022-01-12T21:43:03Z
4923,Pasărea ogorului,ro,"","",,Romanian,Pătrașcu Lucian-Marius,2022-01-12T22:01:30Z
5126,Uliu cu picioare scurte,ro,"","",,Romanian,Pătrașcu Lucian-Marius,2022-01-13T01:01:37Z
3881,Fluierar de lac,ro,"","",,Romanian,Pătrașcu Lucian-Marius,2022-01-13T01:02:24Z
3837,Fugaci pitic,ro,"","",,Romanian,Pătrașcu Lucian-Marius,2022-01-13T01:03:12Z
144536,Pescăriță râzătoare,ro,"","",,Romanian,Pătrașcu Lucian-Marius,2022-01-13T01:05:55Z
116918,Frunzăriță galbenă,ro,"","",,Romanian,Pătrașcu Lucian-Marius,2022-01-13T01:06:29Z
7192,Ferestraș mic,ro,"","",,Romanian,Pătrașcu Lucian-Marius,2022-01-13T01:07:09Z
4514,Chirighiță cu aripi albe,ro,"","",,Romanian,Pătrașcu Lucian-Marius,2022-01-13T01:09:02Z
144541,Chiră de mare,ro,"","",,Romanian,Pătrașcu Lucian-Marius,2022-01-13T01:10:12Z
13133,Muscar gulerat,ro,"","",,Romanian,Pătrașcu Lucian-Marius,2022-01-13T01:12:44Z
13071,Gușă albastră,ro,"","",,Romanian,Pătrașcu Lucian-Marius,2022-01-13T01:13:26Z
318836,Becațină comună,ro,"","",,Romanian,Pătrașcu Lucian-Marius,2022-01-13T01:26:21Z
4801,Prundăraș gulerat mare,ro,"","",,Romanian,Pătrașcu Lucian-Marius,2022-01-13T01:28:12Z
13075,Privighetoare de zăvoi,ro,"","",,Romanian,Pătrașcu Lucian-Marius,2022-01-13T10:59:18Z
558439,Rață pestriță,ro,"","",,Romanian,Pătrașcu Lucian-Marius,2022-01-13T11:00:27Z
116791,Lăcar cafeniu,ro,"","",,Romanian,Pătrașcu Lucian-Marius,2022-01-13T11:03:34Z
18448,capîntortură,ro,"","",,Romanian,Pătrașcu Lucian-Marius,2022-01-13T11:05:13Z
6638,Drepnea neagră,ro,"","",,Romanian,Pătrașcu Lucian-Marius,2022-01-13T11:05:52Z
4356,Pescăruș sur,ro,"","",,Romanian,Pătrașcu Lucian-Marius,2022-01-13T11:06:18Z
792977,Ciocănitoarea pestriță mică,ro,"","",,Romanian,Pătrașcu Lucian-Marius,2022-01-13T11:07:43Z
7019,Gârliță mare,ro,"","",,Romanian,Pătrașcu Lucian-Marius,2022-01-13T11:10:35Z
144537,Pescăriță mare,ro,"","",,Romanian,Pătrașcu Lucian-Marius,2022-01-13T11:11:15Z
117000,Pițigoi de stuf,ro,"","",,Romanian,Pătrașcu Lucian-Marius,2022-01-13T11:11:48Z
144521,Pescăruş asiatic,ro,"","",,Romanian,Pătrașcu Lucian-Marius,2022-01-13T11:13:09Z
116804,Lăcar mic,ro,"","",,Romanian,Pătrașcu Lucian-Marius,2022-01-13T11:14:05Z
5033,Buhai de baltă,ro,"","",,Romanian,Pătrașcu Lucian-Marius,2022-01-13T11:15:53Z
4672,Șoim de iarnă,ro,"","",,Romanian,Pătrașcu Lucian-Marius,2022-01-13T11:37:24Z
3901,Culic mic,ro,"","",,Romanian,Pătrașcu Lucian-Marius,2022-01-13T11:38:05Z
578093,Ciocârlie de stol,ro,"","",,Romanian,Pătrașcu Lucian-Marius,2022-01-13T11:38:40Z
339594,Prundaș de nămol,ro,"","",,Romanian,Pătrașcu Lucian-Marius,2022-01-13T11:39:39Z
13854,Vrabie negricioasă,ro,"","",,Romanian,Pătrașcu Lucian-Marius,2022-01-13T11:40:17Z
7122,Rață cu ciuf,ro,"","",,Romanian,Pătrașcu Lucian-Marius,2022-01-13T11:40:46Z
201180,Frunzăriţă cenuşie,ro,"","",,Romanian,Pătrașcu Lucian-Marius,2022-01-13T11:41:52Z
144830,Pițigoi moțat,ro,"","",,Romanian,Pătrașcu Lucian-Marius,2022-01-13T11:42:24Z
116799,Privighetoare de baltă,ro,"","",,Romanian,Pătrașcu Lucian-Marius,2022-01-13T11:43:01Z
12830,Pietrar negru,ro,"","",,Romanian,Pătrașcu Lucian-Marius,2022-01-13T11:43:24Z
12039,Sfrâncioc cu cap roșu,ro,"","",,Romanian,Pătrașcu Lucian-Marius,2022-01-13T11:45:19Z
6914,Lebădă neagră,ro,"","",,Romanian,Pătrașcu Lucian-Marius,2022-01-13T11:45:54Z
20244,Ciuş,ro,"","",,Romanian,Pătrașcu Lucian-Marius,2022-01-13T11:49:40Z
14840,Fluturaș de stâncă,ro,"","",,Romanian,Pătrașcu Lucian-Marius,2022-01-13T11:51:16Z
7294,Ciocârlie urecheată,ro,"","",,Romanian,Pătrașcu Lucian-Marius,2022-01-13T11:51:58Z
7101,Gâscă călugăriţă,ro,"","",,Romanian,Pătrașcu Lucian-Marius,2022-01-13T11:52:29Z
5268,Gaie neagră,ro,"","",,Romanian,Pătrașcu Lucian-Marius,2022-01-13T11:52:58Z
5167,Erete sur,ro,"","",,Romanian,Pătrașcu Lucian-Marius,2022-01-13T11:53:48Z
178,Cresteț pestriț,ro,"","",,Romanian,Pătrașcu Lucian-Marius,2022-01-13T11:58:42Z
558441,Rață fluierătoare,ro,"","",,Romanian,Pătrașcu Lucian-Marius,2022-01-13T11:59:04Z
204512,Muscar negru,ro,"","",,Romanian,Pătrașcu Lucian-Marius,2022-01-13T12:19:35Z
20445,Strigă,ro,"","",,Romanian,Pătrașcu Lucian-Marius,2022-01-13T12:20:54Z
73203,Notatiţă cu cioc lat,ro,"","",,Romanian,Pătrașcu Lucian-Marius,2022-01-13T12:21:46Z
72486,Gâscă egipteană,ro,"","",,Romanian,Pătrașcu Lucian-Marius,2022-01-13T12:23:15Z
13687,Codobatură cu cap galben,ro,"","",,Romanian,Pătrașcu Lucian-Marius,2022-01-13T12:28:03Z
7106,Rață mandarin,ro,"","",,Romanian,Pătrașcu Lucian-Marius,2022-01-13T12:28:47Z
7008,Gâscă de India,ro,"","",,Romanian,Pătrașcu Lucian-Marius,2022-01-13T12:30:11Z
7004,Ferestraș mare,ro,"","",,Romanian,Pătrașcu Lucian-Marius,2022-01-13T12:37:26Z
5366,Vultur sur,ro,"","",,Romanian,Pătrașcu Lucian-Marius,2022-01-13T12:40:39Z
4889,Ploier auriu,ro,"","",,Romanian,Pătrașcu Lucian-Marius,2022-01-13T12:41:22Z
3969,Fluierar sur,ro,"","",,Romanian,Pătrașcu Lucian-Marius,2022-01-13T12:41:59Z
3879,Fluierar cu picioare roșii,ro,"","",,Romanian,Pătrașcu Lucian-Marius,2022-01-13T12:42:30Z
145300,Inăriță,ro,"","",,Romanian,Pătrașcu Lucian-Marius,2022-01-13T12:44:24Z
144792,Rândunică roșcată,ro,"","",,Romanian,Pătrașcu Lucian-Marius,2022-01-13T12:44:48Z
144287,Cocor mic,ro,"","",,Romanian,Pătrașcu Lucian-Marius,2022-01-13T12:47:08Z
204496,Cioara neagră,ro,"","",,Romanian,Pătrașcu Lucian-Marius,2022-01-19T10:03:16Z
95317,Mreană vânătă,ro,"","",,Romanian,Rotaru Razvan,2022-02-14T11:30:00Z
322024,Irizant mic,ro,"","",,Romanian,Rotaru Razvan,2022-02-14T11:32:25Z
54491,Alun,ro,"","",,Romanian,Rotaru Razvan,2022-02-14T11:33:48Z
163812,Cătină,ro,"","",,Romanian,Rotaru Razvan,2022-02-14T11:38:06Z
62340,Lobodă,ro,"","",,Romanian,Rotaru Razvan,2022-02-14T11:41:01Z
6990,Rață sunătoare,ro,"","",,Romanian,Pătrașcu Lucian-Marius,2022-03-08T16:03:25Z
55858,Corn,ro,"","",,Romanian,Pătrașcu Lucian-Marius,2022-03-12T23:16:31Z
7429,Mătăsar,ro,"","",,Romanian,Pătrașcu Lucian-Marius,2022-03-19T15:55:12Z
469472,măr,ro,"","",,Romanian,10423,2022-03-27T05:02:38Z
436401,Lalea pestriță,ro,"","",,Romanian,Pătrașcu Lucian-Marius,2022-03-28T00:31:36Z
54638,Papucul doamnei,ro,"","",,Romanian,Pătrașcu Lucian-Marius,2022-03-31T08:10:47Z
125440,Frasin comun,ro,"","",,Romanian,Pătrașcu Lucian-Marius,2022-03-31T08:15:13Z
437102,Lalea bănăţeană,ro,"","",,Romanian,Pătrașcu Lucian-Marius,2022-03-31T08:20:15Z
437102,Laleaua de Cazane,ro,"","",,Romanian,Pătrașcu Lucian-Marius,2022-03-31T08:20:42Z
51135,Ciuperca caracatiță,ro,"","",,Romanian,Pătrașcu Lucian-Marius,2022-03-31T08:26:29Z
51135,degetele diavolului,ro,"","",,Romanian,Pătrașcu Lucian-Marius,2022-03-31T08:26:52Z
60786,Dedițel,ro,"","",,Romanian,Pătrașcu Lucian-Marius,2022-03-31T08:31:49Z
60786,Floarea Paştelui,ro,"","",,Romanian,Pătrașcu Lucian-Marius,2022-03-31T08:32:15Z
45856,Pârșul de alun,ro,"","",,Romanian,Pătrașcu Lucian-Marius,2022-03-31T20:08:43Z
74383,Părș mare,ro,"","",,Romanian,Pătrașcu Lucian-Marius,2022-03-31T20:11:49Z
41812,Dihor,ro,"","",,Romanian,Pătrașcu Lucian-Marius,2022-03-31T20:17:39Z
41829,Dihor pătat,ro,"","",,Romanian,Pătrașcu Lucian-Marius,2022-03-31T20:20:58Z
55401,Fluturele alb al verzei,ro,"","",,Romanian,Pătrașcu Lucian-Marius,2022-04-08T11:10:05Z
5071,Acvilă de câmp,ro,"","",,Romanian,Pătrașcu Lucian-Marius,2022-04-13T07:12:12Z
4691,Șoim dunărean,ro,"","",,Romanian,Pătrașcu Lucian-Marius,2022-04-13T07:15:42Z
3962,fluierar cu coadă lungă,ro,"","",,Romanian,Pătrașcu Lucian-Marius,2022-04-17T10:44:33Z
1289488,Silvie porumbacă,ro,"","",https://www.inaturalist.org/taxon_names/2867375/edit,Romanian,,2022-04-18T20:56:53Z
1289484,Silvie mică,ro,"","",https://www.inaturalist.org/taxon_names/2556685/edit,Romanian,carnifex,2022-04-18T20:58:21Z
1289470,Silvie de câmp,ro,"","",https://www.inaturalist.org/taxon_names/2555090/edit,Romanian,rjq,2022-04-18T21:00:36Z
1289472,Silvie mediteraneană,ro,"","",https://www.inaturalist.org/taxon_names/2864930/edit,Romanian,,2022-04-18T21:08:12Z
56136,Grigiorei,ro,"","",,Romanian,Pătrașcu Lucian-Marius,2022-04-23T11:45:10Z
56136,Ciuboțele,ro,"","",,Romanian,Pătrașcu Lucian-Marius,2022-04-23T11:45:47Z
55845,Toporaş,ro,"","",,Romanian,Pătrașcu Lucian-Marius,2022-04-23T11:50:01Z
135104,Triton de munte,ro,"","",,Romanian,Pătrașcu Lucian-Marius,2022-04-23T17:19:12Z
64381,Triton carpatic,ro,"","",,Romanian,Pătrașcu Lucian-Marius,2022-04-23T17:20:39Z
19890,Huhurez bǎrbos,ro,"","",,Romanian,Pătrașcu Lucian-Marius,2022-04-25T20:53:01Z
169900,Cornaci,ro,"","",,Romanian,Pătrașcu Lucian-Marius,2022-04-29T00:02:56Z
51607,Ghiocel,ro,"","",,Romanian,nalagtus,2022-05-02T10:20:34Z
1289604,Cormoran moțat,ro,"","",https://www.inaturalist.org/taxon_names/2867381/edit,Romanian,max kirsch,2022-05-15T02:58:41Z
480298,Melc de grădină,ro,Romania,RO,,Romanian,Julia Minoda,2022-05-30T09:18:53Z
49131,Nu-Mă-Uita,ro,Romania,RO,,Romanian,Julia Minoda,2022-05-30T18:25:27Z
57560,Iepure al Capului,ro,"","",,Romanian,NGC 54,2022-06-05T14:46:04Z
7462,Cojoaica cu degete scurte,ro,"","",,Romanian,Codrin Bucur,2022-06-07T06:41:43Z
99496,Șarpe rău,ro,"","",,Romanian,Pătrașcu Lucian-Marius,2022-06-11T11:24:00Z
54763,Arțar,ro,"","",,Romanian,Pătrașcu Lucian-Marius,2022-06-12T19:28:58Z
776128,rac dungat,ro,"","",,Romanian,Pătrașcu Lucian-Marius,2022-06-25T04:05:26Z
45867,Pârș cu coada stufoasă,ro,"","",,Romanian,Pătrașcu Lucian-Marius,2022-06-25T06:41:42Z
47435,Ghizdei,ro,"","",,Romanian,u49a11vd,2022-07-25T05:50:19Z
55893,Turiță mare,ro,"","",,Romanian,u49a11vd,2022-07-25T06:03:15Z
50790,Linariță,ro,"","",,Romanian,u49a11vd,2022-07-25T06:24:02Z
61321,Răchitan,ro,"","",,Romanian,u49a11vd,2022-07-25T06:26:07Z
76610,Morcov sălbatic,ro,"","",,Romanian,u49a11vd,2022-07-25T06:29:06Z
1320685,Șovârvariță,ro,"","",,Romanian,u49a11vd,2022-07-25T06:32:25Z
79441,Mușețel nemirositor,ro,"","",,Romanian,u49a11vd,2022-07-25T06:37:01Z
61116,Buzdugan de apă,ro,"","",,Romanian,u49a11vd,2022-07-25T07:01:15Z
60462,Crin de baltă,ro,"","",,Romanian,u49a11vd,2022-07-25T07:03:25Z
55399,Varză de mare,ro,"","",,Romanian,u49a11vd,2022-07-25T07:10:49Z
51884,Urzică,ro,"","",,Romanian,u49a11vd,2022-07-25T07:13:38Z
56077,Sunătoare,ro,"","",,Romanian,u49a11vd,2022-07-25T07:14:35Z
75445,Mărar,ro,"","",,Romanian,u49a11vd,2022-07-25T07:15:44Z
55756,Pălăria cucului,ro,"","",,Romanian,u49a11vd,2022-07-25T07:21:00Z
204339,Urzică moartă galbenă,ro,"","",,Romanian,u49a11vd,2022-07-25T07:27:29Z
55828,Urzică moartă,ro,"","",,Romanian,u49a11vd,2022-07-25T07:29:48Z
61769,Muma pădurii,ro,"","",,Romanian,u49a11vd,2022-07-25T07:31:10Z
356007,Varză tătărască,ro,"","",,Romanian,u49a11vd,2022-07-25T07:34:30Z
40029,Țestoasă dobrogeană,ro,"","",,Romanian,u49a11vd,2022-07-25T07:38:15Z
351321,Iuțar,ro,"","",,Romanian,u49a11vd,2022-07-25T07:47:57Z
54134,Coadă de curcan,ro,"","",,Romanian,u49a11vd,2022-07-25T07:49:55Z
50813,Urechea lui Iuda,ro,"","",,Romanian,u49a11vd,2022-07-25T07:52:02Z
55724,Tătăneasă,ro,"","",,Romanian,u49a11vd,2022-07-25T07:55:20Z
58961,Pătlagină mare,ro,"","",,Romanian,u49a11vd,2022-07-25T08:02:05Z
57850,Nufăr galben,ro,"","",,Romanian,u49a11vd,2022-07-25T08:03:13Z
78237,Plutică,ro,"","",,Romanian,u49a11vd,2022-07-25T08:04:34Z
56228,Croitorul fagului,ro,"","",,Romanian,u49a11vd,2022-07-25T08:07:59Z
49825,Sturioni,ro,"","",,Romanian,u49a11vd,2022-08-02T20:29:51Z
79156,Susai,ro,"","",,Romanian,u49a11vd,2022-08-03T11:31:42Z
170140,Lumânărică,ro,"","",,Romanian,u49a11vd,2022-08-03T11:35:35Z
56162,Nalbă,ro,"","",,Romanian,u49a11vd,2022-08-03T11:37:32Z
77902,Cătină de garduri,ro,"","",,Romanian,u49a11vd,2022-08-03T11:41:18Z
77836,Caprifoi tătăresc,ro,"","",,Romanian,u49a11vd,2022-08-03T11:44:20Z
52565,Nalbă mare,ro,"","",,Romanian,u49a11vd,2022-08-03T11:50:41Z
57481,Cupa vacii,ro,"","",,Romanian,u49a11vd,2022-08-03T11:55:16Z
438446,Curpene câinesc,ro,"","",,Romanian,u49a11vd,2022-08-03T11:58:03Z
56174,Iarba șarpelui,ro,"","",,Romanian,u49a11vd,2022-08-03T18:43:27Z
56193,Jugastru,ro,"","",,Romanian,u49a11vd,2022-08-03T18:51:25Z
575102,Păpălău,ro,"","",,Romanian,u49a11vd,2022-08-03T18:53:19Z
76445,"Lipscănoaice, Ochișele",ro,"","",,Romanian,u49a11vd,2022-08-03T19:07:55Z
117438,Scaiete,ro,"","",,Romanian,u49a11vd,2022-08-03T19:15:24Z
60253,Limbariță,ro,"","",,Romanian,u49a11vd,2022-08-03T19:22:12Z
162699,Scaiul dracului,ro,"","",,Romanian,u49a11vd,2022-08-03T19:24:48Z
162707,Vitrigon,ro,"","",,Romanian,u49a11vd,2022-08-03T19:25:59Z
51875,Trifoi roșu,ro,"","",,Romanian,u49a11vd,2022-08-04T18:22:05Z
84778,Gândac de Colorado,ro,"","",,Romanian,u49a11vd,2022-08-06T08:37:40Z
53178,Patlagină îngustă,ro,"","",,Romanian,u49a11vd,2022-08-06T08:43:09Z
56002,Varga ciobanului,ro,"","",,Romanian,u49a11vd,2022-08-10T05:41:25Z
84328,Sânziene,ro,"","",,Romanian,u49a11vd,2022-08-10T05:44:43Z
162710,Scai vânăt,ro,"","",,Romanian,u49a11vd,2022-08-10T05:52:28Z
56163,Sporici,ro,"","",,Romanian,u49a11vd,2022-08-10T05:55:13Z
133951,Iarbă mare,ro,"","",,Romanian,u49a11vd,2022-08-10T06:09:50Z
55969,Călin,ro,"","",,Romanian,u49a11vd,2022-08-10T06:14:38Z
55729,Oreșniță,ro,"","",,Romanian,u49a11vd,2022-08-10T06:17:21Z
79109,Opaiță,ro,"","",,Romanian,u49a11vd,2022-08-10T06:27:57Z
49614,Regina bălții,ro,"","",,Romanian,Pătrașcu Lucian-Marius,2022-08-10T19:53:48Z
49614,Biban soare,ro,"","",,Romanian,Pătrașcu Lucian-Marius,2022-08-10T19:54:14Z
42069,Vulpe roșie,ro,"","",,Romanian,NGC 54,2022-08-19T23:45:34Z
45568,Șoarece vărgat de câmp,ro,"","",,Romanian,NGC 54,2022-08-19T23:48:49Z
45568,Șobolan de câmp,ro,"","",,Romanian,NGC 54,2022-08-19T23:49:45Z
45568,Șoarece vărgat de apă,ro,"","",,Romanian,NGC 54,2022-08-19T23:50:01Z
43138,Iepure tolai,ro,"","",,Romanian,NGC 54,2022-08-19T23:50:40Z
43138,Iepure de nisip,ro,"","",,Romanian,NGC 54,2022-08-19T23:50:52Z
334341,Iepure de casă,ro,"","",,Romanian,NGC 54,2022-08-19T23:51:42Z
43151,Lapin,ro,"","",,Romanian,NGC 54,2022-08-19T23:51:55Z
43151,Iepure de vizuină european,ro,"","",,Romanian,NGC 54,2022-08-19T23:52:13Z
43151,Iepure sălbatic european,ro,"","",,Romanian,NGC 54,2022-08-19T23:52:27Z
334341,Iepure de vizuină domestic,ro,"","",,Romanian,NGC 54,2022-08-19T23:55:19Z
43128,Iepure comun,ro,"","",,Romanian,NGC 54,2022-08-19T23:55:59Z
43128,Iepure european de câmp,ro,"","",,Romanian,NGC 54,2022-08-19T23:56:10Z
43128,Iepure de câmp european,ro,"","",,Romanian,NGC 54,2022-08-19T23:56:28Z
43130,Iepure de California,ro,"","",,Romanian,NGC 54,2022-08-19T23:57:37Z
43130,Iepure-măgar californian,ro,"","",,Romanian,NGC 54,2022-08-19T23:57:47Z
43132,Iepure de zăpadă,ro,"","",,Romanian,NGC 54,2022-08-19T23:58:29Z
43132,Iepure american,ro,"","",,Romanian,NGC 54,2022-08-19T23:58:36Z
43132,Iepure de câmp de zăpadă,ro,"","",,Romanian,NGC 54,2022-08-19T23:58:45Z
43117,Iepuri propriu-ziși,ro,"","",,Romanian,NGC 54,2022-08-20T00:00:55Z
55908,Iepure alb,ro,"","",,Romanian,NGC 54,2022-08-20T00:01:33Z
55908,Iepure al zăpezilor,ro,"","",,Romanian,NGC 54,2022-08-20T00:01:44Z
55908,Iepure polar,ro,"","",,Romanian,NGC 54,2022-08-20T00:02:01Z
55908,Iepure de munte,ro,"","",,Romanian,NGC 54,2022-08-20T00:02:20Z
55908,Iepure al Alpilor,ro,"","",,Romanian,NGC 54,2022-08-20T00:02:34Z
55908,Iepure albastru,ro,"","",,Romanian,NGC 54,2022-08-20T00:02:46Z
55908,Iepure de zăpadă,ro,"","",,Romanian,NGC 54,2022-08-20T00:03:51Z
41979,Râs eurasiatic,ro,"","",,Romanian,NGC 54,2022-08-20T00:04:17Z
41979,Râs euroasiatic,ro,"","",,Romanian,NGC 54,2022-08-20T00:04:26Z
41974,Râs canadian,ro,"","",,Romanian,NGC 54,2022-08-20T00:04:47Z
41975,Râs iberic,ro,"","",,Romanian,NGC 54,2022-08-20T00:05:16Z
41975,Râs pardos,ro,"","",,Romanian,NGC 54,2022-08-20T00:05:22Z
41976,Râs roșu,ro,"","",,Romanian,NGC 54,2022-08-20T00:05:41Z
41976,Bobcat,ro,"","",,Romanian,NGC 54,2022-08-20T00:05:47Z
41973,Râs,ro,"","",,Romanian,NGC 54,2022-08-20T00:06:06Z
41973,Linx,ro,"","",,Romanian,NGC 54,2022-08-20T00:06:13Z
43158,Iepure roșu cu coada groasă,ro,"","",,Romanian,NGC 54,2022-08-20T09:32:16Z
43147,Iepure zbârlit,ro,"","",,Romanian,NGC 54,2022-08-21T11:38:43Z
418222,Nalbă mică,ro,"","",,Romanian,u49a11vd,2022-08-22T17:40:28Z
78678,Troscot,ro,"","",,Romanian,u49a11vd,2022-08-22T17:48:25Z
166867,Amăruță,ro,"","",,Romanian,u49a11vd,2022-08-22T18:22:45Z
791928,Scânteiuță,ro,"","",,Romanian,u49a11vd,2022-08-22T18:35:28Z
75762,Ciucușoară,ro,"","",,Romanian,u49a11vd,2022-08-23T18:17:05Z
74383,Pârș cenușiu,ro,"","",,Romanian,u49a11vd,2022-08-28T14:29:32Z
30285,Balaurul dobrogean,ro,"","",,Romanian,Pătrașcu Lucian-Marius,2022-09-06T19:45:50Z
81522,Vipera cu corn,ro,"","",,Romanian,Pătrașcu Lucian-Marius,2022-09-06T19:46:34Z
60132,Pălămidă,ro,"","",,Romanian,Pătrașcu Lucian-Marius,2022-10-03T20:43:52Z
71212,Țestoasa lui Hermann,ro,"","",,Romanian,Pătrașcu Lucian-Marius,2022-10-04T18:53:59Z
60218,Smochin,ro,"","",,Romanian,Pătrașcu Lucian-Marius,2022-10-10T19:38:40Z
119805,Lemn câinesc,ro,"","",,Romanian,Pătrașcu Lucian-Marius,2022-10-12T09:25:25Z
114979,Râbet,ro,"","",http://www.catalogueoflife.org/annual-checklist/2012/details/species/id/9741333,Romanian,Victor HOYEAU,2022-10-13T18:16:11Z
443,Cristel de câmp,ro,"","",,Romanian,Pătrașcu Lucian-Marius,2022-10-14T09:16:24Z
54436,Zmeur,ro,"","",,Romanian,Pătrașcu Lucian-Marius,2022-10-14T10:33:43Z
82691,Untul pământului,ro,"","",,Romanian,Pătrașcu Lucian-Marius,2022-10-14T10:49:26Z
124548,caprifoi pitic,ro,"","",,Romanian,Pătrașcu Lucian-Marius,2022-10-14T10:52:05Z
47911,Ceara albinei,ro,"","",,Romanian,Pătrașcu Lucian-Marius,2022-10-15T19:55:52Z
47553,Tisă,ro,"","",,Romanian,Pătrașcu Lucian-Marius,2022-10-16T08:40:22Z
47565,Plop negru,ro,"","",,Romanian,Pătrașcu Lucian-Marius,2022-10-19T13:19:49Z
56133,stejar pedunculat,ro,"","",,Romanian,Pătrașcu Lucian-Marius,2022-10-19T15:02:36Z
47571,Plop tremurător,ro,"","",,Romanian,Pătrașcu Lucian-Marius,2022-10-19T15:03:55Z
135408,Cer,ro,"","",,Romanian,Pătrașcu Lucian-Marius,2022-10-19T17:35:14Z
200942,Gorun,ro,"","",,Romanian,Pătrașcu Lucian-Marius,2022-10-19T17:36:20Z
125849,Stejar pufos,ro,"","",,Romanian,Pătrașcu Lucian-Marius,2022-10-19T17:43:12Z
119791,Paltin de munte,ro,"","",,Romanian,Pătrașcu Lucian-Marius,2022-10-19T17:44:57Z
461386,Gârniță,ro,"","",,Romanian,Pătrașcu Lucian-Marius,2022-10-20T06:59:28Z
55757,Rostopască,ro,"","",,Romanian,Pătrașcu Lucian-Marius,2022-10-20T17:15:40Z
126741,Dud negru,ro,"","",,Romanian,Pătrașcu Lucian-Marius,2022-10-20T18:07:33Z
54801,dud roșu,ro,"","",,Romanian,Pătrașcu Lucian-Marius,2022-10-20T18:09:09Z
56090,Dud alb,ro,"","",,Romanian,Pătrașcu Lucian-Marius,2022-10-20T18:10:33Z
75392,Moțul curcanului,ro,"","",,Romanian,Pătrașcu Lucian-Marius,2022-10-22T16:29:53Z
56015,Cătină roșie,ro,"","",,Romanian,Pătrașcu Lucian-Marius,2022-10-29T13:20:37Z
1289697,Cocoș de mesteacăn,ro,"","",,Romanian,Pătrașcu Lucian-Marius,2022-11-11T15:23:33Z
117059,Pasărea omătului,ro,"","",,Romanian,Pătrașcu Lucian-Marius,2022-11-12T10:15:15Z
48685,Papură,ro,"","",,Romanian,Pătrașcu Lucian-Marius,2022-11-15T16:40:33Z
855311,Câinele enot,ro,"","",,Romanian,Pătrașcu Lucian-Marius,2022-11-17T19:09:14Z
67808,Sânziene de grădină,ro,"","",,Romanian,Pătrașcu Lucian-Marius,2022-11-23T13:50:58Z
67808,Sânziene canadiene,ro,"","",,Romanian,Pătrașcu Lucian-Marius,2022-11-23T13:51:15Z
54834,Mălin american,ro,"","",,Romanian,Pătrașcu Lucian-Marius,2022-11-23T13:59:43Z
1264432,Nurcă americană,ro,"","",,Romanian,Pătrașcu Lucian-Marius,2022-11-23T14:03:58Z
51736,Slăbănog cu flori mici,ro,"","",,Romanian,Pătrașcu Lucian-Marius,2022-11-23T14:07:21Z
53587,Ambrozie,ro,"","",,Romanian,Pătrașcu Lucian-Marius,2022-11-23T14:34:55Z
53587,Iarba pârloagelor,ro,"","",,Romanian,Pătrașcu Lucian-Marius,2022-11-23T14:35:09Z
57983,Floarea-soarelui,ro,"","",,Romanian,Pătrașcu Lucian-Marius,2022-11-23T14:37:01Z
57623,Ciuma apelor cu frunză îngustă,ro,"","",,Romanian,Pătrașcu Lucian-Marius,2022-11-23T14:52:59Z
48523,Hurmuz alb,ro,"","",,Romanian,Pătrașcu Lucian-Marius,2022-11-23T14:58:13Z
117437,Scânteiuță,ro,"","",,Romanian,Pătrașcu Lucian-Marius,2022-11-23T16:08:09Z
117437,Săpunăriță,ro,"","",,Romanian,Pătrașcu Lucian-Marius,2022-11-23T16:08:31Z
117437,Brumărele înalte,ro,"","",,Romanian,Pătrașcu Lucian-Marius,2022-11-23T16:09:01Z
59549,lupin,ro,"","",,Romanian,Pătrașcu Lucian-Marius,2022-11-23T16:10:53Z
59549,cafeluță,ro,"","",,Romanian,Pătrașcu Lucian-Marius,2022-11-23T16:11:07Z
63935,Nuc,ro,"","",,Romanian,Pătrașcu Lucian-Marius,2022-11-25T15:43:29Z
53298,Racovina,ro,"","",,Romanian,Pătrașcu Lucian-Marius,2022-11-25T16:59:45Z
58893,Laptele cucului,ro,"","",,Romanian,Pătrașcu Lucian-Marius,2022-11-25T17:23:13Z
163951,Măselariță,ro,"","",,Romanian,Pătrașcu Lucian-Marius,2022-12-11T12:20:10Z
111901,Babușcă de Tur,ro,"","",,Romanian,Yurij Ivancea,2023-01-09T19:28:10Z
1445438,Nemțișor de câmp,ro,"","",https://www.inaturalist.org/taxon_names/3065446/edit,Romanian,Dmitriy Bochkov,2023-01-29T22:17:31Z
71297,Abumarkub,ro,"","",,Romanian,John E. Christensen,2023-01-31T12:45:55Z
497733,Viespea neagra a ulmului,ro,"","",,Romanian,Cyan Fox,2023-02-19T02:13:04Z
45568,Șoarece dungat de câmp,ro,"","",,Romanian,NGC 54,2023-02-20T02:20:14Z
45568,Șoarece cu dungă,ro,"","",,Romanian,NGC 54,2023-02-20T02:20:59Z
42069,Vulpe comună,ro,"","",,Romanian,NGC 54,2023-02-20T02:26:08Z
922459,Pisică sălbatică europeană,ro,"","",,Romanian,NGC 54,2023-02-20T02:29:06Z
41957,Pisică cu picioare negre,ro,"","",,Romanian,NGC 54,2023-02-20T02:29:45Z
42029,Manul,ro,"","",,Romanian,NGC 54,2023-02-20T02:29:56Z
42029,Pisică manul,ro,"","",,Romanian,NGC 54,2023-02-20T02:30:07Z
42029,Pisică de stepă,ro,"","",,Romanian,NGC 54,2023-02-20T02:30:15Z
42029,Manunul,ro,"","",,Romanian,NGC 54,2023-02-20T02:32:37Z
922738,Pisică leopard,ro,"","",,Romanian,NGC 54,2023-02-20T02:33:54Z
41850,Vidră eurasiatică,ro,"","",,Romanian,NGC 54,2023-02-20T02:34:31Z
41845,Vidră uriașă,ro,"","",,Romanian,NGC 54,2023-02-20T02:35:23Z
41860,Vidră de mare,ro,"","",,Romanian,NGC 54,2023-02-20T02:35:42Z
41860,Vidră marină,ro,"","",,Romanian,NGC 54,2023-02-20T02:35:52Z
41860,Lutră de mare,ro,"","",,Romanian,NGC 54,2023-02-20T02:36:15Z
41860,Calan,ro,"","",,Romanian,NGC 54,2023-02-20T02:36:53Z
41860,Castor de mare,ro,"","",,Romanian,NGC 54,2023-02-20T02:37:03Z
41776,Lutră de mare sud-americană,ro,"","",,Romanian,NGC 54,2023-02-20T02:37:26Z
41779,Lutră chiliană,ro,"","",,Romanian,NGC 54,2023-02-20T02:38:19Z
526556,Vidră,ro,"","",,Romanian,NGC 54,2023-02-20T02:39:05Z
41856,Vidră indiană,ro,"","",,Romanian,NGC 54,2023-02-20T02:39:26Z
41776,Nutrie de mare,ro,"","",,Romanian,NGC 54,2023-02-20T02:40:28Z
41805,Nurcă europeană,ro,"","",,Romanian,NGC 54,2023-02-20T02:41:23Z
41789,Bursuc american,ro,"","",,Romanian,NGC 54,2023-02-20T02:42:23Z
41789,Viezure american,ro,"","",,Romanian,NGC 54,2023-02-20T02:42:30Z
855297,Bursuc comun,ro,"","",,Romanian,NGC 54,2023-02-20T02:42:58Z
1273318,Broască râioasă verde,ro,"","",https://www.inaturalist.org/taxon_names/2784541/edit,Romanian,,2023-02-24T17:23:03Z
20526,Struț,ro,"","",,Romanian,Johan Devos,2023-02-28T23:09:04Z
41850,Vidră de râu,ro,"","",,Romanian,NGC 54,2023-03-14T20:29:11Z
41850,Vidră euroasiatică,ro,"","",,Romanian,NGC 54,2023-03-14T20:29:31Z
41850,Vidră europeană,ro,"","",,Romanian,NGC 54,2023-03-14T20:29:43Z
41850,Lutră,ro,"","",,Romanian,NGC 54,2023-03-14T20:29:54Z
41850,Câine de râu,ro,"","",,Romanian,NGC 54,2023-03-14T20:30:06Z
41849,Vidră de Sumatra,ro,"","",,Romanian,NGC 54,2023-03-14T20:41:39Z
41860,Lutră marină,ro,"","",,Romanian,NGC 54,2023-03-14T20:46:05Z
41781,Vidră africană fără gheare,ro,"","",,Romanian,NGC 54,2023-03-14T21:45:38Z
569308,Vidră orientală cu gheare scurte,ro,"","",,Romanian,NGC 54,2023-03-14T21:50:14Z
417389,Vidră cu gât pătat,ro,"","",,Romanian,NGC 54,2023-03-14T21:51:03Z
41845,Vidră uriașă braziliană,ro,"","",,Romanian,NGC 54,2023-03-14T21:51:50Z
41777,Vidră americană,ro,"","",,Romanian,NGC 54,2023-03-14T21:52:34Z
41778,Vidră cu coadă lungă,ro,"","",,Romanian,NGC 54,2023-03-14T21:54:35Z
41776,Vidră de mare,ro,"","",,Romanian,NGC 54,2023-03-14T21:55:10Z
41779,Vidră sud-americană,ro,"","",,Romanian,NGC 54,2023-03-14T21:56:29Z
569308,Vidră asiatică,ro,"","",,Romanian,NGC 54,2023-04-02T16:41:16Z
1195459,Vidră japoneză de râu,ro,"","",,Romanian,NGC 54,2023-04-04T01:57:42Z
55797,Lalea pestriță,ro,"","",,Romanian,Pătrașcu Lucian-Marius,2023-04-05T00:23:19Z
46001,Veveriță comună,ro,"","",,Romanian,NGC 54,2023-04-06T20:19:39Z
46001,Veveriță roșcată,ro,"","",,Romanian,NGC 54,2023-04-06T20:20:01Z
46001,Veveriță de stejar,ro,"","",,Romanian,NGC 54,2023-04-06T20:20:28Z
1455849,jaleş pontic,ro,"","",,Romanian,Mark,2023-04-25T19:51:49Z
1062676,zbârciog suplu,ro,"","",,Romanian,Petru Damsa,2023-04-28T18:30:48Z
56830,Zbârciog,ro,"","",,Romanian,Petru Damsa,2023-04-28T18:32:15Z
43126,Iepure polar,ro,"","",,Romanian,NGC 54,2023-05-04T00:22:26Z
43124,Iepure de Himalaia,ro,"","",,Romanian,NGC 54,2023-05-04T00:22:46Z
43145,Iepure de prerie,ro,"","",,Romanian,NGC 54,2023-05-04T00:23:37Z
126756,Pupezéle,ro,"","",,Romanian,u49a11vd,2023-05-07T06:29:44Z
43130,Iepure cu coadă neagră,ro,"","",,Romanian,NGC 54,2023-05-09T23:02:00Z
447812,Căpșunul de pajiște,ro,"","",,Romanian,Geo Geo,2023-05-10T02:37:53Z
56162,Nalbă de pădure,ro,"","",,Romanian,Geo Geo,2023-05-10T03:10:56Z
53858,Cartof,ro,"","",,Romanian,Geo Geo,2023-05-10T03:15:29Z
62876,Trandafir japonez,ro,"","",,Romanian,Geo Geo,2023-05-10T03:24:27Z
62876,Trandafir chinezesc,ro,"","",,Romanian,Geo Geo,2023-05-10T03:25:10Z
1076697,Plămânărică,ro,"","",,Romanian,Geo Geo,2023-05-10T03:34:56Z
47701,Mușcată englezească,ro,"","",,Romanian,Geo Geo,2023-05-10T03:42:19Z
171131,Cununa miresii,ro,"","",,Romanian,Geo Geo,2023-05-10T03:49:03Z
75758,Dracilă,ro,"","",,Romanian,Geo Geo,2023-05-10T03:53:26Z
52586,Armurariu,ro,"","",,Romanian,Geo Geo,2023-05-10T09:09:53Z
1247945,Tătăneasă,ro,"","",,Romanian,Geo Geo,2023-05-10T09:16:50Z
50151,Acantă,ro,"","",,Romanian,John E. Christensen,2023-05-11T15:24:12Z
703906,Râs carpatin,ro,"","",,Romanian,NGC 54,2023-05-15T14:37:01Z
703908,Râs al Asiei Centrale,ro,"","",,Romanian,NGC 54,2023-05-15T14:37:14Z
57426,Rușcuța de vară,ro,"","",,Romanian,Pătrașcu Lucian-Marius,2023-05-20T23:44:23Z
371414,Pisică sălbatică africană,ro,"","",,Romanian,NGC 54,2023-06-01T11:48:56Z
62020,Crețușcă,ro,"","",,Romanian,Pătrașcu Lucian-Marius,2023-06-19T00:42:27Z
56532,Fluturele ochi de păun mare,ro,"","",,Romanian,Pătrașcu Lucian-Marius,2023-07-06T20:56:02Z
79358,Punguliță,ro,"","",,Romanian,u49a11vd,2023-07-07T19:04:40Z
52788,Acarieni,ro,"","",,Romanian,nosebug,2023-07-13T19:11:47Z
340942,Muflon,ro,"","",,Romanian,nosebug,2023-07-17T17:15:45Z
51672,Căpușe,ro,"","",,Romanian,nosebug,2023-07-17T17:33:03Z
51671,Căpușă comună,ro,"","",,Romanian,nosebug,2023-07-17T17:39:24Z
49722,Amblipigii,ro,"","",,Romanian,nosebug,2023-07-18T09:32:24Z
47491,Anelide,ro,"","",,Romanian,nosebug,2023-07-19T19:06:50Z
47490,Polichete,ro,"","",,Romanian,nosebug,2023-07-19T19:10:27Z
333586,Oligochete,ro,"","",,Romanian,nosebug,2023-07-19T19:13:21Z
1,Animale,ro,"","",,Romanian,nosebug,2023-07-19T19:20:17Z
47120,Artropode,ro,"","",,Romanian,nosebug,2023-07-19T19:21:54Z
47119,Arahnide,ro,"","",,Romanian,nosebug,2023-07-19T19:24:33Z
486155,Garofița Pietrei Craiului,ro,"","",,Romanian,nosebug,2023-07-22T05:44:53Z
58387,"Costrei, bălur, sorg de Alep, baldâr",ro,Romania,RO,,Romanian,Pătrașcu Lucian-Marius,2023-07-23T11:08:51Z
62771,"Mărul lupului, Cucurbețică",ro,"","",,Romanian,Pătrașcu Lucian-Marius,2023-07-27T20:26:30Z
47118,Păianjeni,ro,"","",,Romanian,nosebug,2023-08-05T14:45:39Z
48139,Păianjeni săritori,ro,"","",,Romanian,nosebug,2023-08-05T15:10:07Z
47424,Tarantule,ro,"","",,Romanian,nosebug,2023-08-05T15:13:51Z
205163,Păianjen mâncător de păsări goliat,ro,"","",,Romanian,nosebug,2023-08-05T15:15:10Z
47416,Păianjeni-lupi,ro,"","",,Romanian,nosebug,2023-08-05T15:24:10Z
564928,Tarantula românească,ro,"","",,Romanian,nosebug,2023-08-05T15:26:31Z
52628,Păianjenul cu cruce,ro,"","",,Romanian,nosebug,2023-08-05T15:30:01Z
50867,Păianjen viespe,ro,"","",,Romanian,nosebug,2023-08-05T15:32:00Z
47381,Văduva neagră,ro,"","",,Romanian,nosebug,2023-08-05T15:35:38Z
121778,Păianjen plută,ro,"","",,Romanian,nosebug,2023-08-05T15:38:33Z
52953,Păianjenul de apă,ro,"","",,Romanian,nosebug,2023-08-05T15:41:35Z
47535,Araneide,ro,"","",,Romanian,nosebug,2023-08-05T15:46:47Z
49758,Păianjeni țesători sferici aurii,ro,"","",,Romanian,nosebug,2023-08-05T15:49:26Z
120183,Păianjen de marmură,ro,"","",,Romanian,nosebug,2023-08-05T15:57:51Z
202770,Păianjen buburuză,ro,"","",,Romanian,nosebug,2023-08-05T16:06:48Z
55746,Păianjen floare,ro,"","",,Romanian,nosebug,2023-08-05T16:10:57Z
68901,Păianjen zebră,ro,"","",,Romanian,nosebug,2023-08-05T16:14:39Z
320827,Păianjen tub,ro,"","",,Romanian,nosebug,2023-08-05T16:18:24Z
320827,Păianjen de pivniță,ro,"","",,Romanian,nosebug,2023-08-05T16:18:56Z
63081,Lipitori,ro,"","",,Romanian,nosebug,2023-08-12T16:24:07Z
482115,Râs balcanic,ro,"","",,Romanian,NGC 54,2023-08-24T23:26:01Z
42066,Vulpe de prerie,ro,"","",,Romanian,NGC 54,2023-08-24T23:27:59Z
42066,Vulpe de preerie,ro,"","",,Romanian,NGC 54,2023-08-24T23:28:15Z
42095,Vulpe cu urechi mari,ro,"","",,Romanian,NGC 54,2023-08-24T23:36:52Z
42070,Vulpe cu urechi lungi,ro,"","",,Romanian,NGC 54,2023-08-24T23:36:55Z
42070,Vulpe cu urechile lungi,ro,"","",,Romanian,NGC 54,2023-08-24T23:36:57Z
42042,Caracal,ro,"","",,Romanian,NGC 54,2023-08-25T14:23:23Z
42042,Râs de pustiu,ro,"","",,Romanian,NGC 54,2023-08-25T14:23:29Z
42042,Râs de deșert,ro,"","",,Romanian,NGC 54,2023-08-25T14:23:39Z
42042,Râs al stepelor,ro,"","",,Romanian,NGC 54,2023-08-25T14:23:46Z
52628,Păianjenul cu diademă,ro,"","",,Romanian,nosebug,2023-09-06T15:13:32Z
74558,Bursuc de nisip,ro,"","",,Romanian,NGC 54,2023-09-15T18:29:39Z
1060918,Bursuc de Amur,ro,"","",,Romanian,NGC 54,2023-09-15T18:29:48Z
855298,Bursuc mic,ro,"","",,Romanian,NGC 54,2023-09-15T18:34:03Z
204300,Falsă ambrozie,ro,"","",,Romanian,Pătrașcu Lucian-Marius,2023-09-17T03:32:55Z
558443,Ieruncă,ro,"","",,Romanian,Pătrașcu Lucian-Marius,2023-09-29T00:01:04Z
64238,colții babei,ro,"","",,Romanian,tatae,2023-10-15T19:00:35Z
338098,Salcie albă,ro,"","",,Romanian,Pătrașcu Lucian-Marius,2023-10-20T04:31:53Z
47371,păienjenii de pânză,ro,"","",,Romanian,nosebug,2023-10-28T19:09:52Z
53809,Păianjen săritor curajos,ro,"","",,Romanian,nosebug,2023-10-28T19:15:44Z
53809,Păianjen curajos grăsuț,ro,"","",,Romanian,nosebug,2023-10-28T19:17:25Z
47367,păianjeni de câmp,ro,"","",,Romanian,nosebug,2023-10-29T08:17:02Z
172373,Pseudoscorpioni,ro,"","",,Romanian,nosebug,2023-10-29T08:21:29Z
72516,Drepnea mare,ro,"","",https://www.inaturalist.org/taxon_names/2867388/edit,Romanian,Donald Davesne,2023-10-29T11:53:38Z
51702,buburuza cu șapte puncte,ro,"","",,Romanian,nosebug,2023-10-29T17:52:10Z
48662,Fluture Monarh,ro,"","",,Romanian,nosebug,2023-10-29T17:55:30Z
1453013,Broască râioasă verde,ro,"","",,Romanian,nosebug,2023-10-29T17:59:24Z
55766,Alior,ro,"","",,Romanian,nosebug,2023-10-29T18:04:13Z
1505620,Prundăraș de sărătură,ro,"","",https://www.inaturalist.org/taxon_names/2867067/edit,Romanian,Sean Cozart,2023-10-30T12:34:54Z
58991,iarbă grasă,ro,"","",,Romanian,tatae,2023-11-01T13:13:23Z
58991,grașiță,ro,"","",,Romanian,tatae,2023-11-01T13:15:07Z
42328,Antilopă de apă,ro,Romania,RO,,Romanian,Silviu Țicu,2023-12-01T11:01:33Z
42405,Bivol african,ro,"","",,Romanian,Silviu Țicu,2023-12-01T11:04:00Z
52628,Păianjen cu cruce,ro,"","",,Romanian,Silviu Țicu,2023-12-01T11:05:17Z
48894,Scorpionii,ro,"","",,Romanian,nosebug,2023-12-17T09:17:50Z
56934,Viorele,ro,"","",,Romanian,u49a11vd,2024-01-08T22:27:35Z
69624,Măcrișul iepurelui,ro,"","",,Romanian,u49a11vd,2024-01-08T22:29:34Z
55851,Sugel puturos,ro,"","",,Romanian,u49a11vd,2024-01-08T22:37:05Z
51822,Laptele câinelui,ro,"","",,Romanian,u49a11vd,2024-01-08T22:40:04Z
55563,"Bănuței, Părăluțe",ro,"","",,Romanian,u49a11vd,2024-01-08T22:43:19Z
143418,Cinsteț,ro,"","",,Romanian,u49a11vd,2024-01-08T22:46:37Z
84960,Garofiță,ro,"","",,Romanian,u49a11vd,2024-01-08T22:54:49Z
56099,Vinețică,ro,"","",,Romanian,u49a11vd,2024-01-08T22:55:51Z
56224,Calcea calului,ro,"","",,Romanian,u49a11vd,2024-01-08T22:57:53Z
51610,Stejărel,ro,"","",,Romanian,u49a11vd,2024-01-08T22:58:39Z
55818,Brebenei,ro,"","",,Romanian,u49a11vd,2024-01-08T23:00:19Z
57500,Sor-cu-frate,ro,"","",,Romanian,u49a11vd,2024-01-08T23:03:11Z
55801,Carpen,ro,"","",,Romanian,u49a11vd,2024-01-08T23:07:09Z
136319,Brad,ro,"","",,Romanian,u49a11vd,2024-01-08T23:09:52Z
326185,Floare de colț,ro,"","",,Romanian,u49a11vd,2024-01-08T23:13:17Z
52764,Busuioc de câmp,ro,"","",,Romanian,u49a11vd,2024-01-08T23:14:37Z
52989,Crăpușnic,ro,"","",,Romanian,u49a11vd,2024-01-08T23:17:35Z
129105,Limba cerbului,ro,"","",,Romanian,u49a11vd,2024-01-09T19:52:28Z
75609,Strașnic,ro,"","",,Romanian,u49a11vd,2024-01-09T19:54:40Z
128901,Piperul lupului,ro,"","",,Romanian,u49a11vd,2024-01-09T19:55:38Z
55846,Salcie căprească,ro,"","",,Romanian,u49a11vd,2024-01-09T19:57:06Z
58371,Pir gros,ro,"","",,Romanian,u49a11vd,2024-01-09T19:58:12Z
162161,Plesnitoare,ro,"","",,Romanian,u49a11vd,2024-01-09T19:59:27Z
555936,Părăsita găinilor,ro,"","",,Romanian,u49a11vd,2024-01-09T20:01:17Z
170020,Albăstrică,ro,"","",,Romanian,u49a11vd,2024-01-09T20:02:36Z
512073,Cătușnică sălbatică,ro,"","",,Romanian,u49a11vd,2024-01-09T20:09:26Z
602330,Volbură de nisip,ro,"","",,Romanian,u49a11vd,2024-01-09T20:12:35Z
340431,Cârcel,ro,"","",,Romanian,u49a11vd,2024-01-09T20:13:38Z
987336,Ciucușoară de nisip,ro,"","",,Romanian,u49a11vd,2024-01-09T20:24:25Z
47746,Coada calului,ro,"","",,Romanian,u49a11vd,2024-01-09T20:26:26Z
54519,Lintiță,ro,"","",,Romanian,u49a11vd,2024-01-09T20:27:27Z
168481,Sipică,ro,"","",,Romanian,u49a11vd,2024-01-09T20:29:55Z
57505,Osul iepurelui,ro,"","",,Romanian,u49a11vd,2024-01-09T20:33:10Z
51611,Șopârliță,ro,"","",,Romanian,u49a11vd,2024-01-09T20:35:50Z
64232,Pintenoagă,ro,"","",,Romanian,u49a11vd,2024-01-09T20:37:32Z
126583,Crin portocaliu,ro,"","",,Romanian,u49a11vd,2024-01-09T20:42:04Z
338368,Năpraznic,ro,"","",,Romanian,u49a11vd,2024-01-09T20:44:12Z
906118,Vindecea,ro,"","",,Romanian,u49a11vd,2024-01-09T20:45:46Z
204355,Lucernă galbenă,ro,"","",,Romanian,u49a11vd,2024-01-09T20:50:05Z
82989,Pavăză,ro,"","",,Romanian,u49a11vd,2024-01-09T20:52:13Z
54142,Barba caprei,ro,"","",,Romanian,u49a11vd,2024-01-09T20:53:13Z
47688,Pliscul cocorului,ro,"","",,Romanian,u49a11vd,2024-01-09T20:56:13Z
75310,Neghină,ro,"","",,Romanian,u49a11vd,2024-01-09T20:56:55Z
51876,Trifoi,ro,"","",,Romanian,u49a11vd,2024-01-09T20:58:42Z
127186,Coroniște,ro,"","",,Romanian,u49a11vd,2024-01-09T21:01:53Z
49550,Amaurobiidae,ro,"","",https://www.inaturalist.org/taxon_names/3464246/edit,Romanian,,2024-01-09T21:38:40Z
127777,Viespe comună,ro,Romania,RO,,Romanian,Adrian Matala,2024-01-16T06:24:15Z
119019,Viespe asiatică,ro,Romania,RO,,Romanian,Adrian Matala,2024-01-16T06:36:21Z
52881,Buburuza portocalie,ro,Romania,RO,,Romanian,Adrian Matala,2024-01-17T20:52:32Z
1505670,Vulturul pescar african,ro,Romania,RO,,Romanian,Adrian Matala,2024-01-17T20:57:41Z
5379,Zăgan,ro,Romania,RO,,Romanian,Adrian Matala,2024-01-17T21:05:44Z
718425,Zăgan,ro,Romania,RO,,Romanian,Adrian Matala,2024-01-17T21:07:23Z
49134,Pocalul piticilor,ro,Romania,RO,,Romanian,Adrian Matala,2024-01-17T23:57:07Z
127510,Iască,ro,Romania,RO,,Romanian,Adrian Matala,2024-01-18T00:12:37Z
42357,Capra alpină,ro,Romania,RO,,Romanian,Adrian Matala,2024-01-18T00:14:16Z
726480,Codobatură de munte,ro,Romania,RO,,Romanian,Adrian Matala,2024-01-18T00:16:43Z
122767,Porumbel domestic,ro,Romania,RO,,Romanian,Adrian Matala,2024-01-18T00:21:11Z
44576,Șobolan cenușiu,ro,Romania,RO,,Romanian,Adrian Matala,2024-01-18T00:23:54Z
7120,Rață leșească,ro,Romania,RO,,Romanian,Adrian Matala,2024-01-18T00:26:12Z
204094,Rață leșească domestică,ro,Romania,RO,,Romanian,Adrian Matala,2024-01-18T00:27:33Z
236935,Rață mare domestică,ro,Romania,RO,,Romanian,Adrian Matala,2024-01-18T00:32:20Z
512826,Corcodel mare,ro,Romania,RO,,Romanian,Adrian Matala,2024-01-18T00:34:08Z
512766,Şorecar,ro,Romania,RO,,Romanian,Adrian Matala,2024-01-18T00:35:12Z
48484,Buburuza asiatică,ro,Romania,RO,,Romanian,Adrian Matala,2024-01-18T00:38:40Z
41708,Focă obișnuită,ro,Romania,RO,,Romanian,Adrian Matala,2024-01-18T20:49:27Z
120479,Gâscă de vară domestică,ro,Romania,RO,,Romanian,Adrian Matala,2024-01-18T20:52:13Z
49133,Fluturele amiral,ro,Romania,RO,,Romanian,Adrian Matala,2024-01-18T21:06:10Z
520585,Veveriţa dungată siberiană,ro,Romania,RO,,Romanian,Adrian Matala,2024-01-18T21:10:15Z
43157,Iepure roșu al lui Smith,ro,"","",,Romanian,NGC 54,2024-01-20T15:33:19Z
43158,Iepure roșu cu coadă groasă,ro,"","",,Romanian,NGC 54,2024-01-20T15:34:00Z
55908,Iepure siberian,ro,"","",,Romanian,NGC 54,2024-01-20T15:58:52Z
43161,Iepure de Sumatera,ro,"","",,Romanian,NGC 54,2024-01-20T16:35:03Z
43161,Iepure din Sumatra,ro,"","",,Romanian,NGC 54,2024-01-20T16:35:14Z
43132,Iepure american propriu-zis,ro,"","",,Romanian,NGC 54,2024-01-20T16:38:54Z
43145,Iepure al preriilor,ro,"","",,Romanian,NGC 54,2024-01-20T16:50:22Z
43127,Iepure arctic,ro,"","",,Romanian,NGC 54,2024-01-20T17:47:06Z
43126,Iepure arctic,ro,"","",,Romanian,NGC 54,2024-01-20T17:47:50Z
43122,Iepure cu gât negru,ro,"","",,Romanian,NGC 54,2024-01-20T17:57:59Z
57560,Iepure african,ro,"","",,Romanian,NGC 54,2024-01-20T19:00:49Z
41856,Simung,ro,"","",,Romanian,NGC 54,2024-01-20T20:20:04Z
1520309,Stejar,ro,"","",,Romanian,Pătrașcu Lucian-Marius,2024-01-21T11:34:13Z
43169,Iepuri fluierători,ro,"","",,Romanian,NGC 54,2024-01-21T15:40:48Z
43169,Iepuri șoareci,ro,"","",,Romanian,NGC 54,2024-01-21T15:41:08Z
43169,Pikas,ro,"","",,Romanian,NGC 54,2024-01-21T15:41:17Z
43169,Iepuri șuierători,ro,"","",,Romanian,NGC 54,2024-01-21T15:41:41Z
43095,Iepuri,ro,"","",,Romanian,NGC 54,2024-01-21T15:42:17Z
1128175,Musca călugăriță perlă,ro,Romania | Moldova,"RO,MD",,Romanian,Silviu Țicu,2024-01-25T22:12:16Z
950603,Păștiță,ro,Romania,RO,,Romanian,Adrian Matala,2024-02-02T20:23:12Z
57514,Ghiocel,ro,Romania,RO,,Romanian,Adrian Matala,2024-02-05T00:39:48Z
55848,Narcisă,ro,Romania,RO,,Romanian,Adrian Matala,2024-02-20T15:53:09Z
560197,Viespe asiatică,ro,Romania,RO,,Romanian,Adrian Matala,2024-02-20T15:57:04Z
162719,Măseaua ciutei,ro,"","",,Romanian,u49a11vd,2024-03-12T08:38:08Z
319417,Ceapa ciorii,ro,"","",,Romanian,u49a11vd,2024-03-12T08:41:28Z
126188,Laptele păsării,ro,"","",,Romanian,u49a11vd,2024-03-12T08:53:58Z
57512,Vâsc de foioase,ro,"","",,Romanian,u49a11vd,2024-03-12T08:56:00Z
117016,pitulice mică,ro,"","",,Romanian,lwnrngr,2024-03-12T12:32:31Z
204321,Untișor,ro,"","",,Romanian,u49a11vd,2024-04-01T09:25:50Z
361315,Găinuși,ro,"","",,Romanian,u49a11vd,2024-04-01T09:27:46Z
179686,Scorpionul galben palestinian,ro,"","",,Romanian,nosebug,2024-04-01T11:55:26Z
127713,Scorpion imperial,ro,"","",,Romanian,nosebug,2024-04-01T11:58:16Z
246165,Crabii potcoavă,ro,"","",,Romanian,nosebug,2024-04-01T12:01:58Z
47825,Păianjeni de mare,ro,"","",,Romanian,nosebug,2024-04-01T12:27:48Z
85493,Crustacee,ro,"","",,Romanian,nosebug,2024-04-01T12:52:43Z
121643,Copepode,ro,"","",,Romanian,nosebug,2024-04-01T12:56:19Z
81923,Ploşniţa marmorată,ro,Romania,RO,,Romanian,Adrian Matala,2024-04-05T19:27:13Z
76422,Bășicoasă,ro,"","",,Romanian,Codrin Bucur,2024-05-16T12:18:53Z
371833,Drobița,ro,"","",,Romanian,Codrin Bucur,2024-05-16T12:51:05Z
198887,Măceș de munte,ro,"","",,Romanian,Codrin Bucur,2024-05-16T16:49:55Z
188248,Pastrav,ro,"","",http://www.catalogueoflife.org/annual-checklist/details/species/id/10085787/common/350666,Romanian,,2024-05-18T16:12:32Z
62020,Aglică,ro,"","",,Romanian,u49a11vd,2024-05-30T18:14:11Z
76748,Tămâiţă,ro,"","",,Romanian,Pătrașcu Lucian-Marius,2024-06-28T05:44:32Z
135394,Liliac indian roșu,ro,"","",,Romanian,Pătrașcu Lucian-Marius,2024-07-11T10:18:04Z
145301,Inăriță cu cap roșu,ro,Romania,RO,,Romanian,Adrian Matala,2024-07-15T07:43:50Z
144788,Lăstun euroasiatic de stâncă,ro,Romania,RO,,Romanian,Adrian Matala,2024-07-15T08:11:34Z
165703,Regina nopții,ro,"","",,Romanian,Pătrașcu Lucian-Marius,2024-07-21T17:13:17Z
56529,Coada rândunicii,ro,"","",,Romanian,Codrin Bucur,2024-07-30T13:16:29Z
