id,vernacularName,language,locality,countryCode,source,lexicon,contributor,created
40151,Mamifars,und,"","",,Friulian,John E. Christensen,2017-12-18T06:40:07Z
3,Fûgels,und,"","",,Friulian,John E. Christensen,2017-12-18T06:50:32Z
72840,Moinelette d'Oustalet,und,"","",,Friulian,David Renoult,2017-12-19T14:18:38Z
5108,Cagnŕs,und,"","",,Friulian,John E. Christensen,2018-01-01T14:25:59Z
57140,Ulîv,und,"","",,Friulian,John E. Christensen,2018-12-02T22:36:27Z
505478,Gjaline,und,"","",,Friulian,John E. Christensen,2019-11-22T13:37:58Z
891696,Cheche,und,"","",,Friulian,John E. Christensen,2020-04-30T14:02:37Z
168479,Pajanutt,und,"","",,Friulian,Alessandro G.,2021-03-10T16:34:56Z
42407,Bisont european,und,"","",,Friulian,Zane Roskoph,2021-08-25T12:58:31Z
