id,vernacularName,language,locality,countryCode,source,lexicon,contributor,created
1150916,óowáanin,und,"","",,Láadan,Jason Hernandez,2020-11-21T05:14:08Z
47372,womelanodal wohóowáanin,und,"","",,Láadan,Jason Hernandez,2020-11-21T05:17:09Z
69150,wonasháalede wohóowáanin,und,"","",,Láadan,Jason Hernandez,2020-11-21T05:17:57Z
59531,womebo wohóowáanin,und,"","",,Láadan,Jason Hernandez,2020-11-21T05:19:16Z
78465,aálesh,und,"","",,Láadan,Jason Hernandez,2020-11-21T05:20:54Z
57912,abash,und,"","",,Láadan,Jason Hernandez,2020-11-21T05:22:26Z
130176,analel,und,"","",,Láadan,Jason Hernandez,2020-11-21T05:23:15Z
64340,ahanayáanin,und,"","",,Láadan,Jason Hernandez,2020-11-21T05:24:01Z
55882,boóbil,und,"","",,Láadan,Jason Hernandez,2020-11-21T05:24:49Z
48592,bremeda,und,"","",,Láadan,Jason Hernandez,2020-11-21T05:26:15Z
47561,dathimi,und,"","",,Láadan,Jason Hernandez,2020-11-21T05:26:54Z
53940,dazhéebeyáanin,und,"","",,Láadan,Jason Hernandez,2020-11-21T05:27:41Z
636795,domesh,und,"","",,Láadan,Jason Hernandez,2020-11-21T05:28:36Z
469472,doyu,und,"","",,Láadan,Jason Hernandez,2020-11-21T05:30:25Z
58460,edenesh,und,"","",,Láadan,Jason Hernandez,2020-11-21T05:31:14Z
122850,edeni,und,"","",,Láadan,Jason Hernandez,2020-11-21T05:31:47Z
64342,yobeyáanin,und,"","",,Láadan,Jason Hernandez,2020-11-21T05:32:23Z
85469,háami,und,"","",,Láadan,Jason Hernandez,2020-11-21T05:33:14Z
331124,hezh,und,"","",,Láadan,Jason Hernandez,2020-11-21T05:33:51Z
415524,hizh,und,"","",,Láadan,Jason Hernandez,2020-11-21T05:34:35Z
135421,homeyu,und,"","",,Láadan,Jason Hernandez,2020-11-21T05:35:18Z
62671,huthil,und,"","",,Láadan,Jason Hernandez,2020-11-21T05:36:17Z
61381,ilihede,und,"","",,Láadan,Jason Hernandez,2020-11-21T05:36:50Z
122976,ilimeda,und,"","",,Láadan,Jason Hernandez,2020-11-21T05:37:28Z
53106,mehilimeda,und,"","",,Láadan,Jason Hernandez,2020-11-21T05:38:05Z
53597,léeli,und,"","",,Láadan,Jason Hernandez,2020-11-21T05:38:48Z
83072,lehina,und,"","",,Láadan,Jason Hernandez,2020-11-21T05:39:18Z
48353,leyidalatham,und,"","",,Láadan,Jason Hernandez,2020-11-21T05:40:28Z
47544,loyodalatham,und,"","",,Láadan,Jason Hernandez,2020-11-21T05:41:25Z
123454,medalayun,und,"","",,Láadan,Jason Hernandez,2020-11-21T05:42:23Z
128270,meénehesh,und,"","",,Láadan,Jason Hernandez,2020-11-21T05:43:04Z
49883,meláanin,und,"","",,Láadan,Jason Hernandez,2020-11-21T05:43:38Z
76538,ozhi,und,"","",,Láadan,Jason Hernandez,2020-11-21T05:44:16Z
70054,ilihozhi,und,"","",,Láadan,Jason Hernandez,2020-11-21T05:44:53Z
53438,shahina,und,"","",,Láadan,Jason Hernandez,2020-11-21T05:45:55Z
64540,ríshoméenanethil,und,"","",,Láadan,Jason Hernandez,2020-11-21T05:46:47Z
64538,ríshoméenanethil,und,"","",,Láadan,Jason Hernandez,2020-11-21T05:47:04Z
55821,thezh,und,"","",,Láadan,Jason Hernandez,2020-11-21T05:48:01Z
135331,thuyu,und,"","",,Láadan,Jason Hernandez,2020-11-21T05:48:39Z
53858,udemeda,und,"","",,Láadan,Jason Hernandez,2020-11-21T05:49:07Z
53779,webesh,und,"","",,Láadan,Jason Hernandez,2020-11-21T05:49:46Z
51738,wothesh,und,"","",,Láadan,Jason Hernandez,2020-11-21T05:50:26Z
331122,yun,und,"","",,Láadan,Jason Hernandez,2020-11-21T05:51:17Z
123005,zhu,und,"","",,Láadan,Jason Hernandez,2020-11-21T05:51:50Z
50829,oyimahina,und,"","",,Láadan,Jason Hernandez,2020-11-21T05:53:20Z
55800,hodo,und,"","",,Láadan,Jason Hernandez,2020-11-21T05:54:08Z
51876,boómi,und,"","",,Láadan,Jason Hernandez,2020-11-21T05:55:24Z
47758,meboómi,und,"","",,Láadan,Jason Hernandez,2020-11-21T05:55:55Z
60773,éelenethil,und,"","",,Láadan,Jason Hernandez,2020-11-21T05:56:42Z
59561,elathil,und,"","",,Láadan,Jason Hernandez,2020-11-21T05:57:37Z
53582,hodoyáanin,und,"","",,Láadan,Jason Hernandez,2020-11-21T05:58:46Z
47157,áalaá i óoloó,und,"","",,Láadan,Jason Hernandez,2020-12-07T03:17:38Z
47224,áalaá,und,"","",,Láadan,Jason Hernandez,2020-12-07T03:18:34Z
3,babí,und,"","",,Láadan,Jason Hernandez,2020-12-07T03:20:03Z
19350,mehúumid,und,"","",,Láadan,Jason Hernandez,2020-12-07T03:21:09Z
39532,balinemid,und,"","",,Láadan,Jason Hernandez,2020-12-07T03:21:57Z
47118,dathimemid,und,"","",,Láadan,Jason Hernandez,2020-12-07T03:23:12Z
846194,dathimid,und,"","",,Láadan,Jason Hernandez,2020-12-07T03:24:05Z
74113,dithemid,und,"","",,Láadan,Jason Hernandez,2020-12-07T03:25:27Z
43692,domid,und,"","",,Láadan,Jason Hernandez,2020-12-07T03:26:14Z
44705,belidedemid,und,"","",,Láadan,Jason Hernandez,2020-12-07T03:28:29Z
43794,eduthemid,und,"","",,Láadan,Jason Hernandez,2020-12-07T03:29:16Z
121578,éesh,und,"","",,Láadan,Jason Hernandez,2020-12-07T03:29:58Z
123070,éezh,und,"","",,Láadan,Jason Hernandez,2020-12-07T03:30:33Z
85552,éezha,und,"","",,Láadan,Jason Hernandez,2020-12-07T03:31:19Z
526556,mehelalimid,und,"","",,Láadan,Jason Hernandez,2020-12-07T03:32:01Z
45933,elashemid,und,"","",,Láadan,Jason Hernandez,2020-12-07T03:32:43Z
85553,ezha,und,"","",,Láadan,Jason Hernandez,2020-12-07T03:33:22Z
26172,ezha i éezha,und,"","",,Láadan,Jason Hernandez,2020-12-07T03:34:04Z
47336,halezhub,und,"","",,Láadan,Jason Hernandez,2020-12-07T03:34:55Z
62781,mebelidáhalezhub,und,"","",,Láadan,Jason Hernandez,2020-12-07T03:36:16Z
846209,ibomid,und,"","",,Láadan,Jason Hernandez,2020-12-07T03:37:19Z
42232,ibomid,und,"","",,Láadan,Jason Hernandez,2020-12-07T03:37:47Z
42048,holanemid,und,"","",,Láadan,Jason Hernandez,2020-12-07T03:38:27Z
119405,humazhomid,und,"","",,Láadan,Jason Hernandez,2020-12-07T03:39:12Z
47144,lanemid,und,"","",,Láadan,Jason Hernandez,2020-12-07T03:40:11Z
42158,lemamid,und,"","",,Láadan,Jason Hernandez,2020-12-07T03:40:56Z
324492,muda,und,"","",,Láadan,Jason Hernandez,2020-12-07T03:41:43Z
1036675,mehomamid,und,"","",,Láadan,Jason Hernandez,2020-12-07T03:42:32Z
209233,omid,und,"","",,Láadan,Jason Hernandez,2020-12-07T03:43:06Z
52747,resh,und,"","",,Láadan,Jason Hernandez,2020-12-07T03:44:10Z
20979,ríibib,und,"","",,Láadan,Jason Hernandez,2020-12-07T03:44:50Z
41944,rul,und,"","",,Láadan,Jason Hernandez,2020-12-07T03:45:29Z
846273,merahíyarul,und,"","",,Láadan,Jason Hernandez,2020-12-07T03:46:49Z
846179,mehíyarul,und,"","",,Láadan,Jason Hernandez,2020-12-07T03:47:29Z
118552,sharul,und,"","",,Láadan,Jason Hernandez,2020-12-07T03:48:06Z
43095,shanemid,und,"","",,Láadan,Jason Hernandez,2020-12-07T03:49:04Z
69758,shéeba,und,"","",,Láadan,Jason Hernandez,2020-12-07T03:49:35Z
47178,thili,und,"","",,Láadan,Jason Hernandez,2020-12-07T03:50:16Z
47219,thuzhomid,und,"","",,Láadan,Jason Hernandez,2020-12-07T03:51:07Z
51672,uhudemid,und,"","",,Láadan,Jason Hernandez,2020-12-07T03:51:43Z
152871,uthemid,und,"","",,Láadan,Jason Hernandez,2020-12-07T03:52:20Z
43584,with,und,"","",,Láadan,Jason Hernandez,2020-12-07T03:53:00Z
43584,withid,und,"","",,Láadan,Jason Hernandez,2020-12-07T03:55:02Z
568873,wothemid,und,"","",,Láadan,Jason Hernandez,2020-12-07T03:55:43Z
47208,yum,und,"","",,Láadan,Jason Hernandez,2020-12-07T03:58:05Z
47126,dala,und,"","",,Láadan,Jason Hernandez,2020-12-07T03:58:52Z
136329,dathimi,und,"","",,Láadan,Jason Hernandez,2022-11-26T15:26:29Z
57774,layalelith,und,"","",,Láadan,Jason Hernandez,2024-02-10T02:23:34Z
50863,liyenelelith,und,"","",,Láadan,Jason Hernandez,2024-02-10T02:25:19Z
53659,lélilelith,und,"","",,Láadan,Jason Hernandez,2024-02-10T02:27:36Z
48220,leyanelelith,und,"","",,Láadan,Jason Hernandez,2024-02-10T02:28:55Z
43575,omamid,und,"","",,Láadan,Jason Hernandez,2024-02-10T02:31:18Z
630955,zhomid,und,"","",,Láadan,Jason Hernandez,2024-02-10T02:33:53Z
47220,thuzhomid,und,"","",,Láadan,Jason Hernandez,2024-02-10T02:36:01Z
505478,lub,und,"","",,Láadan,Jason Hernandez,2024-02-10T02:48:41Z
505478,yath,und,"","",,Láadan,Jason Hernandez,2024-02-10T02:49:09Z
6912,yazh i yáazh,und,"","",,Láadan,Jason Hernandez,2024-02-10T02:57:01Z
42069,layadumidal,und,"","",,Láadan,Jason Hernandez,2024-02-10T19:19:23Z
42076,líithinedumedal,und,"","",,Láadan,Jason Hernandez,2024-02-10T19:21:57Z
42348,éezh,und,"","",,Láadan,Jason Hernandez,2024-02-10T19:27:30Z
47434,hesh,und,"","",,Láadan,Jason Hernandez,2024-02-10T19:32:06Z
47158,zhub,und,"","",,Láadan,Jason Hernandez,2024-02-10T19:36:09Z
55883,bóobil,und,"","",,Láadan,Jason Hernandez,2024-02-10T19:37:28Z
68789,yáalin,und,"","",,Láadan,Jason Hernandez,2024-02-10T19:38:40Z
47851,doyáanin,und,"","",,Láadan,Jason Hernandez,2024-02-10T19:44:53Z
171203,onahina,und,"","",,Láadan,Jason Hernandez,2024-02-10T19:46:26Z
