id,vernacularName,language,locality,countryCode,source,lexicon,contributor,created
160697,Vixon,und,"","",,Venetian,John E. Christensen,2017-12-21T13:12:37Z
47219,Ava,und,"","",,Venetian,John E. Christensen,2018-02-06T10:32:18Z
59254,Ajo de bisi,und,"","",,Venetian,John E. Christensen,2018-04-04T07:13:01Z
123070,Càvara,und,"","",,Venetian,John E. Christensen,2018-12-30T16:14:28Z
81648,Peoci,und,"","",,Venetian,Alessandro G.,2020-11-22T21:20:21Z
63205,Bagigi,und,"","",,Venetian,Alessandro G.,2020-12-26T15:45:57Z
41964,Leon,und,"","",,Venetian,Zane Roskoph,2021-08-24T12:41:28Z
