id,vernacularName,language,locality,countryCode,source,lexicon,contributor,created
98016,Alwisin pahal palli,und,"","",http://reptile-database.reptarium.cz/search.php?genus=Cnemaspis&species=alwisi&submit=Search,Tamil,Bobby McCabe,2011-08-19T02:58:35Z
98040,Kumarasinghevin pahal palli,und,"","",http://reptile-database.reptarium.cz/search.php?genus=Cnemaspis&species=kumarasinghei&submit=Search,Tamil,Bobby McCabe,2011-08-19T02:58:41Z
98046,Molligodavin pahal palli,und,"","",http://reptile-database.reptarium.cz/search.php?genus=Cnemaspis&species=molligodai&submit=Search,Tamil,Bobby McCabe,2011-08-19T02:58:42Z
98067,Retigala pahal palli,und,"","",http://reptile-database.reptarium.cz/search.php?genus=Cnemaspis&species=retigalensis&submit=Search,Tamil,Bobby McCabe,2011-08-19T02:58:47Z
98069,Sivanolipathamalai pahal palli,und,"","",http://reptile-database.reptarium.cz/search.php?genus=Cnemaspis&species=samanalensis&submit=Search,Tamil,Bobby McCabe,2011-08-19T02:58:48Z
104068,Sivanolipathmalai arene,und,"","",http://reptile-database.reptarium.cz/search.php?genus=Lankascincus&species=sripadensis&submit=Search,Tamil,,2011-08-19T03:01:59Z
111718,Eranga Virajvin nilakael pambu,und,"","",http://reptile-database.reptarium.cz/search.php?genus=Rhinophis&species=erangaviraji&submit=Search,Tamil,,2011-08-19T03:05:24Z
202342,cumbu,und,"","",,Tamil,"Charles Thomas Hash, Jr.",2014-03-15T19:57:12Z
170044,Ottu Pullu,und,"","",,Tamil,Chandan Pandey,2015-09-02T10:00:53Z
369985,Peyimarutti,und,"","",,Tamil,Chandan Pandey,2015-09-04T10:55:12Z
47257,Savara,und,"","",http://www.catalogueoflife.org/annual-checklist/details/species/id/10072934/common/110736,Tamil,,2015-11-12T13:40:06Z
498755,Yetti,und,"","",http://eol.org/pages/52970371,Tamil,langlands,2016-06-21T13:24:44Z
48892,masuthutthi,und,"","",,Tamil,cassi saari,2017-07-15T18:28:26Z
47549,முட்தோலி,und,"","",,Tamil,John E. Christensen,2017-12-02T21:10:53Z
47373,ஊசியிலை மரம்,und,"","",,Tamil,John E. Christensen,2017-12-04T16:13:39Z
72295,பேரீச்சை,und,"","",,Tamil,John E. Christensen,2017-12-18T11:11:33Z
170883,வாழைப்பழம்,und,"","",,Tamil,John E. Christensen,2017-12-20T15:46:43Z
147732,சிறுத்தை,und,"","",,Tamil,Bobby McCabe,2018-01-27T18:48:49Z
47219,தேனீ,und,"","",,Tamil,John E. Christensen,2018-02-06T10:30:44Z
47372,கலிபோர்னியா செம்மரம்,und,"","",,Tamil,John E. Christensen,2018-02-08T20:39:33Z
83204,தெள்ளு (பூச்சி),und,"","",,Tamil,John E. Christensen,2018-02-10T13:32:45Z
122976,இலைக்கோசு,und,"","",,Tamil,John E. Christensen,2018-02-23T10:38:14Z
124337,நீர்க் கரடி,und,"","",,Tamil,John E. Christensen,2018-03-06T10:11:30Z
372739,அறுகாலி,und,"","",,Tamil,John E. Christensen,2018-03-07T09:49:05Z
59254,இனப்பூண்டு,und,"","",,Tamil,John E. Christensen,2018-04-04T07:12:00Z
67759,கொத்தமல்லி,und,"","",,Tamil,John E. Christensen,2018-05-06T07:31:18Z
49320,கல்செடி,und,"","",,Tamil,John E. Christensen,2018-07-22T11:48:48Z
41967,Puli,und,"","",,Tamil,Prasanna Aatheya,2018-09-08T16:26:20Z
447155,கடல் புறா,und,"","",,Tamil,John E. Christensen,2018-10-01T14:21:29Z
20487,ஸ்ட்ருதியோனிடாய்,und,"","",,Tamil,John E. Christensen,2018-10-24T15:53:30Z
41893,கீரி,und,"","",,Tamil,John E. Christensen,2018-11-27T09:23:14Z
805392,Palay kirai,und,"","",,Tamil,Kai-Philipp Schablewski,2018-12-03T00:27:04Z
6930,காட்டு வாத்து,und,"","",,Tamil,John E. Christensen,2018-12-14T15:07:58Z
114891,உடும்பு,und,"","",,Tamil,John E. Christensen,2019-01-03T07:21:29Z
210289,கொட்டலசு,und,"","",,Tamil,John E. Christensen,2019-02-10T11:03:07Z
47119,சிலந்திதேள் வகுப்பு,und,"","",,Tamil,John E. Christensen,2019-02-13T20:04:06Z
447155,நீள் சிறகு கடற்பறவை,und,"","",,Tamil,John E. Christensen,2019-02-22T15:39:48Z
47398,துறவி நண்டு,und,"","",,Tamil,John E. Christensen,2019-02-24T13:30:00Z
7251,பேசரின்,und,"","",,Tamil,John E. Christensen,2019-03-02T10:06:45Z
47217,ஆர்க்கிட்,und,"","",,Tamil,John E. Christensen,2019-03-15T10:48:38Z
1199,மயில்,und,"","",,Tamil,John E. Christensen,2019-04-13T07:53:56Z
82814,தாமரை,und,"","",,Tamil,John E. Christensen,2019-05-05T10:45:18Z
344178,கனகாம்பரம்,und,"Tamil Nadu, IN","",,Tamil,harshithjv,2019-07-14T10:05:19Z
160294,கசப்பி,und,"","",,Tamil,harshithjv,2019-07-14T11:10:47Z
160294,மதண்டி,und,"","",,Tamil,harshithjv,2019-07-14T11:11:02Z
160294,பறுணி,und,"","",,Tamil,harshithjv,2019-07-14T11:11:18Z
160294,பிண்டீரி,und,"","",,Tamil,harshithjv,2019-07-14T11:11:31Z
160294,வல்லாரை,und,"","",,Tamil,harshithjv,2019-07-14T11:11:45Z
160294,யோசனவல்லி,und,"","",,Tamil,harshithjv,2019-07-14T11:12:00Z
122835,Sempu,und,"","",,Tamil,harshithjv,2019-07-14T12:33:35Z
122835,Shamakkilangu,und,"","",,Tamil,harshithjv,2019-07-14T12:33:50Z
126882,சோற்றுக்கற்றாழை,und,"","",,Tamil,John E. Christensen,2019-08-04T21:48:24Z
46031,Roma Irukku Anili,und,"","",,Tamil,harshithjv,2019-08-07T16:11:39Z
934078,Nityamalli,und,"","",,Tamil,Lera Miles,2019-09-07T23:42:55Z
505478,கோழி,und,"","",,Tamil,John E. Christensen,2020-01-02T13:29:42Z
131236,வைரஸ்கள்,und,"","",,Tamil,James K. Douch,2020-02-23T03:07:18Z
2314,மீன் கொத்தி,und,"","",,Tamil,John E. Christensen,2020-03-26T12:05:23Z
8277,இரட்டைவால் குருவி,und,"","",,Tamil,Google User,2020-06-08T02:45:08Z
107889,Jalebi meen,und,"Tamil Nadu, IN","",,Tamil,harshithjv,2020-10-16T07:41:26Z
1148606,Rudraksham,und,"","",,Tamil,Kitty Maurey,2020-11-04T23:37:44Z
104069,Munindradasavin arene,und,"","",http://reptile-database.reptarium.cz/search.php?genus=Lankascincus&species=munindradasai&submit=Search,Tamil,,2020-11-07T01:00:40Z
1152647,Mullu Kathiri,und,"","",,Tamil,Kitty Maurey,2020-11-23T02:52:47Z
165529,முருங்கை,und,"","",,Tamil,Vihansith Kulatunga,2021-01-28T09:49:00Z
193609,நீர்முள்ளி [Neermulli],und,"","",,Tamil,harshithjv,2021-04-03T05:47:28Z
925714,புனுகுப்பூனை,und,"","",,Tamil,brnhn,2021-06-21T05:32:27Z
189179,ஏழிலைப்பாலை,und,"Chennai, TN, IN","",,Tamil,Balamurugan Palanivelu,2021-07-11T10:34:31Z
68679,சரக்கொன்றை,und,"Chennai, TN, IN","",,Tamil,Balamurugan Palanivelu,2021-07-11T10:50:08Z
52188,Pulli udoombu,und,"","",http://www.catalogueoflife.org/annual-checklist/details/species/id/10065883/common/332064,Tamil,,2021-07-13T18:52:48Z
52188,Amini-uluvai,und,"","",http://www.catalogueoflife.org/annual-checklist/details/species/id/10065883/common/332096,Tamil,,2021-07-13T19:02:53Z
52188,Pulli-udumban-sravu,und,"","",http://www.catalogueoflife.org/annual-checklist/details/species/id/10065883/common/332063,Tamil,,2021-07-13T19:03:32Z
52188,Thimingal sura,und,"","",http://www.catalogueoflife.org/annual-checklist/details/species/id/10065883/common/332055,Tamil,,2021-07-13T19:03:42Z
52188,Usman-sravu,und,"","",http://www.catalogueoflife.org/annual-checklist/details/species/id/10065883/common/332043,Tamil,,2021-07-13T19:03:52Z
52188,அமினி வுளுவை,und,"","",http://www.catalogueoflife.org/annual-checklist/details/species/id/10065883/common/332024,Tamil,,2021-07-13T19:04:03Z
52188,அமீனீ உளுவை,und,"","",http://www.catalogueoflife.org/annual-checklist/details/species/id/10065883/common/332025,Tamil,,2021-07-13T19:04:13Z
52188,உஸ்மான் சுராவு,und,"","",http://www.catalogueoflife.org/annual-checklist/details/species/id/10065883/common/332023,Tamil,,2021-07-13T19:04:25Z
52188,திமிங்கல சுரா,und,"","",http://www.catalogueoflife.org/annual-checklist/details/species/id/10065883/common/332021,Tamil,,2021-07-13T19:04:33Z
52188,தீமீஙகல் சுரா,und,"","",http://www.catalogueoflife.org/annual-checklist/details/species/id/10065883/common/332022,Tamil,,2021-07-13T19:04:44Z
52188,புள்ளி ஊடாம்பு,und,"","",http://www.catalogueoflife.org/annual-checklist/details/species/id/10065883/common/332018,Tamil,,2021-07-13T19:04:54Z
52188,புள்ளியுடும்பன் சுராவு,und,"","",http://www.catalogueoflife.org/annual-checklist/details/species/id/10065883/common/332017,Tamil,,2021-07-13T19:05:05Z
52188,புள்ளீ உடும்பன் சுரா,und,"","",http://www.catalogueoflife.org/annual-checklist/details/species/id/10065883/common/332020,Tamil,,2021-07-13T19:05:15Z
62839,மயிர்க்கொன்றை,und,"","",,Tamil,Balamurugan Palanivelu,2021-07-15T04:30:04Z
169518,நாவல்,und,"","",,Tamil,Balamurugan Palanivelu,2021-07-15T04:46:07Z
464765,வெண் மருது,und,"","",,Tamil,Balamurugan Palanivelu,2021-07-15T04:59:39Z
100111,௨ல்டா கலவா,und,"","",http://www.catalogueoflife.org/annual-checklist/details/species/id/10073135/common/42131,Tamil,Victor HOYEAU,2021-07-15T12:24:20Z
100146,௨ல்டா கலவா,und,"","",http://www.catalogueoflife.org/annual-checklist/details/species/id/10073169/common/40728,Tamil,,2021-07-15T12:24:20Z
100111,Komari kaleva,und,"","",http://www.catalogueoflife.org/annual-checklist/details/species/id/10073135/common/42172,Tamil,Victor HOYEAU,2021-07-15T12:24:37Z
100116,Kalava,und,"","",http://www.catalogueoflife.org/annual-checklist/details/species/id/10073140/common/41981,Tamil,,2021-07-15T12:24:38Z
100118,Kalava,und,"","",http://www.catalogueoflife.org/annual-checklist/details/species/id/10073142/common/41874,Tamil,Victor HOYEAU,2021-07-15T12:24:38Z
96990,Kalava,und,"","",http://www.catalogueoflife.org/annual-checklist/details/species/id/10073038/common/61285,Tamil,,2021-07-15T12:24:38Z
100146,Kalava,und,"","",http://www.catalogueoflife.org/annual-checklist/details/species/id/10073169/common/40768,Tamil,,2021-07-15T12:24:39Z
52556,Kalava,und,"","",http://www.catalogueoflife.org/annual-checklist/details/species/id/10073107/common/43462,Tamil,,2021-07-15T12:24:39Z
100111,Kalava,und,"","",http://www.catalogueoflife.org/annual-checklist/details/species/id/10073135/common/42182,Tamil,Victor HOYEAU,2021-07-15T12:24:39Z
100111,Wutla-callawah,und,"","",http://www.catalogueoflife.org/annual-checklist/details/species/id/10073135/common/42133,Tamil,Victor HOYEAU,2021-07-15T12:24:43Z
94389,Manankanni,und,"","",http://www.catalogueoflife.org/annual-checklist/details/species/id/10062244/common/156855,Tamil,,2021-07-15T12:50:32Z
108004,Mundakanni,und,"","",http://www.catalogueoflife.org/annual-checklist/details/species/id/10055284/common/136381,Tamil,,2021-07-15T12:50:45Z
108006,Mundakanni,und,"","",http://www.catalogueoflife.org/annual-checklist/details/species/id/10055331/common/136301,Tamil,,2021-07-15T12:50:45Z
94389,Mundakanni,und,"","",http://www.catalogueoflife.org/annual-checklist/details/species/id/10062244/common/156852,Tamil,,2021-07-15T12:50:45Z
94390,Mundakanni,und,"","",http://www.catalogueoflife.org/annual-checklist/details/species/id/10062245/common/156788,Tamil,,2021-07-15T12:50:46Z
94389,Vanampartha meen,und,"","",http://www.catalogueoflife.org/annual-checklist/details/species/id/10062244/common/156840,Tamil,,2021-07-15T12:50:55Z
108004,முண்டக் கண்ணி,und,"","",http://www.catalogueoflife.org/annual-checklist/details/species/id/10055284/common/136378,Tamil,,2021-07-15T12:51:08Z
108006,முண்டக் கண்ணி,und,"","",http://www.catalogueoflife.org/annual-checklist/details/species/id/10055331/common/136297,Tamil,,2021-07-15T12:51:09Z
94389,முண்டக் கண்ணி,und,"","",http://www.catalogueoflife.org/annual-checklist/details/species/id/10062244/common/156838,Tamil,,2021-07-15T12:51:09Z
94390,முண்டக் கண்ணி,und,"","",http://www.catalogueoflife.org/annual-checklist/details/species/id/10062245/common/156755,Tamil,,2021-07-15T12:51:09Z
107889,Jelebi meen,und,"","",http://www.catalogueoflife.org/annual-checklist/details/species/id/10067864/common/96898,Tamil,,2021-07-15T15:06:36Z
107889,ஜிலேபி மீன்,und,"","",http://www.catalogueoflife.org/annual-checklist/details/species/id/10067864/common/96939,Tamil,,2021-07-15T15:06:43Z
107889,திலேப்பி,und,"","",http://www.catalogueoflife.org/annual-checklist/details/species/id/10067864/common/96938,Tamil,,2021-07-15T15:06:50Z
121323,திலேப்பி,und,"","",http://www.catalogueoflife.org/annual-checklist/details/species/id/10085699/common/349092,Tamil,,2021-07-15T15:06:51Z
97273,Aviri,und,"","",http://www.catalogueoflife.org/annual-checklist/details/species/id/10070070/common/128893,Tamil,,2021-07-15T15:45:36Z
97273,Coaree veralavuree,und,"","",http://www.catalogueoflife.org/annual-checklist/details/species/id/10070070/common/128885,Tamil,,2021-07-15T15:45:42Z
97273,Iru viral,und,"","",http://www.catalogueoflife.org/annual-checklist/details/species/id/10070070/common/128929,Tamil,,2021-07-15T15:45:48Z
97273,Puveral,und,"","",http://www.catalogueoflife.org/annual-checklist/details/species/id/10070070/common/128879,Tamil,,2021-07-15T15:45:54Z
97273,அவிரி,und,"","",http://www.catalogueoflife.org/annual-checklist/details/species/id/10070070/common/128909,Tamil,,2021-07-15T15:46:00Z
97273,அவீரீ,und,"","",http://www.catalogueoflife.org/annual-checklist/details/species/id/10070070/common/128910,Tamil,,2021-07-15T15:46:07Z
97273,கோரி வராலவுரீ,und,"","",http://www.catalogueoflife.org/annual-checklist/details/species/id/10070070/common/128908,Tamil,,2021-07-15T15:46:14Z
97273,பூவிரால்,und,"","",http://www.catalogueoflife.org/annual-checklist/details/species/id/10070070/common/128907,Tamil,,2021-07-15T15:46:22Z
52188,புள்ளீ உடும்பு,und,"","",,Tamil,Zane Roskoph,2021-07-19T11:51:19Z
101508,Mundan sura,und,"","",http://www.catalogueoflife.org/annual-checklist/details/species/id/10055566/common/46264,Tamil,,2021-07-19T12:02:55Z
101508,Murdan sorra,und,"","",http://www.catalogueoflife.org/annual-checklist/details/species/id/10055566/common/46263,Tamil,,2021-07-19T12:03:03Z
101508,முண்ட சுரா,und,"","",http://www.catalogueoflife.org/annual-checklist/details/species/id/10055566/common/46251,Tamil,,2021-07-19T12:03:11Z
101508,முன்டன் சுரா,und,"","",,Tamil,Zane Roskoph,2021-07-19T12:03:30Z
101508,முரடன் சுரா,und,"","",http://www.catalogueoflife.org/annual-checklist/details/species/id/10055566/common/46249,Tamil,,2021-07-19T12:03:39Z
67971,புள்ளீதீருக்கை,und,"","",,Tamil,Zane Roskoph,2021-07-19T14:37:34Z
67971,புள்ளி திருக்‍கை,und,"","",http://www.catalogueoflife.org/annual-checklist/details/species/id/10078380/common/265746,Tamil,,2021-07-19T14:37:44Z
67971,கூனுத் திருக்‍கை,und,"","",http://www.catalogueoflife.org/annual-checklist/details/species/id/10078380/common/265744,Tamil,,2021-07-19T14:38:09Z
67971,குன்னு தீருக்கை,und,"","",,Tamil,Zane Roskoph,2021-07-19T14:38:38Z
67971,Pulli-thirukhai,und,"","",http://www.catalogueoflife.org/annual-checklist/details/species/id/10078380/common/265810,Tamil,,2021-07-19T14:39:03Z
67971,Kunoo-tirike,und,"","",http://www.catalogueoflife.org/annual-checklist/details/species/id/10078380/common/265781,Tamil,,2021-07-19T14:39:14Z
67971,Kunnoo-tirike,und,"","",http://www.catalogueoflife.org/annual-checklist/details/species/id/10078380/common/265780,Tamil,,2021-07-19T14:39:22Z
115010,Valai,und,"","",,Tamil,Zane Roskoph,2021-07-19T16:08:39Z
115010,Vazhai,und,"","",http://www.catalogueoflife.org/annual-checklist/details/species/id/10081706/common/102841,Tamil,,2021-07-19T16:08:47Z
115010,Wallah,und,"","",,Tamil,Zane Roskoph,2021-07-19T16:09:08Z
115010,டீலீ,und,"","",,Tamil,Zane Roskoph,2021-07-19T16:09:28Z
115010,வல்லா,und,"","",http://www.catalogueoflife.org/annual-checklist/details/species/id/10081706/common/102822,Tamil,,2021-07-19T16:09:36Z
368231,வாளை,und,"","",http://www.catalogueoflife.org/annual-checklist/details/species/id/10058012/common/227744,Tamil,,2021-07-19T16:09:47Z
115010,வாளை,und,"","",http://www.catalogueoflife.org/annual-checklist/details/species/id/10081706/common/102821,Tamil,,2021-07-19T16:09:47Z
115010,வாளை அதீயாழை,und,"","",,Tamil,Zane Roskoph,2021-07-19T16:10:34Z
115010,வாழா,und,"","",http://www.catalogueoflife.org/annual-checklist/details/species/id/10081706/common/102818,Tamil,,2021-07-19T16:10:42Z
115010,வாழை,und,"","",http://www.catalogueoflife.org/annual-checklist/details/species/id/10081706/common/102814,Tamil,,2021-07-19T16:10:59Z
48066,Koman sorrah,und,"","",http://www.catalogueoflife.org/annual-checklist/details/species/id/10055533/common/343564,Tamil,,2021-07-20T15:17:05Z
48066,Komban-sorrah,und,"","",http://www.catalogueoflife.org/annual-checklist/details/species/id/10055533/common/343562,Tamil,,2021-07-20T15:17:14Z
56765,Komban-sorrah,und,"","",http://www.catalogueoflife.org/annual-checklist/details/species/id/10055541/common/157942,Tamil,iSea,2021-07-20T15:17:14Z
48066,கொம்பன் சுரா,und,"","",http://www.catalogueoflife.org/annual-checklist/details/species/id/10055533/common/343538,Tamil,,2021-07-20T15:17:21Z
56765,கொம்பன் சுரா,und,"","",http://www.catalogueoflife.org/annual-checklist/details/species/id/10055541/common/157825,Tamil,iSea,2021-07-20T15:17:21Z
48068,கொம்பன் சுறா,und,"","",https://eol.org/pages/1895,Tamil,lwnrngr,2021-07-20T15:17:31Z
48066,கோமன் சுரா,und,"","",http://www.catalogueoflife.org/annual-checklist/details/species/id/10055533/common/343535,Tamil,,2021-07-20T15:17:48Z
348627,Mudiarkunthal,und,"","",,Tamil,Botswanabugs,2021-07-27T05:31:02Z
348627,Savulikodi,und,"","",,Tamil,Botswanabugs,2021-07-27T05:31:37Z
348627,Thrippan Pullu,und,"","",,Tamil,Botswanabugs,2021-07-27T05:32:15Z
114226,Biriga,und,"","",http://www.catalogueoflife.org/annual-checklist/details/species/id/10061232/common/93613,Tamil,,2021-07-27T13:46:41Z
114226,Pumeen,und,"","",http://www.catalogueoflife.org/annual-checklist/details/species/id/10061232/common/93589,Tamil,,2021-07-27T13:46:48Z
114231,Bomin,und,"","",http://www.catalogueoflife.org/annual-checklist/details/species/id/10061246/common/93459,Tamil,,2021-07-27T14:15:31Z
114231,Kuil,und,"","",http://www.catalogueoflife.org/annual-checklist/details/species/id/10061246/common/93451,Tamil,,2021-07-27T14:15:59Z
114231,Pon meen,und,"","",http://www.catalogueoflife.org/annual-checklist/details/species/id/10061246/common/93426,Tamil,,2021-07-27T14:16:06Z
114231,Poomin kendai,und,"","",http://www.catalogueoflife.org/annual-checklist/details/species/id/10061246/common/93425,Tamil,,2021-07-27T14:16:12Z
114231,Pumeen kendae,und,"","",http://www.catalogueoflife.org/annual-checklist/details/species/id/10061246/common/93423,Tamil,,2021-07-27T14:16:19Z
114231,பூமீன் கென்டை,und,"","",http://www.catalogueoflife.org/annual-checklist/details/species/id/10061246/common/93403,Tamil,,2021-07-27T14:16:27Z
114231,பொன் மீன்,und,"","",http://www.catalogueoflife.org/annual-checklist/details/species/id/10061246/common/93402,Tamil,,2021-07-27T14:16:37Z
114231,பொன் மீன்,und,"","",http://www.catalogueoflife.org/annual-checklist/details/species/id/10061246/common/93401,Tamil,,2021-07-27T14:16:44Z
132410,Koli,und,"","",,Tamil,Zane Roskoph,2021-07-28T15:07:22Z
99786,மின் விலாங்குமீன்,und,"","",,Tamil,Zane Roskoph,2021-07-29T03:26:24Z
53669,Karuppu-klathi,und,"","",http://www.catalogueoflife.org/annual-checklist/details/species/id/10084948/common/235499,Tamil,,2021-07-30T11:43:29Z
41970,சிறுத்தைப்புலி,und,"","",,Tamil,Zane Roskoph,2021-07-30T12:19:30Z
41972,படைச்சிறுத்தை,und,"","",,Tamil,Zane Roskoph,2021-07-30T13:04:16Z
50873,வெள்ளைச் சுறா,und,"","",,Tamil,Zane Roskoph,2021-07-30T14:08:56Z
26076,பிலிப்பீன் முதலை,und,"","",,Tamil,Zane Roskoph,2021-07-30T15:10:36Z
26061,கியூபா முதலை,und,"","",,Tamil,Zane Roskoph,2021-07-30T15:23:58Z
123269,Nila orandeya,und,"","",http://www.catalogueoflife.org/annual-checklist/details/species/id/10066657/common/54914,Tamil,,2021-07-30T18:45:12Z
35172,உள்நாட்டு தைப்பன்,und,"","",,Tamil,Zane Roskoph,2021-08-02T14:33:26Z
30472,இராஜ நாகம்,und,"","",,Tamil,Zane Roskoph,2021-08-02T18:41:58Z
30472,இராச நாகம்,und,"","",,Tamil,Zane Roskoph,2021-08-02T18:42:18Z
30472,கருநாகம்,und,"","",,Tamil,Zane Roskoph,2021-08-02T18:42:43Z
26081,ஓரினோக்கோ முதலை,und,"","",,Tamil,Zane Roskoph,2021-08-02T23:33:47Z
52459,மஞ்சள் தாங் மீன்,und,"","",,Tamil,Zane Roskoph,2021-08-03T13:13:53Z
52188,திமிங்கலச் சுறா,und,"","",,Tamil,Zane Roskoph,2021-08-03T14:09:40Z
112841,கிரீன்லாந்துச் சுறா,und,"","",,Tamil,Zane Roskoph,2021-08-03T15:36:37Z
49105,கடல் வேதாளம்,und,"","",,Tamil,Zane Roskoph,2021-08-05T13:48:33Z
468044,கடல் ஒளிர்வி,und,"","",,Tamil,Zane Roskoph,2021-08-05T17:32:48Z
199918,நீல வளையமுள்ள எண்காலி,und,"","",,Tamil,Zane Roskoph,2021-08-09T11:34:25Z
111185,கார்டினல் மீன்,und,"","",,Tamil,Zane Roskoph,2021-08-09T13:57:39Z
43136,டெகுவான்டிபெக் குழிமுயல்,und,"","",,Tamil,Zane Roskoph,2021-08-09T18:38:39Z
331121,தேசி,und,"","",,Tamil,Zane Roskoph,2021-08-10T12:28:44Z
123356,நாரத்தம்,und,"","",,Tamil,Zane Roskoph,2021-08-10T12:49:58Z
35347,கடற்பேரோந்தி,und,"","",,Tamil,Zane Roskoph,2021-08-10T19:53:58Z
41644,பனிக்கரடி,und,"","",,Tamil,Zane Roskoph,2021-08-11T17:05:06Z
41644,துருவக் கரடி,und,"","",,Tamil,Zane Roskoph,2021-08-11T17:05:25Z
41644,போலார் கரடி,und,"","",,Tamil,Zane Roskoph,2021-08-11T17:05:42Z
147527,வேங்கைப்புலி,und,"","",,Tamil,Zane Roskoph,2021-08-13T11:46:26Z
41955,சிவிங்கிப்புலி,und,"","",,Tamil,Zane Roskoph,2021-08-13T12:27:54Z
41955,சிவிங்கிப் புலி,und,"","",,Tamil,Zane Roskoph,2021-08-13T12:28:08Z
41553,நீலத்திமிங்கிலம்,und,"","",,Tamil,Zane Roskoph,2021-08-15T15:35:57Z
41461,பலூகா,und,"","",,Tamil,Zane Roskoph,2021-08-15T20:17:31Z
41461,பெலூகா,und,"","",,Tamil,Zane Roskoph,2021-08-15T20:18:04Z
106714,பழுப்புநிறச் சேற்று மீன்,und,"","",,Tamil,Zane Roskoph,2021-08-20T11:53:15Z
41964,சிங்கம்,und,"","",,Tamil,Zane Roskoph,2021-08-24T12:40:31Z
74831,பனிச்சிறுத்தை,und,"","",,Tamil,Zane Roskoph,2021-08-25T12:30:41Z
42407,ஐரோப்பிய காட்டெருமை,und,"","",,Tamil,Zane Roskoph,2021-08-25T14:11:10Z
130796,சைபீரியப் புலி,und,"","",,Tamil,Zane Roskoph,2021-08-26T14:47:57Z
41967,புலி,und,"","",,Tamil,Zane Roskoph,2021-08-26T16:33:56Z
130799,சுமாத்திராப் புலி,und,"","",,Tamil,Zane Roskoph,2021-08-26T17:06:10Z
130793,வங்காளப் புலி,und,"","",,Tamil,Zane Roskoph,2021-08-27T12:42:47Z
130793,மலேசியப் புலி,und,"","",,Tamil,Zane Roskoph,2021-08-27T13:59:14Z
130793,மலேயப் புலி,und,"","",,Tamil,Zane Roskoph,2021-08-27T13:59:31Z
130793,இந்தோ-சீனாப் புலி,und,"","",,Tamil,Zane Roskoph,2021-08-27T14:22:18Z
130793,தென் சீனப் புலி,und,"","",,Tamil,Zane Roskoph,2021-08-27T14:42:20Z
27677,ஓல்ம்,und,"","",,Tamil,Zane Roskoph,2021-08-27T15:11:57Z
153280,கொமாரா பாறை,und,"","",,Tamil,Zane Roskoph,2021-08-29T12:31:05Z
153280,கீளீசை,und,"","",,Tamil,Zane Roskoph,2021-08-29T12:31:23Z
153280,செமபாறை,und,"","",,Tamil,Zane Roskoph,2021-08-29T12:31:40Z
153280,தேங்கா பாறை,und,"","",,Tamil,Zane Roskoph,2021-08-29T12:32:07Z
153280,பாற,und,"","",,Tamil,Zane Roskoph,2021-08-29T12:32:33Z
153280,பாறை,und,"","",,Tamil,Zane Roskoph,2021-08-29T12:33:00Z
153280,புலீ பாறை,und,"","",,Tamil,Zane Roskoph,2021-08-29T12:33:20Z
153280,வெண்ணை பாறை,und,"","",,Tamil,Zane Roskoph,2021-08-29T12:33:47Z
84181,குல்லோகொலிமீன்,und,"","",http://www.catalogueoflife.org/annual-checklist/2012/details/species/id/9741333,Tamil,,2021-09-13T12:52:46Z
173863,Parai,und,"","",http://www.catalogueoflife.org/annual-checklist/2012/details/species/id/9741333,Tamil,,2021-09-17T19:24:16Z
47230,Parai,und,"","",http://www.catalogueoflife.org/annual-checklist/2012/details/species/id/9741333,Tamil,,2021-09-17T19:24:16Z
194896,Parai,und,"","",http://www.catalogueoflife.org/annual-checklist/2012/details/species/id/9741333,Tamil,,2021-09-17T19:24:16Z
333751,Parai,und,"","",http://www.catalogueoflife.org/annual-checklist/2012/details/species/id/9741333,Tamil,Mark Rosenstein,2021-09-17T19:24:17Z
132366,Parai,und,"","",http://www.catalogueoflife.org/annual-checklist/2012/details/species/id/9741333,Tamil,,2021-09-17T19:24:17Z
142704,Parai,und,"","",http://www.catalogueoflife.org/annual-checklist/2012/details/species/id/9741333,Tamil,,2021-09-17T19:24:17Z
84529,Parai,und,"","",http://www.catalogueoflife.org/annual-checklist/2012/details/species/id/9741333,Tamil,,2021-09-17T19:24:18Z
97004,சிகப்பு கலவா,und,"","",http://www.catalogueoflife.org/annual-checklist/2012/details/species/id/9741333,Tamil,,2021-10-09T16:50:16Z
97004,சீகப்பீளீ,und,"","",http://www.catalogueoflife.org/annual-checklist/2012/details/species/id/9741333,Tamil,,2021-10-09T16:50:26Z
97004,Segepu kaleva,und,"","",http://www.catalogueoflife.org/annual-checklist/2012/details/species/id/9741333,Tamil,,2021-10-09T16:50:34Z
97004,Siggapu-cullawah,und,"","",http://www.catalogueoflife.org/annual-checklist/2012/details/species/id/9741333,Tamil,,2021-10-09T16:50:44Z
369469,ஐவிரலி [aivirali],und,"","",,Tamil,harshithjv,2021-10-27T05:10:36Z
93987,பனையேரிக் கென்⁮டை,und,"","",http://www.catalogueoflife.org/annual-checklist/2012/details/species/id/9741333,Tamil,,2021-12-04T16:53:54Z
93987,பனயேரிக் கென்‍டை,und,"","",http://www.catalogueoflife.org/annual-checklist/2012/details/species/id/9741333,Tamil,,2021-12-04T16:54:09Z
93987,Sennal,und,"","",http://www.catalogueoflife.org/annual-checklist/2012/details/species/id/9741333,Tamil,,2021-12-04T16:54:20Z
93987,Paunieyri,und,"","",http://www.catalogueoflife.org/annual-checklist/2012/details/species/id/9741333,Tamil,,2021-12-04T16:54:29Z
93987,Panaiyeri kendai,und,"","",http://www.catalogueoflife.org/annual-checklist/2012/details/species/id/9741333,Tamil,,2021-12-04T16:54:37Z
44541,நில்ளு எலி,und,"","",,Tamil,Zane Roskoph,2021-12-06T15:38:48Z
44541,Nillu Eli,und,"","",,Tamil,Zane Roskoph,2021-12-06T15:39:06Z
1316661,Kalava,und,"","",http://www.catalogueoflife.org/annual-checklist/details/species/id/10073064/common/276515,Tamil,,2022-03-08T00:39:04Z
105252,கல்லாரால்,und,"","",http://www.catalogueoflife.org/annual-checklist/2012/details/species/id/9741333,Tamil,,2022-03-10T00:33:33Z
105003,ஆரால்,und,"","",http://www.catalogueoflife.org/annual-checklist/2012/details/species/id/9741333,Tamil,,2022-03-10T00:33:49Z
105252,ஆரால்,und,"","",http://www.catalogueoflife.org/annual-checklist/2012/details/species/id/9741333,Tamil,,2022-03-10T00:33:49Z
105252,Shatarh,und,"","",http://www.catalogueoflife.org/annual-checklist/2012/details/species/id/9741333,Tamil,,2022-03-10T00:34:24Z
105252,Kalaraah,und,"","",http://www.catalogueoflife.org/annual-checklist/2012/details/species/id/9741333,Tamil,,2022-03-10T00:34:37Z
105252,Kalaaral,und,"","",http://www.catalogueoflife.org/annual-checklist/2012/details/species/id/9741333,Tamil,,2022-03-10T00:34:49Z
774753,மூரை,und,"","",,Tamil,John E. Christensen,2022-04-01T11:58:56Z
47124,இருவித்திலைத் தாவரம்,und,"","",,Tamil,John E. Christensen,2022-09-16T13:48:47Z
57774,சிவப்புப் பாசி,und,"","",,Tamil,John E. Christensen,2022-09-29T12:10:21Z
1,விலங்குகள்,und,"","",,Tamil,Yann Kemper,2022-11-18T04:43:02Z
114372,Gowra meen,und,"","",http://www.catalogueoflife.org/annual-checklist/2012/details/species/id/9741333,Tamil,,2022-12-19T18:26:24Z
114372,Gowra,und,"","",http://www.catalogueoflife.org/annual-checklist/2012/details/species/id/9741333,Tamil,,2022-12-19T18:26:26Z
557826,karuvelum,und,"","",,Tamil,Botswanabugs,2023-02-09T04:59:57Z
4993,குளத்துக் கொக்கு,und,"Tamil Nadu, IN","",,Tamil,Sri Harsha K.M / ஸ்ரீ ஹர்ஷா / ಶ್ರೀ ಹರ್ಷ,2023-03-11T13:54:02Z
497004,சின்ன நீர்க்காகம்,und,"Tamil Nadu, IN","",,Tamil,Sri Harsha K.M / ஸ்ரீ ஹர்ஷா / ಶ್ರೀ ಹರ್ಷ,2023-03-11T13:57:21Z
204519,வெண்தொண்டை மீன்கொத்தி,und,"Tamil Nadu, IN","",,Tamil,Sri Harsha K.M / ஸ்ரீ ஹர்ஷா / ಶ್ರೀ ಹರ್ಷ,2023-03-11T13:58:39Z
204454,சாதாரண மைனா,und,"Tamil Nadu, IN","",,Tamil,Sri Harsha K.M / ஸ்ரீ ஹர்ஷா / ಶ್ರೀ ಹರ್ಷ,2023-03-11T13:59:46Z
8277,கரிக்குருவி,und,"Tamil Nadu, IN","",,Tamil,Sri Harsha K.M / ஸ்ரீ ஹர்ஷா / ಶ್ರೀ ಹರ್ಷ,2023-03-11T14:02:01Z
14593,செங்குதக் கொண்டைக்குருவி,und,"Tamil Nadu, IN","",,Tamil,Sri Harsha K.M / ஸ்ரீ ஹர்ஷா / ಶ್ರೀ ಹರ್ಷ,2023-03-11T14:03:21Z
2229,பச்சைப் பஞ்சுருட்டான்,und,"Tamil Nadu, IN","",,Tamil,Sri Harsha K.M / ஸ்ரீ ஹர்ஷா / ಶ್ರೀ ಹರ್ಷ,2023-03-11T14:03:59Z
2229,சிறிய பச்சைப் பஞ்சுருட்டான்,und,"Tamil Nadu, IN","",,Tamil,Sri Harsha K.M / ஸ்ரீ ஹர்ஷா / ಶ್ರೀ ಹರ್ಷ,2023-03-11T14:04:25Z
5268,கரும்பருந்து,und,"Tamil Nadu, IN","",,Tamil,Sri Harsha K.M / ஸ்ரீ ஹர்ஷா / ಶ್ರೀ ಹರ್ಷ,2023-03-11T14:05:21Z
5268,ஊர்ப் பருந்து,und,"Tamil Nadu, IN","",,Tamil,Sri Harsha K.M / ஸ்ரீ ஹர்ஷா / ಶ್ರೀ ಹರ್ಷ,2023-03-11T14:05:59Z
18911,பச்சைக்கிளி,und,"Tamil Nadu, IN","",,Tamil,Sri Harsha K.M / ஸ்ரீ ஹர்ஷா / ಶ್ರೀ ಹರ್ಷ,2023-03-11T14:06:37Z
18911,செந்தார்ப் பைங்கிளி,und,"Tamil Nadu, IN","",,Tamil,Sri Harsha K.M / ஸ்ரீ ஹர்ஷா / ಶ್ರೀ ಹರ್ಷ,2023-03-11T14:07:02Z
1204,மயில்,und,"Tamil Nadu, IN","",,Tamil,Sri Harsha K.M / ஸ்ரீ ஹர்ஷா / ಶ್ರೀ ಹರ್ಷ,2023-03-11T14:09:12Z
204491,குண்டுக்கரிச்சான்,und,"Tamil Nadu, IN","",,Tamil,Sri Harsha K.M / ஸ்ரீ ஹர்ஷா / ಶ್ರೀ ಹರ್ಷ,2023-03-11T14:10:06Z
204491,வண்ணாத்திக்குருவி கருப்பு வெள்ளைக்குருவி,und,"Tamil Nadu, IN","",,Tamil,Sri Harsha K.M / ஸ்ரீ ஹர்ஷா / ಶ್ರೀ ಹರ್ಷ,2023-03-11T14:10:26Z
5017,உண்ணிக்கொக்கு,und,"Tamil Nadu, IN","",,Tamil,Sri Harsha K.M / ஸ்ரீ ஹர்ஷா / ಶ್ರೀ ಹರ್ಷ,2023-03-11T14:12:12Z
145193,கருஞ்சிவப்பு,und,"Tamil Nadu, IN","",,Tamil,Sri Harsha K.M / ஸ்ரீ ஹர்ஷா / ಶ್ರೀ ಹರ್ಷ,2023-03-11T14:13:11Z
145193,ஊதாத் தேன்சிட்டு,und,"Tamil Nadu, IN","",,Tamil,Sri Harsha K.M / ஸ்ரீ ஹர்ஷா / ಶ್ರೀ ಹರ್ಷ,2023-03-11T14:13:33Z
4871,சிவப்பு மூக்கு ஆள்காட்டி,und,"Tamil Nadu, IN","",,Tamil,Sri Harsha K.M / ஸ்ரீ ஹர்ஷா / ಶ್ರೀ ಹರ್ಷ,2023-03-11T14:15:56Z
3017,மாடப்புறா,und,"Tamil Nadu, IN","",,Tamil,Sri Harsha K.M / ஸ்ரீ ஹர்ஷா / ಶ್ರೀ ಹರ್ಷ,2023-03-11T14:22:22Z
1455918,மணிப்புறா,und,"Tamil Nadu, IN","",,Tamil,Sri Harsha K.M / ஸ்ரீ ஹர்ஷா / ಶ್ರೀ ಹರ್ಷ,2023-03-11T14:23:49Z
5143,வைரி,und,"Tamil Nadu, IN","",,Tamil,Sri Harsha K.M / ஸ்ரீ ஹர்ஷா / ಶ್ರೀ ಹರ್ಷ,2023-03-11T14:24:36Z
5143,வல்லூறு,und,"Tamil Nadu, IN","",,Tamil,Sri Harsha K.M / ஸ்ரீ ஹர்ஷா / ಶ್ರೀ ಹರ್ಷ,2023-03-11T14:24:57Z
5143,வில்லேத்திரன் குருவி,und,"Tamil Nadu, IN","",,Tamil,Sri Harsha K.M / ஸ்ரீ ஹர்ஷா / ಶ್ರೀ ಹರ್ಷ,2023-03-11T14:25:14Z
5143,பறப்பிடியன்,und,"Tamil Nadu, IN","",,Tamil,Sri Harsha K.M / ஸ்ரீ ஹர்ஷா / ಶ್ರೀ ಹರ್ಷ,2023-03-11T14:25:40Z
14591,செம்மீசைச் சின்னான்,und,"Tamil Nadu, IN","",,Tamil,Sri Harsha K.M / ஸ்ரீ ஹர்ஷா / ಶ್ರೀ ಹರ್ಷ,2023-03-11T14:27:44Z
14591,சிவப்புமீசைச் சின்னான்,und,"Tamil Nadu, IN","",,Tamil,Sri Harsha K.M / ஸ்ரீ ஹர்ஷா / ಶ್ರೀ ಹರ್ಷ,2023-03-11T14:28:22Z
14591,செம்மீசைக் கொண்டைக்குருவி,und,"Tamil Nadu, IN","",,Tamil,Sri Harsha K.M / ஸ்ரீ ஹர்ஷா / ಶ್ರೀ ಹರ್ಷ,2023-03-11T14:28:40Z
114,கானமயில்,und,"Tamil Nadu, IN","",,Tamil,Sri Harsha K.M / ஸ்ரீ ஹர்ஷா / ಶ್ರೀ ಹರ್ಷ,2023-03-11T14:33:17Z
130,வரகுக் கோழி,und,"Tamil Nadu, IN","",,Tamil,Sri Harsha K.M / ஸ்ரீ ஹர்ஷா / ಶ್ರೀ ಹರ್ಷ,2023-03-11T14:34:53Z
145146,ஊதாப்பிட்டு தேன்சிட்டு,und,"Tamil Nadu, IN","",,Tamil,Sri Harsha K.M / ஸ்ரீ ஹர்ஷா / ಶ್ರೀ ಹರ್ಷ,2023-03-11T14:36:03Z
145146,ஊதாப்பிட்டத் தேன்சிட்டு,und,"Tamil Nadu, IN","",,Tamil,Sri Harsha K.M / ஸ்ரீ ஹர்ஷா / ಶ್ರೀ ಹರ್ಷ,2023-03-11T14:36:18Z
145146,ஊர்த் தேன்சிட்டு,und,"Tamil Nadu, IN","",,Tamil,Sri Harsha K.M / ஸ்ரீ ஹர்ஷா / ಶ್ರೀ ಹರ್ಷ,2023-03-11T14:36:58Z
8031,காகம்,und,"Tamil Nadu, IN","",,Tamil,Sri Harsha K.M / ஸ்ரீ ஹர்ஷா / ಶ್ರೀ ಹರ್ಷ,2023-03-11T14:38:25Z
4743,மஞ்சள் மூக்கு நாரை,und,"Tamil Nadu, IN","",,Tamil,Sri Harsha K.M / ஸ்ரீ ஹர்ஷா / ಶ್ರೀ ಹರ್ಷ,2023-03-11T14:39:40Z
4743,வண்ண நாரை,und,"Tamil Nadu, IN","",,Tamil,Sri Harsha K.M / ஸ்ரீ ஹர்ஷா / ಶ್ರೀ ಹರ್ಷ,2023-03-11T14:39:58Z
4743,செவ்வரி நாரை,und,"Tamil Nadu, IN","",,Tamil,Sri Harsha K.M / ஸ்ரீ ஹர்ஷா / ಶ್ರೀ ಹರ್ಷ,2023-03-11T14:40:12Z
4743,சங்குவளை நாரை,und,"Tamil Nadu, IN","",,Tamil,Sri Harsha K.M / ஸ்ரீ ஹர்ஷா / ಶ್ರೀ ಹರ್ಷ,2023-03-11T14:40:34Z
13858,சிட்டுக்குருவி,und,"Tamil Nadu, IN","",,Tamil,Sri Harsha K.M / ஸ்ரீ ஹர்ஷா / ಶ್ರೀ ಹರ್ಷ,2023-03-11T14:42:30Z
145031,கருஞ்சிட்டு,und,"Tamil Nadu, IN","",,Tamil,Sri Harsha K.M / ஸ்ரீ ஹர்ஷா / ಶ್ರೀ ಹರ್ಷ,2023-03-11T14:43:24Z
4775,அகலவாயன்,und,"Tamil Nadu, IN","",,Tamil,Sri Harsha K.M / ஸ்ரீ ஹர்ஷா / ಶ್ರೀ ಹರ್ಷ,2023-03-11T14:45:03Z
4775,நத்தை குத்தி நாரை,und,"Tamil Nadu, IN","",,Tamil,Sri Harsha K.M / ஸ்ரீ ஹர்ஷா / ಶ್ರೀ ಹರ್ಷ,2023-03-11T14:45:32Z
4954,கருநாரை,und,"Tamil Nadu, IN","",,Tamil,Sri Harsha K.M / ஸ்ரீ ஹர்ஷா / ಶ್ರೀ ಹರ್ಷ,2023-03-11T14:46:43Z
4954,நதியன்,und,"Tamil Nadu, IN","",,Tamil,Sri Harsha K.M / ஸ்ரீ ஹர்ஷா / ಶ್ರೀ ಹರ್ಷ,2023-03-11T14:47:58Z
4954,நாராயணப் பட்சி,und,"Tamil Nadu, IN","",,Tamil,Sri Harsha K.M / ஸ்ரீ ஹர்ஷா / ಶ್ರೀ ಹರ್ಷ,2023-03-11T14:48:19Z
4954,நரையான்,und,"Tamil Nadu, IN","",,Tamil,Sri Harsha K.M / ஸ்ரீ ஹர்ஷா / ಶ್ರೀ ಹರ್ಷ,2023-03-11T14:48:41Z
4954,கொய்யடி நாரை,und,"Tamil Nadu, IN","",,Tamil,Sri Harsha K.M / ஸ்ரீ ஹர்ஷா / ಶ್ರೀ ಹರ್ಷ,2023-03-11T14:49:03Z
4954,சாம்பல் நாரை,und,"Tamil Nadu, IN","",,Tamil,Sri Harsha K.M / ஸ்ரீ ஹர்ஷா / ಶ್ರೀ ಹರ್ಷ,2023-03-11T14:49:17Z
4954,பெருங்கொக்கு,und,"Tamil Nadu, IN","",,Tamil,Sri Harsha K.M / ஸ்ரீ ஹர்ஷா / ಶ್ರೀ ಹರ್ಷ,2023-03-11T14:49:54Z
4954,சாம்பல்கொக்கு,und,"Tamil Nadu, IN","",,Tamil,Sri Harsha K.M / ஸ்ரீ ஹர்ஷா / ಶ್ರೀ ಹರ್ಷ,2023-03-11T14:50:11Z
4943,சின்னக் கொக்கு,und,"Tamil Nadu, IN","",,Tamil,Sri Harsha K.M / ஸ்ரீ ஹர்ஷா / ಶ್ರೀ ಹರ್ಷ,2023-03-11T14:51:26Z
4943,சிறு வெண் கொக்கு,und,"Tamil Nadu, IN","",,Tamil,Sri Harsha K.M / ஸ்ரீ ஹர்ஷா / ಶ್ರೀ ಹರ್ಷ,2023-03-11T14:51:42Z
13893,புள்ளிச் சில்லை,und,"Tamil Nadu, IN","",,Tamil,Sri Harsha K.M / ஸ்ரீ ஹர்ஷா / ಶ್ರೀ ಹರ್ಷ,2023-03-11T14:55:02Z
5406,செம்பருந்து,und,"Tamil Nadu, IN","",,Tamil,Sri Harsha K.M / ஸ்ரீ ஹர்ஷா / ಶ್ರೀ ಹರ್ಷ,2023-03-11T14:56:10Z
1289423,காட்டுச் சிலம்பன்,und,"Tamil Nadu, IN","",,Tamil,Sri Harsha K.M / ஸ்ரீ ஹர்ஷா / ಶ್ರೀ ಹರ್ಷ,2023-03-11T14:57:02Z
204510,காளகண்டம்,und,"Tamil Nadu, IN","",,Tamil,Sri Harsha K.M / ஸ்ரீ ஹர்ஷா / ಶ್ರೀ ಹರ್ಷ,2023-03-11T14:58:17Z
13794,தூக்கணாங்குருவி,und,"Tamil Nadu, IN","",,Tamil,Sri Harsha K.M / ஸ்ரீ ஹர்ஷா / ಶ್ರೀ ಹರ್ಷ,2023-03-11T14:59:18Z
13794,கின்னகம்,und,"Tamil Nadu, IN","",,Tamil,Sri Harsha K.M / ஸ்ரீ ஹர்ஷா / ಶ್ರೀ ಹರ್ಷ,2023-03-12T03:04:09Z
13794,சிதகம்,und,"Tamil Nadu, IN","",,Tamil,Sri Harsha K.M / ஸ்ரீ ஹர்ஷா / ಶ್ರೀ ಹರ್ಷ,2023-03-12T03:05:27Z
13794,தூதுணம்,und,"Tamil Nadu, IN","",,Tamil,Sri Harsha K.M / ஸ்ரீ ஹர்ஷா / ಶ್ರೀ ಹರ್ಷ,2023-03-12T03:05:47Z
13794,மஞ்சட் குருவி,und,"Tamil Nadu, IN","",,Tamil,Sri Harsha K.M / ஸ்ரீ ஹர்ஷா / ಶ್ರೀ ಹರ್ಷ,2023-03-12T03:06:07Z
13794,மஞ்சட் சிட்டு,und,"Tamil Nadu, IN","",,Tamil,Sri Harsha K.M / ஸ்ரீ ஹர்ஷா / ಶ್ರೀ ಹರ್ಷ,2023-03-12T03:06:30Z
4835,நெடுங்கால் உள்ளான்,und,"Tamil Nadu, IN","",,Tamil,Sri Harsha K.M / ஸ்ரீ ஹர்ஷா / ಶ್ರೀ ಹರ್ಷ,2023-03-12T03:16:10Z
8305,கொய்யாப் பழத்தான்,und,"Tamil Nadu, IN","",,Tamil,Sri Harsha K.M / ஸ்ரீ ஹர்ஷா / ಶ್ರೀ ಹರ್ಷ,2023-03-12T03:18:37Z
8305,வால் காக்கை,und,"Tamil Nadu, IN","",,Tamil,Sri Harsha K.M / ஸ்ரீ ஹர்ஷா / ಶ್ರೀ ಹರ್ಷ,2023-03-12T03:19:04Z
8305,அரிகாடை,und,"Tamil Nadu, IN","",,Tamil,Sri Harsha K.M / ஸ்ரீ ஹர்ஷா / ಶ್ರೀ ಹರ್ಷ,2023-03-12T03:20:48Z
8305,மாம்பழத்தான் குருவி,und,"Tamil Nadu, IN","",,Tamil,Sri Harsha K.M / ஸ்ரீ ஹர்ஷா / ಶ್ರೀ ಹರ್ಷ,2023-03-12T03:21:44Z
2599,சிறு நீல மீன்கொத்தி,und,"Tamil Nadu, IN","",,Tamil,Sri Harsha K.M / ஸ்ரீ ஹர்ஷா / ಶ್ರೀ ಹರ್ಷ,2023-03-12T03:24:17Z
12910,கல்லுக்குருவி,und,"Tamil Nadu, IN","",,Tamil,Sri Harsha K.M / ஸ்ரீ ஹர்ஷா / ಶ್ರೀ ಹರ್ಷ,2023-03-12T03:26:08Z
979665,பனங்காடை,und,"Tamil Nadu, IN","",,Tamil,Sri Harsha K.M / ஸ்ரீ ஹர்ஷா / ಶ್ರೀ ಹರ್ಷ,2023-03-12T03:27:41Z
13709,நெல்வயல் நெட்டைக்காலி,und,"Tamil Nadu, IN","",,Tamil,Sri Harsha K.M / ஸ்ரீ ஹர்ஷா / ಶ್ರೀ ಹರ್ಷ,2023-03-12T03:29:26Z
966799,கண்டங்கண்டை நீர்க்கோலி,und,"Tamil Nadu, IN","",,Tamil,Sri Harsha K.M / ஸ்ரீ ஹர்ஷா / ಶ್ರೀ ಹರ್ಷ,2023-03-14T16:09:01Z
28868,சாரைப்பாம்பு,und,"Tamil Nadu, IN","",,Tamil,Sri Harsha K.M / ஸ்ரீ ஹர்ஷா / ಶ್ರೀ ಹರ್ಷ,2023-03-14T16:13:07Z
53492,நாகம்,und,"Tamil Nadu, IN","",,Tamil,Sri Harsha K.M / ஸ்ரீ ஹர்ஷா / ಶ್ರೀ ಹರ್ಷ,2023-03-14T16:14:45Z
1304708,சட்டி தல பாம்பு,und,"Tamil Nadu, IN","",,Tamil,Sri Harsha K.M / ஸ்ரீ ஹர்ஷா / ಶ್ರೀ ಹರ್ಷ,2023-03-14T16:18:26Z
29832,காலியான்குட்டி,und,"Tamil Nadu, IN","",,Tamil,Sri Harsha K.M / ஸ்ரீ ஹர்ஷா / ಶ್ರೀ ಹರ್ಷ,2023-03-14T16:20:07Z
29832,புல்லுருவிப் பாம்பு,und,"Tamil Nadu, IN","",,Tamil,Sri Harsha K.M / ஸ்ரீ ஹர்ஷா / ಶ್ರೀ ಹರ್ಷ,2023-03-14T16:22:37Z
29832,நீர்க்காத்தான் குட்டி,und,"Tamil Nadu, IN","",,Tamil,Sri Harsha K.M / ஸ்ரீ ஹர்ஷா / ಶ್ರೀ ಹರ್ಷ,2023-03-14T16:22:49Z
30687,கண்ணாடி விரியன்,und,"Tamil Nadu, IN","",,Tamil,Sri Harsha K.M / ஸ்ரீ ஹர்ஷா / ಶ್ರೀ ಹರ್ಷ,2023-03-14T16:23:53Z
29574,சாதாரண வெள்ளிக்கோல் வரையன்,und,"Tamil Nadu, IN","",,Tamil,Sri Harsha K.M / ஸ்ரீ ஹர்ஷா / ಶ್ರೀ ಹರ್ಷ,2023-03-14T16:26:11Z
31079,சுருட்டைவிரியன்,und,"Tamil Nadu, IN","",,Tamil,Sri Harsha K.M / ஸ்ரீ ஹர்ஷா / ಶ್ರೀ ಹರ್ಷ,2023-03-14T16:27:27Z
539844,புழுப்பாம்பு,und,"Tamil Nadu, IN","",,Tamil,Sri Harsha K.M / ஸ்ரீ ஹர்ஷா / ಶ್ರೀ ಹರ್ಷ,2023-03-15T14:21:57Z
30264,கண்டங் குருவை,und,"Tamil Nadu, IN","",,Tamil,Sri Harsha K.M / ஸ்ரீ ஹர்ஷா / ಶ್ರೀ ಹರ್ಷ,2023-03-15T14:33:15Z
30264,வக்கணத்தி,und,"Tamil Nadu, IN","",,Tamil,Sri Harsha K.M / ஸ்ரீ ஹர்ஷா / ಶ್ರೀ ಹರ್ಷ,2023-03-15T14:33:35Z
30264,மோதிர வளையன்,und,"Tamil Nadu, IN","",,Tamil,Sri Harsha K.M / ஸ்ரீ ஹர்ஷா / ಶ್ರೀ ಹರ್ಷ,2023-03-15T14:33:53Z
26654,கொம்பேறிமூக்கன்,und,"Tamil Nadu, IN","",,Tamil,Sri Harsha K.M / ஸ்ரீ ஹர்ஷா / ಶ್ರೀ ಹರ್ಷ,2023-03-15T14:35:45Z
26654,விலரணை பாம்பு,und,"Tamil Nadu, IN","",,Tamil,Sri Harsha K.M / ஸ்ரீ ஹர்ஷா / ಶ್ರೀ ಹರ್ಷ,2023-03-15T14:36:08Z
26654,மரம் பாம்பு,und,"Tamil Nadu, IN","",,Tamil,Sri Harsha K.M / ஸ்ரீ ஹர்ஷா / ಶ್ರೀ ಹರ್ಷ,2023-03-15T14:38:35Z
96224,கட்டுவிரியன்,und,"Tamil Nadu, IN","",,Tamil,Sri Harsha K.M / ஸ்ரீ ஹர்ஷா / ಶ್ರೀ ಹರ್ಷ,2023-03-15T14:39:56Z
32205,மண்ணுளிப் பாம்பு,und,"Tamil Nadu, IN","",,Tamil,Sri Harsha K.M / ஸ்ரீ ஹர்ஷா / ಶ್ರೀ ಹರ್ಷ,2023-03-15T14:41:02Z
32205,அயகரம்,und,"Tamil Nadu, IN","",,Tamil,Sri Harsha K.M / ஸ்ரீ ஹர்ஷா / ಶ್ರೀ ಹರ್ಷ,2023-03-15T14:41:21Z
32205,மண் மலைப்பாம்பு,und,"Tamil Nadu, IN","",,Tamil,Sri Harsha K.M / ஸ்ரீ ஹர்ஷா / ಶ್ರೀ ಹರ್ಷ,2023-03-15T14:42:07Z
32205,சிறிய மலைப்பாம்பு,und,"Tamil Nadu, IN","",,Tamil,Sri Harsha K.M / ஸ்ரீ ஹர்ஷா / ಶ್ರೀ ಹರ್ಷ,2023-03-15T14:42:53Z
32205,மணியன்,und,"Tamil Nadu, IN","",,Tamil,Sri Harsha K.M / ஸ்ரீ ஹர்ஷா / ಶ್ರೀ ಹರ್ಷ,2023-03-15T14:43:24Z
64091,ஓலைப்பாம்பு,und,"Tamil Nadu, IN","",,Tamil,Sri Harsha K.M / ஸ்ரீ ஹர்ஷா / ಶ್ರೀ ಹರ್ಷ,2023-03-15T14:44:56Z
68530,திமில்மூக்குக் குழிவிரியன்,und,"Tamil Nadu, IN","",,Tamil,Sri Harsha K.M / ஸ்ரீ ஹர்ஷா / ಶ್ರೀ ಹರ್ಷ,2023-03-15T14:47:31Z
29273,எண்ணெய்ப் பனையன்,und,"Tamil Nadu, IN","",,Tamil,Sri Harsha K.M / ஸ்ரீ ஹர்ஷா / ಶ್ರೀ ಹರ್ಷ,2023-03-15T14:58:21Z
29273,ஓலைப்பாம்பு,und,"Tamil Nadu, IN","",,Tamil,Sri Harsha K.M / ஸ்ரீ ஹர்ஷா / ಶ್ರೀ ಹರ್ಷ,2023-03-15T14:58:56Z
32227,இருதலை மணியன்,und,"Tamil Nadu, IN","",,Tamil,Sri Harsha K.M / ஸ்ரீ ஹர்ஷா / ಶ್ರೀ ಹರ್ಷ,2023-03-15T15:01:13Z
32227,சிவப்பு உழவன் பாம்பு,und,"Tamil Nadu, IN","",,Tamil,Sri Harsha K.M / ஸ்ரீ ஹர்ஷா / ಶ್ರೀ ಹರ್ಷ,2023-03-15T15:01:33Z
32227,இருதலை பாம்பு,und,"Tamil Nadu, IN","",,Tamil,Sri Harsha K.M / ஸ்ரீ ஹர்ஷா / ಶ್ರೀ ಹರ್ಷ,2023-03-15T15:02:18Z
27650,பூனைப்பாம்பு,und,"Tamil Nadu, IN","",,Tamil,Sri Harsha K.M / ஸ்ரீ ஹர்ஷா / ಶ್ರೀ ಹರ್ಷ,2023-03-15T15:10:14Z
27207,பறக்கும் பாம்பு,und,"Tamil Nadu, IN","",,Tamil,Sri Harsha K.M / ஸ்ரீ ஹர்ஷா / ಶ್ರೀ ಹರ್ಷ,2023-03-16T13:44:42Z
797715,அலங்கார பாம்பு,und,"Tamil Nadu, IN","",,Tamil,Sri Harsha K.M / ஸ்ரீ ஹர்ஷா / ಶ್ರೀ ಹರ್ಷ,2023-03-16T13:48:28Z
318698,வலைக்கடியன்,und,"Tamil Nadu, IN","",,Tamil,Sri Harsha K.M / ஸ்ரீ ஹர்ஷா / ಶ್ರೀ ಹರ್ಷ,2023-03-16T13:50:47Z
318698,வலைகடியன்,und,"Tamil Nadu, IN","",,Tamil,Sri Harsha K.M / ஸ்ரீ ஹர்ஷா / ಶ್ರೀ ಹರ್ಷ,2023-03-16T13:51:02Z
28679,கருந்தலையன் பாம்பு,und,"Tamil Nadu, IN","",,Tamil,Sri Harsha K.M / ஸ்ரீ ஹர்ஷா / ಶ್ರೀ ಹರ್ಷ,2023-03-16T13:59:39Z
27357,நாய்த் தலையன்,und,"Tamil Nadu, IN","",,Tamil,Sri Harsha K.M / ஸ்ரீ ஹர்ஷா / ಶ್ರೀ ಹರ್ಷ,2023-03-16T14:05:00Z
27357,உவர்நீர் நாய்த் தலையன்,und,"Tamil Nadu, IN","",,Tamil,Sri Harsha K.M / ஸ்ரீ ஹர்ஷா / ಶ್ರೀ ಹರ್ಷ,2023-03-16T14:05:36Z
32391,பொந்து பாம்பு,und,"Tamil Nadu, IN","",,Tamil,Sri Harsha K.M / ஸ்ரீ ஹர்ஷா / ಶ್ರೀ ಹರ್ಷ,2023-03-16T14:08:49Z
15347,தையல் சிட்டு,und,"Tamil Nadu, IN","",,Tamil,Sri Harsha K.M / ஸ்ரீ ஹர்ஷா / ಶ್ರೀ ಹರ್ಷ,2023-03-16T14:21:15Z
3738,வெள்ளை அரிவாள் மூக்கன்,und,"Tamil Nadu, IN","",,Tamil,Sri Harsha K.M / ஸ்ரீ ஹர்ஷா / ಶ್ರೀ ಹರ್ಷ,2023-03-16T14:22:56Z
20969,கொண்டலாத்தி,und,"Tamil Nadu, IN","",,Tamil,Sri Harsha K.M / ஸ்ரீ ஹர்ஷா / ಶ್ರೀ ಹರ್ಷ,2023-03-16T14:24:28Z
1789,சுடலைக் குயில்,und,"Tamil Nadu, IN","",,Tamil,Sri Harsha K.M / ஸ்ரீ ஹர்ஷா / ಶ್ರೀ ಹರ್ಷ,2023-03-16T14:27:15Z
73222,பூநாரை,und,"Tamil Nadu, IN","",,Tamil,Sri Harsha K.M / ஸ்ரீ ஹர்ஷா / ಶ್ರೀ ಹರ್ಷ,2023-03-16T14:34:24Z
4264,கொண்டை நீர்க்காகம்,und,"Tamil Nadu, IN","",,Tamil,Sri Harsha K.M / ஸ்ரீ ஹர்ஷா / ಶ್ರೀ ಹರ್ಷ,2023-03-16T14:36:27Z
4270,பெரிய நீர்க்காகம்,und,"Tamil Nadu, IN","",,Tamil,Sri Harsha K.M / ஸ்ரீ ஹர்ஷா / ಶ್ರೀ ಹರ್ಷ,2023-03-16T14:36:48Z
4576,தாமரை இலைக்கோழி,und,"Tamil Nadu, IN","",,Tamil,Sri Harsha K.M / ஸ்ரீ ஹர்ஷா / ಶ್ರೀ ಹರ್ಷ,2023-03-16T14:38:02Z
3763,கரிய அரிவாள் மூக்கன்,und,"Tamil Nadu, IN","",,Tamil,Sri Harsha K.M / ஸ்ரீ ஹர்ஷா / ಶ್ರೀ ಹರ್ಷ,2023-03-16T14:39:16Z
62148,மீசை ஆலா,und,"Tamil Nadu, IN","",,Tamil,Sri Harsha K.M / ஸ்ரீ ஹர்ஷா / ಶ್ರೀ ಹರ್ಷ,2023-03-16T14:40:13Z
5154,பூஞ்சைப் பருந்து,und,"Tamil Nadu, IN","",,Tamil,Sri Harsha K.M / ஸ்ரீ ஹர்ஷா / ಶ್ರೀ ಹರ್ಷ,2023-03-16T14:41:28Z
3731,கரண்டிவாயன்,und,"Tamil Nadu, IN","",,Tamil,Sri Harsha K.M / ஸ்ரீ ஹர்ஷா / ಶ್ರೀ ಹರ್ಷ,2023-03-16T14:42:05Z
1289422,தவிட்டுக் குருவி,und,"Tamil Nadu, IN","",,Tamil,Sri Harsha K.M / ஸ்ரீ ஹர்ஷா / ಶ್ರೀ ಹರ್ಷ,2023-03-17T13:06:34Z
6925,புள்ளி மூக்கு வாத்து,und,"Tamil Nadu, IN","",,Tamil,Sri Harsha K.M / ஸ்ரீ ஹர்ஷா / ಶ್ರೀ ಹರ್ಷ,2023-03-17T13:07:47Z
482,நாமக்கோழி,und,"Tamil Nadu, IN","",,Tamil,Sri Harsha K.M / ஸ்ரீ ஹர்ஷா / ಶ್ರೀ ಹರ್ಷ,2023-03-17T13:10:33Z
4237,சிறு முக்குளிப்பான்,und,"Tamil Nadu, IN","",,Tamil,Sri Harsha K.M / ஸ்ரீ ஹர்ஷா / ಶ್ರೀ ಹರ್ಷ,2023-03-17T13:11:09Z
558550,வரி வாலாட்டிக் குருவி,und,"Tamil Nadu, IN","",,Tamil,Sri Harsha K.M / ஸ்ரீ ஹர்ஷா / ಶ್ರೀ ಹರ್ಷ,2023-03-17T13:12:07Z
20012,புள்ளி ஆந்தை,und,"Tamil Nadu, IN","",,Tamil,Sri Harsha K.M / ஸ்ரீ ஹர்ஷா / ಶ್ರೀ ಹರ್ಷ,2023-03-17T13:14:09Z
2212,நீலவால் பஞ்சுருட்டான்,und,"Tamil Nadu, IN","",,Tamil,Sri Harsha K.M / ஸ்ரீ ஹர்ஷா / ಶ್ರೀ ಹರ್ಷ,2023-03-17T13:14:56Z
979697,பொன்முதுகு மரங்கொத்தி,und,"Tamil Nadu, IN","",,Tamil,Sri Harsha K.M / ஸ்ரீ ஹர்ஷா / ಶ್ರೀ ಹರ್ಷ,2023-03-17T13:16:15Z
474332,நீலத் தாழைக்கோழி,und,"Tamil Nadu, IN","",,Tamil,Sri Harsha K.M / ஸ்ரீ ஹர்ஷா / ಶ್ರೀ ಹರ್ಷ,2023-03-17T13:16:54Z
7710,கதிர்க்குருவி,und,"Tamil Nadu, IN","",,Tamil,Sri Harsha K.M / ஸ்ரீ ஹர்ஷா / ಶ್ರೀ ಹರ್ಷ,2023-03-17T13:18:12Z
73054,ஜெர்டான் புதர் வானம்பாடி,und,"Tamil Nadu, IN","",,Tamil,Sri Harsha K.M / ஸ்ரீ ஹர்ஷா / ಶ್ರೀ ಹರ್ಷ,2023-03-17T13:19:03Z
7711,சாம்பல் கதிர்க்குருவி,und,"Tamil Nadu, IN","",,Tamil,Sri Harsha K.M / ஸ்ரீ ஹர்ஷா / ಶ್ರೀ ಹರ್ಷ,2023-03-17T13:20:00Z
367521,கன்னான்,und,"Tamil Nadu, IN","",,Tamil,Sri Harsha K.M / ஸ்ரீ ஹர்ஷா / ಶ್ರೀ ಹರ್ಷ,2023-03-17T13:21:47Z
367521,செம்மார்புக் குக்குறுவான்,und,"Tamil Nadu, IN","",,Tamil,Sri Harsha K.M / ஸ்ரீ ஹர்ஷா / ಶ್ರೀ ಹರ್ಷ,2023-03-17T13:22:00Z
5062,பாம்புத்தாரா,und,"Tamil Nadu, IN","",,Tamil,Sri Harsha K.M / ஸ்ரீ ஹர்ஷா / ಶ್ರೀ ಹರ್ಷ,2023-03-17T13:22:50Z
8026,அண்டங்காக்கை,und,"Tamil Nadu, IN","",,Tamil,Sri Harsha K.M / ஸ்ரீ ஹர்ஷா / ಶ್ರೀ ಹರ್ಷ,2023-03-17T13:25:35Z
4981,இராக்கொக்கு,und,"Tamil Nadu, IN","",,Tamil,Sri Harsha K.M / ஸ்ரீ ஹர்ஷா / ಶ್ರೀ ಹರ್ಷ,2023-03-17T13:27:38Z
4981,வக்கா,und,"Tamil Nadu, IN","",,Tamil,Sri Harsha K.M / ஸ்ரீ ஹர்ஷா / ಶ್ರೀ ಹರ್ಷ,2023-03-17T13:27:53Z
4951,செந்நாரை,und,"Tamil Nadu, IN","",,Tamil,Sri Harsha K.M / ஸ்ரீ ஹர்ஷா / ಶ್ರೀ ಹರ್ಷ,2023-03-17T13:29:14Z
4951,ஜம்பு நாரை,und,"Tamil Nadu, IN","",,Tamil,Sri Harsha K.M / ஸ்ரீ ஹர்ஷா / ಶ್ರೀ ಹರ್ಷ,2023-03-17T13:29:41Z
549464,வேதிவால் குருவி,und,"Tamil Nadu, IN","",,Tamil,Sri Harsha K.M / ஸ்ரீ ஹர்ஷா / ಶ್ರೀ ಹರ್ಷ,2023-03-17T13:30:47Z
549464,அரசவால் ஈப்பிடிப்பான்,und,"Tamil Nadu, IN","",,Tamil,Sri Harsha K.M / ஸ்ரீ ஹர்ஷா / ಶ್ರೀ ಹರ್ಷ,2023-03-17T13:31:04Z
145350,வெண்தொண்டைச் சில்லை,und,"Tamil Nadu, IN","",,Tamil,Sri Harsha K.M / ஸ்ரீ ஹர்ஷா / ಶ್ರೀ ಹರ್ಷ,2023-03-17T13:31:38Z
201282,தாழைக் கோழி,und,"Tamil Nadu, IN","",,Tamil,Sri Harsha K.M / ஸ்ரீ ஹர்ஷா / ಶ್ರೀ ಹರ್ಷ,2023-03-17T13:32:41Z
144733,மாங்குயில்,und,"Tamil Nadu, IN","",,Tamil,Sri Harsha K.M / ஸ்ரீ ஹர்ஷா / ಶ್ರೀ ಹರ್ಷ,2023-03-17T13:33:08Z
3756,அன்றில் பறவை,und,"Tamil Nadu, IN","",,Tamil,Sri Harsha K.M / ஸ்ரீ ஹர்ஷா / ಶ್ರೀ ಹರ್ಷ,2023-03-17T13:34:26Z
4589,நீளவால் தாழைக்கோழி,und,"Tamil Nadu, IN","",,Tamil,Sri Harsha K.M / ஸ்ரீ ஹர்ஷா / ಶ್ರೀ ಹರ್ಷ,2023-03-17T13:35:01Z
1677,செம்பகம்,und,"Tamil Nadu, IN","",,Tamil,Sri Harsha K.M / ஸ்ரீ ஹர்ஷா / ಶ್ರೀ ಹರ್ಷ,2023-03-17T13:35:47Z
1677,செம்போத்து,und,"Tamil Nadu, IN","",,Tamil,Sri Harsha K.M / ஸ்ரீ ஹர்ஷா / ಶ್ರೀ ಹರ್ಷ,2023-03-17T13:36:09Z
1677,செங்காகம்,und,"Tamil Nadu, IN","",,Tamil,Sri Harsha K.M / ஸ்ரீ ஹர்ஷா / ಶ್ರೀ ಹರ್ಷ,2023-03-17T13:36:27Z
558445,வெண் கொக்கு,und,"Tamil Nadu, IN","",,Tamil,Sri Harsha K.M / ஸ்ரீ ஹர்ஷா / ಶ್ರೀ ಹರ್ಷ,2023-03-17T13:37:07Z
11901,தகைவிலான்,und,"Tamil Nadu, IN","",,Tamil,Sri Harsha K.M / ஸ்ரீ ஹர்ஷா / ಶ್ರೀ ಹರ್ಷ,2023-03-17T13:37:53Z
11901,தரையில்லாக் குருவி,und,"Tamil Nadu, IN","",,Tamil,Sri Harsha K.M / ஸ்ரீ ஹர்ஷா / ಶ್ರೀ ಹರ್ಷ,2023-03-17T13:38:13Z
14869,காட்டு நாகணவாய்,und,"Tamil Nadu, IN","",,Tamil,Sri Harsha K.M / ஸ்ரீ ஹர்ஷா / ಶ್ರೀ ಹರ್ಷ,2023-03-17T13:40:30Z
512431,பழுப்பு ஈ பிடிப்பான்,und,"Tamil Nadu, IN","",,Tamil,Sri Harsha K.M / ஸ்ரீ ஹர்ஷா / ಶ್ರೀ ಹರ್ಷ,2023-03-17T13:41:17Z
144455,பெரிய கொக்கு,und,"Tamil Nadu, IN","",,Tamil,Sri Harsha K.M / ஸ்ரீ ஹர்ஷா / ಶ್ರೀ ಹರ್ಷ,2023-03-17T13:42:08Z
2662,கார்வெண் மீன்கொத்தி,und,"Tamil Nadu, IN","",,Tamil,Sri Harsha K.M / ஸ்ரீ ஹர்ஷா / ಶ್ರೀ ಹರ್ಷ,2023-03-17T13:44:50Z
144575,அக்காக்குயில்,und,"Tamil Nadu, IN","",,Tamil,Sri Harsha K.M / ஸ்ரீ ஹர்ஷா / ಶ್ರೀ ಹರ್ಷ,2023-03-17T13:45:24Z
144575,அக்காக்குருவி,und,"Tamil Nadu, IN","",,Tamil,Sri Harsha K.M / ஸ்ரீ ஹர்ஷா / ಶ್ರೀ ಹರ್ಷ,2023-03-17T13:45:43Z
144458,தேன் பருந்து,und,"Tamil Nadu, IN","",,Tamil,Sri Harsha K.M / ஸ்ரீ ஹர்ஷா / ಶ್ರೀ ಹರ್ಷ,2023-03-17T13:46:18Z
204545,மஞ்சள் வாலாட்டி,und,"Tamil Nadu, IN","",,Tamil,Sri Harsha K.M / ஸ்ரீ ஹர்ஷா / ಶ್ರೀ ಹರ್ಷ,2023-03-17T13:47:13Z
1455922,கள்ளிப்புறா,und,"Tamil Nadu, IN","",,Tamil,Sri Harsha K.M / ஸ்ரீ ஹர்ஷா / ಶ್ರೀ ಹರ್ಷ,2023-03-17T13:47:53Z
850880,சின்ன மீன்கொத்தி,und,"Tamil Nadu, IN","",,Tamil,Sri Harsha K.M / ஸ்ரீ ஹர்ஷா / ಶ್ರೀ ಹರ್ಷ,2023-03-17T13:49:06Z
1289446,கருந்தலை சிலம்பன்,und,"Tamil Nadu, IN","",,Tamil,Sri Harsha K.M / ஸ்ரீ ஹர்ஷா / ಶ್ರೀ ಹರ್ಷ,2023-03-17T13:50:58Z
1289411,வயநாட்டுச் சிரிப்பான்,und,"Tamil Nadu, IN","",,Tamil,Sri Harsha K.M / ஸ்ரீ ஹர்ஷா / ಶ್ರೀ ಹರ್ಷ,2023-03-17T13:52:30Z
4935,கரைக் கொக்கு,und,"Tamil Nadu, IN","",,Tamil,Sri Harsha K.M / ஸ்ரீ ஹர்ஷா / ಶ್ರೀ ಹರ್ಷ,2023-03-17T13:54:02Z
624969,சின்னக் கொக்கு × கரைக் கொக்கு,und,"Tamil Nadu, IN","",,Tamil,Sri Harsha K.M / ஸ்ரீ ஹர்ஷா / ಶ್ರೀ ಹರ್ಷ,2023-03-17T13:54:57Z
793241,அசம்புச் சிரிப்பான்,und,"Tamil Nadu, IN","",,Tamil,Sri Harsha K.M / ஸ்ரீ ஹர்ஷா / ಶ್ರೀ ಹರ್ಷ,2023-03-17T13:55:39Z
558439,கருவால் வாத்து,und,"Tamil Nadu, IN","",,Tamil,Sri Harsha K.M / ஸ்ரீ ஹர்ஷா / ಶ್ರೀ ಹರ್ಷ,2023-03-17T13:56:48Z
513968,வெண்பிடரி பட்டாணி குருவி,und,"Tamil Nadu, IN","",,Tamil,Sri Harsha K.M / ஸ்ரீ ஹர்ஷா / ಶ್ರೀ ಹರ್ಷ,2023-03-17T13:57:14Z
5420,செந்தலைக்கழுகு,und,"Tamil Nadu, IN","",,Tamil,Sri Harsha K.M / ஸ்ரீ ஹர்ஷா / ಶ್ರೀ ಹರ್ಷ,2023-03-17T14:00:32Z
5368,வெண்முதுகுக் கழுகு,und,"Tamil Nadu, IN","",,Tamil,Sri Harsha K.M / ஸ்ரீ ஹர்ஷா / ಶ್ರೀ ಹರ್ಷ,2023-03-17T14:01:11Z
4336,புள்ளி அலகு கூழைக்கடா,und,"Tamil Nadu, IN","",,Tamil,Sri Harsha K.M / ஸ்ரீ ஹர்ஷா / ಶ್ರೀ ಹರ್ಷ,2023-03-17T14:27:31Z
1289691,கவுதாரி,und,"Tamil Nadu, IN","",,Tamil,Sri Harsha K.M / ஸ்ரீ ஹர்ஷா / ಶ್ರೀ ಹರ್ಷ,2023-03-17T14:28:14Z
1289691,கௌதாரி,und,"Tamil Nadu, IN","",,Tamil,Sri Harsha K.M / ஸ்ரீ ஹர்ஷா / ಶ್ರೀ ಹರ್ಷ,2023-03-17T14:28:27Z
3978,சாதா உள்ளான்,und,"Tamil Nadu, IN","",,Tamil,Sri Harsha K.M / ஸ்ரீ ஹர்ஷா / ಶ್ರೀ ಹರ್ಷ,2023-03-17T14:29:54Z
512092,கருங்கொண்டை நாகணவாய்,und,"Tamil Nadu, IN","",,Tamil,Sri Harsha K.M / ஸ்ரீ ஹர்ஷா / ಶ್ರೀ ಹರ್ಷ,2023-03-17T14:30:23Z
5275,சிறிய கரும்பருந்து,und,"Tamil Nadu, IN","",,Tamil,Sri Harsha K.M / ஸ்ரீ ஹர்ஷா / ಶ್ರೀ ಹರ್ಷ,2023-03-17T14:32:08Z
3896,பெரிய கோட்டான்,und,"Tamil Nadu, IN","",,Tamil,Sri Harsha K.M / ஸ்ரீ ஹர்ஷா / ಶ್ರೀ ಹರ್ಷ,2023-03-17T14:32:44Z
3878,பச்சைக்காலி,und,"Tamil Nadu, IN","",,Tamil,Sri Harsha K.M / ஸ்ரீ ஹர்ஷா / ಶ್ರೀ ಹರ್ಷ,2023-03-17T14:33:41Z
4811,பட்டாணி உப்புக்கொத்தி,und,"Tamil Nadu, IN","",,Tamil,Sri Harsha K.M / ஸ்ரீ ஹர்ஷா / ಶ್ರೀ ಹರ್ಷ,2023-03-17T14:34:17Z
7727,காட்டுக் கதிர்க்குருவி,und,"Tamil Nadu, IN","",,Tamil,Sri Harsha K.M / ஸ்ரீ ஹர்ஷா / ಶ್ರೀ ಹರ್ಷ,2023-03-17T14:34:45Z
5540,சாம்பல் இருவாச்சி,und,"Tamil Nadu, IN","",,Tamil,Sri Harsha K.M / ஸ்ரீ ஹர்ஷா / ಶ್ರೀ ಹರ್ಷ,2023-03-17T14:36:15Z
5008,மஞ்சள் குருகு,und,"Tamil Nadu, IN","",,Tamil,Sri Harsha K.M / ஸ்ரீ ஹர்ஷா / ಶ್ರೀ ಹರ್ಷ,2023-03-17T14:36:51Z
5008,மணல் நாரை,und,"Tamil Nadu, IN","",,Tamil,Sri Harsha K.M / ஸ்ரீ ஹர்ஷா / ಶ್ರೀ ಹರ್ಷ,2023-03-17T14:37:04Z
18912,நீலப் பைங்கிளி,und,"Tamil Nadu, IN","",,Tamil,Sri Harsha K.M / ஸ்ரீ ஹர்ஷா / ಶ್ರೀ ಹರ್ಷ,2023-03-17T14:37:44Z
20343,பூமன் ஆந்தை,und,"Tamil Nadu, IN","",,Tamil,Sri Harsha K.M / ஸ்ரீ ஹர்ஷா / ಶ್ರೀ ಹರ್ಷ,2023-03-17T14:38:42Z
19943,பொரிப்புள்ளி ஆந்தை,und,"Tamil Nadu, IN","",,Tamil,Sri Harsha K.M / ஸ்ரீ ஹர்ஷா / ಶ್ರೀ ಹರ್ಷ,2023-03-17T14:39:15Z
199,சம்புக்கோழி,und,"Tamil Nadu, IN","",,Tamil,Sri Harsha K.M / ஸ்ரீ ஹர்ஷா / ಶ್ರೀ ಹರ್ಷ,2023-03-17T14:40:51Z
199,கம்புள் கோழி,und,"Tamil Nadu, IN","",,Tamil,Sri Harsha K.M / ஸ்ரீ ஹர்ஷா / ಶ್ರೀ ಹರ್ಷ,2023-03-17T14:41:13Z
980260,வெள்ளைக் கண்ணி,und,"Tamil Nadu, IN","",,Tamil,Sri Harsha K.M / ஸ்ரீ ஹர்ஷா / ಶ್ರೀ ಹರ್ಷ,2023-03-17T14:42:07Z
717333,குங்குமப் பூச்சிட்டு,und,"Tamil Nadu, IN","",,Tamil,Sri Harsha K.M / ஸ்ரீ ஹர்ஷா / ಶ್ರೀ ಹರ್ಷ,2023-03-17T14:48:41Z
7852,சிறிய மின்சிட்டு,und,"Tamil Nadu, IN","",,Tamil,Sri Harsha K.M / ஸ்ரீ ஹர்ஷா / ಶ್ರೀ ಹರ್ಷ,2023-03-17T14:49:21Z
979870,வெண்வயிற்று மின்சிட்டு,und,"Tamil Nadu, IN","",,Tamil,Sri Harsha K.M / ஸ்ரீ ஹர்ஷா / ಶ್ರೀ ಹರ್ಷ,2023-03-17T14:49:51Z
4733,செங்கால் நாரை,und,"Tamil Nadu, IN","",,Tamil,Sri Harsha K.M / ஸ்ரீ ஹர்ஷா / ಶ್ರೀ ಹರ್ಷ,2023-03-17T14:50:43Z
4736,கரும் நாரை,und,"Tamil Nadu, IN","",,Tamil,Sri Harsha K.M / ஸ்ரீ ஹர்ஷா / ಶ್ರೀ ಹರ್ಷ,2023-03-17T14:51:20Z
4738,வெண்கழுத்து நாரை,und,"Tamil Nadu, IN","",,Tamil,Sri Harsha K.M / ஸ்ரீ ஹர்ஷா / ಶ್ರೀ ಹರ್ಷ,2023-03-17T14:51:59Z
14610,வெண்புருவக் கொண்டலாத்தி,und,"Tamil Nadu, IN","",,Tamil,Sri Harsha K.M / ஸ்ரீ ஹர்ஷா / ಶ್ರೀ ಹರ್ಷ,2023-03-17T14:53:26Z
12021,பழுப்புக் கீச்சான்,und,"Tamil Nadu, IN","",,Tamil,Sri Harsha K.M / ஸ்ரீ ஹர்ஷா / ಶ್ರೀ ಹರ್ಷ,2023-03-17T14:54:31Z
12035,செம்முதுகு கீச்சான்,und,"Tamil Nadu, IN","",,Tamil,Sri Harsha K.M / ஸ்ரீ ஹர்ஷா / ಶ್ರೀ ಹರ್ಷ,2023-03-17T14:55:05Z
880,வெள்ளைக் கானாங்கோழி,und,"Tamil Nadu, IN","",,Tamil,Sri Harsha K.M / ஸ்ரீ ஹர்ஷா / ಶ್ರೀ ಹರ್ಷ,2023-03-17T14:55:43Z
72839,வானம்பாடி,und,"Tamil Nadu, IN","",,Tamil,Sri Harsha K.M / ஸ்ரீ ஹர்ஷா / ಶ್ರೀ ಹರ್ಷ,2023-03-17T14:56:30Z
72839,மண்ணாம் வானம்பாடி,und,"Tamil Nadu, IN","",,Tamil,Sri Harsha K.M / ஸ்ரீ ஹர்ஷா / ಶ್ರೀ ಹರ್ಷ,2023-03-17T14:56:44Z
72839,நெல் குருவி,und,"Tamil Nadu, IN","",,Tamil,Sri Harsha K.M / ஸ்ரீ ஹர்ஷா / ಶ್ರೀ ಹರ್ಷ,2023-03-17T14:57:02Z
5158,காட்டுப்பாம்புக்கழுகு,und,"Tamil Nadu, IN","",,Tamil,Sri Harsha K.M / ஸ்ரீ ஹர்ஷா / ಶ್ರೀ ಹರ್ಷ,2023-03-17T14:58:54Z
5538,சோலைக் காகா,und,"Tamil Nadu, IN","",,Tamil,Sri Harsha K.M / ஸ்ரீ ஹர்ஷா / ಶ್ರೀ ಹರ್ಷ,2023-03-17T15:00:59Z
5538,சாம்பல் இருவாச்சி,und,"Tamil Nadu, IN","",,Tamil,Sri Harsha K.M / ஸ்ரீ ஹர்ஷா / ಶ್ರೀ ಹರ್ಷ,2023-03-17T15:01:29Z
5536,மலை இருவாட்சி,und,"Tamil Nadu, IN","",,Tamil,Sri Harsha K.M / ஸ்ரீ ஹர்ஷா / ಶ್ರೀ ಹರ್ಷ,2023-03-17T15:02:35Z
4647,பொரி வல்லூறு,und,"Tamil Nadu, IN","",,Tamil,Sri Harsha K.M / ஸ்ரீ ஹர்ஷா / ಶ್ರೀ ಹರ್ಷ,2023-03-17T15:03:24Z
13887,வெண்முதுகுச் சில்லை,und,"Tamil Nadu, IN","",,Tamil,Sri Harsha K.M / ஸ்ரீ ஹர்ஷா / ಶ್ರೀ ಹರ್ಷ,2023-03-18T11:57:30Z
5003,கருங்குருகு,und,"Tamil Nadu, IN","",,Tamil,Sri Harsha K.M / ஸ்ரீ ஹர்ஷா / ಶ್ರೀ ಹರ್ಷ,2023-03-18T11:58:54Z
339593,பேதை உள்ளான்,und,"Tamil Nadu, IN","",,Tamil,Sri Harsha K.M / ஸ்ரீ ஹர்ஷா / ಶ್ರೀ ಹರ್ಷ,2023-03-18T11:59:31Z
5007,செங்குருகு,und,"Tamil Nadu, IN","",,Tamil,Sri Harsha K.M / ஸ்ரீ ஹர்ஷா / ಶ್ರೀ ಹರ್ಷ,2023-03-18T12:00:08Z
7361,கொண்டை வானம்பாடி,und,"Tamil Nadu, IN","",,Tamil,Sri Harsha K.M / ஸ்ரீ ஹர்ஷா / ಶ್ರೀ ಹರ್ಷ,2023-03-18T12:01:41Z
4259,அல்லது தடும்ப நாரை,und,"Tamil Nadu, IN","",,Tamil,Sri Harsha K.M / ஸ்ரீ ஹர்ஷா / ಶ್ರೀ ಹರ್ಷ,2023-03-18T12:02:48Z
5369,கருங்கழுத்துப் பாறு,und,"Tamil Nadu, IN","",,Tamil,Sri Harsha K.M / ஸ்ரீ ஹர்ஷா / ಶ್ರೀ ಹರ್ಷ,2023-03-18T12:03:49Z
116999,விரால் அடிப்பான்,und,"Tamil Nadu, IN","",,Tamil,Sri Harsha K.M / ஸ்ரீ ஹர்ஷா / ಶ್ರೀ ಹರ್ಷ,2023-03-19T04:29:28Z
367472,கருங்கழுகு,und,"Tamil Nadu, IN","",,Tamil,Sri Harsha K.M / ஸ்ரீ ஹர்ஷா / ಶ್ರೀ ಹರ್ಷ,2023-03-19T04:30:52Z
5083,புல்வெளிக் கழுகு,und,"Tamil Nadu, IN","",,Tamil,Sri Harsha K.M / ஸ்ரீ ஹர்ஷா / ಶ್ರೀ ಹರ್ಷ,2023-03-19T04:32:32Z
5262,கரும் குயிற்பாறு,und,"Tamil Nadu, IN","",,Tamil,Sri Harsha K.M / ஸ்ரீ ஹர்ஷா / ಶ್ರೀ ಹರ್ಷ,2023-03-19T04:33:47Z
62528,தோசிக்கொக்கு,und,"Tamil Nadu, IN","",,Tamil,Sri Harsha K.M / ஸ்ரீ ஹர்ஷா / ಶ್ರೀ ಹರ್ಷ,2023-03-20T10:47:39Z
117083,கல் கவுதாரி,und,"Tamil Nadu, IN","",,Tamil,Sri Harsha K.M / ஸ்ரீ ஹர்ஷா / ಶ್ರೀ ಹರ್ಷ,2023-03-20T10:52:53Z
3881,சின்ன பச்சைக்காலி,und,"Tamil Nadu, IN","",,Tamil,Sri Harsha K.M / ஸ்ரீ ஹர்ஷா / ಶ್ರೀ ಹರ್ಷ,2023-03-20T10:53:29Z
3999,மயில் உள்ளான்,und,"Tamil Nadu, IN","",,Tamil,Sri Harsha K.M / ஸ்ரீ ஹர்ஷா / ಶ್ರೀ ಹರ್ಷ,2023-03-20T10:54:19Z
3947,கருவால் மூக்கன்,und,"Tamil Nadu, IN","",,Tamil,Sri Harsha K.M / ஸ்ரீ ஹர்ஷா / ಶ್ರೀ ಹರ್ಷ,2023-03-20T11:03:12Z
144511,பழுப்பு தலை கடல் காக்கை,und,"Tamil Nadu, IN","",,Tamil,Sri Harsha K.M / ஸ்ரீ ஹர்ஷா / ಶ್ರೀ ಹರ್ಷ,2023-03-22T08:51:10Z
3885,ஆற்று உள்ளான்,und,"Tamil Nadu, IN","",,Tamil,Sri Harsha K.M / ஸ்ரீ ஹர்ஷா / ಶ್ರೀ ಹರ್ಷ,2023-03-22T08:51:49Z
3879,பவளக்காலி,und,"Tamil Nadu, IN","",,Tamil,Sri Harsha K.M / ஸ்ரீ ஹர்ஷா / ಶ್ರೀ ಹರ್ಷ,2023-03-22T08:52:17Z
3879,பவழக்காலி,und,"Tamil Nadu, IN","",,Tamil,Sri Harsha K.M / ஸ்ரீ ஹர்ஷா / ಶ್ರೀ ಹರ್ಷ,2023-03-22T08:52:32Z
144484,மஞ்சள் ஆள்காட்டி,und,"Tamil Nadu, IN","",,Tamil,Sri Harsha K.M / ஸ்ரீ ஹர்ஷா / ಶ್ರೀ ಹರ್ಷ,2023-03-22T08:55:03Z
3838,கொசு உள்ளான்,und,"Tamil Nadu, IN","",,Tamil,Sri Harsha K.M / ஸ்ரீ ஹர்ஷா / ಶ್ರೀ ಹರ್ಷ,2023-03-22T08:55:54Z
144540,கொண்டை ஆலா,und,"Tamil Nadu, IN","",,Tamil,Sri Harsha K.M / ஸ்ரீ ஹர்ஷா / ಶ್ರೀ ಹರ್ಷ,2023-03-22T08:58:15Z
4896,கல்பொறுக்கி,und,"Tamil Nadu, IN","",,Tamil,Sri Harsha K.M / ஸ்ரீ ஹர்ஷா / ಶ್ರೀ ಹರ್ಷ,2023-03-22T08:58:54Z
144537,சிவப்பு மூக்கு ஆலா,und,"Tamil Nadu, IN","",,Tamil,Sri Harsha K.M / ஸ்ரீ ஹர்ஷா / ಶ್ರೀ ಹರ್ಷ,2023-03-22T09:01:28Z
3901,கோட்டான்,und,"Tamil Nadu, IN","",,Tamil,Sri Harsha K.M / ஸ்ரீ ஹர்ஷா / ಶ್ರೀ ಹರ್ಷ,2023-03-22T09:02:07Z
4428,ஆற்று ஆழ,und,"Tamil Nadu, IN","",,Tamil,Sri Harsha K.M / ஸ்ரீ ஹர்ஷா / ಶ್ರೀ ಹರ್ಷ,2023-03-22T09:06:12Z
3882,புள்ளிச் செங்கால் உள்ளான்,und,"Tamil Nadu, IN","",,Tamil,Sri Harsha K.M / ஸ்ரீ ஹர்ஷா / ಶ್ರೀ ಹರ್ಷ,2023-03-22T09:06:50Z
4883,கோணமூக்கு உள்ளான்,und,"Tamil Nadu, IN","",,Tamil,Sri Harsha K.M / ஸ்ரீ ஹர்ஷா / ಶ್ರೀ ಹರ್ಷ,2023-03-22T09:09:05Z
4601,தோல்குருவி,und,"Tamil Nadu, IN","",,Tamil,Sri Harsha K.M / ஸ்ரீ ஹர்ஷா / ಶ್ರೀ ಹರ್ಷ,2023-03-22T09:10:40Z
20867,வரி மார்பு கருங்காடை,und,"Tamil Nadu, IN","",,Tamil,Sri Harsha K.M / ஸ்ரீ ஹர்ஷா / ಶ್ರೀ ಹರ್ಷ,2023-03-22T09:11:17Z
82585,பழுப்பு நில நண்டு,und,"Tamil Nadu, IN","",,Tamil,Sri Harsha K.M / ஸ்ரீ ஹர்ஷா / ಶ್ರೀ ಹರ್ಷ,2023-03-22T09:15:13Z
485064,மாணிக்க நண்டு,und,"Tamil Nadu, IN","",,Tamil,Sri Harsha K.M / ஸ்ரீ ஹர்ஷா / ಶ್ರೀ ಹರ್ಷ,2023-03-22T09:16:13Z
597411,மணல் பதுங்கி,und,"Tamil Nadu, IN","",,Tamil,Sri Harsha K.M / ஸ்ரீ ஹர்ஷா / ಶ್ರೀ ಹರ್ಷ,2023-03-22T09:16:45Z
2969,கள்ளி புறா,und,"Tamil Nadu, IN","",,Tamil,Sri Harsha K.M / ஸ்ரீ ஹர்ஷா / ಶ್ರೀ ಹರ್ಷ,2023-03-26T15:30:02Z
3042,கருப்பு புறா,und,"Tamil Nadu, IN","",,Tamil,Sri Harsha K.M / ஸ்ரீ ஹர்ஷா / ಶ್ರೀ ಹರ್ಷ,2023-03-26T15:30:52Z
508097,மரகதப்புறா,und,"Tamil Nadu, IN","",,Tamil,Sri Harsha K.M / ஸ்ரீ ஹர்ஷா / ಶ್ರೀ ಹರ್ಷ,2023-03-26T15:31:28Z
3211,பெரிய பச்சைப் புறா,und,"Tamil Nadu, IN","",,Tamil,Sri Harsha K.M / ஸ்ரீ ஹர்ஷா / ಶ್ರೀ ಹರ್ಷ,2023-03-26T15:33:54Z
3352,பச்சைப்புறா,und,"Tamil Nadu, IN","",,Tamil,Sri Harsha K.M / ஸ்ரீ ஹர்ஷா / ಶ್ರೀ ಹರ್ಷ,2023-03-26T15:36:53Z
2927,செஞ்செதில் தவிட்டுப்புறா,und,"Tamil Nadu, IN","",,Tamil,Sri Harsha K.M / ஸ்ரீ ஹர்ஷா / ಶ್ರೀ ಹರ್ಷ,2023-03-26T15:37:21Z
2935,தவிட்டுப்புறா,und,"Tamil Nadu, IN","",,Tamil,Sri Harsha K.M / ஸ்ரீ ஹர்ஷா / ಶ್ರೀ ಹರ್ಷ,2023-03-26T15:37:57Z
68499,செந்தலைக் கிளி,und,"Tamil Nadu, IN","",,Tamil,Sri Harsha K.M / ஸ்ரீ ஹர்ஷா / ಶ್ರೀ ಹರ್ಷ,2023-03-26T15:41:00Z
18974,குட்டைக்கிளி,und,"Tamil Nadu, IN","",,Tamil,Sri Harsha K.M / ஸ்ரீ ஹர்ஷா / ಶ್ರೀ ಹರ್ಷ,2023-03-26T15:41:29Z
18904,பெரிய பச்சைக்கிளி,und,"Tamil Nadu, IN","",,Tamil,Sri Harsha K.M / ஸ்ரீ ஹர்ஷா / ಶ್ರೀ ಹರ್ಷ,2023-03-26T15:42:24Z
40458,வண்ண வெளவால்,und,"Tamil Nadu, IN","",,Tamil,Sri Harsha K.M / ஸ்ரீ ஹர்ஷா / ಶ್ರೀ ಹರ್ಷ,2023-04-06T06:23:57Z
74772,வரையாடு,und,"Tamil Nadu, IN","",,Tamil,Sri Harsha K.M / ஸ்ரீ ஹர்ஷா / ಶ್ರೀ ಹರ್ಷ,2023-04-13T16:08:21Z
142763,வெட்டிவேர்,und,"","",,Tamil,Riaan Stals,2023-04-16T17:46:26Z
32810,பச்சோந்தி,und,"Tamil Nadu, IN","",,Tamil,Sri Harsha K.M / ஸ்ரீ ஹர்ஷா / ಶ್ರೀ ಹರ್ಷ,2023-04-19T07:20:05Z
46302,மூங்கணத்தான்,und,"Tamil Nadu, IN","",,Tamil,Sri Harsha K.M / ஸ்ரீ ஹர்ஷா / ಶ್ರೀ ಹರ್ಷ,2023-04-19T07:32:47Z
74649,சருகுமான்,und,"Tamil Nadu, IN","",,Tamil,Sri Harsha K.M / ஸ்ரீ ஹர்ஷா / ಶ್ರೀ ಹರ್ಷ,2023-04-19T07:46:23Z
42416,புல்வாய்,und,"Tamil Nadu, IN","",,Tamil,Sri Harsha K.M / ஸ்ரீ ஹர்ஷா / ಶ್ರೀ ಹರ್ಷ,2023-04-20T14:44:53Z
42416,திருகுமான்,und,"Tamil Nadu, IN","",,Tamil,Sri Harsha K.M / ஸ்ரீ ஹர்ஷா / ಶ್ರೀ ಹರ್ಷ,2023-04-20T14:45:06Z
42416,முருகுமான்,und,"Tamil Nadu, IN","",,Tamil,Sri Harsha K.M / ஸ்ரீ ஹர்ஷா / ಶ್ರೀ ಹರ್ಷ,2023-04-20T14:45:28Z
42416,வெளிமான்,und,"Tamil Nadu, IN","",,Tamil,Sri Harsha K.M / ஸ்ரீ ஹர்ஷா / ಶ್ರೀ ಹರ್ಷ,2023-04-20T14:45:36Z
39415,உடும்பு,und,"Tamil Nadu, IN","",,Tamil,Sri Harsha K.M / ஸ்ரீ ஹர்ஷா / ಶ್ರೀ ಹರ್ಷ,2023-04-20T14:53:39Z
50151,அகான்தசுத் தாவரப்பேரினம்,und,"","",,Tamil,John E. Christensen,2023-05-11T15:28:40Z
567019,Appakovai,und,"","",,Tamil,Tony Rebelo,2023-09-03T15:35:36Z
461918,கிஞ்சுகம்,und,"","",,Tamil,Yann Kemper,2023-12-21T01:13:33Z
166920,கொடுக்காப்புளி,und,"Tamil Nadu, IN","",,Tamil,Rahul Kumaresan,2024-03-17T13:49:22Z
415642,தான்றி,und,"","",,Tamil,Rahul Kumaresan,2024-03-17T14:37:14Z
68671,கடுக்காய்,und,"","",,Tamil,Rahul Kumaresan,2024-03-17T14:58:05Z
68666,நெல்லி,und,"Tamil Nadu, IN","",,Tamil,Rahul Kumaresan,2024-03-17T15:01:18Z
937293,புங்கை,und,"Tamil Nadu, IN","",,Tamil,Rahul Kumaresan,2024-03-17T15:22:03Z
42101,செந்நாய்,und,"Tamil Nadu, IN","",,Tamil,Sri Harsha K.M / ஸ்ரீ ஹர்ஷா / ಶ್ರೀ ಹರ್ಷ,2024-04-26T11:51:00Z
41797,கரும்வெருகு,und,"Tamil Nadu, IN","",,Tamil,Sri Harsha K.M / ஸ்ரீ ஹர்ஷா / ಶ್ರೀ ಹರ್ಷ,2024-05-02T06:28:25Z
7938,மாம்பழச்சிட்டு,und,"Tamil Nadu, IN","",,Tamil,Sri Harsha K.M / ஸ்ரீ ஹர்ஷா / ಶ್ರೀ ಹರ್ಷ,2024-05-02T06:34:12Z
369916,niralari,und,"","",,Tamil,Chris Thawley,2024-07-09T13:32:13Z
369916,neer alari,und,"","",,Tamil,Chris Thawley,2024-07-09T13:32:44Z
