id,vernacularName,language,locality,countryCode,source,lexicon,contributor,created
28331,Xizang Wenquan She,und,"","",http://reptile-database.reptarium.cz/search.php?genus=Thermophis&species=baileyi&submit=Search,Chinese,lwnrngr,2011-08-19T02:15:36Z
104888,Gongshan Baihuanshe,und,"","",http://reptile-database.reptarium.cz/search.php?genus=Lycodon&species=gongshan&submit=Search,Chinese,,2011-08-19T03:02:51Z
114065,Sichuan Wenquan She,und,"","",http://reptile-database.reptarium.cz/search.php?genus=Thermophis&species=zhaoermii&submit=Search,Chinese,,2011-08-19T03:06:43Z
41584,Ba Gua Mao,und,"","",http://www.ubio.org/browser/details.php?namebankID=760180,Chinese,,2012-11-05T21:35:44Z
198780,Hanguo Zhaoni,und,"","",,Chinese,Scott Loarie,2012-12-20T15:09:53Z
198781,Riben Bei Zhaoni,und,"","",,Chinese,Scott Loarie,2012-12-20T15:10:51Z
198782,Jilin Zhaoni,und,"","",,Chinese,Scott Loarie,2012-12-20T15:11:35Z
198783,Liaoning Zhaoni,und,"","",,Chinese,Scott Loarie,2012-12-20T15:12:11Z
337533,玉帶弄蝶,und,"","",http://www.ubio.org/browser/details.php?namebankID=5431344,Chinese,,2013-12-02T02:14:29Z
337534,玉帶黛眼蝶,und,"","",http://www.ubio.org/browser/details.php?namebankID=5431582,Chinese,,2013-12-02T02:14:30Z
49530,尺蛾科 (尺蠖蛾科),und,"Hong Kong | Macao | Taiwan | Guangdong, CN","HK,MO,TW",,Chinese,Sunnetchan,2013-12-12T09:56:44Z
369810,紅毛斑蛾,und,"","",,Chinese,Sunnetchan,2014-09-13T17:23:06Z
416147,黃帶並脊天牛,und,"","",,Chinese,Sunnetchan,2014-10-30T09:02:03Z
202224,眼蛺蝶族,und,Hong Kong | Taiwan | Macao,"HK,TW,MO",,Chinese,Sunnetchan,2015-09-24T08:37:17Z
500822,蜘蛛蘭,und,Hong Kong,HK,,Chinese,Jonatan Glad,2016-07-09T16:36:02Z
511543,黃脛巨緣椿象,und,"","",,Chinese,James Bailey,2016-10-22T16:48:32Z
445672,腹帶叉鼻魨,und,"","",http://eol.org/pages/52605458,Chinese,Bobby McCabe,2017-10-10T10:21:08Z
112582,昆明鲇,und,"","",,Chinese,Bobby McCabe,2017-10-12T00:13:47Z
126845,單葉蔓荊,und,"","",,Chinese,portioid,2017-10-29T18:28:57Z
569411,中國山貓,und,"","",,Chinese,Bobby McCabe,2017-11-05T02:18:47Z
569411,草猞猁,und,"","",,Chinese,Bobby McCabe,2017-11-05T02:18:48Z
569411,漠貓,und,"","",,Chinese,Bobby McCabe,2017-11-05T02:18:48Z
464373,朱砂杜鹃,und,"","",,Chinese,James Ojascastro,2017-11-08T02:16:06Z
49195,老鸦糊,und,"","",,Chinese,John E. Christensen,2017-11-29T08:03:15Z
481558,大花唐松草,und,"","",,Chinese,William Van Hemessen,2017-12-20T17:06:46Z
64517,海神花屬,und,"","",,Chinese,John E. Christensen,2017-12-27T15:31:15Z
557574,小漆树,und,"","",,Chinese,cassi saari,2018-01-02T18:56:11Z
557574,xiao qi shu,und,"","",,Chinese,cassi saari,2018-01-02T18:56:30Z
486549,標準,und,"","",,Chinese,cassi saari,2018-01-02T18:57:34Z
136233,银杉,und,"","",,Chinese,cassi saari,2018-01-02T20:01:12Z
136233,yin shan,und,"","",,Chinese,cassi saari,2018-01-02T20:01:22Z
483934,kuan ye tu er feng,und,"","",,Chinese,cassi saari,2018-01-04T01:31:11Z
630955,蜜蜂,und,"","",,Chinese,cassi saari,2018-01-25T23:51:55Z
56327,角苔門,und,"","",,Chinese,John E. Christensen,2018-01-31T14:15:51Z
47372,加州紅木,und,"","",,Chinese,John E. Christensen,2018-02-08T20:38:16Z
56091,桑树,und,"","",,Chinese,John E. Christensen,2018-02-18T14:05:43Z
47297,龍蝦,und,"","",,Chinese,John E. Christensen,2018-02-22T16:05:54Z
636633,雷波薹草,und,"","",,Chinese,James Ojascastro,2018-02-23T17:20:57Z
445120,榧树,und,"","",,Chinese,,2018-02-24T08:42:29Z
135554,长叶榧树,und,"","",,Chinese,,2018-02-24T08:43:32Z
445117,巴山榧树,und,"","",,Chinese,,2018-02-24T08:44:25Z
123880,矽藻,und,"","",,Chinese,John E. Christensen,2018-03-02T13:40:13Z
561303,黑顶色蟌,und,"","",,Chinese,Shanghong Wang,2018-06-17T01:00:50Z
765426,莽山野桔,und,"","",,Chinese,Bobby McCabe,2018-08-14T03:26:04Z
558829,Konglong,und,"","",,Chinese,Dewald du Plessis,2020-03-23T13:56:28Z
42230,Mi-lou,und,"","",,Chinese,Dewald du Plessis,2020-11-13T22:25:46Z
42230,Sseupou-siang,und,"","",,Chinese,Dewald du Plessis,2020-11-13T22:26:11Z
709526,程氏網翅蟬,und,"","",,Chinese,,2021-09-15T18:24:10Z
901703,台灣鬼督郵,und,"","",https://www.inaturalist.org/taxon_names/1081815/edit,Chinese,,2022-02-01T08:30:41Z
1376079,觸形大疣蛛 (長尾蛛),und,"","",https://www.inaturalist.org/taxon_names/1086589/edit,Chinese,,2022-04-15T03:43:25Z
29574,堂皇狼齿蛇,und,"","",,Chinese,William ain,2022-06-09T13:52:09Z
1070954,幻影蚜蠅,und,Taiwan,TW,,Chinese,Zachary Dankowicz,2022-08-29T19:02:34Z
1180323,贝利银杏螺,und,China,CN,,Chinese,Luxian Chen,2023-05-11T02:38:40Z
1180323,皮氏银杏螺,und,China,CN,,Chinese,Luxian Chen,2023-05-11T02:40:16Z
49370,大通黄耆,und,"","",,Chinese,Mirko Schoenitz,2023-09-27T15:55:34Z
1292525,海须芒草,und,"","",,Chinese,Kevin Faccenda,2023-09-28T05:38:29Z
1517256,Tai lung,und,"","",https://www.inaturalist.org/taxon_names/2007481/edit,Chinese,,2023-12-10T20:38:54Z
1539892,毛腹邻种蝇,und,"","",,Chinese,Jinmin Li,2024-03-12T03:57:43Z
327949,扁蓋碗黏菌,und,Taiwan,TW,,Chinese,chofungi,2024-05-20T12:17:41Z
179151,蛇形半網黏菌,und,Taiwan,TW,,Chinese,chofungi,2024-05-20T12:20:33Z
179152,杯狀半網黏菌,und,Taiwan,TW,,Chinese,chofungi,2024-05-20T12:22:40Z
179194,金黃鱗蓋傘,und,"","",,Chinese,chofungi,2024-05-20T12:25:38Z
1441374,近藍蓋小菇,und,Taiwan,TW,,Chinese,chofungi,2024-05-20T12:30:40Z
56252,鵝絨黏菌,und,Taiwan,TW,,Chinese,chofungi,2024-05-20T12:33:45Z
500579,球孢鵝絨黏菌,und,Taiwan,TW,,Chinese,chofungi,2024-05-20T12:41:57Z
146745,黃垂團網黏菌,und,Taiwan,TW,,Chinese,chofungi,2024-05-20T12:44:49Z
126256,鮮紅團網黏菌,und,Taiwan,TW,,Chinese,chofungi,2024-05-20T12:45:55Z
351677,小扇菇,und,Taiwan,TW,,Chinese,chofungi,2024-05-20T12:52:46Z
68309,鱗皮扇菇,und,Taiwan,TW,,Chinese,chofungi,2024-05-20T12:53:51Z
179707,鹼味小菇,und,Taiwan,TW,,Chinese,chofungi,2024-05-20T12:57:08Z
63466,碘味小菇,und,Taiwan,TW,,Chinese,chofungi,2024-05-20T12:59:47Z
63460,紅紫柄小菇,und,Taiwan,TW,,Chinese,chofungi,2024-05-20T13:02:04Z
63453,彎柄小菇,und,Taiwan,TW,,Chinese,chofungi,2024-05-20T13:03:26Z
1442672,靛藍小菇,und,Taiwan,TW,,Chinese,chofungi,2024-05-20T13:08:20Z
355917,炫藍小菇,und,Taiwan,TW,,Chinese,chofungi,2024-05-20T13:09:37Z
547435,暗藍小菇,und,Taiwan,TW,,Chinese,chofungi,2024-05-20T13:11:00Z
128516,利氏小菇,und,Taiwan,TW,,Chinese,chofungi,2024-05-20T13:12:07Z
155182,天光小菇,und,Taiwan,TW,,Chinese,chofungi,2024-05-20T13:13:25Z
63426,紅橘小菇,und,Taiwan,TW,,Chinese,chofungi,2024-05-20T13:19:09Z
499257,溝傘小菇,und,Taiwan,TW,,Chinese,chofungi,2024-05-20T13:22:13Z
63473,潔小菇,und,Taiwan,TW,,Chinese,chofungi,2024-05-20T13:24:41Z
519021,柱小菇,und,Taiwan,TW,,Chinese,chofungi,2024-05-20T13:25:42Z
1181444,多刺小菇,und,Taiwan,TW,,Chinese,chofungi,2024-05-20T13:26:59Z
1239856,彩麗小菇,und,Taiwan,TW,,Chinese,chofungi,2024-05-20T13:28:58Z
1428084,柔軟小菇,und,Taiwan,TW,,Chinese,chofungi,2024-05-20T13:29:53Z
154735,單色盔孢傘,und,Taiwan,TW,,Chinese,chofungi,2024-05-20T13:38:36Z
699912,叢傘膠孔菌,und,Taiwan,TW,,Chinese,chofungi,2024-05-20T13:42:27Z
126522,筒黏菌,und,Taiwan,TW,,Chinese,chofungi,2024-05-20T13:48:04Z
179061,叢立筒黏菌,und,Taiwan,TW,,Chinese,chofungi,2024-05-20T13:50:09Z
509086,二型孢囊筒黏菌,und,Taiwan,TW,,Chinese,chofungi,2024-05-20T13:51:12Z
344607,緣刺盤菌屬,und,Taiwan,TW,,Chinese,chofungi,2024-05-20T14:04:01Z
47681,粉瘤黏菌屬,und,Taiwan,TW,,Chinese,chofungi,2024-05-20T14:08:54Z
1149182,圓錐粉瘤黏菌,und,Taiwan,TW,,Chinese,chofungi,2024-05-20T14:10:10Z
410500,小粉瘤黏菌,und,Taiwan,TW,,Chinese,chofungi,2024-05-20T14:10:56Z
118025,軟盤菌屬,und,Taiwan,TW,,Chinese,chofungi,2024-05-20T14:13:05Z
202380,易碎白鬼傘,und,Taiwan,TW,,Chinese,chofungi,2024-05-20T14:15:42Z
60783,光柄菇屬,und,Taiwan,TW,,Chinese,chofungi,2024-05-20T14:17:31Z
203715,伏褶菌屬,und,Taiwan,TW,,Chinese,chofungi,2024-05-20T14:19:38Z
179155,半小菇屬,und,Taiwan,TW,,Chinese,chofungi,2024-05-20T14:20:43Z
68308,扇菇屬,und,Taiwan,TW,,Chinese,chofungi,2024-05-20T14:21:35Z
83577,膠孔菌屬,und,Taiwan,TW,,Chinese,chofungi,2024-05-20T14:22:56Z
574082,孔小菇屬,und,Taiwan,TW,,Chinese,chofungi,2024-05-20T14:25:46Z
155181,滴小菇屬,und,Taiwan,TW,,Chinese,chofungi,2024-05-20T14:29:22Z
154733,鉻黃靴耳,und,Taiwan,TW,,Chinese,chofungi,2024-05-20T14:40:18Z
118288,靴耳屬,und,Taiwan,TW,,Chinese,chofungi,2024-05-20T14:40:57Z
350514,平扁靴耳,und,Taiwan,TW,,Chinese,chofungi,2024-05-20T14:42:24Z
350517,朱紅靴耳,und,Taiwan,TW,,Chinese,chofungi,2024-05-20T14:43:30Z
118283,軟靴耳,und,Taiwan,TW,,Chinese,chofungi,2024-05-20T14:44:22Z
381735,荷伯生氏斜蓋傘,und,Taiwan,TW,,Chinese,chofungi,2024-05-20T14:46:17Z
551158,爪哇長毛飾孢盤菌,und,Taiwan,TW,,Chinese,chofungi,2024-05-20T14:53:50Z
1117692,瘦孢長毛飾孢盤菌,und,Taiwan,TW,,Chinese,chofungi,2024-05-20T14:54:27Z
203705,粒毛盤菌屬,und,Taiwan,TW,,Chinese,chofungi,2024-05-20T14:56:20Z
382862,蘆葦粒毛盤菌,und,Taiwan,TW,,Chinese,chofungi,2024-05-20T14:57:26Z
1279734,樹蕨粒毛盤菌,und,Taiwan,TW,,Chinese,chofungi,2024-05-20T14:58:38Z
203703,潔白粒毛盤菌,und,Taiwan,TW,,Chinese,chofungi,2024-05-20T15:01:30Z
129993,假鬼筆屬,und,Taiwan,TW,,Chinese,chofungi,2024-05-20T15:02:59Z
129992,三爪假鬼筆,und,Taiwan,TW,,Chinese,chofungi,2024-05-20T15:03:34Z
54593,鬼筆屬,und,Taiwan,TW,,Chinese,chofungi,2024-05-20T15:06:05Z
54591,長裙竹蓀,und,Taiwan,TW,,Chinese,chofungi,2024-05-20T15:07:29Z
857931,黃重脈鬼筆,und,Taiwan,TW,,Chinese,chofungi,2024-05-20T15:22:04Z
1374597,台灣鬼筆,und,Taiwan,TW,,Chinese,chofungi,2024-05-20T15:23:54Z
54594,白鬼筆,und,Taiwan,TW,,Chinese,chofungi,2024-05-20T15:25:17Z
1338725,變黃竹蓀,und,Taiwan,TW,,Chinese,chofungi,2024-05-20T15:27:05Z
351772,純黃竹蓀,und,Taiwan,TW,,Chinese,chofungi,2024-05-20T15:27:46Z
793759,細皺鬼筆,und,Taiwan,TW,,Chinese,chofungi,2024-05-20T15:36:57Z
63582,蛇頭菌屬,und,Taiwan,TW,,Chinese,chofungi,2024-05-20T15:41:32Z
179111,竹林蛇頭菌,und,Taiwan,TW,,Chinese,chofungi,2024-05-20T15:42:14Z
208065,五稜散尾鬼筆,und,Taiwan,TW,,Chinese,chofungi,2024-05-20T15:44:40Z
55015,彈球菌屬,und,Taiwan,TW,,Chinese,chofungi,2024-05-20T15:57:50Z
55012,星狀彈球菌,und,Taiwan,TW,,Chinese,chofungi,2024-05-20T15:58:32Z
179167,毛嘴地星,und,Taiwan,TW,,Chinese,chofungi,2024-05-20T15:59:35Z
63557,袋形地星,und,Taiwan,TW,,Chinese,chofungi,2024-05-20T16:00:48Z
1085871,荔枝形地星,und,Taiwan,TW,,Chinese,chofungi,2024-05-20T16:04:13Z
63076,尖頂地星,und,Taiwan,TW,,Chinese,chofungi,2024-05-20T16:16:52Z
777247,腎形亞側耳,und,Taiwan,TW,,Chinese,chofungi,2024-05-20T16:24:29Z
154753,亞側耳屬,und,Taiwan,TW,,Chinese,chofungi,2024-05-20T16:25:24Z
340993,黑灰亞側耳,und,Taiwan,TW,,Chinese,chofungi,2024-05-20T16:38:40Z
179089,垂頭絨泡黏菌,und,Taiwan,TW,,Chinese,chofungi,2024-05-20T17:19:05Z
125933,灰絨泡黏菌,und,Taiwan,TW,,Chinese,chofungi,2024-05-20T17:29:23Z
1504214,蜜黃絨泡黏菌,und,Taiwan,TW,,Chinese,chofungi,2024-05-20T17:43:14Z
1504217,盤頭絨泡黏菌,und,Taiwan,TW,,Chinese,chofungi,2024-05-20T17:51:45Z
383660,磚紅絨泡黏菌,und,Taiwan,TW,,Chinese,chofungi,2024-05-20T18:21:02Z
56265,鈣絲黏菌屬,und,Taiwan,TW,,Chinese,chofungi,2024-05-20T18:30:10Z
68858,絨泡黏菌屬,und,Taiwan,TW,,Chinese,chofungi,2024-05-20T18:31:07Z
327932,高杯黏菌屬,und,Taiwan,TW,,Chinese,chofungi,2024-05-20T18:39:32Z
55486,煤絨黏菌屬,und,Taiwan,TW,,Chinese,chofungi,2024-05-20T18:42:44Z
1150248,金黃煤絨黏菌,und,Taiwan,TW,,Chinese,chofungi,2024-05-20T18:43:52Z
55483,煤絨黏菌,und,Taiwan,TW,,Chinese,chofungi,2024-05-20T18:45:35Z
56274,光果黏菌屬,und,Taiwan,TW,,Chinese,chofungi,2024-05-20T18:49:44Z
56273,光果黏菌,und,Taiwan,TW,,Chinese,chofungi,2024-05-20T18:50:32Z
1106163,淨潔高杯黏菌,und,Taiwan,TW,,Chinese,chofungi,2024-05-20T18:57:17Z
134048,鈣皮黏菌屬,und,Taiwan,TW,,Chinese,chofungi,2024-05-20T19:01:10Z
56565,黑髮黏菌,und,Taiwan,TW,,Chinese,chofungi,2024-05-21T03:47:12Z
552673,髮絲黏菌屬,und,Taiwan,TW,,Chinese,chofungi,2024-05-21T03:58:25Z
552672,假長髮絲黏菌,und,Taiwan,TW,,Chinese,chofungi,2024-05-21T03:59:38Z
179133,項圈黏菌屬,und,Taiwan,TW,,Chinese,chofungi,2024-05-21T04:13:37Z
179131,光孢項圈黏菌,und,Taiwan,TW,,Chinese,chofungi,2024-05-21T04:17:40Z
56257,鵝絨黏菌屬,und,Taiwan,TW,,Chinese,chofungi,2024-05-21T11:39:33Z
53841,髮網黏菌屬,und,Taiwan,TW,,Chinese,chofungi,2024-05-21T12:42:38Z
322311,光孢髮網黏菌,und,Taiwan,TW,,Chinese,chofungi,2024-05-21T12:45:24Z
126528,筒黏菌屬,und,Taiwan,TW,,Chinese,chofungi,2024-05-21T15:56:11Z
126121,半網黏菌屬,und,Taiwan,TW,,Chinese,chofungi,2024-05-21T16:04:56Z
327947,蓋碗黏菌屬,und,Taiwan,TW,,Chinese,chofungi,2024-05-21T16:52:45Z
56277,團毛黏菌屬,und,Taiwan,TW,,Chinese,chofungi,2024-05-22T09:53:15Z
1441996,長尖團毛黏菌,und,Taiwan,TW,,Chinese,chofungi,2024-05-22T12:26:36Z
1442004,深格團毛黏菌,und,Taiwan,TW,,Chinese,chofungi,2024-05-22T12:41:35Z
1442006,疣壁團毛黏菌,und,Taiwan,TW,,Chinese,chofungi,2024-05-22T13:19:43Z
1553786,玉帶鳳蝶,und,"","",http://www.ubio.org/browser/details.php?namebankID=5431691,Chinese,,2024-05-24T03:44:31Z
1253385,白藍孢菌,und,Taiwan,TW,,Chinese,chofungi,2024-05-24T12:52:49Z
384108,毛伏褶菌,und,Taiwan,TW,,Chinese,chofungi,2024-05-26T08:38:41Z
203714,小伏褶菌,und,Taiwan,TW,,Chinese,chofungi,2024-05-26T08:48:20Z
548283,馬毛小皮傘,und,Taiwan,TW,,Chinese,chofungi,2024-05-26T11:15:23Z
136398,琥珀小皮傘,und,Taiwan,TW,,Chinese,chofungi,2024-05-26T12:28:50Z
355942,優雅小皮傘,und,Taiwan,TW,,Chinese,chofungi,2024-05-26T14:42:37Z
1123560,滴淚白環蘑,und,Taiwan,TW,,Chinese,chofungi,2024-05-27T10:44:08Z
1395761,漏斗多孔菌,und,Taiwan,TW,,Chinese,chofungi,2024-05-30T16:11:52Z
1525549,花臉香蘑,und,Taiwan,TW,,Chinese,chofungi,2024-05-30T16:21:41Z
1411812,白斑霍氏鬼傘,und,Taiwan,TW,,Chinese,chofungi,2024-05-30T17:23:44Z
1439191,側柄微傘,und,Taiwan,TW,,Chinese,chofungi,2024-05-31T17:07:40Z
498016,雅薄傘,und,Taiwan,TW,,Chinese,chofungi,2024-05-31T18:17:51Z
525049,白堊白鬼傘,und,Taiwan,TW,,Chinese,chofungi,2024-06-01T12:56:02Z
179064,四角孢傘屬,und,Taiwan,TW,,Chinese,chofungi,2024-06-02T04:39:00Z
179063,黑柄四角孢傘,und,Taiwan,TW,,Chinese,chofungi,2024-06-02T04:42:15Z
1275332,枝生微皮傘,und,Taiwan,TW,,Chinese,chofungi,2024-06-02T14:37:48Z
118395,田頭菇屬,und,Taiwan,TW,,Chinese,chofungi,2024-06-02T14:42:17Z
118393,平田頭菇,und,Taiwan,TW,,Chinese,chofungi,2024-06-02T14:45:24Z
118391,田頭菇,und,Taiwan,TW,,Chinese,chofungi,2024-06-02T14:47:54Z
1426765,桂花耳,und,Taiwan,TW,,Chinese,chofungi,2024-06-06T09:40:23Z
55965,小奧德蘑屬,und,Taiwan,TW,,Chinese,chofungi,2024-06-07T08:05:59Z
551147,無環小奧德蘑,und,Taiwan,TW,,Chinese,chofungi,2024-06-07T08:16:40Z
55964,黏小奧德蘑,und,Taiwan,TW,,Chinese,chofungi,2024-06-07T08:37:16Z
71493,鼓槌草科,und,China,CN,,Chinese,redthird,2024-06-10T09:39:08Z
1151768,塔丽灰蝶海南亚种,und,"","",,Chinese,Chao Shi,2024-06-10T13:40:34Z
711206,相似乾朽菌,und,Taiwan,TW,,Chinese,chofungi,2024-06-30T08:04:54Z
