id,vernacularName,language,locality,countryCode,source,lexicon,contributor,created
170883,Банан,und,"","",,Chechen,John E. Christensen,2017-12-20T15:45:00Z
52134,Чуьрк,und,"","",,Chechen,John E. Christensen,2018-02-17T10:23:06Z
56152,Хьонка,und,"","",,Chechen,John E. Christensen,2018-04-02T06:31:01Z
569428,Дингат,und,"","",,Chechen,John E. Christensen,2018-07-05T06:42:52Z
333586,ДогӀанан нӀаьний,und,"","",,Chechen,John E. Christensen,2018-07-11T14:04:43Z
118552,Цициг,und,"","",,Chechen,John E. Christensen,2019-04-14T11:46:16Z
85553,Лаьхьа,und,"","",,Chechen,John E. Christensen,2019-04-28T07:11:40Z
505478,Котам,und,"","",,Chechen,John E. Christensen,2019-10-05T14:35:25Z
42158,Сай,und,"","",,Chechen,John E. Christensen,2020-09-26T15:22:40Z
41964,Лоьм,und,"","",,Chechen,Zane Roskoph,2021-08-24T12:17:15Z
42407,Акха сту,und,"","",,Chechen,Zane Roskoph,2021-08-25T12:52:08Z
41967,ЦӀоькъалом,und,"","",,Chechen,Zane Roskoph,2021-08-26T15:02:11Z
5108,Куьйра,und,"","",,Chechen,Марина Горбунова-Ëлкина,2022-12-27T00:51:16Z
41850,Хаьштиг,und,"","",,Chechen,Марина Горбунова-Ëлкина,2022-12-27T04:44:16Z
5268,Ӏаьржа гӀиргӀа,und,"","",,Chechen,Марина Горбунова-Ëлкина,2022-12-27T05:19:55Z
144757,Кхаллакъ,und,"","",,Chechen,Марина Горбунова-Ëлкина,2023-02-12T15:35:03Z
42048,Борз,und,"","",,Chechen,Марина Горбунова-Ëлкина,2023-03-10T18:37:30Z
