id,vernacularName,language,locality,countryCode,source,lexicon,contributor,created
127676,achi-ol,und,"","",,Chontal,,2013-05-16T07:58:09Z
75363,ajus,und,"","",,Chontal,,2013-05-16T07:58:35Z
161144,al-a-ju,und,"","",,Chontal,,2013-05-16T07:58:41Z
169858,alca-pajac,und,"","",,Chontal,,2013-05-16T07:58:45Z
274262,al-ca-uo-she,und,"","",,Chontal,,2013-05-16T07:58:46Z
62859,al-pil-ca,und,"","",,Chontal,,2013-05-16T07:59:07Z
209870,am-le,und,"","",,Chontal,,2013-05-16T07:59:24Z
209957,auue-quec,und,"","",,Chontal,Jorge Rojas S.,2013-05-16T08:00:13Z
48448,cal-coshac,und,"","",,Chontal,,2013-05-16T08:03:17Z
165144,Cal-que-lidzi-na,und,"","",,Chontal,María Alejandra González,2013-05-16T08:03:19Z
273902,cashi-quec,und,"","",,Chontal,,2013-05-16T08:04:21Z
58138,cua-aua,und,"","",,Chontal,Oscar González,2013-05-16T08:07:20Z
206793,cu-jue-e,und,"","",,Chontal,,2013-05-16T08:07:43Z
123694,el-pa-te-shima-lo,und,"","",,Chontal,max kirsch,2013-05-16T08:08:19Z
286952,flor de tórtola,und,"","",,Chontal,,2013-05-16T08:09:31Z
201454,fuibiku,und,"","",,Chontal,,2013-05-16T08:09:43Z
283309,ique-juacle,und,"","",,Chontal,,2013-05-16T08:15:33Z
202573,lacú,und,"","",,Chontal,,2013-05-16T08:16:49Z
136083,la-fane-tejuá,und,"","",,Chontal,,2013-05-16T08:16:49Z
139075,lai-tus,und,"","",,Chontal,,2013-05-16T08:16:50Z
122850,la-la-ne,und,"","",,Chontal,Zachary Dankowicz,2013-05-16T08:16:51Z
132130,la-li-pe,und,"","",,Chontal,Adrian Bojorquez,2013-05-16T08:16:51Z
81817,lan-cua-yu-ca-cat-no,und,"","",,Chontal,,2013-05-16T08:16:53Z
154828,lan-fe-la,und,"","",,Chontal,Adrian Bojorquez,2013-05-16T08:16:53Z
158455,lan-uo-shé,und,"","",,Chontal,,2013-05-16T08:16:54Z
290264,lan-uo-shé,und,"","",,Chontal,,2013-05-16T08:16:54Z
274367,La-po-ne-ca-dzol,und,"","",,Chontal,María Alejandra González,2013-05-16T08:16:55Z
136889,lasha-ual-co,und,"","",,Chontal,cassi saari,2013-05-16T08:16:55Z
52440,lash-matz-za,und,"","",,Chontal,,2013-05-16T08:16:55Z
289866,la-shua-suc,und,"","",,Chontal,,2013-05-16T08:16:55Z
62760,lectá,und,"","",,Chontal,,2013-05-16T08:17:03Z
126332,le-lan-uu-mi,und,"","",,Chontal,Carlos Galindo-Leal,2013-05-16T08:17:04Z
209891,Len-o-ma,und,"","",,Chontal,Adrian Bojorquez,2013-05-16T08:17:08Z
161121,le-ua,und,"","",,Chontal,,2013-05-16T08:17:12Z
201465,li-ma-ne-shmu,und,"","",,Chontal,Bodo Nuñez Oberg,2013-05-16T08:17:17Z
289063,lime-ca-jo-lo-ló,und,"","",,Chontal,,2013-05-16T08:17:18Z
122860,limé-gui-ba-né,und,"","",,Chontal,,2013-05-16T08:17:18Z
277770,lime-quipa-ca-tu-ue,und,"","",,Chontal,,2013-05-16T08:17:18Z
205972,limiscui,und,"","",,Chontal,,2013-05-16T08:17:19Z
62809,Li-mis-gash-pupi,und,"","",,Chontal,María Alejandra González,2013-05-16T08:17:19Z
273859,li-mu-le-ma-fou-nol,und,"","",,Chontal,,2013-05-16T08:17:25Z
288429,lipa-cashi,und,"","",,Chontal,,2013-05-16T08:17:34Z
163327,lipa-ca-sui-la,und,"","",,Chontal,wsyxbcl,2013-05-16T08:17:34Z
281597,lipa-ca-tu-ue,und,"","",,Chontal,,2013-05-16T08:17:35Z
286095,lipa-cauadz,und,"","",,Chontal,,2013-05-16T08:17:35Z
273843,lipa-cauadz,und,"","",,Chontal,,2013-05-16T08:17:35Z
208245,lipacum-ma-uai,und,"","",,Chontal,Bodo Nuñez Oberg,2013-05-16T08:17:35Z
138590,lipa-cun-uafla,und,"","",,Chontal,,2013-05-16T08:17:36Z
276303,lipa-dzi-qui,und,"","",,Chontal,,2013-05-16T08:17:36Z
289009,lipa-fuyáa,und,"","",,Chontal,,2013-05-16T08:17:36Z
284255,lipa-gu-na,und,"","",,Chontal,,2013-05-16T08:17:36Z
48363,lipa-gundo-flei,und,"","",,Chontal,cassi saari,2013-05-16T08:17:36Z
204984,lipa-nish-nopf-ni,und,"","",,Chontal,,2013-05-16T08:17:37Z
162845,lipa-que-po-jua,und,"","",,Chontal,Carlos Galindo-Leal,2013-05-16T08:17:37Z
316692,lipa-qui-shac,und,"","",,Chontal,,2013-05-16T08:17:37Z
164415,li-pu,und,"","",,Chontal,sea-kangaroo,2013-05-16T08:17:37Z
153992,lish-mas-que-tu-mi,und,"","",,Chontal,Jorge Rojas S.,2013-05-16T08:17:53Z
128533,li-tac-sham-na,und,"","",,Chontal,Steve Jones,2013-05-16T08:17:54Z
209899,loli-quec,und,"","",,Chontal,,2013-05-16T08:17:58Z
130734,Lon-sha-la-ec,und,"","",,Chontal,María Alejandra González,2013-05-16T08:17:59Z
209871,lon-ual,und,"","",,Chontal,,2013-05-16T08:18:00Z
49569,lo-pash-i,und,"","",,Chontal,Bobby McCabe,2013-05-16T08:18:01Z
154798,lshtú-cuzi,und,"","",,Chontal,,2013-05-16T08:18:02Z
284829,lupe-mé,und,"","",,Chontal,,2013-05-16T08:18:03Z
58334,Me-he-kek,und,"","",,Chontal,Donald Davesne,2013-05-16T08:19:05Z
170045,mol,und,"","",,Chontal,,2013-05-16T08:19:23Z
181590,mon-a-ua,und,"","",,Chontal,sea-kangaroo,2013-05-16T08:19:24Z
283974,na-dzi,und,"","",,Chontal,,2013-05-16T08:19:47Z
56739,Pai-ue,und,"","",,Chontal,Bodo Nuñez Oberg,2013-05-16T08:21:12Z
283284,pa-la,und,"","",,Chontal,,2013-05-16T08:21:17Z
128270,pe-pa,und,"","",,Chontal,,2013-05-16T08:22:48Z
244459,pi-lu,und,"","",,Chontal,,2013-05-16T08:22:58Z
58991,pi-tu-le,und,"","",,Chontal,Victor HOYEAU,2013-05-16T08:23:21Z
164238,que-ca,und,"","",,Chontal,Bodo Nuñez Oberg,2013-05-16T08:23:36Z
147260,sam-mu,und,"","",,Chontal,Jorge Rojas S.,2013-05-16T08:24:14Z
62831,shamal,und,"","",,Chontal,,2013-05-16T08:24:28Z
153383,shimalo-kanuné,und,"","",,Chontal,Jorge Rojas S.,2013-05-16T08:24:32Z
274344,uo-she-ka-ka,und,"","",,Chontal,,2013-05-16T08:27:10Z
154538,zam-mí,und,"","",,Chontal,Adrian Bojorquez,2013-05-16T08:28:38Z
136083,La-fane-tejua,und,"","",,Chontal,Carlos Galindo-Leal,2013-12-03T21:03:20Z
35006,Glawemma,und,"","",,Chontal,Carlos Galindo-Leal,2014-04-13T16:41:42Z
170883,au-e,und,"","",,Chontal,Carlos Galindo-Leal,2014-10-13T18:18:12Z
169286,El Shimalo-schindzá,und,"","",,Chontal,Leoncio Paz,2015-03-11T16:54:56Z
47118,Ajtoy,und,"","",,Chontal,Diego Barrales,2017-01-22T17:47:29Z
47424,Ajchiwo',und,"","",,Chontal,Diego Barrales,2017-01-22T17:48:40Z
47370,Ajyerba,und,"","",,Chontal,Diego Barrales,2017-01-22T17:51:12Z
48894,Sina,und,"","",,Chontal,Diego Barrales,2017-01-22T17:52:29Z
51674,Ajch' ajpech,und,"","",,Chontal,Diego Barrales,2017-01-22T17:55:48Z
245044,Ajchäcsis,und,"","",,Chontal,Diego Barrales,2017-01-22T18:02:05Z
315018,Paté,und,"","",,Chontal,Bodo Nuñez Oberg,2017-07-10T00:37:26Z
315018,Shimal-ma-lu,und,"","",,Chontal,Bodo Nuñez Oberg,2017-07-10T00:37:41Z
290880,Cal-paich,und,"","",,Chontal,Jorge Rojas S.,2017-08-24T17:10:22Z
17858,Cheje’,und,"Tabasco, MX","",,Chontal,victornc,2017-12-21T20:45:53Z
283380,Hoja de Toj',und,"","",,Chontal,victornc,2017-12-22T02:06:06Z
746567,lime-pou-li,und,"","",,Chontal,,2018-09-01T11:22:00Z
361866,lelá-cape,und,"","",,Chontal,,2018-11-30T20:47:14Z
343814,culá,und,"","",,Chontal,,2019-01-26T23:42:13Z
873768,me-e,und,"","",,Chontal,Valentin de Mazancourt,2019-03-13T15:24:08Z
887938,paté,und,"","",,Chontal,,2019-05-03T16:53:27Z
971122,mash-nu-qui-tac,und,"","",https://www.inaturalist.org/taxon_names/447247/edit,Chontal,,2019-11-29T12:47:35Z
1038926,la-mish-que,und,"","",https://www.inaturalist.org/taxon_names/446744/edit,Chontal,,2020-02-20T01:18:13Z
1038928,la-po-lei-fa,und,"","",https://www.inaturalist.org/taxon_names/446754/edit,Chontal,,2020-02-20T01:30:55Z
290880,cal-paish,und,"","",https://www.inaturalist.org/taxon_names/443253/edit,Chontal,,2020-02-20T09:28:51Z
870900,la-pil,und,"","",https://www.inaturalist.org/taxon_names/446753/edit,Chontal,,2021-06-17T18:15:15Z
927986,cush-ni-i,und,"","",https://www.inaturalist.org/taxon_names/444601/edit,Chontal,,2022-06-13T18:52:02Z
286778,cal-fui-bi-ku,und,"","",https://www.inaturalist.org/taxon_names/443250/edit,Chontal,,2023-01-29T05:42:02Z
866390,cal-mishi,und,"","",https://www.inaturalist.org/taxon_names/443251/edit,Chontal,Chris Thawley,2023-03-17T00:57:37Z
138627,Liu-cai-nofal,und,"","",,Chontal,Oscar González,2023-07-11T21:38:32Z
314493,Li-pa-gua-yo,und,"","",,Chontal,Oscar González,2023-08-31T06:07:16Z
154826,lalustú,und,"","",https://www.inaturalist.org/taxon_names/446739/edit,Chontal,,2023-09-04T16:04:43Z
1522784,jui-ye-quee,und,"","",https://www.inaturalist.org/taxon_names/1711358/edit,Chontal,,2024-04-05T07:42:03Z
