id,vernacularName,language,locality,countryCode,source,lexicon,contributor,created
49364,Hangit,und,"","",http://www.ubio.org/browser/details.php?namebankID=1531941,Waray-Waray,Sascha Schulz,2009-01-29T07:59:32Z
120615,Buga-ongon,und,"","",http://www.ubio.org/browser/details.php?namebankID=1534865,Waray-Waray,Donald Davesne,2012-04-26T02:11:16Z
20978,Ampibyan,und,"","",,Waray-Waray,John E. Christensen,2017-12-01T10:42:52Z
26039,Buaya,und,"","",,Waray-Waray,John E. Christensen,2018-01-14T07:13:28Z
47336,Tubák,und,"","",,Waray-Waray,John E. Christensen,2018-11-02T13:17:20Z
47157,Alibangbang,und,"","",,Waray-Waray,John E. Christensen,2018-11-23T09:05:56Z
43444,Macaca,und,"","",,Waray-Waray,John E. Christensen,2019-05-08T12:17:32Z
505478,Manók,und,"","",,Waray-Waray,John E. Christensen,2020-01-03T08:06:48Z
630955,Buyog,und,"","",,Waray-Waray,John E. Christensen,2020-09-28T16:03:05Z
102044,Lubayan,und,"","",http://www.catalogueoflife.org/annual-checklist/details/species/id/10076349/common/59328,Waray-Waray,,2021-07-13T12:42:45Z
97308,Lubayan,und,"","",http://www.catalogueoflife.org/annual-checklist/details/species/id/10076196/common/125938,Waray-Waray,,2021-07-13T12:42:49Z
113981,Lubayan,und,"","",http://www.catalogueoflife.org/annual-checklist/details/species/id/10076600/common/94092,Waray-Waray,,2021-07-13T12:42:49Z
105065,Lubayan,und,"","",http://www.catalogueoflife.org/annual-checklist/details/species/id/10076457/common/192593,Waray-Waray,,2021-07-13T12:42:49Z
103428,Lubayan,und,"","",http://www.catalogueoflife.org/annual-checklist/details/species/id/10076413/common/191275,Waray-Waray,,2021-07-13T12:42:49Z
94016,Lubayan,und,"","",http://www.catalogueoflife.org/annual-checklist/details/species/id/10076137/common/200149,Waray-Waray,,2021-07-13T12:42:50Z
113209,Lubayan,und,"","",http://www.catalogueoflife.org/annual-checklist/details/species/id/10076562/common/151963,Waray-Waray,,2021-07-13T12:42:50Z
98519,Lubayan,und,"","",http://www.catalogueoflife.org/annual-checklist/details/species/id/10076304/common/141867,Waray-Waray,,2021-07-13T12:42:51Z
102062,Lubayan,und,"","",http://www.catalogueoflife.org/annual-checklist/details/species/id/10076368/common/58975,Waray-Waray,,2021-07-13T12:42:51Z
97663,Lubayan,und,"","",http://www.catalogueoflife.org/annual-checklist/details/species/id/10076219/common/165388,Waray-Waray,,2021-07-13T12:42:51Z
108080,Lubayan,und,"","",http://www.catalogueoflife.org/annual-checklist/details/species/id/10076479/common/125423,Waray-Waray,,2021-07-13T12:42:52Z
102045,Lubayan,und,"","",http://www.catalogueoflife.org/annual-checklist/details/species/id/10076351/common/59263,Waray-Waray,,2021-07-13T12:42:52Z
97310,Lubayan,und,"","",http://www.catalogueoflife.org/annual-checklist/details/species/id/10076201/common/125858,Waray-Waray,,2021-07-13T12:42:52Z
113985,Lubayan,und,"","",http://www.catalogueoflife.org/annual-checklist/details/species/id/10076605/common/93963,Waray-Waray,,2021-07-13T12:42:52Z
63597,Lubayan,und,"","",http://www.catalogueoflife.org/annual-checklist/details/species/id/10076469/common/36366,Waray-Waray,,2021-07-13T12:42:53Z
103436,Lubayan,und,"","",http://www.catalogueoflife.org/annual-checklist/details/species/id/10076421/common/191158,Waray-Waray,,2021-07-13T12:42:53Z
94018,Lubayan,und,"","",http://www.catalogueoflife.org/annual-checklist/details/species/id/10076139/common/200095,Waray-Waray,,2021-07-13T12:42:54Z
102077,Lubayan,und,"","",http://www.catalogueoflife.org/annual-checklist/details/species/id/10076387/common/58723,Waray-Waray,,2021-07-13T12:42:54Z
102025,Lubayan,und,"","",http://www.catalogueoflife.org/annual-checklist/details/species/id/10076325/common/59586,Waray-Waray,,2021-07-13T12:42:55Z
108081,Lubayan,und,"","",http://www.catalogueoflife.org/annual-checklist/details/species/id/10076480/common/125397,Waray-Waray,,2021-07-13T12:42:55Z
102063,Lubayan,und,"","",http://www.catalogueoflife.org/annual-checklist/details/species/id/10076369/common/58956,Waray-Waray,,2021-07-13T12:42:55Z
97667,Lubayan,und,"","",http://www.catalogueoflife.org/annual-checklist/details/species/id/10076223/common/165298,Waray-Waray,,2021-07-13T12:42:56Z
102055,Lubayan,und,"","",http://www.catalogueoflife.org/annual-checklist/details/species/id/10076361/common/59147,Waray-Waray,,2021-07-13T12:42:56Z
97311,Lubayan,und,"","",http://www.catalogueoflife.org/annual-checklist/details/species/id/10076202/common/125794,Waray-Waray,,2021-07-13T12:42:56Z
58467,Lubayan,und,"","",http://www.catalogueoflife.org/annual-checklist/details/species/id/10076606/common/93900,Waray-Waray,,2021-07-13T12:42:57Z
107302,Lubayan,und,"","",http://www.catalogueoflife.org/annual-checklist/details/species/id/10076470/common/269876,Waray-Waray,,2021-07-13T12:42:57Z
103900,Lubayan,und,"","",http://www.catalogueoflife.org/annual-checklist/details/species/id/10076424/common/204615,Waray-Waray,,2021-07-13T12:42:58Z
94025,Lubayan,und,"","",http://www.catalogueoflife.org/annual-checklist/details/species/id/10076146/common/199994,Waray-Waray,,2021-07-13T12:42:58Z
67963,Lubayan,und,"","",http://www.catalogueoflife.org/annual-checklist/details/species/id/10076593/common/94320,Waray-Waray,,2021-07-13T12:42:58Z
102080,Lubayan,und,"","",http://www.catalogueoflife.org/annual-checklist/details/species/id/10076392/common/58680,Waray-Waray,,2021-07-13T12:42:59Z
102028,Lubayan,und,"","",http://www.catalogueoflife.org/annual-checklist/details/species/id/10076328/common/59548,Waray-Waray,,2021-07-13T12:42:59Z
110972,Lubayan,und,"","",http://www.catalogueoflife.org/annual-checklist/details/species/id/10076526/common/156937,Waray-Waray,,2021-07-13T12:42:59Z
102064,Lubayan,und,"","",http://www.catalogueoflife.org/annual-checklist/details/species/id/10076371/common/58927,Waray-Waray,,2021-07-13T12:43:00Z
97671,Lubayan,und,"","",http://www.catalogueoflife.org/annual-checklist/details/species/id/10076227/common/165255,Waray-Waray,,2021-07-13T12:43:00Z
102056,Lubayan,und,"","",http://www.catalogueoflife.org/annual-checklist/details/species/id/10076362/common/59079,Waray-Waray,,2021-07-13T12:43:01Z
82355,Lubayan,und,"","",http://www.catalogueoflife.org/annual-checklist/details/species/id/10076203/common/125663,Waray-Waray,,2021-07-13T12:43:01Z
108073,Lubayan,und,"","",http://www.catalogueoflife.org/annual-checklist/details/species/id/10076472/common/125595,Waray-Waray,,2021-07-13T12:43:02Z
103901,Lubayan,und,"","",http://www.catalogueoflife.org/annual-checklist/details/species/id/10076429/common/204564,Waray-Waray,,2021-07-13T12:43:02Z
95831,Lubayan,und,"","",http://www.catalogueoflife.org/annual-checklist/details/species/id/10076173/common/125033,Waray-Waray,,2021-07-13T12:43:03Z
113978,Lubayan,und,"","",http://www.catalogueoflife.org/annual-checklist/details/species/id/10076596/common/94244,Waray-Waray,,2021-07-13T12:43:03Z
102084,Lubayan,und,"","",http://www.catalogueoflife.org/annual-checklist/details/species/id/10076396/common/58623,Waray-Waray,,2021-07-13T12:43:04Z
102029,Lubayan,und,"","",http://www.catalogueoflife.org/annual-checklist/details/species/id/10076329/common/59538,Waray-Waray,,2021-07-13T12:43:04Z
113203,Lubayan,und,"","",http://www.catalogueoflife.org/annual-checklist/details/species/id/10076556/common/152040,Waray-Waray,,2021-07-13T12:43:04Z
102073,Lubayan,und,"","",http://www.catalogueoflife.org/annual-checklist/details/species/id/10076381/common/58848,Waray-Waray,,2021-07-13T12:43:05Z
98501,Lubayan,und,"","",http://www.catalogueoflife.org/annual-checklist/details/species/id/10076283/common/142226,Waray-Waray,,2021-07-13T12:43:06Z
102057,Lubayan,und,"","",http://www.catalogueoflife.org/annual-checklist/details/species/id/10076363/common/59041,Waray-Waray,,2021-07-13T12:43:06Z
97312,Lubayan,und,"","",http://www.catalogueoflife.org/annual-checklist/details/species/id/10076204/common/228912,Waray-Waray,,2021-07-13T12:43:06Z
108076,Labayan,und,"","",http://www.catalogueoflife.org/annual-checklist/details/species/id/10076475/common/125481,Waray-Waray,,2021-07-13T12:43:49Z
102063,Labayan,und,"","",http://www.catalogueoflife.org/annual-checklist/details/species/id/10076369/common/58958,Waray-Waray,,2021-07-13T12:43:49Z
102088,Labayan,und,"","",http://www.catalogueoflife.org/annual-checklist/details/species/id/10076400/common/58578,Waray-Waray,,2021-07-13T12:43:50Z
52323,Labayan,und,"","",http://www.catalogueoflife.org/annual-checklist/details/species/id/10076294/common/142035,Waray-Waray,,2021-07-13T12:43:50Z
95819,Labayan,und,"","",http://www.catalogueoflife.org/annual-checklist/details/species/id/10076159/common/125227,Waray-Waray,,2021-07-13T12:43:53Z
63597,Labayan,und,"","",http://www.catalogueoflife.org/annual-checklist/details/species/id/10076469/common/36373,Waray-Waray,,2021-07-13T12:43:54Z
102055,Labayan,und,"","",http://www.catalogueoflife.org/annual-checklist/details/species/id/10076361/common/59149,Waray-Waray,,2021-07-13T12:43:54Z
97667,Labayan,und,"","",http://www.catalogueoflife.org/annual-checklist/details/species/id/10076223/common/165302,Waray-Waray,,2021-07-13T12:43:55Z
94016,Labayan,und,"","",http://www.catalogueoflife.org/annual-checklist/details/species/id/10076137/common/200155,Waray-Waray,,2021-07-13T12:43:55Z
113978,Labayan,und,"","",http://www.catalogueoflife.org/annual-checklist/details/species/id/10076596/common/94246,Waray-Waray,,2021-07-13T12:43:55Z
97311,Labayan,und,"","",http://www.catalogueoflife.org/annual-checklist/details/species/id/10076202/common/125800,Waray-Waray,,2021-07-13T12:43:56Z
113203,Labayan,und,"","",http://www.catalogueoflife.org/annual-checklist/details/species/id/10076556/common/152041,Waray-Waray,,2021-07-13T12:43:56Z
103436,Labayan,und,"","",http://www.catalogueoflife.org/annual-checklist/details/species/id/10076421/common/191168,Waray-Waray,,2021-07-13T12:43:56Z
102028,Labayan,und,"","",http://www.catalogueoflife.org/annual-checklist/details/species/id/10076328/common/59550,Waray-Waray,,2021-07-13T12:43:57Z
108080,Labayan,und,"","",http://www.catalogueoflife.org/annual-checklist/details/species/id/10076479/common/125425,Waray-Waray,,2021-07-13T12:43:57Z
102064,Labayan,und,"","",http://www.catalogueoflife.org/annual-checklist/details/species/id/10076371/common/58922,Waray-Waray,,2021-07-13T12:43:58Z
102579,Labayan,und,"","",http://www.catalogueoflife.org/annual-checklist/details/species/id/10076405/common/171833,Waray-Waray,Donald Davesne,2021-07-13T12:43:58Z
98519,Labayan,und,"","",http://www.catalogueoflife.org/annual-checklist/details/species/id/10076304/common/141868,Waray-Waray,,2021-07-13T12:43:59Z
95827,Labayan,und,"","",http://www.catalogueoflife.org/annual-checklist/details/species/id/10076169/common/125124,Waray-Waray,,2021-07-13T12:43:59Z
107302,Labayan,und,"","",http://www.catalogueoflife.org/annual-checklist/details/species/id/10076470/common/269873,Waray-Waray,,2021-07-13T12:43:59Z
102056,Labayan,und,"","",http://www.catalogueoflife.org/annual-checklist/details/species/id/10076362/common/59081,Waray-Waray,,2021-07-13T12:44:00Z
102077,Labayan,und,"","",http://www.catalogueoflife.org/annual-checklist/details/species/id/10076387/common/58722,Waray-Waray,,2021-07-13T12:44:00Z
97671,Labayan,und,"","",http://www.catalogueoflife.org/annual-checklist/details/species/id/10076227/common/165258,Waray-Waray,,2021-07-13T12:44:00Z
94018,Labayan,und,"","",http://www.catalogueoflife.org/annual-checklist/details/species/id/10076139/common/200097,Waray-Waray,,2021-07-13T12:44:00Z
113980,Labayan,und,"","",http://www.catalogueoflife.org/annual-checklist/details/species/id/10076599/common/94167,Waray-Waray,,2021-07-13T12:44:01Z
82355,Labayan,und,"","",http://www.catalogueoflife.org/annual-checklist/details/species/id/10076203/common/125708,Waray-Waray,,2021-07-13T12:44:02Z
113207,Labayan,und,"","",http://www.catalogueoflife.org/annual-checklist/details/species/id/10076560/common/152014,Waray-Waray,,2021-07-13T12:44:02Z
103900,Labayan,und,"","",http://www.catalogueoflife.org/annual-checklist/details/species/id/10076424/common/204618,Waray-Waray,,2021-07-13T12:44:02Z
102037,Labayan,und,"","",http://www.catalogueoflife.org/annual-checklist/details/species/id/10076338/common/59461,Waray-Waray,operculum_ben,2021-07-13T12:44:03Z
108081,Labayan,und,"","",http://www.catalogueoflife.org/annual-checklist/details/species/id/10076480/common/125402,Waray-Waray,,2021-07-13T12:44:03Z
102073,Labayan,und,"","",http://www.catalogueoflife.org/annual-checklist/details/species/id/10076381/common/58849,Waray-Waray,,2021-07-13T12:44:04Z
102580,Labayan,und,"","",http://www.catalogueoflife.org/annual-checklist/details/species/id/10076406/common/171773,Waray-Waray,,2021-07-13T12:44:04Z
98857,Labayan,und,"","",http://www.catalogueoflife.org/annual-checklist/details/species/id/10076307/common/174570,Waray-Waray,,2021-07-13T12:44:05Z
95831,Labayan,und,"","",http://www.catalogueoflife.org/annual-checklist/details/species/id/10076173/common/125036,Waray-Waray,,2021-07-13T12:44:05Z
108073,Labayan,und,"","",http://www.catalogueoflife.org/annual-checklist/details/species/id/10076472/common/125594,Waray-Waray,,2021-07-13T12:44:05Z
102057,Labayan,und,"","",http://www.catalogueoflife.org/annual-checklist/details/species/id/10076363/common/59042,Waray-Waray,,2021-07-13T12:44:06Z
102080,Labayan,und,"","",http://www.catalogueoflife.org/annual-checklist/details/species/id/10076392/common/58685,Waray-Waray,,2021-07-13T12:44:06Z
97672,Labayan,und,"","",http://www.catalogueoflife.org/annual-checklist/details/species/id/10076228/common/165226,Waray-Waray,,2021-07-13T12:44:07Z
94021,Labayan,und,"","",http://www.catalogueoflife.org/annual-checklist/details/species/id/10076142/common/200068,Waray-Waray,,2021-07-13T12:44:07Z
113981,Labayan,und,"","",http://www.catalogueoflife.org/annual-checklist/details/species/id/10076600/common/94095,Waray-Waray,,2021-07-13T12:44:07Z
97312,Labayan,und,"","",http://www.catalogueoflife.org/annual-checklist/details/species/id/10076204/common/228919,Waray-Waray,,2021-07-13T12:44:08Z
113209,Labayan,und,"","",http://www.catalogueoflife.org/annual-checklist/details/species/id/10076562/common/151967,Waray-Waray,,2021-07-13T12:44:08Z
103901,Labayan,und,"","",http://www.catalogueoflife.org/annual-checklist/details/species/id/10076429/common/204565,Waray-Waray,,2021-07-13T12:44:09Z
102038,Labayan,und,"","",http://www.catalogueoflife.org/annual-checklist/details/species/id/10076339/common/59424,Waray-Waray,,2021-07-13T12:44:09Z
108528,Labayan,und,"","",http://www.catalogueoflife.org/annual-checklist/details/species/id/10076498/common/125364,Waray-Waray,,2021-07-13T12:44:10Z
102075,Labayan,und,"","",http://www.catalogueoflife.org/annual-checklist/details/species/id/10076383/common/58804,Waray-Waray,,2021-07-13T12:44:10Z
97307,Labayan,und,"","",http://www.catalogueoflife.org/annual-checklist/details/species/id/10076195/common/126058,Waray-Waray,,2021-07-13T12:44:36Z
100036,Labayan,und,"","",http://www.catalogueoflife.org/annual-checklist/details/species/id/10076318/common/81465,Waray-Waray,,2021-07-13T12:44:37Z
102059,Labayan,und,"","",http://www.catalogueoflife.org/annual-checklist/details/species/id/10076365/common/59011,Waray-Waray,Donald Davesne,2021-07-13T12:44:37Z
98501,Labayan,und,"","",http://www.catalogueoflife.org/annual-checklist/details/species/id/10076283/common/142229,Waray-Waray,,2021-07-13T12:44:38Z
94025,Labayan,und,"","",http://www.catalogueoflife.org/annual-checklist/details/species/id/10076146/common/199998,Waray-Waray,,2021-07-13T12:44:38Z
102044,Labayan,und,"","",http://www.catalogueoflife.org/annual-checklist/details/species/id/10076349/common/59330,Waray-Waray,,2021-07-13T12:44:39Z
97649,Labayan,und,"","",http://www.catalogueoflife.org/annual-checklist/details/species/id/10076205/common/165513,Waray-Waray,,2021-07-13T12:44:40Z
97308,Labayan,und,"","",http://www.catalogueoflife.org/annual-checklist/details/species/id/10076196/common/125947,Waray-Waray,,2021-07-13T12:44:40Z
102898,Labayan,und,"","",http://www.catalogueoflife.org/annual-checklist/details/species/id/10076407/common/200594,Waray-Waray,,2021-07-13T12:44:41Z
52508,Labayan,und,"","",http://www.catalogueoflife.org/annual-checklist/details/species/id/10076322/common/200243,Waray-Waray,,2021-07-13T12:44:41Z
113985,Labayan,und,"","",http://www.catalogueoflife.org/annual-checklist/details/species/id/10076605/common/93965,Waray-Waray,,2021-07-13T12:44:42Z
108074,Labayan,und,"","",http://www.catalogueoflife.org/annual-checklist/details/species/id/10076473/common/125578,Waray-Waray,,2021-07-13T12:44:42Z
102062,Labayan,und,"","",http://www.catalogueoflife.org/annual-checklist/details/species/id/10076368/common/58976,Waray-Waray,,2021-07-13T12:44:42Z
102084,Labayan,und,"","",http://www.catalogueoflife.org/annual-checklist/details/species/id/10076396/common/58625,Waray-Waray,,2021-07-13T12:44:43Z
100120,Tingag,und,"","",http://www.catalogueoflife.org/annual-checklist/details/species/id/10073144/common/41757,Waray-Waray,,2021-07-15T12:27:21Z
49639,Tingag,und,"","",http://www.catalogueoflife.org/annual-checklist/details/species/id/10073047/common/60707,Waray-Waray,,2021-07-15T12:27:21Z
94231,Tingag,und,"","",http://www.catalogueoflife.org/annual-checklist/details/species/id/10073015/common/229513,Waray-Waray,,2021-07-15T12:27:22Z
56559,Tingag,und,"","",http://www.catalogueoflife.org/annual-checklist/details/species/id/10073124/common/42606,Waray-Waray,,2021-07-15T12:27:22Z
100140,Tingag,und,"","",http://www.catalogueoflife.org/annual-checklist/details/species/id/10073161/common/41063,Waray-Waray,,2021-07-15T12:27:22Z
52556,Tingag,und,"","",http://www.catalogueoflife.org/annual-checklist/details/species/id/10073107/common/43425,Waray-Waray,,2021-07-15T12:27:23Z
100125,Tingag,und,"","",http://www.catalogueoflife.org/annual-checklist/details/species/id/10073145/common/41645,Waray-Waray,,2021-07-15T12:27:23Z
96989,Tingag,und,"","",http://www.catalogueoflife.org/annual-checklist/details/species/id/10073037/common/61329,Waray-Waray,,2021-07-15T12:27:23Z
100106,Tingag,und,"","",http://www.catalogueoflife.org/annual-checklist/details/species/id/10073129/common/42364,Waray-Waray,,2021-07-15T12:27:24Z
100141,Tingag,und,"","",http://www.catalogueoflife.org/annual-checklist/details/species/id/10073162/common/40947,Waray-Waray,,2021-07-15T12:27:24Z
100088,Tingag,und,"","",http://www.catalogueoflife.org/annual-checklist/details/species/id/10073110/common/43388,Waray-Waray,,2021-07-15T12:27:25Z
100127,Tingag,und,"","",http://www.catalogueoflife.org/annual-checklist/details/species/id/10073147/common/41542,Waray-Waray,,2021-07-15T12:27:25Z
100121,Tingag,und,"","",http://www.catalogueoflife.org/annual-checklist/details/species/id/10073084/common/44381,Waray-Waray,,2021-07-15T12:27:25Z
96990,Tingag,und,"","",http://www.catalogueoflife.org/annual-checklist/details/species/id/10073038/common/61234,Waray-Waray,,2021-07-15T12:27:26Z
100111,Tingag,und,"","",http://www.catalogueoflife.org/annual-checklist/details/species/id/10073135/common/42139,Waray-Waray,,2021-07-15T12:27:26Z
100146,Tingag,und,"","",http://www.catalogueoflife.org/annual-checklist/details/species/id/10073169/common/40732,Waray-Waray,,2021-07-15T12:27:27Z
100090,Tingag,und,"","",http://www.catalogueoflife.org/annual-checklist/details/species/id/10073112/common/43101,Waray-Waray,,2021-07-15T12:27:27Z
100130,Tingag,und,"","",http://www.catalogueoflife.org/annual-checklist/details/species/id/10073150/common/41414,Waray-Waray,,2021-07-15T12:27:27Z
100124,Tingag,und,"","",http://www.catalogueoflife.org/annual-checklist/details/species/id/10073089/common/44036,Waray-Waray,,2021-07-15T12:27:28Z
96992,Tingag,und,"","",http://www.catalogueoflife.org/annual-checklist/details/species/id/10073040/common/61097,Waray-Waray,,2021-07-15T12:27:28Z
100116,Tingag,und,"","",http://www.catalogueoflife.org/annual-checklist/details/species/id/10073140/common/41947,Waray-Waray,,2021-07-15T12:27:29Z
109745,Tingag,und,"","",http://www.catalogueoflife.org/annual-checklist/details/species/id/10073364/common/200916,Waray-Waray,,2021-07-15T12:27:29Z
100098,Tingag,und,"","",http://www.catalogueoflife.org/annual-checklist/details/species/id/10073120/common/42906,Waray-Waray,,2021-07-15T12:27:29Z
100132,Tingag,und,"","",http://www.catalogueoflife.org/annual-checklist/details/species/id/10073152/common/41270,Waray-Waray,,2021-07-15T12:27:30Z
100077,Tingag,und,"","",http://www.catalogueoflife.org/annual-checklist/details/species/id/10073098/common/43731,Waray-Waray,,2021-07-15T12:27:30Z
100118,Tingag,und,"","",http://www.catalogueoflife.org/annual-checklist/details/species/id/10073142/common/41823,Waray-Waray,,2021-07-15T12:27:30Z
96996,Tingag,und,"","",http://www.catalogueoflife.org/annual-checklist/details/species/id/10073045/common/60885,Waray-Waray,,2021-07-15T12:27:31Z
100099,Tingag,und,"","",http://www.catalogueoflife.org/annual-checklist/details/species/id/10073121/common/42696,Waray-Waray,,2021-07-15T12:27:31Z
100134,Tingag,und,"","",http://www.catalogueoflife.org/annual-checklist/details/species/id/10073154/common/41199,Waray-Waray,,2021-07-15T12:27:31Z
100080,Tingag,und,"","",http://www.catalogueoflife.org/annual-checklist/details/species/id/10073101/common/43623,Waray-Waray,,2021-07-15T12:27:32Z
56072,Nangka-tangka,und,"","",http://www.catalogueoflife.org/annual-checklist/details/species/id/10069640/common/103775,Waray-Waray,,2021-07-27T15:12:46Z
56072,Talangka,und,"","",http://www.catalogueoflife.org/annual-checklist/details/species/id/10069640/common/103773,Waray-Waray,,2021-07-27T15:12:52Z
83884,Pakol,und,"","",http://www.catalogueoflife.org/annual-checklist/details/species/id/10084953/common/180638,Waray-Waray,,2021-07-27T16:13:52Z
95066,Pakol,und,"","",http://www.catalogueoflife.org/annual-checklist/details/species/id/10084938/common/104180,Waray-Waray,,2021-07-27T16:13:52Z
368999,Pakol,und,"","",http://www.catalogueoflife.org/annual-checklist/details/species/id/10085208/common/95040,Waray-Waray,,2021-07-27T16:13:52Z
131518,Pakol,und,"","",http://www.catalogueoflife.org/annual-checklist/details/species/id/10084969/common/203323,Waray-Waray,,2021-07-27T16:13:53Z
52449,Pakol,und,"","",http://www.catalogueoflife.org/annual-checklist/details/species/id/10084957/common/180565,Waray-Waray,,2021-07-27T16:13:53Z
154282,Pakol,und,"","",http://www.catalogueoflife.org/annual-checklist/details/species/id/10084940/common/227954,Waray-Waray,,2021-07-27T16:13:54Z
127710,Pakol,und,"","",http://www.catalogueoflife.org/annual-checklist/details/species/id/10085213/common/260673,Waray-Waray,,2021-07-27T16:13:54Z
338159,Pakol,und,"","",http://www.catalogueoflife.org/annual-checklist/details/species/id/10085163/common/230756,Waray-Waray,,2021-07-27T16:13:54Z
325499,Pakol,und,"","",http://www.catalogueoflife.org/annual-checklist/details/species/id/10084958/common/180510,Waray-Waray,,2021-07-27T16:13:55Z
123392,Pakol,und,"","",http://www.catalogueoflife.org/annual-checklist/details/species/id/10084941/common/227889,Waray-Waray,,2021-07-27T16:13:55Z
199186,Pakol,und,"","",http://www.catalogueoflife.org/annual-checklist/details/species/id/10085217/common/124408,Waray-Waray,,2021-07-27T16:13:55Z
194921,Pakol,und,"","",http://www.catalogueoflife.org/annual-checklist/details/species/id/10085166/common/124569,Waray-Waray,,2021-07-27T16:13:56Z
121576,Pakol,und,"","",http://www.catalogueoflife.org/annual-checklist/details/species/id/10084960/common/134692,Waray-Waray,,2021-07-27T16:13:56Z
52464,Pakol,und,"","",http://www.catalogueoflife.org/annual-checklist/details/species/id/10084946/common/200449,Waray-Waray,,2021-07-27T16:13:57Z
272552,Pakol,und,"","",http://www.catalogueoflife.org/annual-checklist/details/species/id/10085242/common/123999,Waray-Waray,,2021-07-27T16:13:57Z
49498,Pakol,und,"","",http://www.catalogueoflife.org/annual-checklist/details/species/id/10085168/common/124457,Waray-Waray,,2021-07-27T16:13:57Z
52465,Pakol,und,"","",http://www.catalogueoflife.org/annual-checklist/details/species/id/10084961/common/134645,Waray-Waray,,2021-07-27T16:13:58Z
52164,Pakol,und,"","",http://www.catalogueoflife.org/annual-checklist/details/species/id/10085252/common/123899,Waray-Waray,,2021-07-27T16:13:58Z
196870,Pakol,und,"","",http://www.catalogueoflife.org/annual-checklist/details/species/id/10084949/common/206356,Waray-Waray,,2021-07-27T16:13:58Z
57743,Pakol,und,"","",http://www.catalogueoflife.org/annual-checklist/details/species/id/10084932/common/228029,Waray-Waray,,2021-07-27T16:13:59Z
93996,Pakol,und,"","",http://www.catalogueoflife.org/annual-checklist/details/species/id/10085170/common/260713,Waray-Waray,,2021-07-27T16:13:59Z
113450,Pakol,und,"","",http://www.catalogueoflife.org/annual-checklist/details/species/id/10084962/common/134588,Waray-Waray,,2021-07-27T16:14:00Z
368999,Panitan,und,"","",http://www.catalogueoflife.org/annual-checklist/details/species/id/10085208/common/95039,Waray-Waray,,2021-07-27T16:14:41Z
154282,Panitan,und,"","",http://www.catalogueoflife.org/annual-checklist/details/species/id/10084940/common/227953,Waray-Waray,,2021-07-27T16:14:42Z
127710,Panitan,und,"","",http://www.catalogueoflife.org/annual-checklist/details/species/id/10085213/common/260672,Waray-Waray,,2021-07-27T16:14:42Z
338159,Panitan,und,"","",http://www.catalogueoflife.org/annual-checklist/details/species/id/10085163/common/230755,Waray-Waray,,2021-07-27T16:14:43Z
199186,Panitan,und,"","",http://www.catalogueoflife.org/annual-checklist/details/species/id/10085217/common/124409,Waray-Waray,,2021-07-27T16:14:43Z
194921,Panitan,und,"","",http://www.catalogueoflife.org/annual-checklist/details/species/id/10085166/common/124566,Waray-Waray,,2021-07-27T16:14:43Z
272552,Panitan,und,"","",http://www.catalogueoflife.org/annual-checklist/details/species/id/10085242/common/123998,Waray-Waray,,2021-07-27T16:14:43Z
49498,Panitan,und,"","",http://www.catalogueoflife.org/annual-checklist/details/species/id/10085168/common/124456,Waray-Waray,,2021-07-27T16:14:44Z
52164,Panitan,und,"","",http://www.catalogueoflife.org/annual-checklist/details/species/id/10085252/common/123898,Waray-Waray,,2021-07-27T16:14:44Z
93996,Panitan,und,"","",http://www.catalogueoflife.org/annual-checklist/details/species/id/10085170/common/260714,Waray-Waray,,2021-07-27T16:14:45Z
57743,Panitan,und,"","",http://www.catalogueoflife.org/annual-checklist/details/species/id/10084932/common/228027,Waray-Waray,,2021-07-27T16:14:45Z
97167,Alibangbang,und,"","",,Waray-Waray,Zane Roskoph,2021-07-27T17:47:47Z
121704,Kadlitan,und,"","",http://www.catalogueoflife.org/annual-checklist/details/species/id/10066667/common/54339,Waray-Waray,,2021-07-28T13:34:59Z
123529,Kadlitan,und,"","",http://www.catalogueoflife.org/annual-checklist/details/species/id/10066653/common/55023,Waray-Waray,Victor HOYEAU,2021-07-28T13:34:59Z
180389,Kadlitan,und,"","",http://www.catalogueoflife.org/annual-checklist/details/species/id/10066683/common/143532,Waray-Waray,,2021-07-28T13:35:00Z
55376,Kadlitan,und,"","",http://www.catalogueoflife.org/annual-checklist/details/species/id/10066656/common/54947,Waray-Waray,,2021-07-28T13:35:00Z
52459,Kadlitan,und,"","",http://www.catalogueoflife.org/annual-checklist/details/species/id/10066716/common/55599,Waray-Waray,,2021-07-28T13:35:00Z
132409,Kadlitan,und,"","",http://www.catalogueoflife.org/annual-checklist/details/species/id/10066660/common/54709,Waray-Waray,,2021-07-28T13:35:01Z
424818,Kadlitan,und,"","",http://www.catalogueoflife.org/annual-checklist/details/species/id/10066720/common/55489,Waray-Waray,,2021-07-28T13:35:01Z
132410,Kadlitan,und,"","",http://www.catalogueoflife.org/annual-checklist/details/species/id/10066664/common/54446,Waray-Waray,,2021-07-28T13:35:01Z
132411,Kadlitan,und,"","",http://www.catalogueoflife.org/annual-checklist/details/species/id/10066645/common/55288,Waray-Waray,Victor HOYEAU,2021-07-28T13:35:02Z
187002,Kadlitan,und,"","",http://www.catalogueoflife.org/annual-checklist/details/species/id/10066665/common/54397,Waray-Waray,,2021-07-28T13:35:02Z
121597,Kadlitan,und,"","",http://www.catalogueoflife.org/annual-checklist/details/species/id/10066649/common/55150,Waray-Waray,,2021-07-28T13:35:03Z
424818,Surahan,und,"","",,Waray-Waray,Zane Roskoph,2021-07-28T13:35:04Z
97220,Adlo,und,"","",http://www.catalogueoflife.org/annual-checklist/details/species/id/10070620/common/47533,Waray-Waray,,2021-07-28T14:20:30Z
47229,Adlo,und,"","",http://www.catalogueoflife.org/annual-checklist/details/species/id/10069993/common/149248,Waray-Waray,Victor HOYEAU,2021-07-28T14:20:31Z
101333,Adlo,und,"","",http://www.catalogueoflife.org/annual-checklist/details/species/id/10070630/common/223308,Waray-Waray,,2021-07-28T14:20:31Z
94416,Adlo,und,"","",http://www.catalogueoflife.org/annual-checklist/details/species/id/10070576/common/235065,Waray-Waray,,2021-07-28T14:20:32Z
194880,Adlo,und,"","",http://www.catalogueoflife.org/annual-checklist/details/species/id/10069915/common/133682,Waray-Waray,,2021-07-28T14:20:32Z
84181,Adlo,und,"","",http://www.catalogueoflife.org/annual-checklist/details/species/id/10070650/common/179999,Waray-Waray,,2021-07-28T14:20:32Z
96940,Adlo,und,"","",http://www.catalogueoflife.org/annual-checklist/details/species/id/10070593/common/3738,Waray-Waray,Donald Davesne,2021-07-28T14:20:32Z
123690,Adlo,und,"","",http://www.catalogueoflife.org/annual-checklist/details/species/id/10069948/common/132836,Waray-Waray,,2021-07-28T14:20:33Z
96964,Adlo,und,"","",http://www.catalogueoflife.org/annual-checklist/details/species/id/10070611/common/3567,Waray-Waray,,2021-07-28T14:20:33Z
47228,Adlo,und,"","",http://www.catalogueoflife.org/annual-checklist/details/species/id/10069953/common/132400,Waray-Waray,,2021-07-28T14:20:33Z
96966,Adlo,und,"","",http://www.catalogueoflife.org/annual-checklist/details/species/id/10070613/common/3525,Waray-Waray,,2021-07-28T14:20:34Z
424880,Adlo,und,"","",http://www.catalogueoflife.org/annual-checklist/details/species/id/10069992/common/149391,Waray-Waray,,2021-07-28T14:20:34Z
132410,Surahan,und,"","",,Waray-Waray,Zane Roskoph,2021-07-28T15:08:44Z
318323,Dangit,und,"","",,Waray-Waray,Zane Roskoph,2021-07-30T16:15:25Z
318323,Kitong,und,"","",,Waray-Waray,Zane Roskoph,2021-07-30T16:15:43Z
318323,Turus,und,"","",,Waray-Waray,Zane Roskoph,2021-07-30T16:15:57Z
97154,Alibangbang,und,"","",,Waray-Waray,Zane Roskoph,2021-07-30T18:55:37Z
30472,Banakon,und,"","",,Waray-Waray,Zane Roskoph,2021-08-02T18:51:51Z
123227,Kitong,und,"","",,Waray-Waray,Zane Roskoph,2021-08-03T12:16:28Z
123227,Turus,und,"","",,Waray-Waray,Zane Roskoph,2021-08-03T12:16:46Z
52459,Surahan,und,"","",,Waray-Waray,Zane Roskoph,2021-08-03T13:10:09Z
52188,Butanding,und,"","",,Waray-Waray,Zane Roskoph,2021-08-03T14:12:07Z
52451,Gangis,und,"","",,Waray-Waray,Zane Roskoph,2021-08-03T16:31:11Z
52451,Surahan,und,"","",,Waray-Waray,Zane Roskoph,2021-08-03T16:31:23Z
52323,Lubayan,und,"","",,Waray-Waray,Zane Roskoph,2021-08-12T16:07:47Z
102059,Lubayan,und,"","",,Waray-Waray,Zane Roskoph,2021-08-17T23:36:59Z
41964,Leon,und,"","",,Waray-Waray,Zane Roskoph,2021-08-24T15:29:45Z
41967,Tigre,und,"","",,Waray-Waray,Zane Roskoph,2021-08-26T16:40:31Z
153280,Bontok,und,"","",http://www.catalogueoflife.org/annual-checklist/details/species/id/10069945/common/133345,Waray-Waray,,2021-08-29T12:22:07Z
153280,Mamsa,und,"","",,Waray-Waray,Zane Roskoph,2021-08-29T12:22:37Z
122514,Dumpilas,und,"","",http://www.catalogueoflife.org/annual-checklist/2012/details/species/id/9741333,Waray-Waray,Donald Davesne,2021-09-12T23:34:33Z
119432,Dumpilas,und,"","",http://www.catalogueoflife.org/annual-checklist/2012/details/species/id/9741333,Waray-Waray,,2021-09-12T23:34:34Z
180170,Dumpilas,und,"","",http://www.catalogueoflife.org/annual-checklist/2012/details/species/id/9741333,Waray-Waray,,2021-09-12T23:34:34Z
171420,Dumpilas,und,"","",http://www.catalogueoflife.org/annual-checklist/2012/details/species/id/9741333,Waray-Waray,,2021-09-12T23:34:35Z
325734,Dumpilas,und,"","",http://www.catalogueoflife.org/annual-checklist/2012/details/species/id/9741333,Waray-Waray,,2021-09-12T23:34:35Z
196837,Dumpilas,und,"","",http://www.catalogueoflife.org/annual-checklist/2012/details/species/id/9741333,Waray-Waray,,2021-09-12T23:34:35Z
132375,Dumpilas,und,"","",http://www.catalogueoflife.org/annual-checklist/2012/details/species/id/9741333,Waray-Waray,,2021-09-12T23:34:35Z
530409,Dumpilas,und,"","",http://www.catalogueoflife.org/annual-checklist/2012/details/species/id/9741333,Waray-Waray,,2021-09-12T23:34:36Z
196838,Dumpilas,und,"","",http://www.catalogueoflife.org/annual-checklist/2012/details/species/id/9741333,Waray-Waray,,2021-09-12T23:34:36Z
530410,Dumpilas,und,"","",http://www.catalogueoflife.org/annual-checklist/2012/details/species/id/9741333,Waray-Waray,,2021-09-12T23:34:37Z
188052,Dumpilas,und,"","",http://www.catalogueoflife.org/annual-checklist/2012/details/species/id/9741333,Waray-Waray,,2021-09-12T23:34:37Z
347936,Dumpilas,und,"","",http://www.catalogueoflife.org/annual-checklist/2012/details/species/id/9741333,Waray-Waray,,2021-09-12T23:34:37Z
196838,Hinok,und,"","",,Waray-Waray,Zane Roskoph,2021-09-12T23:35:01Z
347936,Intsek-intsek,und,"","",http://www.catalogueoflife.org/annual-checklist/2012/details/species/id/9741333,Waray-Waray,,2021-09-12T23:35:31Z
122514,Intsek-intsek,und,"","",http://www.catalogueoflife.org/annual-checklist/2012/details/species/id/9741333,Waray-Waray,Donald Davesne,2021-09-12T23:35:32Z
119432,Intsek-intsek,und,"","",http://www.catalogueoflife.org/annual-checklist/2012/details/species/id/9741333,Waray-Waray,,2021-09-12T23:35:32Z
180170,Intsek-intsek,und,"","",http://www.catalogueoflife.org/annual-checklist/2012/details/species/id/9741333,Waray-Waray,,2021-09-12T23:35:33Z
325734,Intsek-intsek,und,"","",http://www.catalogueoflife.org/annual-checklist/2012/details/species/id/9741333,Waray-Waray,,2021-09-12T23:35:33Z
196837,Intsek-intsek,und,"","",http://www.catalogueoflife.org/annual-checklist/2012/details/species/id/9741333,Waray-Waray,,2021-09-12T23:35:33Z
132375,Intsek-intsek,und,"","",http://www.catalogueoflife.org/annual-checklist/2012/details/species/id/9741333,Waray-Waray,,2021-09-12T23:35:34Z
530409,Intsek-intsek,und,"","",http://www.catalogueoflife.org/annual-checklist/2012/details/species/id/9741333,Waray-Waray,,2021-09-12T23:35:34Z
196838,Intsek-intsek,und,"","",http://www.catalogueoflife.org/annual-checklist/2012/details/species/id/9741333,Waray-Waray,,2021-09-12T23:35:34Z
530410,Intsek-intsek,und,"","",http://www.catalogueoflife.org/annual-checklist/2012/details/species/id/9741333,Waray-Waray,,2021-09-12T23:35:35Z
188052,Intsek-intsek,und,"","",http://www.catalogueoflife.org/annual-checklist/2012/details/species/id/9741333,Waray-Waray,,2021-09-12T23:35:35Z
180170,Ti-aw,und,"","",http://www.catalogueoflife.org/annual-checklist/2012/details/species/id/9741333,Waray-Waray,,2021-09-12T23:35:46Z
122682,Ti-aw,und,"","",http://www.catalogueoflife.org/annual-checklist/2012/details/species/id/9741333,Waray-Waray,,2021-09-12T23:35:47Z
347936,Ti-aw,und,"","",http://www.catalogueoflife.org/annual-checklist/2012/details/species/id/9741333,Waray-Waray,,2021-09-12T23:35:47Z
196837,Ti-aw,und,"","",http://www.catalogueoflife.org/annual-checklist/2012/details/species/id/9741333,Waray-Waray,,2021-09-12T23:35:47Z
132375,Ti-aw,und,"","",http://www.catalogueoflife.org/annual-checklist/2012/details/species/id/9741333,Waray-Waray,,2021-09-12T23:35:48Z
119432,Ti-aw,und,"","",http://www.catalogueoflife.org/annual-checklist/2012/details/species/id/9741333,Waray-Waray,,2021-09-12T23:35:48Z
121673,Ti-aw,und,"","",http://www.catalogueoflife.org/annual-checklist/2012/details/species/id/9741333,Waray-Waray,,2021-09-12T23:35:48Z
196838,Ti-aw,und,"","",http://www.catalogueoflife.org/annual-checklist/2012/details/species/id/9741333,Waray-Waray,,2021-09-12T23:35:49Z
325734,Ti-aw,und,"","",http://www.catalogueoflife.org/annual-checklist/2012/details/species/id/9741333,Waray-Waray,,2021-09-12T23:35:49Z
132377,Ti-aw,und,"","",http://www.catalogueoflife.org/annual-checklist/2012/details/species/id/9741333,Waray-Waray,,2021-09-12T23:35:50Z
188052,Ti-aw,und,"","",http://www.catalogueoflife.org/annual-checklist/2012/details/species/id/9741333,Waray-Waray,,2021-09-12T23:35:50Z
530409,Ti-aw,und,"","",http://www.catalogueoflife.org/annual-checklist/2012/details/species/id/9741333,Waray-Waray,,2021-09-12T23:35:51Z
122514,Ti-aw,und,"","",http://www.catalogueoflife.org/annual-checklist/2012/details/species/id/9741333,Waray-Waray,Donald Davesne,2021-09-12T23:35:51Z
530410,Ti-aw,und,"","",http://www.catalogueoflife.org/annual-checklist/2012/details/species/id/9741333,Waray-Waray,,2021-09-12T23:35:52Z
119717,Palata,und,"","",,Waray-Waray,Zane Roskoph,2021-09-13T13:09:27Z
83879,Gangis,und,"","",,Waray-Waray,Zane Roskoph,2021-09-15T23:48:00Z
83879,Surahan,und,"","",,Waray-Waray,Zane Roskoph,2021-09-15T23:48:18Z
47257,Tanguigui,und,"","",http://www.catalogueoflife.org/annual-checklist/2012/details/species/id/9741333,Waray-Waray,,2021-09-20T00:54:43Z
112160,Mol-mol,und,"","",,Waray-Waray,Zane Roskoph,2021-09-25T14:35:37Z
68025,Mol-mol,und,"","",,Waray-Waray,Zane Roskoph,2021-09-25T15:05:27Z
97098,Mol-mol,und,"","",,Waray-Waray,Zane Roskoph,2021-09-25T15:19:46Z
47259,Lusod,und,"","",http://www.catalogueoflife.org/annual-checklist/2012/details/species/id/9741333,Waray-Waray,,2021-10-18T00:12:19Z
47251,Lusod,und,"","",http://www.catalogueoflife.org/annual-checklist/2012/details/species/id/9741333,Waray-Waray,,2021-10-18T00:12:20Z
179870,Lusod,und,"","",http://www.catalogueoflife.org/annual-checklist/2012/details/species/id/9741333,Waray-Waray,,2021-10-18T00:12:20Z
347753,Lusod,und,"","",http://www.catalogueoflife.org/annual-checklist/2012/details/species/id/9741333,Waray-Waray,,2021-10-18T00:12:21Z
131423,Lusod,und,"","",http://www.catalogueoflife.org/annual-checklist/2012/details/species/id/9741333,Waray-Waray,,2021-10-18T00:12:21Z
47256,Lusod,und,"","",http://www.catalogueoflife.org/annual-checklist/2012/details/species/id/9741333,Waray-Waray,,2021-10-18T00:12:22Z
47251,Alho,und,"","",,Waray-Waray,Zane Roskoph,2021-10-18T00:15:59Z
47251,Rumpe,und,"","",,Waray-Waray,Zane Roskoph,2021-10-18T00:16:23Z
49269,Otit,und,"","",,Waray-Waray,Zane Roskoph,2021-11-07T23:57:02Z
1316700,Nangka-tangka,und,"","",https://www.inaturalist.org/taxon_names/2619619/edit,Waray-Waray,,2021-11-23T22:31:16Z
1316700,Talangka,und,"","",https://www.inaturalist.org/taxon_names/2619620/edit,Waray-Waray,,2021-11-23T22:31:18Z
81498,Labayan,und,"","",,Waray-Waray,Zane Roskoph,2021-12-04T06:59:33Z
81498,Lubayan,und,"","",,Waray-Waray,Zane Roskoph,2021-12-04T07:00:09Z
102075,Lubayan,und,"","",,Waray-Waray,Zane Roskoph,2021-12-04T14:14:02Z
105065,Labayan,und,"","",,Waray-Waray,Zane Roskoph,2021-12-04T14:27:59Z
319762,Baho-ulo,und,"","",http://www.catalogueoflife.org/annual-checklist/2012/details/species/id/9741333,Waray-Waray,,2021-12-04T14:36:07Z
471636,Baho-ulo,und,"","",http://www.catalogueoflife.org/annual-checklist/2012/details/species/id/9741333,Waray-Waray,,2021-12-04T14:36:07Z
334657,Baho-ulo,und,"","",http://www.catalogueoflife.org/annual-checklist/2012/details/species/id/9741333,Waray-Waray,,2021-12-04T14:36:07Z
618195,Baho-ulo,und,"","",http://www.catalogueoflife.org/annual-checklist/2012/details/species/id/9741333,Waray-Waray,,2021-12-04T14:36:08Z
125811,Baho-ulo,und,"","",http://www.catalogueoflife.org/annual-checklist/2012/details/species/id/9741333,Waray-Waray,,2021-12-04T14:36:08Z
318928,Baho-ulo,und,"","",http://www.catalogueoflife.org/annual-checklist/2012/details/species/id/9741333,Waray-Waray,,2021-12-04T14:36:09Z
69775,Baho-ulo,und,"","",http://www.catalogueoflife.org/annual-checklist/2012/details/species/id/9741333,Waray-Waray,,2021-12-04T14:36:09Z
199308,Baho-ulo,und,"","",http://www.catalogueoflife.org/annual-checklist/2012/details/species/id/9741333,Waray-Waray,,2021-12-04T14:36:10Z
201025,Baho-ulo,und,"","",http://www.catalogueoflife.org/annual-checklist/2012/details/species/id/9741333,Waray-Waray,,2021-12-04T14:36:10Z
333752,Baho-ulo,und,"","",http://www.catalogueoflife.org/annual-checklist/2012/details/species/id/9741333,Waray-Waray,,2021-12-04T14:36:10Z
132596,Baho-ulo,und,"","",http://www.catalogueoflife.org/annual-checklist/2012/details/species/id/9741333,Waray-Waray,,2021-12-04T14:36:11Z
359334,Baho-ulo,und,"","",http://www.catalogueoflife.org/annual-checklist/2012/details/species/id/9741333,Waray-Waray,,2021-12-04T14:36:11Z
471636,Siri,und,"","",,Waray-Waray,Zane Roskoph,2021-12-04T14:36:37Z
122514,Hinok,und,"","",,Waray-Waray,Zane Roskoph,2021-12-06T01:15:32Z
122514,Tiao,und,"","",,Waray-Waray,Zane Roskoph,2021-12-06T01:16:15Z
619681,Palata,und,"","",,Waray-Waray,Zane Roskoph,2021-12-24T16:29:02Z
424314,Palata,und,"","",,Waray-Waray,Zane Roskoph,2021-12-24T16:39:16Z
447759,Palata,und,"","",,Waray-Waray,Zane Roskoph,2021-12-24T16:52:21Z
325535,Palata,und,"","",,Waray-Waray,Zane Roskoph,2021-12-24T17:06:32Z
181026,Palata,und,"","",,Waray-Waray,Zane Roskoph,2021-12-24T17:12:50Z
49378,Tabarong,und,"","",http://www.catalogueoflife.org/annual-checklist/2012/details/species/id/9741333,Waray-Waray,,2021-12-28T15:16:45Z
362210,Tabarong,und,"","",http://www.catalogueoflife.org/annual-checklist/2012/details/species/id/9741333,Waray-Waray,,2021-12-28T15:16:46Z
418229,Tabarong,und,"","",http://www.catalogueoflife.org/annual-checklist/2012/details/species/id/9741333,Waray-Waray,,2021-12-28T15:16:46Z
372197,Tabarong,und,"","",http://www.catalogueoflife.org/annual-checklist/2012/details/species/id/9741333,Waray-Waray,,2021-12-28T15:16:46Z
113951,Tabarong,und,"","",http://www.catalogueoflife.org/annual-checklist/2012/details/species/id/9741333,Waray-Waray,,2021-12-28T15:16:47Z
121661,Tabarong,und,"","",http://www.catalogueoflife.org/annual-checklist/2012/details/species/id/9741333,Waray-Waray,,2021-12-28T15:16:48Z
121661,Baul-baul,und,"","",,Waray-Waray,Zane Roskoph,2021-12-28T15:56:24Z
1316661,Tingag,und,"","",http://www.catalogueoflife.org/annual-checklist/details/species/id/10073064/common/276435,Waray-Waray,,2022-03-08T00:39:05Z
196872,Pakol,und,"","",http://www.catalogueoflife.org/annual-checklist/details/species/id/10084930/common/95630,Waray-Waray,,2022-03-08T00:53:56Z
196872,Panitan,und,"","",http://www.catalogueoflife.org/annual-checklist/details/species/id/10084930/common/95635,Waray-Waray,,2022-03-08T00:53:56Z
1315680,Lubayan,und,"","",http://www.catalogueoflife.org/annual-checklist/details/species/id/10076616/common/229626,Waray-Waray,,2022-03-15T23:45:21Z
1315680,Labayan,und,"","",http://www.catalogueoflife.org/annual-checklist/details/species/id/10076616/common/229627,Waray-Waray,,2022-03-15T23:45:21Z
1360115,Baho-ulo,und,"","",http://www.catalogueoflife.org/annual-checklist/2012/details/species/id/9741333,Waray-Waray,,2022-03-16T05:00:15Z
1561489,Lubayan,und,"","",http://www.catalogueoflife.org/annual-checklist/details/species/id/10076585/common/94438,Waray-Waray,,2024-07-14T23:26:50Z
