id,vernacularName,language,locality,countryCode,source,lexicon,contributor,created
18874,Jako,und,"","",,Haitian Creole,John E. Christensen,2017-12-15T07:20:06Z
211194,Plant vaskilè,und,"","",,Haitian Creole,John E. Christensen,2017-12-16T08:41:24Z
47158,Ensèk,und,"","",,Haitian Creole,John E. Christensen,2017-12-23T10:45:05Z
48865,Kokoye,und,"","",,Haitian Creole,John E. Christensen,2017-12-26T07:48:36Z
26041,Krokodil,und,"","",,Haitian Creole,John E. Christensen,2017-12-30T07:51:31Z
47686,Pwotozoyè,und,"","",,Haitian Creole,John E. Christensen,2018-01-10T08:49:21Z
26039,Krokodil,und,"","",,Haitian Creole,John E. Christensen,2018-01-14T07:12:33Z
47120,Atwopòd,und,"","",,Haitian Creole,John E. Christensen,2018-01-18T15:53:07Z
59254,Siv,und,"","",,Haitian Creole,John E. Christensen,2018-04-04T07:09:23Z
49556,Annipye,und,"","",,Haitian Creole,John E. Christensen,2018-12-12T11:05:49Z
70054,Melon dlo,und,"","",,Haitian Creole,John E. Christensen,2018-12-24T10:47:54Z
40151,Mamifè,und,"","",,Haitian Creole,John E. Christensen,2019-02-07T16:21:22Z
40268,Chòvsourit,und,"","",,Haitian Creole,John E. Christensen,2019-03-10T07:58:01Z
85553,Koulèv,und,"","",,Haitian Creole,John E. Christensen,2019-04-28T07:14:27Z
48876,Kayimit,und,"","",,Haitian Creole,Martin Reith,2019-07-12T00:10:35Z
317963,Bale dou,und,"","",,Haitian Creole,Martin Reith,2019-12-12T14:36:22Z
285505,Cousin,und,"","",,Haitian Creole,Martin Reith,2019-12-13T03:12:28Z
157765,Kalalou,und,"","",,Haitian Creole,Johan Devos,2020-12-20T20:41:22Z
135983,cèdre,und,"","",,Haitian Creole,Ashwin Srinivasan,2021-02-06T03:26:31Z
146059,leza recò,und,"","",,Haitian Creole,Zane Roskoph,2021-08-03T00:57:06Z
121196,Sous-gé,und,"","",,Haitian Creole,Zane Roskoph,2021-08-03T12:54:33Z
41964,Lyon,und,"","",,Haitian Creole,Zane Roskoph,2021-08-24T13:13:51Z
41967,Tig,und,"","",,Haitian Creole,Zane Roskoph,2021-08-26T15:23:32Z
95066,Bousse mazarin,und,"","",,Haitian Creole,Zane Roskoph,2021-10-17T13:47:02Z
95066,Bousse,und,"","",,Haitian Creole,Zane Roskoph,2021-10-17T13:47:26Z
469472,pòm,und,"","",,Haitian Creole,10423,2022-03-27T04:32:16Z
118552,chat,und,"","",,Haitian Creole,Yann Kemper,2022-11-12T06:43:42Z
1,Bèt,und,"","",,Haitian Creole,Yann Kemper,2022-11-18T04:56:04Z
862838,Karatas,und,Haiti,HT,,Haitian Creole,dum1,2024-01-22T18:23:15Z
72745,Tako kabrit,und,Haiti,HT,,Haitian Creole,dum1,2024-02-13T21:08:34Z
732446,Kingolo,und,Haiti,HT,,Haitian Creole,dum1,2024-03-21T16:52:34Z
365010,Gwenn,und,Haiti,HT,,Haitian Creole,dum1,2024-03-29T15:34:53Z
1341196,Sigin,und,Haiti,HT,,Haitian Creole,dum1,2024-04-02T13:59:24Z
365948,Katye,und,Haiti,HT,,Haitian Creole,dum1,2024-04-04T16:43:59Z
559385,Malfini Mouchè,und,Haiti,HT,,Haitian Creole,dum1,2024-04-11T17:47:46Z
515854,Koukou,und,Haiti,HT,,Haitian Creole,dum1,2024-04-12T18:27:49Z
431362,Mapou Blanc,und,Haiti,HT,,Haitian Creole,dum1,2024-04-26T02:16:14Z
12718,Kwèt-Kwèt,und,Haiti,HT,,Haitian Creole,dum1,2024-04-28T20:38:56Z
569435,Kwèt-Kwèt,und,Haiti,HT,,Haitian Creole,dum1,2024-04-28T20:39:36Z
719732,Mèt Bwa,und,Haiti,HT,,Haitian Creole,dum1,2024-05-03T14:24:20Z
738133,Ayiti Fèy Ke Gecko,und,Haiti,HT,,Haitian Creole,dum1,2024-05-03T15:34:49Z
720257,Kònichon,und,Haiti,HT,,Haitian Creole,dum1,2024-05-17T16:05:35Z
720259,Kònichon,und,Haiti,HT,,Haitian Creole,dum1,2024-05-17T16:17:24Z
145279,Gwo Kònichon,und,Haiti,HT,,Haitian Creole,dum1,2024-05-17T16:28:34Z
72742,Tako,und,Haiti,HT,,Haitian Creole,dum1,2024-05-17T16:32:54Z
721513,Tako Gonayiv,und,Haiti,HT,,Haitian Creole,dum1,2024-05-17T16:33:43Z
32661,Koulèv Avèg Gonayiv,und,"La Gonâve, HT, OU","",,Haitian Creole,dum1,2024-05-17T18:05:56Z
1148896,Zanolite Gonayiv,und,"La Gonâve, HT, OU","",,Haitian Creole,dum1,2024-05-17T18:11:05Z
440201,Sapotille Marron,und,"La Gonâve, HT, OU","",,Haitian Creole,dum1,2024-05-17T18:45:51Z
19656,Gouye-Kò,und,Haiti,HT,,Haitian Creole,dum1,2024-05-17T19:01:52Z
18471,Sèpantye Bwa,und,Haiti,HT,,Haitian Creole,dum1,2024-05-17T19:12:50Z
726966,Sèpantye Bwa Gonayiv,und,"La Gonâve, HT, OU","",,Haitian Creole,dum1,2024-05-17T19:13:34Z
726967,Sèpantye Bwa,und,Haiti,HT,,Haitian Creole,dum1,2024-05-17T19:14:17Z
9609,Mèl Diab,und,Haiti,HT,,Haitian Creole,dum1,2024-05-17T23:30:53Z
729734,Mèl Diab,und,Haiti,HT,,Haitian Creole,dum1,2024-05-17T23:31:21Z
19602,Petonvwa,und,Haiti,HT,,Haitian Creole,dum1,2024-05-18T20:46:44Z
539333,Zandolit Vèt,und,Haiti,HT,,Haitian Creole,dum1,2024-05-19T03:15:28Z
43774,Zagouti,und,Haiti,HT,,Haitian Creole,dum1,2024-05-19T19:03:51Z
46337,Nen Long,und,Haiti,HT,,Haitian Creole,dum1,2024-05-19T19:05:31Z
135756,Pye Bwa Pen,und,Haiti,HT,,Haitian Creole,dum1,2024-05-23T22:53:42Z
365055,Jamm de Pay,und,Haiti,HT,,Haitian Creole,dum1,2024-05-27T00:56:51Z
365048,Djare,und,Haiti,HT,,Haitian Creole,dum1,2024-05-27T01:01:12Z
365048,Latanye Kay,und,Haiti,HT,,Haitian Creole,dum1,2024-05-27T01:01:31Z
10422,Bèk-Kwazé,und,Haiti,HT,,Haitian Creole,dum1,2024-05-28T15:49:00Z
727091,Chanrouan Ke Long,und,Haiti,HT,,Haitian Creole,dum1,2024-06-04T22:24:48Z
19670,Chanrouan Ke Long,und,Haiti,HT,,Haitian Creole,dum1,2024-06-04T22:25:15Z
8051,Ti Kaw,und,Haiti,HT,,Haitian Creole,dum1,2024-06-10T23:24:01Z
8033,Corneille,und,Haiti,HT,,Haitian Creole,dum1,2024-06-10T23:26:04Z
16013,Pipirit Gwo Tèt,und,Haiti,HT,,Haitian Creole,dum1,2024-06-10T23:53:56Z
726579,Pipirit Gwo Tèt,und,Haiti,HT,,Haitian Creole,dum1,2024-06-10T23:54:20Z
1505522,Kòk Savann,und,Haiti,HT,,Haitian Creole,dum1,2024-06-17T02:07:47Z
445042,Cèdre,und,Haiti,HT,,Haitian Creole,dum1,2024-06-23T17:58:07Z
445043,Cèdre,und,Haiti,HT,,Haitian Creole,dum1,2024-06-23T17:58:34Z
36726,Zanoli Lanavaz,und,Haiti,HT,,Haitian Creole,dum1,2024-07-12T21:55:50Z
719068,Pipirit Chandèl,und,Haiti,HT,,Haitian Creole,dum1,2024-07-15T00:04:11Z
204474,Kònichon,und,Haiti,HT,,Haitian Creole,dum1,2024-07-19T14:02:05Z
918896,Nago,und,Haiti,HT,,Haitian Creole,dum1,2024-07-25T01:00:14Z
10576,Ti Tchit kat-je,und,Haiti,HT,,Haitian Creole,dum1,2024-07-26T20:52:29Z
10597,Ti Chit Lasèl,und,Haiti,HT,,Haitian Creole,dum1,2024-07-26T20:58:05Z
10291,Kat-je tèt gri,und,Haiti,HT,,Haitian Creole,dum1,2024-07-26T21:00:52Z
10290,Kat-je tèt nwa,und,Haiti,HT,,Haitian Creole,dum1,2024-07-26T21:01:46Z
9326,Banane mûre,und,Haiti,HT,,Haitian Creole,dum1,2024-07-26T21:03:37Z
145307,Ti Seren,und,Haiti,HT,,Haitian Creole,dum1,2024-07-26T21:05:19Z
730314,Ti Tchit bwa pen,und,Haiti,HT,,Haitian Creole,dum1,2024-07-27T15:43:08Z
544420,Ti Jòn,und,Haiti,HT,,Haitian Creole,dum1,2024-07-27T16:36:11Z
949795,Zaboka Mawon,und,Haiti,HT,,Haitian Creole,dum1,2024-07-29T22:12:15Z
366151,latanye zombi,und,Haiti,HT,,Haitian Creole,dum1,2024-07-29T22:36:42Z
292085,Bois caca,und,Haiti,HT,,Haitian Creole,Francis Reyes,2024-08-01T13:24:31Z
292085,Bois poulette,und,Haiti,HT,,Haitian Creole,Francis Reyes,2024-08-01T13:25:06Z
