id,vernacularName,language,locality,countryCode,source,lexicon,contributor,created
4836,Ae'o,haw,"","","FA Bisby, YR Roskov, MA Ruggiero, TM Orrell, LE Paglinawan, PW Brewer, N Bailly, J van Hertum, eds (2007). Species 2000 & ITIS Catalogue of Life: 2007 Annual Checklist Taxonomic Classification. CD-ROM; Species 2000: Reading, U.K.",Hawaiian,max kirsch,2008-03-13T02:46:32Z
7104,Nēnē,haw,"Hawaii Volcanoes National Park, US, HI","","FA Bisby, YR Roskov, MA Ruggiero, TM Orrell, LE Paglinawan, PW Brewer, N Bailly, J van Hertum, eds (2007). Species 2000 & ITIS Catalogue of Life: 2007 Annual Checklist Taxonomic Classification. CD-ROM; Species 2000: Reading, U.K.",Hawaiian,Kitty Maurey,2008-03-13T02:53:35Z
12672,ʻōʻōʻāʻā,haw,"","","FA Bisby, YR Roskov, MA Ruggiero, TM Orrell, LE Paglinawan, PW Brewer, N Bailly, J van Hertum, eds (2007). Species 2000 & ITIS Catalogue of Life: 2007 Annual Checklist Taxonomic Classification. CD-ROM; Species 2000: Reading, U.K.",Hawaiian,sea-kangaroo,2008-03-13T03:13:41Z
47257,ono,haw,"","","FA Bisby, YR Roskov, MA Ruggiero, TM Orrell, LE Paglinawan, PW Brewer, N Bailly, J van Hertum, eds (2007). Species 2000 & ITIS Catalogue of Life: 2007 Annual Checklist Taxonomic Classification. CD-ROM; Species 2000: Reading, U.K.",Hawaiian,Cédric de Foucault,2008-08-07T03:34:41Z
51201,kumimi pua,haw,"","",,Hawaiian,Ken-ichi Ueda,2009-05-03T08:08:57Z
52411,humuhumu hi'ukole,haw,"","",http://www.ubio.org/browser/details.php?namebankID=833927,Hawaiian,David R,2009-07-17T18:37:05Z
52449,Humu­humu­nuku­nuku­āpuaʻa,haw,"Hawaii, US","",,Hawaiian,Ken-ichi Ueda,2009-07-21T00:04:47Z
52464,humuhumu 'ele'ele,haw,"","",,Hawaiian,Ken-ichi Ueda,2009-07-21T02:57:38Z
53737,ʻŌhiki,haw,"","",,Hawaiian,Ken-ichi Ueda,2009-10-25T01:12:26Z
54993,ʻōhelo,haw,"","","FA Bisby, YR Roskov, MA Ruggiero, TM Orrell, LE Paglinawan, PW Brewer, N Bailly, J van Hertum, eds (2007). Species 2000 & ITIS Catalogue of Life: 2007 Annual Checklist Taxonomic Classification. CD-ROM; Species 2000: Reading, U.K.",Hawaiian,sea-kangaroo,2010-01-04T06:45:42Z
54994,naupaka kuahiwi,haw,"Hawaii Volcanoes National Park, US, HI","","FA Bisby, YR Roskov, MA Ruggiero, TM Orrell, LE Paglinawan, PW Brewer, N Bailly, J van Hertum, eds (2007). Species 2000 & ITIS Catalogue of Life: 2007 Annual Checklist Taxonomic Classification. CD-ROM; Species 2000: Reading, U.K.",Hawaiian,sea-kangaroo,2010-01-04T07:05:10Z
54995,ʻilima,haw,"Hawaii Volcanoes National Park, US, HI","",,Hawaiian,Ken-ichi Ueda,2010-01-04T07:42:09Z
60441,ohiaku,haw,"","",http://www.ubio.org/browser/details.php?namebankID=794615,Hawaiian,,2010-05-09T18:52:03Z
60447,ʻŌhiʻa Lehua,haw,"","",,Hawaiian,Ken-ichi Ueda,2010-05-09T18:58:54Z
67928,ʻŌlapa,haw,"","",,Hawaiian,Ken-ichi Ueda,2011-03-01T18:41:27Z
478,ʻalae keʻokeʻo,haw,"","",,Hawaiian,Sam McNally,2011-03-02T06:37:15Z
70026,hala,haw,"Hawaii Volcanoes National Park, US, HI","",,Hawaiian,Scott Loarie,2011-04-29T15:37:13Z
70030,ʻōhelo ʻai,haw,"","",,Hawaiian,Scott Loarie,2011-04-29T15:39:13Z
70036,māmane,haw,"","",,Hawaiian,Ken-ichi Ueda,2011-04-29T17:14:39Z
82376,Koa,haw,"","",,Hawaiian,Sam McNally,2011-06-07T23:42:43Z
83067,maʻo hau hele,haw,"Hawaii Volcanoes National Park, US, HI","",,Hawaiian,Scott Loarie,2011-06-14T19:17:14Z
120923,kukuau,haw,"","",,Hawaiian,Ken-ichi Ueda,2011-11-20T00:49:47Z
121227,'Ulae,haw,"","",,Hawaiian,David R,2011-12-02T08:58:33Z
52508,hinalea 'i'iwi,haw,"","",,Hawaiian,David R,2011-12-02T09:02:03Z
98510,hilu,haw,"","",,Hawaiian,David R,2011-12-02T09:05:26Z
121169,nohu,haw,"","",,Hawaiian,David R,2011-12-02T09:41:13Z
103436,laenihi,haw,"","",,Hawaiian,David R,2011-12-02T09:45:05Z
121225,‘ōpelu,haw,"","",,Hawaiian,David R,2011-12-02T09:55:29Z
120963,puhi uha,haw,"","",,Hawaiian,David R,2011-12-02T10:16:46Z
97170,kīkākapu,haw,"","",,Hawaiian,David R,2011-12-02T10:41:42Z
52478,po‘opa‘a,haw,"","",,Hawaiian,David R,2011-12-02T10:46:29Z
121394,piliko‘a,haw,"","",,Hawaiian,David R,2011-12-06T05:31:14Z
121460,'Ala'ihi,haw,"","",,Hawaiian,David R,2011-12-08T10:59:10Z
121457,Nohu,haw,"","",,Hawaiian,David R,2011-12-08T11:01:59Z
121459,To'au,haw,"","",,Hawaiian,David R,2011-12-08T11:12:27Z
117459,Mamamu,haw,"","",,Hawaiian,David R,2011-12-08T11:14:22Z
121499,Paki'i,haw,"","",,Hawaiian,David R,2011-12-09T07:24:14Z
121500,puhi,haw,"","",,Hawaiian,David R,2011-12-09T07:47:48Z
97181,kīkākapu,haw,"","",,Hawaiian,David R,2011-12-09T08:06:13Z
121572,Kawalea,haw,"","",,Hawaiian,David R,2011-12-10T06:21:34Z
121597,Palani,haw,"","",,Hawaiian,David R,2011-12-12T07:15:56Z
121706,Alaihi,haw,"","",,Hawaiian,David R,2011-12-14T06:50:36Z
121704,naʻenaʻe,haw,"","",,Hawaiian,David R,2011-12-14T06:56:22Z
47282,Nohu,haw,"","",,Hawaiian,David R,2011-12-15T08:07:31Z
121738,hīhīmanu,haw,"","",,Hawaiian,David R,2011-12-16T09:04:45Z
96498,ponuhunuhu,haw,"","",,Hawaiian,David R,2011-12-17T05:26:51Z
121707,wana hālula,haw,"","",,Hawaiian,David R,2011-12-18T05:47:22Z
121658,kala,haw,"","",,Hawaiian,David R,2011-12-18T06:33:42Z
49979,puhi,haw,"","",,Hawaiian,David R,2011-12-20T08:21:47Z
122032,nenue,haw,"","",,Hawaiian,David R,2011-12-23T09:28:02Z
48743,kapuhili,haw,"","",,Hawaiian,David R,2011-12-24T07:21:27Z
122116,‘ala‘ihi,haw,"","",,Hawaiian,David R,2011-12-25T08:38:31Z
122127,hāwa'e,haw,"","",,Hawaiian,David R,2011-12-26T03:12:07Z
122505,‘ū‘ū,haw,"","",,Hawaiian,David R,2012-01-07T09:47:03Z
122514,moano ‘ukali ulua,haw,"","",,Hawaiian,David R,2012-01-07T09:52:42Z
67750,koki'o ke'oke'o,haw,"","",,Hawaiian,David R,2012-01-07T10:36:47Z
97192,lauhau,haw,"","",,Hawaiian,David R,2012-01-07T11:16:21Z
122527,Kōlea lau nui,haw,"","",,Hawaiian,David R,2012-01-08T10:12:13Z
122525,ʻIeʻie,haw,"","",,Hawaiian,David R,2012-01-08T10:15:43Z
122662,Pūkiawe,haw,"","",,Hawaiian,David R,2012-01-10T04:56:37Z
122914,opakapaka,haw,"","",,Hawaiian,sea-kangaroo,2012-01-12T01:59:38Z
98531,mahimahi,haw,"","",,Hawaiian,sea-kangaroo,2012-01-12T02:22:07Z
122965,hala kahiki,haw,"","",,Hawaiian,sea-kangaroo,2012-01-12T07:10:52Z
3909,Kioea,haw,"Hawaii Volcanoes National Park, US, HI","",,Hawaiian,David R,2012-01-12T08:31:04Z
122711,ʻaʻaliʻi,haw,"Hawaii, US | Hawaii Volcanoes National Park, US, HI","",,Hawaiian,David R,2012-01-12T09:42:20Z
123000,Kūkaenēnē,haw,"","",,Hawaiian,David R,2012-01-12T09:45:11Z
108081,Po'ou,haw,"","",,Hawaiian,David R,2012-01-16T03:47:14Z
123123,'Ulae,haw,"","",,Hawaiian,David R,2012-01-16T04:12:08Z
70027,'ulu,haw,"","",,Hawaiian,sea-kangaroo,2012-01-23T08:47:58Z
48865,niu,haw,"Hawaii Volcanoes National Park, US, HI","",,Hawaiian,sea-kangaroo,2012-01-23T08:48:16Z
97312,Kupou,haw,"","",,Hawaiian,David R,2012-01-24T07:48:18Z
113990,ʻawela,haw,"","",,Hawaiian,David R,2012-01-24T07:52:19Z
122835,kalo,haw,"Hawaii Volcanoes National Park, US, HI","",,Hawaiian,sea-kangaroo,2012-01-26T19:14:15Z
60439,ʻohai aliʻi,haw,"","",,Hawaiian,David R,2012-01-30T04:23:17Z
123529,‘api,haw,"","",,Hawaiian,David R,2012-01-30T08:47:05Z
123573,'Ae,haw,"","",,Hawaiian,David R,2012-02-01T09:27:59Z
123617,Kāwaʻu,haw,"","",,Hawaiian,David R,2012-02-02T06:49:16Z
52492,Uluhe,haw,"Hawaii Volcanoes National Park, US, HI","",,Hawaiian,David R,2012-02-02T06:51:48Z
122709,ʻAmaʻu,haw,"","",,Hawaiian,David R,2012-02-02T06:54:50Z
123618,Pāwale,haw,"","",,Hawaiian,David R,2012-02-02T07:13:37Z
123619,ʻUki,haw,"","",,Hawaiian,David R,2012-02-02T07:30:44Z
123620,'Ala'ala wai nui,haw,"","",,Hawaiian,David R,2012-02-02T07:46:45Z
123681,Pua kenikeni,haw,"","",,Hawaiian,David R,2012-02-05T06:15:07Z
123687,Ae'o,haw,"","",,Hawaiian,David R,2012-02-05T06:27:28Z
61373,ʻaʻama,haw,"","",,Hawaiian,David R,2012-02-13T08:51:06Z
123893,Hinahina,haw,"","",,Hawaiian,David R,2012-02-13T08:52:30Z
123922,Kūpīpī,haw,"","",,Hawaiian,David R,2012-02-15T07:57:27Z
97645,uhu-uliuli,haw,"","",,Hawaiian,David R,2012-02-15T08:22:04Z
124008,ʻŌhai,haw,"","",,Hawaiian,David R,2012-02-19T07:26:58Z
54441,Pūhi kāpā,haw,"","",,Hawaiian,David R,2012-02-19T11:33:48Z
121167,Puhi kauila,haw,"","",,Hawaiian,David R,2012-02-19T11:37:03Z
120940,Puhi kauila,haw,"","",,Hawaiian,David R,2012-02-19T11:38:05Z
116736,Puhi ‘Ōni‘o,haw,"","",,Hawaiian,David R,2012-02-19T11:39:03Z
52399,Puhi lau milo,haw,"","",,Hawaiian,David R,2012-02-19T11:42:00Z
85465,Puhi palahoana,haw,"","",,Hawaiian,David R,2012-02-19T11:43:48Z
98531,Mahi mahi oma,haw,"","",http://www.ubio.org/browser/details.php?namebankID=871680,Hawaiian,Mark Rosenstein,2012-02-22T18:41:16Z
98531,Mahi mahi lapa,haw,"","",http://www.ubio.org/browser/details.php?namebankID=871679,Hawaiian,Mark Rosenstein,2012-02-22T18:41:16Z
122034,pōpōhau,haw,"","",,Hawaiian,David R,2012-02-23T08:25:35Z
124393,ʻaʻama,haw,"","",,Hawaiian,Ken-ichi Ueda,2012-02-24T08:01:54Z
124445,ʻŪlei,haw,"","",,Hawaiian,David R,2012-02-26T10:22:43Z
124448,Lama,haw,"","",,Hawaiian,David R,2012-02-26T10:40:32Z
6956,Koloa maoli,haw,"","",,Hawaiian,David R,2012-02-27T09:43:32Z
124491,ʻAlae ʻula,haw,"","",,Hawaiian,David R,2012-02-28T04:22:00Z
124858,Kupaoa,haw,"","",,Hawaiian,David R,2012-03-03T06:56:20Z
125152,Kuluʻī,haw,"","",,Hawaiian,David R,2012-03-05T07:46:09Z
125153,Wiliwili,haw,"","",,Hawaiian,David R,2012-03-05T07:49:37Z
82768,Milo,haw,"","",,Hawaiian,David R,2012-03-05T07:52:08Z
62868,Hau,haw,"","",,Hawaiian,David R,2012-03-05T07:53:39Z
126841,ʻAkoko,haw,"","",,Hawaiian,David R,2012-04-09T04:47:38Z
126840,Kou,haw,"","",,Hawaiian,David R,2012-04-09T04:50:35Z
126839,Koʻoloaʻula,haw,"","",,Hawaiian,David R,2012-04-09T05:03:39Z
126843,Nānū,haw,"","",,Hawaiian,David R,2012-04-09T05:08:16Z
126845,Pōhinahina,haw,"","",,Hawaiian,David R,2012-04-09T05:11:45Z
126842,Maʻo,haw,"","",,Hawaiian,David R,2012-04-09T05:13:13Z
127097,‘ala‘ihi,haw,"","",,Hawaiian,David R,2012-04-16T08:52:47Z
113201,‘ōmaka,haw,"","",,Hawaiian,David R,2012-04-16T08:55:30Z
127131,lai,haw,"","",,Hawaiian,David R,2012-04-17T09:03:05Z
47447,koa haole,haw,"","",,Hawaiian,sea-kangaroo,2012-04-20T22:59:27Z
55533,awa,haw,"","",,Hawaiian,David R,2012-06-03T04:36:32Z
83318,‘o‘opu hue,haw,"","",,Hawaiian,David R,2012-06-11T07:32:49Z
122118,hāwaʻe poʻo hina,haw,"","",,Hawaiian,sea-kangaroo,2012-06-16T19:22:11Z
122127,hāwaʻe maoli,haw,"","",,Hawaiian,sea-kangaroo,2012-06-16T19:23:09Z
128719,ʻina kea,haw,"","",,Hawaiian,sea-kangaroo,2012-06-16T19:25:00Z
51106,hāʻukeʻuke kaupali,haw,"","",,Hawaiian,sea-kangaroo,2012-06-16T19:37:40Z
122164,wana,haw,"","",,Hawaiian,sea-kangaroo,2012-06-16T19:38:12Z
48757,wana,haw,"","",,Hawaiian,sea-kangaroo,2012-06-16T19:42:55Z
130526,ʻalaʻihi,haw,"","",,Hawaiian,sea-kangaroo,2012-06-16T20:31:02Z
47617,kole,haw,"","",,Hawaiian,sea-kangaroo,2012-06-16T20:33:51Z
123124,ʻulae,haw,"","",,Hawaiian,sea-kangaroo,2012-06-16T21:17:05Z
122682,weke ʻula,haw,"","",,Hawaiian,sea-kangaroo,2012-06-16T21:26:46Z
83290,kihikihi,haw,"","",,Hawaiian,sea-kangaroo,2012-06-16T21:32:34Z
130646,ʻokupe,haw,"","",,Hawaiian,sea-kangaroo,2012-06-17T09:21:31Z
94525,ula pāpapa,haw,"","",,Hawaiian,sea-kangaroo,2012-06-17T09:31:09Z
130759,Kōpiko ʻula,haw,"","",,Hawaiian,sea-kangaroo,2012-06-19T05:12:00Z
127560,ʻākala,haw,"","",,Hawaiian,sea-kangaroo,2012-06-19T05:18:57Z
130761,ʻohelo papa,haw,"","",,Hawaiian,sea-kangaroo,2012-06-19T05:25:00Z
130765,‘ō‘ili,haw,"","",,Hawaiian,David R,2012-06-19T06:10:59Z
130764,wahanui,haw,"","",,Hawaiian,David R,2012-06-19T06:13:22Z
8645,ʻelepaio,haw,"","",,Hawaiian,sea-kangaroo,2012-06-19T17:10:22Z
12961,ʻōmaʻo,haw,"","",,Hawaiian,sea-kangaroo,2012-06-19T17:11:39Z
12958,olomaʻo,haw,"","",,Hawaiian,sea-kangaroo,2012-06-19T17:13:37Z
12963,kāmaʻo,haw,"","",,Hawaiian,sea-kangaroo,2012-06-19T17:16:55Z
12956,ʻāmaui,haw,"","",,Hawaiian,sea-kangaroo,2012-06-19T17:18:01Z
12671,ʻōʻō,haw,"","",,Hawaiian,sea-kangaroo,2012-06-19T17:23:28Z
5185,ʻio,haw,"","",,Hawaiian,sea-kangaroo,2012-06-19T22:45:52Z
132700,pala'ā,haw,"","",,Hawaiian,Ken-ichi Ueda,2012-06-30T06:10:07Z
10672,ʻōʻū,haw,"","",,Hawaiian,sea-kangaroo,2012-07-13T19:17:39Z
145365,āholehole,haw,"","",,Hawaiian,David R,2012-08-21T07:19:41Z
48323,naupaka,haw,"","",,Hawaiian,sea-kangaroo,2012-08-22T02:39:33Z
139454,Puakauhi,haw,"","",,Hawaiian,bennet,2012-09-02T19:42:18Z
148085,‘ō‘ili,haw,"","",,Hawaiian,David R,2012-09-09T10:10:49Z
69675,'Ahi,haw,"","",,Hawaiian,sea-kangaroo,2012-12-03T02:50:54Z
114125,'Ahi,haw,"","",,Hawaiian,sea-kangaroo,2012-12-03T02:52:08Z
100990,lauwiliwilinukunukuʻoiʻoi,haw,"","",,Hawaiian,sea-kangaroo,2013-02-12T03:12:26Z
100991,lauwiliwilinukunukuʻoiʻoi,haw,"","",,Hawaiian,sea-kangaroo,2013-02-12T03:12:46Z
208548,Limu kohu,haw,"","",,Hawaiian,David R,2013-03-14T10:41:49Z
47229,akule,haw,"","",,Hawaiian,sea-kangaroo,2013-03-15T21:15:44Z
4566,manu-o-Kū,haw,"","",,Hawaiian,David R,2013-03-23T07:36:22Z
145329,ʻanianiau,haw,"","",,Hawaiian,sea-kangaroo,2013-04-04T01:23:52Z
122012,lepelepe o Hina,haw,"","",,Hawaiian,sea-kangaroo,2013-05-03T18:52:56Z
236946,Pueo,haw,"Hawaii, US","",,Hawaiian,Matt Muir,2013-06-09T21:28:00Z
236592,ʻŌpeʻapeʻa,haw,"","",,Hawaiian,sea-kangaroo,2013-07-06T22:39:29Z
322658,ʻUki,haw,"","",,Hawaiian,sea-kangaroo,2013-07-06T22:59:31Z
170026,he ʻu pueo,haw,"","",,Hawaiian,sea-kangaroo,2013-07-06T22:59:56Z
170026,Pili Uka,haw,"","",,Hawaiian,sea-kangaroo,2013-07-06T23:00:04Z
158777,ʻiwa ʻiwa,haw,"","",,Hawaiian,sea-kangaroo,2013-07-06T23:00:18Z
122707,ʻOāliʻi,haw,"","",,Hawaiian,sea-kangaroo,2013-07-06T23:00:48Z
166292,kalamoho lau liʻi,haw,"","",,Hawaiian,sea-kangaroo,2013-07-06T23:01:50Z
158711,ʻĀhinahina,haw,"","",,Hawaiian,sea-kangaroo,2013-07-06T23:03:16Z
234570,koʻokoʻolau,haw,"","",,Hawaiian,sea-kangaroo,2013-07-06T23:03:42Z
160855,Pilo,haw,"","",,Hawaiian,sea-kangaroo,2013-07-06T23:04:12Z
70031,Kūpaoa,haw,"","",,Hawaiian,sea-kangaroo,2013-07-06T23:04:59Z
240863,Hinahina,haw,"","",,Hawaiian,sea-kangaroo,2013-07-07T05:30:49Z
163254,noho anu,haw,"","",,Hawaiian,sea-kangaroo,2013-07-07T05:31:00Z
163264,noho anu,haw,"","",,Hawaiian,sea-kangaroo,2013-07-07T05:31:17Z
168426,ʻIliahi,haw,"","",,Hawaiian,sea-kangaroo,2013-07-07T05:32:27Z
162123,laukahi,haw,"","",,Hawaiian,sea-kangaroo,2013-07-07T05:46:00Z
163765,hau hele,haw,"","",,Hawaiian,sea-kangaroo,2013-07-07T05:48:11Z
167310,ʻihi,haw,"","",,Hawaiian,sea-kangaroo,2013-07-07T05:50:13Z
130743,ʻĀkulikuli,haw,"","",,Hawaiian,sea-kangaroo,2013-07-07T05:50:51Z
84356,Ēkaha,haw,"","",,Hawaiian,sea-kangaroo,2013-07-07T05:51:24Z
166904,Māmaki,haw,"","",,Hawaiian,sea-kangaroo,2013-07-07T06:20:02Z
144490,'Ulili,haw,"","",,Hawaiian,sea-kangaroo,2013-07-07T06:32:02Z
10657,ʻĀkohekohe,haw,"","",,Hawaiian,sea-kangaroo,2013-07-07T06:37:20Z
4896,Kolea,haw,"","",,Hawaiian,sea-kangaroo,2013-07-07T06:38:48Z
10604,ʻAlauahio,haw,"","",,Hawaiian,sea-kangaroo,2013-07-07T06:39:31Z
4314,Koa‘e kea,haw,"Hawaii, US","",,Hawaiian,sea-kangaroo,2013-07-07T06:39:49Z
3938,ʻAkekeke,haw,"","",,Hawaiian,sea-kangaroo,2013-07-07T06:40:41Z
4537,Noio,haw,"","",,Hawaiian,sea-kangaroo,2013-07-07T06:40:50Z
4636,ʻiwa,haw,"","",,Hawaiian,sea-kangaroo,2013-07-07T06:41:48Z
4061,ʻUaʻu,haw,"","",,Hawaiian,sea-kangaroo,2013-07-07T06:43:43Z
9824,Kiwikiu,haw,"","",,Hawaiian,sea-kangaroo,2013-07-07T06:45:38Z
168094,ʻĀkalakala,haw,"","",,Hawaiian,sea-kangaroo,2013-07-23T06:25:00Z
51988,Poha,haw,"","",,Hawaiian,sea-kangaroo,2013-07-29T19:20:18Z
159450,Ōlulu,haw,"","",,Hawaiian,Duarte Frade,2013-12-03T09:08:27Z
159450,Ālula,haw,"","",,Hawaiian,Duarte Frade,2013-12-03T09:08:49Z
131582,nanea,haw,"","",,Hawaiian,Anita,2014-02-19T02:18:51Z
68285,ʻahinahina,haw,"","",,Hawaiian,Anita,2014-02-19T02:25:54Z
161284,kauna'oa,haw,"","",,Hawaiian,Anita,2014-02-19T02:52:57Z
168755,lepelepe a moa,haw,"","",,Hawaiian,Anita,2014-02-19T04:01:36Z
343315,āweoweo,haw,"","",,Hawaiian,David R,2014-02-21T10:18:07Z
348239,hāʻukeʻuke ʻulaʻula,haw,"","",,Hawaiian,sea-kangaroo,2014-03-30T17:05:03Z
83514,pipipi kōlea,haw,"","",,Hawaiian,sea-kangaroo,2014-06-11T18:51:50Z
358849,kūpeʻe,haw,"","",,Hawaiian,sea-kangaroo,2014-06-11T19:03:22Z
159451,Molokai ohaha,haw,"","",,Hawaiian,Duarte Frade,2014-09-14T06:03:02Z
159451,Pua ʻala,haw,"","",,Hawaiian,Duarte Frade,2014-09-14T06:03:23Z
48884,Hualalai hau kuahiwi,haw,"","",http://www.ubio.org/browser/details.php?namebankID=798775,Hawaiian,,2015-02-20T12:07:24Z
44575,‘iole,haw,"Hawaii Volcanoes National Park, US, HI","",https://irma.nps.gov/App/Species/Search,Hawaiian,Dave Huth,2015-03-21T04:22:31Z
42134,puaʻa,haw,"Hawaii Volcanoes National Park, US, HI","",https://irma.nps.gov/App/Species/Search,Hawaiian,Dave Huth,2015-03-21T04:22:33Z
322668,Noio,haw,"","",https://irma.nps.gov/App/Species/Search,Hawaiian,Dave Huth,2015-03-21T04:22:45Z
3938,‘Akekeke,haw,"Hawaii Volcanoes National Park, US, HI","",https://irma.nps.gov/App/Species/Search,Hawaiian,Dave Huth,2015-03-21T04:22:48Z
5185,‘Io,haw,"Hawaii Volcanoes National Park, US, HI","",https://irma.nps.gov/App/Species/Search,Hawaiian,Dave Huth,2015-03-21T04:22:57Z
3849,Hunakai,haw,"Hawaii Volcanoes National Park, US, HI","",https://irma.nps.gov/App/Species/Search,Hawaiian,Dave Huth,2015-03-21T04:23:01Z
8645,Hawai‘i ‘Elepaio,haw,"Hawaii Volcanoes National Park, US, HI","",https://irma.nps.gov/App/Species/Search,Hawaiian,Dave Huth,2015-03-21T04:23:10Z
322669,‘Iwa,haw,"","",https://irma.nps.gov/App/Species/Search,Hawaiian,Dave Huth,2015-03-21T04:23:28Z
10684,ʻApapane,haw,"Hawaii Volcanoes National Park, US, HI","",https://irma.nps.gov/App/Species/Search,Hawaiian,Dave Huth,2015-03-21T04:23:54Z
12961,‘Ōma‘ō,haw,"Hawaii Volcanoes National Park, US, HI","",https://irma.nps.gov/App/Species/Search,Hawaiian,Dave Huth,2015-03-21T04:24:18Z
144525,‘Ewa‘Ewa,haw,"Hawaii Volcanoes National Park, US, HI","",https://irma.nps.gov/App/Species/Search,Hawaiian,Dave Huth,2015-03-21T04:24:34Z
4320,Koa‘e ‘ula,haw,"Hawaii Volcanoes National Park, US, HI","",https://irma.nps.gov/App/Species/Search,Hawaiian,Dave Huth,2015-03-21T04:24:50Z
4896,Kōlea,haw,"Hawaii Volcanoes National Park, US, HI","",https://irma.nps.gov/App/Species/Search,Hawaiian,Dave Huth,2015-03-21T04:24:57Z
4061,‘Ua‘u,haw,"Hawaii Volcanoes National Park, US, HI","",https://irma.nps.gov/App/Species/Search,Hawaiian,Dave Huth,2015-03-21T04:24:59Z
144490,ʻŪlili,haw,"Hawaii Volcanoes National Park, US, HI","",https://irma.nps.gov/App/Species/Search,Hawaiian,Dave Huth,2015-03-21T04:25:12Z
39659,Honu,haw,"Hawaii Volcanoes National Park, US, HI","",https://irma.nps.gov/App/Species/Search,Hawaiian,Dave Huth,2015-03-21T04:25:28Z
95478,`o`opu `ohune,haw,"Hawaii Volcanoes National Park, US, HI","",https://irma.nps.gov/App/Species/Search,Hawaiian,Dave Huth,2015-03-21T04:26:04Z
448507,`aholehole,haw,"","",https://irma.nps.gov/App/Species/Search,Hawaiian,Dave Huth,2015-03-21T04:26:12Z
239074,tamatama,haw,"","",https://irma.nps.gov/App/Species/Search,Hawaiian,Dave Huth,2015-03-21T04:27:20Z
123110,pa‘i,haw,"","",https://irma.nps.gov/App/Species/Search,Hawaiian,Dave Huth,2015-03-21T04:27:23Z
158011,palai lā‘au,haw,"","",https://irma.nps.gov/App/Species/Search,Hawaiian,Dave Huth,2015-03-21T04:27:26Z
158013,wahine noho mauna,haw,"","",https://irma.nps.gov/App/Species/Search,Hawaiian,Dave Huth,2015-03-21T04:27:39Z
448510,kolokolo,haw,"","",https://irma.nps.gov/App/Species/Search,Hawaiian,Dave Huth,2015-03-21T04:27:48Z
63916,‘iwa‘iwa,haw,"Hawaii Volcanoes National Park, US, HI","",https://irma.nps.gov/App/Species/Search,Hawaiian,Dave Huth,2015-03-21T04:28:11Z
121719,kauri,haw,"","",https://irma.nps.gov/App/Species/Search,Hawaiian,Dave Huth,2015-03-21T04:28:20Z
158112,hamakua pamakani,haw,"Hawaii Volcanoes National Park, US, HI","",https://irma.nps.gov/App/Species/Search,Hawaiian,Dave Huth,2015-03-21T04:32:54Z
143422,maile honohono,haw,"Hawaii Volcanoes National Park, US, HI","",https://irma.nps.gov/App/Species/Search,Hawaiian,Dave Huth,2015-03-21T04:32:57Z
120944,maile hohono,haw,"Hawaii Volcanoes National Park, US, HI","",https://irma.nps.gov/App/Species/Search,Hawaiian,Dave Huth,2015-03-21T04:32:59Z
126165,ta‘amu,haw,"Hawaii Volcanoes National Park, US, HI","",https://irma.nps.gov/App/Species/Search,Hawaiian,Dave Huth,2015-03-21T04:33:10Z
158215,kauila,haw,"","",https://irma.nps.gov/App/Species/Search,Hawaiian,Dave Huth,2015-03-21T04:33:16Z
347641,maile,haw,"","",https://irma.nps.gov/App/Species/Search,Hawaiian,Dave Huth,2015-03-21T04:33:20Z
75401,`aheahea,haw,"Hawaii Volcanoes National Park, US, HI","",https://irma.nps.gov/App/Species/Search,Hawaiian,Dave Huth,2015-03-21T04:33:25Z
239237,hame,haw,"","",https://irma.nps.gov/App/Species/Search,Hawaiian,Dave Huth,2015-03-21T04:33:54Z
158436,ha‘āmaile,haw,"","",https://irma.nps.gov/App/Species/Search,Hawaiian,Dave Huth,2015-03-21T04:33:57Z
239350,pua kala,haw,"","",https://irma.nps.gov/App/Species/Search,Hawaiian,Dave Huth,2015-03-21T04:34:08Z
158628,‘āhinahina,haw,"Hawaii Volcanoes National Park, US, HI","",https://irma.nps.gov/App/Species/Search,Hawaiian,Dave Huth,2015-03-21T04:34:13Z
68282,‘āhinahina,haw,"Hawaii Volcanoes National Park, US, HI","",https://irma.nps.gov/App/Species/Search,Hawaiian,Dave Huth,2015-03-21T04:34:16Z
70027,‘ulu,haw,"Hawaii Volcanoes National Park, US, HI","",https://irma.nps.gov/App/Species/Search,Hawaiian,Dave Huth,2015-03-21T04:34:24Z
158777,‘iwa‘iwa,haw,"Hawaii Volcanoes National Park, US, HI","",https://irma.nps.gov/App/Species/Search,Hawaiian,Dave Huth,2015-03-21T04:34:40Z
142831,`Iwa`iwa a Kane,haw,"Hawaii Volcanoes National Park, US, HI","",https://irma.nps.gov/App/Species/Search,Hawaiian,Dave Huth,2015-03-21T04:34:42Z
142829,pāmoho,haw,"","",https://irma.nps.gov/App/Species/Search,Hawaiian,Dave Huth,2015-03-21T04:34:48Z
158785,pi`ipi`i lau manamana,haw,"","",https://irma.nps.gov/App/Species/Search,Hawaiian,Dave Huth,2015-03-21T04:34:50Z
158787,pi`ipi`i lau manamana,haw,"","",https://irma.nps.gov/App/Species/Search,Hawaiian,Dave Huth,2015-03-21T04:34:57Z
158788,`iwa`iwa lau li`i,haw,"","",https://irma.nps.gov/App/Species/Search,Hawaiian,Dave Huth,2015-03-21T04:35:00Z
84356,‘ēkaha,haw,"Hawaii Volcanoes National Park, US, HI","",https://irma.nps.gov/App/Species/Search,Hawaiian,Dave Huth,2015-03-21T04:35:04Z
158794,pūnana manu,haw,"Hawaii Volcanoes National Park, US, HI","",https://irma.nps.gov/App/Species/Search,Hawaiian,Dave Huth,2015-03-21T04:35:28Z
122707,‘oāli‘i,haw,"Hawaii Volcanoes National Park, US, HI","",https://irma.nps.gov/App/Species/Search,Hawaiian,Dave Huth,2015-03-21T04:35:39Z
158804,kaluaha,haw,"","",https://irma.nps.gov/App/Species/Search,Hawaiian,Dave Huth,2015-03-21T04:35:45Z
159050,‘ākōlea,haw,"","",https://irma.nps.gov/App/Species/Search,Hawaiian,Dave Huth,2015-03-21T04:35:49Z
57156,`oka,haw,"Hawaii Volcanoes National Park, US, HI","",https://irma.nps.gov/App/Species/Search,Hawaiian,Dave Huth,2015-03-21T04:35:54Z
159247,ko`oko`lau,haw,"","",https://irma.nps.gov/App/Species/Search,Hawaiian,Dave Huth,2015-03-21T04:36:26Z
159283,`ahakea,haw,"","",https://irma.nps.gov/App/Species/Search,Hawaiian,Dave Huth,2015-03-21T04:36:34Z
448518,alena,haw,"","",https://irma.nps.gov/App/Species/Search,Hawaiian,Dave Huth,2015-03-21T04:36:40Z
159300,alena,haw,"","",https://irma.nps.gov/App/Species/Search,Hawaiian,Dave Huth,2015-03-21T04:36:45Z
139454,ʻĀwikiwiki,haw,"Hawaii Volcanoes National Park, US, HI","",https://irma.nps.gov/App/Species/Search,Hawaiian,Dave Huth,2015-03-21T04:37:41Z
160172,kauno‘a,haw,"Hawaii Volcanoes National Park, US, HI","",https://irma.nps.gov/App/Species/Search,Hawaiian,Dave Huth,2015-03-21T04:38:17Z
62924,Kihapai,haw,"Hawaii Volcanoes National Park, US, HI","",https://irma.nps.gov/App/Species/Search,Hawaiian,Dave Huth,2015-03-21T04:38:25Z
76225,`ala aumoe,haw,"Hawaii Volcanoes National Park, US, HI","",https://irma.nps.gov/App/Species/Search,Hawaiian,Dave Huth,2015-03-21T04:39:01Z
160460,pāpala,haw,"","",https://irma.nps.gov/App/Species/Search,Hawaiian,Dave Huth,2015-03-21T04:39:18Z
448522,pāpala,haw,"","",https://irma.nps.gov/App/Species/Search,Hawaiian,Dave Huth,2015-03-21T04:39:26Z
235060,‘ōlapa,haw,"","",https://irma.nps.gov/App/Species/Search,Hawaiian,Dave Huth,2015-03-21T04:39:32Z
160506,alaweo,haw,"","",https://irma.nps.gov/App/Species/Search,Hawaiian,Dave Huth,2015-03-21T04:39:44Z
160519,mau`u lei,haw,"Hawaii Volcanoes National Park, US, HI","",https://irma.nps.gov/App/Species/Search,Hawaiian,Dave Huth,2015-03-21T04:39:46Z
160547,pi‘ipi‘i,haw,"Hawaii Volcanoes National Park, US, HI","",https://irma.nps.gov/App/Species/Search,Hawaiian,Dave Huth,2015-03-21T04:39:58Z
160571,hāpu‘u,haw,"","",https://irma.nps.gov/App/Species/Search,Hawaiian,Dave Huth,2015-03-21T04:40:01Z
84359,hāpu‘u pulu,haw,"","",https://irma.nps.gov/App/Species/Search,Hawaiian,Dave Huth,2015-03-21T04:40:03Z
160572,hāpu‘u i‘i,haw,"","",https://irma.nps.gov/App/Species/Search,Hawaiian,Dave Huth,2015-03-21T04:40:06Z
235328,‘ōhā wai,haw,"","",https://irma.nps.gov/App/Species/Search,Hawaiian,Dave Huth,2015-03-21T04:40:27Z
160722,‘ōhā kēpau,haw,"","",https://irma.nps.gov/App/Species/Search,Hawaiian,Dave Huth,2015-03-21T04:40:30Z
160725,‘ohā wai,haw,"","",https://irma.nps.gov/App/Species/Search,Hawaiian,Dave Huth,2015-03-21T04:40:35Z
160727,‘ōhā wai,haw,"","",https://irma.nps.gov/App/Species/Search,Hawaiian,Dave Huth,2015-03-21T04:40:38Z
160731,‘ōhā wai,haw,"","",https://irma.nps.gov/App/Species/Search,Hawaiian,Dave Huth,2015-03-21T04:40:40Z
372370,‘ōhā wai,haw,"","",https://irma.nps.gov/App/Species/Search,Hawaiian,Dave Huth,2015-03-21T04:40:43Z
199316,huehue,haw,"Hawaii Volcanoes National Park, US, HI","",https://irma.nps.gov/App/Species/Search,Hawaiian,Dave Huth,2015-03-21T04:40:53Z
160818,Honohono Grass,haw,"Hawaii Volcanoes National Park, US, HI","",https://irma.nps.gov/App/Species/Search,Hawaiian,Dave Huth,2015-03-21T04:41:05Z
160828,lo‘ulu,haw,"","",https://irma.nps.gov/App/Species/Search,Hawaiian,Dave Huth,2015-03-21T04:41:08Z
123000,kūkae nene,haw,"Hawaii Volcanoes National Park, US, HI","",https://irma.nps.gov/App/Species/Search,Hawaiian,Dave Huth,2015-03-21T04:41:22Z
160854,pilo,haw,"","",https://irma.nps.gov/App/Species/Search,Hawaiian,Dave Huth,2015-03-21T04:41:24Z
160856,pilo,haw,"","",https://irma.nps.gov/App/Species/Search,Hawaiian,Dave Huth,2015-03-21T04:41:29Z
160857,pilo,haw,"","",https://irma.nps.gov/App/Species/Search,Hawaiian,Dave Huth,2015-03-21T04:41:39Z
160858,pilo,haw,"","",https://irma.nps.gov/App/Species/Search,Hawaiian,Dave Huth,2015-03-21T04:41:44Z
123572,ki,haw,"Hawaii Volcanoes National Park, US, HI","",https://irma.nps.gov/App/Species/Search,Hawaiian,Dave Huth,2015-03-21T04:41:50Z
76444,ko`oko`olau haole,haw,"Hawaii Volcanoes National Park, US, HI","",https://irma.nps.gov/App/Species/Search,Hawaiian,Dave Huth,2015-03-21T04:41:52Z
340750,limu kau la‘au,haw,"","",https://irma.nps.gov/App/Species/Search,Hawaiian,Dave Huth,2015-03-21T04:42:09Z
131569,kolomona,haw,"Hawaii Volcanoes National Park, US, HI","",https://irma.nps.gov/App/Species/Search,Hawaiian,Dave Huth,2015-03-21T04:42:29Z
161146,kolomona,haw,"Hawaii Volcanoes National Park, US, HI","",https://irma.nps.gov/App/Species/Search,Hawaiian,Dave Huth,2015-03-21T04:42:38Z
161150,kolomona,haw,"","",https://irma.nps.gov/App/Species/Search,Hawaiian,Dave Huth,2015-03-21T04:42:43Z
161284,kauna‘oa,haw,"Hawaii Volcanoes National Park, US, HI","",https://irma.nps.gov/App/Species/Search,Hawaiian,Dave Huth,2015-03-21T04:43:02Z
161354,hāhā,haw,"","",https://irma.nps.gov/App/Species/Search,Hawaiian,Dave Huth,2015-03-21T04:43:18Z
161357,‘akū,haw,"","",https://irma.nps.gov/App/Species/Search,Hawaiian,Dave Huth,2015-03-21T04:43:22Z
58371,manienie,haw,"Hawaii Volcanoes National Park, US, HI","",https://irma.nps.gov/App/Species/Search,Hawaiian,Dave Huth,2015-03-21T04:43:44Z
161453,`ahu`awa,haw,"","",https://irma.nps.gov/App/Species/Search,Hawaiian,Dave Huth,2015-03-21T04:44:01Z
76590,ehu`awa,haw,"","",https://irma.nps.gov/App/Species/Search,Hawaiian,Dave Huth,2015-03-21T04:44:04Z
76593,kili`o`opu,haw,"Hawaii Volcanoes National Park, US, HI","",https://irma.nps.gov/App/Species/Search,Hawaiian,Dave Huth,2015-03-21T04:44:18Z
161519,ha‘iwale,haw,"","",https://irma.nps.gov/App/Species/Search,Hawaiian,Dave Huth,2015-03-21T04:44:32Z
161542,Ha`iwale,haw,"","",https://irma.nps.gov/App/Species/Search,Hawaiian,Dave Huth,2015-03-21T04:44:59Z
240253,hahala,haw,"","",https://irma.nps.gov/App/Species/Search,Hawaiian,Dave Huth,2015-03-21T04:45:02Z
161551,‘ilihia,haw,"","",https://irma.nps.gov/App/Species/Search,Hawaiian,Dave Huth,2015-03-21T04:45:05Z
161561,ha‘iwale,haw,"","",https://irma.nps.gov/App/Species/Search,Hawaiian,Dave Huth,2015-03-21T04:45:07Z
137789,kā‘ape‘ape,haw,"","",https://irma.nps.gov/App/Species/Search,Hawaiian,Dave Huth,2015-03-21T04:45:10Z
123242,uki,haw,"","",https://irma.nps.gov/App/Species/Search,Hawaiian,Dave Huth,2015-03-21T04:46:06Z
448530,uluhe,haw,"","",https://irma.nps.gov/App/Species/Search,Hawaiian,Dave Huth,2015-03-21T04:46:21Z
161916,kūkae pua‘a,haw,"","",https://irma.nps.gov/App/Species/Search,Hawaiian,Dave Huth,2015-03-21T04:46:39Z
161930,uhi,haw,"","",https://irma.nps.gov/App/Species/Search,Hawaiian,Dave Huth,2015-03-21T04:46:49Z
161933,pi`a,haw,"","",https://irma.nps.gov/App/Species/Search,Hawaiian,Dave Huth,2015-03-21T04:46:52Z
161953,hō‘i‘o,haw,"","",https://irma.nps.gov/App/Species/Search,Hawaiian,Dave Huth,2015-03-21T04:47:04Z
161959,uluhe lau nui,haw,"","",https://irma.nps.gov/App/Species/Search,Hawaiian,Dave Huth,2015-03-21T04:47:07Z
240424,pilipili,haw,"","",https://irma.nps.gov/App/Species/Search,Hawaiian,Dave Huth,2015-03-21T04:47:37Z
448534,kīlau,haw,"","",https://irma.nps.gov/App/Species/Search,Hawaiian,Dave Huth,2015-03-21T04:47:52Z
448537,‘akole,haw,"","",https://irma.nps.gov/App/Species/Search,Hawaiian,Dave Huth,2015-03-21T04:48:19Z
162123,‘i‘o nui,haw,"Hawaii Volcanoes National Park, US, HI","",https://irma.nps.gov/App/Species/Search,Hawaiian,Dave Huth,2015-03-21T04:48:28Z
235719,na‘ena‘e,haw,"","",https://irma.nps.gov/App/Species/Search,Hawaiian,Dave Huth,2015-03-21T04:48:32Z
235730,na‘ena‘e,haw,"","",https://irma.nps.gov/App/Species/Search,Hawaiian,Dave Huth,2015-03-21T04:48:42Z
235736,kupaoa,haw,"","",https://irma.nps.gov/App/Species/Search,Hawaiian,Dave Huth,2015-03-21T04:48:45Z
235737,kupaoa,haw,"","",https://irma.nps.gov/App/Species/Search,Hawaiian,Dave Huth,2015-03-21T04:48:49Z
137649,‘ēkaha,haw,"","",https://irma.nps.gov/App/Species/Search,Hawaiian,Dave Huth,2015-03-21T04:48:57Z
162217,hoe a Māui,haw,"","",https://irma.nps.gov/App/Species/Search,Hawaiian,Dave Huth,2015-03-21T04:49:00Z
275708,māku‘e,haw,"","",https://irma.nps.gov/App/Species/Search,Hawaiian,Dave Huth,2015-03-21T04:49:02Z
162219,hoe a Māui,haw,"","",https://irma.nps.gov/App/Species/Search,Hawaiian,Dave Huth,2015-03-21T04:49:11Z
162220,laukahi,haw,"","",https://irma.nps.gov/App/Species/Search,Hawaiian,Dave Huth,2015-03-21T04:49:13Z
76779,kohekohe,haw,"Hawaii Volcanoes National Park, US, HI","",https://irma.nps.gov/App/Species/Search,Hawaiian,Dave Huth,2015-03-21T04:49:16Z
129103,pua lele,haw,"Hawaii Volcanoes National Park, US, HI","",https://irma.nps.gov/App/Species/Search,Hawaiian,Dave Huth,2015-03-21T04:49:27Z
162417,kāwelu,haw,"","",https://irma.nps.gov/App/Species/Search,Hawaiian,Dave Huth,2015-03-21T04:50:02Z
47687,alfilaria,haw,"Hawaii Volcanoes National Park, US, HI","",https://irma.nps.gov/App/Species/Search,Hawaiian,Dave Huth,2015-03-21T04:50:13Z
448541,‘akoko,haw,"","",https://irma.nps.gov/App/Species/Search,Hawaiian,Dave Huth,2015-03-21T04:50:39Z
162919,kaumahana,haw,"","",https://irma.nps.gov/App/Species/Search,Hawaiian,Dave Huth,2015-03-21T04:50:55Z
162921,heau,haw,"","",https://irma.nps.gov/App/Species/Search,Hawaiian,Dave Huth,2015-03-21T04:50:58Z
130761,‘ōhelo papa,haw,"Hawaii Volcanoes National Park, US, HI","",https://irma.nps.gov/App/Species/Search,Hawaiian,Dave Huth,2015-03-21T04:51:55Z
122525,‘ie‘ie,haw,"Hawaii Volcanoes National Park, US, HI","",https://irma.nps.gov/App/Species/Search,Hawaiian,Dave Huth,2015-03-21T04:52:03Z
163112,kulapepeiao,haw,"Hawaii Volcanoes National Park, US, HI","",https://irma.nps.gov/App/Species/Search,Hawaiian,Dave Huth,2015-03-21T04:52:06Z
240860,nohoanu,haw,"","",https://irma.nps.gov/App/Species/Search,Hawaiian,Dave Huth,2015-03-21T04:52:38Z
240862,hinahina,haw,"","",https://irma.nps.gov/App/Species/Search,Hawaiian,Dave Huth,2015-03-21T04:52:41Z
163372,`oka pua `ula`ula,haw,"","",https://irma.nps.gov/App/Species/Search,Hawaiian,Dave Huth,2015-03-21T04:52:57Z
142798,‘ohe‘ohe,haw,"Hawaii Volcanoes National Park, US, HI","",https://irma.nps.gov/App/Species/Search,Hawaiian,Dave Huth,2015-03-21T04:53:02Z
77347,ʻawapuhi melemele,haw,"Hawaii Volcanoes National Park, US, HI","",https://irma.nps.gov/App/Species/Search,Hawaiian,Dave Huth,2015-03-21T04:53:18Z
58058,kīpūkai,haw,"Hawaii Volcanoes National Park, US, HI","",https://irma.nps.gov/App/Species/Search,Hawaiian,Dave Huth,2015-03-21T04:53:35Z
77394,lule,haw,"Hawaii Volcanoes National Park, US, HI","",https://irma.nps.gov/App/Species/Search,Hawaiian,Dave Huth,2015-03-21T04:53:54Z
48885,Kilauea hau kuahiwi,haw,"Hawaii Volcanoes National Park, US, HI","",https://irma.nps.gov/App/Species/Search,Hawaiian,Dave Huth,2015-03-21T04:53:58Z
48879,hau kuahiwi,haw,"","",https://irma.nps.gov/App/Species/Search,Hawaiian,Dave Huth,2015-03-21T04:54:01Z
154827,pua hoku,haw,"Hawaii Volcanoes National Park, US, HI","",https://irma.nps.gov/App/Species/Search,Hawaiian,Dave Huth,2015-03-21T04:54:19Z
60121,pohe,haw,"Hawaii Volcanoes National Park, US, HI","",https://irma.nps.gov/App/Species/Search,Hawaiian,Dave Huth,2015-03-21T04:54:48Z
137477,palai hinahina,haw,"","",https://irma.nps.gov/App/Species/Search,Hawaiian,Dave Huth,2015-03-21T04:54:51Z
163930,palai lau li‘I,haw,"","",https://irma.nps.gov/App/Species/Search,Hawaiian,Dave Huth,2015-03-21T04:54:54Z
60441,‘ōhi‘a kū,haw,"Hawaii Volcanoes National Park, US, HI","",https://irma.nps.gov/App/Species/Search,Hawaiian,Dave Huth,2015-03-21T04:54:57Z
448476,olua,haw,"","",https://irma.nps.gov/App/Species/Search,Hawaiian,Dave Huth,2015-03-21T04:55:19Z
123617,kāwa‘u,haw,"Hawaii Volcanoes National Park, US, HI","",https://irma.nps.gov/App/Species/Search,Hawaiian,Dave Huth,2015-03-21T04:55:26Z
164064,`iniko,haw,"Hawaii Volcanoes National Park, US, HI","",https://irma.nps.gov/App/Species/Search,Hawaiian,Dave Huth,2015-03-21T04:55:37Z
62941,`uala,haw,"Hawaii Volcanoes National Park, US, HI","",https://irma.nps.gov/App/Species/Search,Hawaiian,Dave Huth,2015-03-21T04:55:40Z
77496,koali `awa,haw,"Hawaii Volcanoes National Park, US, HI","",https://irma.nps.gov/App/Species/Search,Hawaiian,Dave Huth,2015-03-21T04:55:42Z
236504,pōhuehue,haw,"","",https://irma.nps.gov/App/Species/Search,Hawaiian,Dave Huth,2015-03-21T04:55:44Z
164140,‘ohe,haw,"","",https://irma.nps.gov/App/Species/Search,Hawaiian,Dave Huth,2015-03-21T04:55:53Z
448552,manono,haw,"","",https://irma.nps.gov/App/Species/Search,Hawaiian,Dave Huth,2015-03-21T04:56:38Z
448553,manono,haw,"","",https://irma.nps.gov/App/Species/Search,Hawaiian,Dave Huth,2015-03-21T04:56:44Z
164333,`oliwa ku kahakai,haw,"Hawaii Volcanoes National Park, US, HI","",https://irma.nps.gov/App/Species/Search,Hawaiian,Dave Huth,2015-03-21T04:56:55Z
125194,hulumoa,haw,"","",https://irma.nps.gov/App/Species/Search,Hawaiian,Dave Huth,2015-03-21T04:57:10Z
288066,he‘upeuo,haw,"","",https://irma.nps.gov/App/Species/Search,Hawaiian,Dave Huth,2015-03-21T04:57:25Z
50333,laʻa kalakala,haw,"Hawaii Volcanoes National Park, US, HI","",https://irma.nps.gov/App/Species/Search,Hawaiian,Dave Huth,2015-03-21T04:57:37Z
164535,pākahakaha,haw,"","",https://irma.nps.gov/App/Species/Search,Hawaiian,Dave Huth,2015-03-21T04:57:55Z
47447,ekoa,haw,"Hawaii Volcanoes National Park, US, HI","",https://irma.nps.gov/App/Species/Search,Hawaiian,Dave Huth,2015-03-21T04:57:59Z
223896,‘awapuhiakanaloa,haw,"","",https://irma.nps.gov/App/Species/Search,Hawaiian,Dave Huth,2015-03-21T04:58:21Z
77835,honekakala,haw,"Hawaii Volcanoes National Park, US, HI","",https://irma.nps.gov/App/Species/Search,Hawaiian,Dave Huth,2015-03-21T04:58:37Z
448557,Wawae`iole,haw,"","",https://irma.nps.gov/App/Species/Search,Hawaiian,Dave Huth,2015-03-21T04:59:14Z
165021,pūkāmole,haw,United States,US,https://irma.nps.gov/App/Species/Search,Hawaiian,Dave Huth,2015-03-21T04:59:16Z
123619,‘uki,haw,"Hawaii Volcanoes National Park, US, HI","",https://irma.nps.gov/App/Species/Search,Hawaiian,Dave Huth,2015-03-21T04:59:28Z
237184,‘ahaniu,haw,"","",https://irma.nps.gov/App/Species/Search,Hawaiian,Dave Huth,2015-03-21T04:59:34Z
165150,pala,haw,"","",https://irma.nps.gov/App/Species/Search,Hawaiian,Dave Huth,2015-03-21T05:00:04Z
448559,nehe,haw,"","",https://irma.nps.gov/App/Species/Search,Hawaiian,Dave Huth,2015-03-21T05:00:23Z
165246,kolokolo mokihana,haw,"","",https://irma.nps.gov/App/Species/Search,Hawaiian,Dave Huth,2015-03-21T05:00:35Z
165253,manena,haw,"","",https://irma.nps.gov/App/Species/Search,Hawaiian,Dave Huth,2015-03-21T05:00:37Z
165274,alani,haw,"","",https://irma.nps.gov/App/Species/Search,Hawaiian,Dave Huth,2015-03-21T05:00:40Z
165277,alani,haw,"","",https://irma.nps.gov/App/Species/Search,Hawaiian,Dave Huth,2015-03-21T05:00:43Z
165286,alani,haw,"","",https://irma.nps.gov/App/Species/Search,Hawaiian,Dave Huth,2015-03-21T05:00:45Z
60447,‘ōhi‘a,haw,"Hawaii Volcanoes National Park, US, HI","",https://irma.nps.gov/App/Species/Search,Hawaiian,Dave Huth,2015-03-21T05:01:12Z
241715,‘ōhi‘a,haw,"","",https://irma.nps.gov/App/Species/Search,Hawaiian,Dave Huth,2015-03-21T05:01:16Z
241716,‘ōhi‘a,haw,"","",https://irma.nps.gov/App/Species/Search,Hawaiian,Dave Huth,2015-03-21T05:01:20Z
241717,‘ōhi‘a,haw,"","",https://irma.nps.gov/App/Species/Search,Hawaiian,Dave Huth,2015-03-21T05:01:24Z
241719,‘ōhi‘a,haw,"","",https://irma.nps.gov/App/Species/Search,Hawaiian,Dave Huth,2015-03-21T05:01:28Z
165376,Palapalai,haw,"","",https://irma.nps.gov/App/Species/Search,Hawaiian,Dave Huth,2015-03-21T05:01:32Z
121022,noni,haw,"Hawaii Volcanoes National Park, US, HI","",https://irma.nps.gov/App/Species/Search,Hawaiian,Dave Huth,2015-03-21T05:01:55Z
448562,ka`e`e,haw,"","",https://irma.nps.gov/App/Species/Search,Hawaiian,Dave Huth,2015-03-21T05:02:05Z
62911,maia,haw,"Hawaii Volcanoes National Park, US, HI","",https://irma.nps.gov/App/Species/Search,Hawaiian,Dave Huth,2015-03-21T05:02:16Z
165596,naio,haw,"","",https://irma.nps.gov/App/Species/Search,Hawaiian,Dave Huth,2015-03-21T05:02:19Z
165619,kōlea,haw,"","",https://irma.nps.gov/App/Species/Search,Hawaiian,Dave Huth,2015-03-21T05:02:25Z
125199,kōlea lau li‘i,haw,"","",https://irma.nps.gov/App/Species/Search,Hawaiian,Dave Huth,2015-03-21T05:02:31Z
48233,kupukupu,haw,"Hawaii Volcanoes National Park, US, HI","",https://irma.nps.gov/App/Species/Search,Hawaiian,Dave Huth,2015-03-21T05:02:41Z
448563,Ni`ani`au,haw,"","",https://irma.nps.gov/App/Species/Search,Hawaiian,Dave Huth,2015-03-21T05:02:49Z
165694,mākole,haw,"Hawaii Volcanoes National Park, US, HI","",https://irma.nps.gov/App/Species/Search,Hawaiian,Dave Huth,2015-03-21T05:02:54Z
130762,olopua,haw,"Hawaii Volcanoes National Park, US, HI","",https://irma.nps.gov/App/Species/Search,Hawaiian,Dave Huth,2015-03-21T05:02:57Z
165734,‘aiea,haw,"","",https://irma.nps.gov/App/Species/Search,Hawaiian,Dave Huth,2015-03-21T05:03:04Z
125152,kulu`i,haw,"Hawaii Volcanoes National Park, US, HI","",https://irma.nps.gov/App/Species/Search,Hawaiian,Dave Huth,2015-03-21T05:03:07Z
122712,holei,haw,"Hawaii Volcanoes National Park, US, HI","",https://irma.nps.gov/App/Species/Search,Hawaiian,Dave Huth,2015-03-21T05:03:10Z
61398,ki 'a'ala,haw,"Hawaii Volcanoes National Park, US, HI","",https://irma.nps.gov/App/Species/Search,Hawaiian,Dave Huth,2015-03-21T05:03:12Z
124445,‘ūlei,haw,"Hawaii Volcanoes National Park, US, HI","",https://irma.nps.gov/App/Species/Search,Hawaiian,Dave Huth,2015-03-21T05:03:52Z
126581,maile ka kahiki,haw,"Hawaii Volcanoes National Park, US, HI","",https://irma.nps.gov/App/Species/Search,Hawaiian,Dave Huth,2015-03-21T05:04:01Z
166104,he`upueo,haw,"","",https://irma.nps.gov/App/Species/Search,Hawaiian,Dave Huth,2015-03-21T05:04:16Z
166171,mau`u Hilo,haw,"","",https://irma.nps.gov/App/Species/Search,Hawaiian,Dave Huth,2015-03-21T05:04:19Z
166195,mau`u laiki,haw,"Hawaii Volcanoes National Park, US, HI","",https://irma.nps.gov/App/Species/Search,Hawaiian,Dave Huth,2015-03-21T05:04:28Z
51446,lilikoi,haw,"Hawaii, US","",https://irma.nps.gov/App/Species/Search,Hawaiian,Dave Huth,2015-03-21T05:04:33Z
51448,lani wai,haw,"Hawaii Volcanoes National Park, US, HI","",https://irma.nps.gov/App/Species/Search,Hawaiian,Dave Huth,2015-03-21T05:04:36Z
166292,kalamoho lau li`i,haw,"Hawaii Volcanoes National Park, US, HI","",https://irma.nps.gov/App/Species/Search,Hawaiian,Dave Huth,2015-03-21T05:04:48Z
166473,‘ala‘ala wai nui,haw,"","",https://irma.nps.gov/App/Species/Search,Hawaiian,Dave Huth,2015-03-21T05:04:57Z
166482,‘ala‘ala wai nui,haw,"","",https://irma.nps.gov/App/Species/Search,Hawaiian,Dave Huth,2015-03-21T05:05:00Z
166487,‘ala‘ala wai nui,haw,"","",https://irma.nps.gov/App/Species/Search,Hawaiian,Dave Huth,2015-03-21T05:05:04Z
166490,‘ala‘ala wai nui,haw,"","",https://irma.nps.gov/App/Species/Search,Hawaiian,Dave Huth,2015-03-21T05:05:06Z
166499,‘ala‘ala wai nui,haw,"Hawaii Volcanoes National Park, US, HI","",https://irma.nps.gov/App/Species/Search,Hawaiian,Dave Huth,2015-03-21T05:05:11Z
166537,olomea,haw,"","",https://irma.nps.gov/App/Species/Search,Hawaiian,Dave Huth,2015-03-21T05:05:13Z
166863,pōpolo kū mai,haw,"","",https://irma.nps.gov/App/Species/Search,Hawaiian,Dave Huth,2015-03-21T05:06:14Z
166920,`opiuma,haw,"Hawaii Volcanoes National Park, US, HI","",https://irma.nps.gov/App/Species/Search,Hawaiian,Dave Huth,2015-03-21T05:07:02Z
166924,ha`awa,haw,"","",https://irma.nps.gov/App/Species/Search,Hawaiian,Dave Huth,2015-03-21T05:07:08Z
166927,hō‘awa,haw,"","",https://irma.nps.gov/App/Species/Search,Hawaiian,Dave Huth,2015-03-21T05:07:11Z
166929,hō‘awa,haw,"","",https://irma.nps.gov/App/Species/Search,Hawaiian,Dave Huth,2015-03-21T05:07:13Z
166930,hō‘awa,haw,"","",https://irma.nps.gov/App/Species/Search,Hawaiian,Dave Huth,2015-03-21T05:07:15Z
166934,hō‘awa,haw,"","",https://irma.nps.gov/App/Species/Search,Hawaiian,Dave Huth,2015-03-21T05:07:19Z
167003,laukahi kuahiwi,haw,"","",https://irma.nps.gov/App/Species/Search,Hawaiian,Dave Huth,2015-03-21T05:07:43Z
167053,hala pepe,haw,"","",https://irma.nps.gov/App/Species/Search,Hawaiian,Dave Huth,2015-03-21T05:08:00Z
126980,ʻilieʻe,haw,"Hawaii Volcanoes National Park, US, HI","",https://irma.nps.gov/App/Species/Search,Hawaiian,Dave Huth,2015-03-21T05:08:07Z
242378,`ae,haw,"","",https://irma.nps.gov/App/Species/Search,Hawaiian,Dave Huth,2015-03-21T05:08:30Z
242379,`ae,haw,"","",https://irma.nps.gov/App/Species/Search,Hawaiian,Dave Huth,2015-03-21T05:08:37Z
448569,‘ohe,haw,"","",https://irma.nps.gov/App/Species/Search,Hawaiian,Dave Huth,2015-03-21T05:08:50Z
448570,ʻoheʻohe,haw,"","",https://irma.nps.gov/App/Species/Search,Hawaiian,Dave Huth,2015-03-21T05:08:56Z
448571,‘ohe mauka,haw,"","",https://irma.nps.gov/App/Species/Search,Hawaiian,Dave Huth,2015-03-21T05:09:01Z
167278,ka`upu,haw,"Hawaii Volcanoes National Park, US, HI","",https://irma.nps.gov/App/Species/Search,Hawaiian,Dave Huth,2015-03-21T05:09:04Z
58991,`akulikuli,haw,"Hawaii Volcanoes National Park, US, HI","",https://irma.nps.gov/App/Species/Search,Hawaiian,Dave Huth,2015-03-21T05:09:07Z
133294,`akulikuli,haw,"Hawaii Volcanoes National Park, US, HI","",https://irma.nps.gov/App/Species/Search,Hawaiian,Dave Huth,2015-03-21T05:09:09Z
167313,‘ihi,haw,"","",https://irma.nps.gov/App/Species/Search,Hawaiian,Dave Huth,2015-03-21T05:09:12Z
167436,loulu,haw,"","",https://irma.nps.gov/App/Species/Search,Hawaiian,Dave Huth,2015-03-21T05:09:21Z
365934,loulu,haw,"","",https://irma.nps.gov/App/Species/Search,Hawaiian,Dave Huth,2015-03-21T05:09:24Z
167492,‘ena‘ena,haw,"","",https://irma.nps.gov/App/Species/Search,Hawaiian,Dave Huth,2015-03-21T05:09:47Z
242451,`ena`ena,haw,"","",https://irma.nps.gov/App/Species/Search,Hawaiian,Dave Huth,2015-03-21T05:09:55Z
167505,waimakanui,haw,"","",https://irma.nps.gov/App/Species/Search,Hawaiian,Dave Huth,2015-03-21T05:09:57Z
167516,moa,haw,"","",https://irma.nps.gov/App/Species/Search,Hawaiian,Dave Huth,2015-03-21T05:10:07Z
167517,moa,haw,"Hawaii Volcanoes National Park, US, HI","",https://irma.nps.gov/App/Species/Search,Hawaiian,Dave Huth,2015-03-21T05:10:18Z
70039,Kīlau,haw,"","",https://irma.nps.gov/App/Species/Search,Hawaiian,Dave Huth,2015-03-21T05:10:39Z
78777,‘ōali,haw,"Hawaii Volcanoes National Park, US, HI","",https://irma.nps.gov/App/Species/Search,Hawaiian,Dave Huth,2015-03-21T05:10:42Z
167542,`ahewa,haw,"","",https://irma.nps.gov/App/Species/Search,Hawaiian,Dave Huth,2015-03-21T05:10:48Z
167765,hao,haw,"","",https://irma.nps.gov/App/Species/Search,Hawaiian,Dave Huth,2015-03-21T05:11:40Z
167828,neleau,haw,"","",https://irma.nps.gov/App/Species/Search,Hawaiian,Dave Huth,2015-03-21T05:12:23Z
238310,pu‘uko‘a,haw,"","",https://irma.nps.gov/App/Species/Search,Hawaiian,Dave Huth,2015-03-21T05:12:33Z
167902,kuolohia,haw,"","",https://irma.nps.gov/App/Species/Search,Hawaiian,Dave Huth,2015-03-21T05:12:36Z
56739,kaʻapeha,haw,"Hawaii Volcanoes National Park, US, HI","",https://irma.nps.gov/App/Species/Search,Hawaiian,Dave Huth,2015-03-21T05:12:42Z
167971,`ihi ku kepau,haw,"","",https://irma.nps.gov/App/Species/Search,Hawaiian,Dave Huth,2015-03-21T05:12:45Z
127560,‘ākala,haw,"Hawaii Volcanoes National Park, US, HI","",https://irma.nps.gov/App/Species/Search,Hawaiian,Dave Huth,2015-03-21T05:13:04Z
168094,‘ākala,haw,"Hawaii Volcanoes National Park, US, HI","",https://irma.nps.gov/App/Species/Search,Hawaiian,Dave Huth,2015-03-21T05:13:06Z
168252,pāwale,haw,"","",https://irma.nps.gov/App/Species/Search,Hawaiian,Dave Huth,2015-03-21T05:13:19Z
122709,`Ama`u,haw,"Hawaii Volcanoes National Park, US, HI","",https://irma.nps.gov/App/Species/Search,Hawaiian,Dave Huth,2015-03-21T05:13:26Z
168281,`Ama`u,haw,"","",https://irma.nps.gov/App/Species/Search,Hawaiian,Dave Huth,2015-03-21T05:13:28Z
168282,`Ama`u,haw,"","",https://irma.nps.gov/App/Species/Search,Hawaiian,Dave Huth,2015-03-21T05:13:31Z
128652,lililehua,haw,"Hawaii Volcanoes National Park, US, HI","",https://irma.nps.gov/App/Species/Search,Hawaiian,Dave Huth,2015-03-21T05:13:33Z
281371,`ohai,haw,"","",https://irma.nps.gov/App/Species/Search,Hawaiian,Dave Huth,2015-03-21T05:13:39Z
242759,‘iliahi,haw,"","",https://irma.nps.gov/App/Species/Search,Hawaiian,Dave Huth,2015-03-21T05:13:47Z
168488,naupaka kuahiwi,haw,"","",https://irma.nps.gov/App/Species/Search,Hawaiian,Dave Huth,2015-03-21T05:14:04Z
363481,aupaka,haw,"","",https://irma.nps.gov/App/Species/Search,Hawaiian,Dave Huth,2015-03-21T05:14:07Z
168839,uhiuhi,haw,"","",https://irma.nps.gov/App/Species/Search,Hawaiian,Dave Huth,2015-03-21T05:14:53Z
168847,`au`auko`I,haw,"Hawaii Volcanoes National Park, US, HI","",https://irma.nps.gov/App/Species/Search,Hawaiian,Dave Huth,2015-03-21T05:14:55Z
52347,kolomona,haw,"","",https://irma.nps.gov/App/Species/Search,Hawaiian,Dave Huth,2015-03-21T05:15:01Z
130743,‘ākulikuli,haw,"Hawaii Volcanoes National Park, US, HI","",https://irma.nps.gov/App/Species/Search,Hawaiian,Dave Huth,2015-03-21T05:15:08Z
168913,`Anunu,haw,"","",https://irma.nps.gov/App/Species/Search,Hawaiian,Dave Huth,2015-03-21T05:15:26Z
169010,mau‘u lā‘ili,haw,"","",https://irma.nps.gov/App/Species/Search,Hawaiian,Dave Huth,2015-03-21T05:15:46Z
169044,hoi kuahiwi,haw,"","",https://irma.nps.gov/App/Species/Search,Hawaiian,Dave Huth,2015-03-21T05:15:53Z
59035,pōpolo,haw,"Hawaii Volcanoes National Park, US, HI","",https://irma.nps.gov/App/Species/Search,Hawaiian,Dave Huth,2015-03-21T05:15:55Z
53294,pualele,haw,"Hawaii Volcanoes National Park, US, HI","",https://irma.nps.gov/App/Species/Search,Hawaiian,Dave Huth,2015-03-21T05:16:15Z
169322,oi,haw,"Hawaii Volcanoes National Park, US, HI","",https://irma.nps.gov/App/Species/Search,Hawaiian,Dave Huth,2015-03-21T05:17:11Z
338891,kihe,haw,"","",https://irma.nps.gov/App/Species/Search,Hawaiian,Dave Huth,2015-03-21T05:17:15Z
81945,maohiohi,haw,"","",https://irma.nps.gov/App/Species/Search,Hawaiian,Dave Huth,2015-03-21T05:17:26Z
169370,mōhihi,haw,"","",https://irma.nps.gov/App/Species/Search,Hawaiian,Dave Huth,2015-03-21T05:17:28Z
448581,uluhe,haw,"","",https://irma.nps.gov/App/Species/Search,Hawaiian,Dave Huth,2015-03-21T05:17:40Z
169394,pilikai,haw,"","",https://irma.nps.gov/App/Species/Search,Hawaiian,Dave Huth,2015-03-21T05:17:44Z
448582,`ahuhu,haw,"","",https://irma.nps.gov/App/Species/Search,Hawaiian,Dave Huth,2015-03-21T05:18:16Z
155790,olonā,haw,"","",https://irma.nps.gov/App/Species/Search,Hawaiian,Dave Huth,2015-03-21T05:18:50Z
54329,pohe haole,haw,"Hawaii Volcanoes National Park, US, HI","",https://irma.nps.gov/App/Species/Search,Hawaiian,Dave Huth,2015-03-21T05:19:34Z
170071,ōpuhe,haw,"","",https://irma.nps.gov/App/Species/Search,Hawaiian,Dave Huth,2015-03-21T05:19:43Z
340748,palai hihi,haw,"","",https://irma.nps.gov/App/Species/Search,Hawaiian,Dave Huth,2015-03-21T05:20:06Z
64179,ha‘uowi,haw,"Hawaii Volcanoes National Park, US, HI","",https://irma.nps.gov/App/Species/Search,Hawaiian,Dave Huth,2015-03-21T05:20:13Z
130789,ʻalaʻala pu loa,haw,"Hawaii Volcanoes National Park, US, HI","",https://irma.nps.gov/App/Species/Search,Hawaiian,Dave Huth,2015-03-21T05:20:59Z
170319,‘ākia,haw,"","",https://irma.nps.gov/App/Species/Search,Hawaiian,Dave Huth,2015-03-21T05:21:02Z
170320,‘ākia,haw,"","",https://irma.nps.gov/App/Species/Search,Hawaiian,Dave Huth,2015-03-21T05:21:04Z
170321,‘ākia,haw,"","",https://irma.nps.gov/App/Species/Search,Hawaiian,Dave Huth,2015-03-21T05:21:06Z
170405,a`e,haw,"","",https://irma.nps.gov/App/Species/Search,Hawaiian,Dave Huth,2015-03-21T05:21:28Z
170436,‘awapuhi,haw,"","",https://irma.nps.gov/App/Species/Search,Hawaiian,Dave Huth,2015-03-21T05:21:34Z
235041,lauki,haw,"","",,Hawaiian,Scott Loarie,2015-04-28T06:33:47Z
126569,oi,haw,"","",https://irma.nps.gov/App/Species/Search,Hawaiian,Dave Huth,2015-04-28T23:04:25Z
363481,naupaka kahakai,haw,"","",,Hawaiian,sea-kangaroo,2015-04-29T22:03:37Z
103166,hapu'upu'u,haw,"","",,Hawaiian,sea-kangaroo,2015-05-04T11:47:59Z
103166,hāpu‘u,haw,"","",,Hawaiian,sea-kangaroo,2015-05-04T11:47:59Z
220888,ʻōpaeʻula,haw,"","",,Hawaiian,Scott Loarie,2015-05-12T06:47:32Z
464029,Moi,haw,"Hawaii, US","",,Hawaiian,sea-kangaroo,2015-05-13T05:46:43Z
159825,maiapilo,haw,"","",,Hawaiian,Scott Loarie,2015-05-19T05:08:55Z
82766,‘iliahi,haw,"","",,Hawaiian,Karl Magnacca,2015-06-06T10:19:06Z
159698,Kamani,haw,"","",,Hawaiian,Zack,2015-07-09T11:32:58Z
119419,nohu 'omakaha,haw,"","",,Hawaiian,Zack,2015-07-20T11:42:29Z
111266,‘A‘o,haw,"","",https://irma.nps.gov/App/Species/Search,Hawaiian,Dave Huth,2015-08-24T10:06:00Z
111266,ʻAʻo,haw,"","",,Hawaiian,sea-kangaroo,2015-08-24T10:06:01Z
424818,māne‘one‘o,haw,"","",,Hawaiian,David R,2015-09-27T04:14:14Z
475125,Ua‘u kani,haw,"","",https://irma.nps.gov/App/Species/Search,Hawaiian,Dave Huth,2015-10-07T04:16:08Z
446640,ʻĪlio-holo-kai,haw,"","",,Hawaiian,sea-kangaroo,2015-11-09T10:20:45Z
446640,ʻĪlio-holo-i-ka-uaua,haw,"","",,Hawaiian,David R,2015-11-09T10:20:46Z
10650,poʻo-uli,haw,"","",,Hawaiian,sea-kangaroo,2015-11-21T23:34:52Z
112550,'O'opu nopili,haw,"","",,Hawaiian,Justin,2016-03-01T06:27:10Z
104179,O'Opu Alamo'o,haw,"","",,Hawaiian,Justin,2016-03-01T06:31:27Z
113156,'O'opu naniha,haw,"","",,Hawaiian,Justin,2016-03-01T06:32:26Z
59931,Manini,haw,"","",,Hawaiian,Justin,2016-03-02T04:49:55Z
429256,Me'eme'e,haw,"","",,Hawaiian,Justin,2016-03-02T05:30:09Z
372110,Kukuau,haw,"","",,Hawaiian,Justin,2016-03-05T03:18:12Z
489795,kili`o`opu,haw,"","",https://irma.nps.gov/App/Species/Search,Hawaiian,Dave Huth,2016-03-09T21:43:14Z
182595,Pinao ma'alaea,haw,"","",,Hawaiian,Robin Gwen Agarwal,2016-03-14T23:00:06Z
52456,Roi,haw,"","",,Hawaiian,sea-kangaroo,2016-05-31T21:37:32Z
54995,ʻilima kū kahakai,haw,"","",,Hawaiian,sea-kangaroo,2016-06-01T06:53:18Z
370011,Kukui,haw,"","",,Hawaiian,Ken-ichi Ueda,2016-06-22T20:57:24Z
502145,māku‘e lau li‘i,haw,"","",https://irma.nps.gov/App/Species/Search,Hawaiian,Dave Huth,2016-07-23T06:41:37Z
122714,Alani,haw,"","",,Hawaiian,sea-kangaroo,2016-08-17T07:25:52Z
161950,Pohole,haw,"","",,Hawaiian,sea-kangaroo,2016-08-17T22:33:42Z
49508,Uku,haw,"","",,Hawaiian,sea-kangaroo,2016-08-17T22:35:49Z
115167,A'u,haw,"","",,Hawaiian,sea-kangaroo,2016-08-19T23:37:30Z
159232,Waiʻanae Kokoʻolau,haw,"Hawaii, US","",,Hawaiian,sea-kangaroo,2016-08-30T01:24:55Z
70034,na`ena`e,haw,"","",,Hawaiian,sea-kangaroo,2016-08-30T01:32:17Z
169612,pamakani,haw,"","",,Hawaiian,sea-kangaroo,2016-08-30T01:39:39Z
60879,pohuehue,haw,"","",,Hawaiian,sea-kangaroo,2016-08-30T15:58:14Z
60879,pōhuehue,haw,"","",,Hawaiian,sea-kangaroo,2016-08-30T15:58:40Z
60879,puhuehue,haw,"","",,Hawaiian,sea-kangaroo,2016-08-30T15:58:49Z
123687,Aeʻo,haw,"","",,Hawaiian,sea-kangaroo,2016-08-30T16:09:08Z
504465,Pe'eone,haw,"","",,Hawaiian,sea-kangaroo,2016-08-31T03:51:34Z
130789,ʻUhaloa,haw,"","",,Hawaiian,sea-kangaroo,2016-09-06T15:55:32Z
315307,Liliko'i,haw,"","",,Hawaiian,sea-kangaroo,2016-09-07T03:58:59Z
315307,Lilikoi,haw,"","",,Hawaiian,sea-kangaroo,2016-09-07T03:59:23Z
165358,Lehua Papa,haw,"","",,Hawaiian,sea-kangaroo,2016-09-07T04:06:44Z
167008,kuahiwi laukahi,haw,"","",,Hawaiian,sea-kangaroo,2016-09-07T06:00:05Z
160812,Kauila,haw,"","",,Hawaiian,sea-kangaroo,2016-09-07T17:04:17Z
508924,moho,haw,"","",,Hawaiian,sea-kangaroo,2016-09-29T02:31:23Z
8015,ʻalalā,haw,"","",,Hawaiian,max kirsch,2016-10-24T22:23:40Z
512251,'i'iwi,haw,"Hawaii, US","",,Hawaiian,Ken-ichi Ueda,2016-10-26T21:56:27Z
512251,ʻIʻiwi,haw,"Hawaii, US","",https://irma.nps.gov/App/Species/Search,Hawaiian,Dave Huth,2016-10-26T21:56:28Z
512256,Hawai‘i ‘Ākepa,haw,"","",https://irma.nps.gov/App/Species/Search,Hawaiian,Dave Huth,2016-10-26T22:49:42Z
512282,Hawai‘i ‘Amakihi,haw,"","",https://irma.nps.gov/App/Species/Search,Hawaiian,Dave Huth,2016-10-27T03:25:44Z
512283,ʻakiapōlāʻau,haw,"","",,Hawaiian,sea-kangaroo,2016-10-27T03:28:19Z
512283,‘Akiapōlā‘au,haw,"","",https://irma.nps.gov/App/Species/Search,Hawaiian,Dave Huth,2016-10-27T03:28:20Z
85848,āholehole,haw,"","",,Hawaiian,max kirsch,2016-11-29T21:30:44Z
85848,āhole,haw,"","",,Hawaiian,max kirsch,2016-11-29T21:30:50Z
167533,ʻŌpiko,haw,"","",,Hawaiian,Corey Lange,2017-01-23T21:41:12Z
84359,Hapu'u pulu,haw,"","",,Hawaiian,Corey Lange,2017-03-06T02:00:33Z
367761,nēnē-nui,haw,"","",,Hawaiian,max kirsch,2017-04-28T02:09:57Z
237437,ʻAukuʻu,haw,"Hawaii, US","",,Hawaiian,Ashwin Srinivasan,2017-05-09T14:59:34Z
512283,ʻakihi-poʻo-lāʻau,haw,"","",,Hawaiian,max kirsch,2017-05-10T06:09:05Z
512283,ʻakihia-poʻo-lāʻau,haw,"","",,Hawaiian,max kirsch,2017-05-10T06:09:12Z
512256,'akakane,haw,"","",,Hawaiian,max kirsch,2017-05-10T06:18:07Z
512258,'akepeu'ie,haw,"","",,Hawaiian,max kirsch,2017-05-10T06:18:46Z
339894,ʻAlawī,haw,"","",,Hawaiian,max kirsch,2017-05-19T04:25:27Z
372110,`alamihi,haw,"","",,Hawaiian,sea-kangaroo,2017-07-21T04:37:33Z
160732,`oha wai,haw,"","",,Hawaiian,sea-kangaroo,2017-07-26T17:25:17Z
554358,Hihimanu,haw,"","",http://www.ubio.org/browser/details.php?namebankID=905049,Hawaiian,Bobby McCabe,2017-08-03T23:23:55Z
559036,wāwae‘iole,haw,"","",https://irma.nps.gov/App/Species/Search,Hawaiian,Dave Huth,2017-08-30T09:04:44Z
110059,Hogo,haw,"","",http://www.catalogueoflife.org/annual-checklist/details/species/id/10079370/common/39131,Hawaiian,,2017-11-04T23:26:26Z
48891,Aloalo,haw,"","",,Hawaiian,John E. Christensen,2017-12-18T15:19:34Z
1,Holoholona,haw,"","",,Hawaiian,John E. Christensen,2017-12-19T10:19:05Z
56651,Opihi malihini,haw,"","",,Hawaiian,John E. Christensen,2017-12-19T10:20:39Z
4534,Noio,haw,"","",,Hawaiian,John E. Christensen,2017-12-20T10:10:43Z
21359,Poloka,haw,"","",,Hawaiian,John E. Christensen,2017-12-20T10:15:12Z
170883,Mai'a,haw,"","",,Hawaiian,John E. Christensen,2017-12-20T15:37:44Z
49269,'O'opu-hue,haw,"","",,Hawaiian,John E. Christensen,2017-12-22T07:59:30Z
49589,'O'opu-haole,haw,"","",,Hawaiian,John E. Christensen,2017-12-22T08:00:23Z
47264,Kākū,haw,"","",,Hawaiian,John E. Christensen,2017-12-22T08:03:28Z
47208,Puʻu,haw,"","",,Hawaiian,John E. Christensen,2017-12-22T08:25:46Z
3,Manu,haw,"","",,Hawaiian,John E. Christensen,2017-12-22T09:04:03Z
47221,Nalo-meli,haw,"","",,Hawaiian,John E. Christensen,2017-12-22T09:04:54Z
126165,Ape,haw,"","",,Hawaiian,sea-kangaroo,2018-01-06T05:10:53Z
82767,ʻIliahialoʻe,haw,"","",,Hawaiian,sea-kangaroo,2018-01-11T18:24:16Z
82767,'lliahi-a-Io'e,haw,"","",,Hawaiian,sea-kangaroo,2018-01-11T18:24:45Z
166924,hōʻawa,haw,"","",,Hawaiian,sea-kangaroo,2018-01-11T18:29:24Z
168854,Kolomona,haw,"","",,Hawaiian,sea-kangaroo,2018-01-11T18:31:27Z
165241,mokihana,haw,"","",,Hawaiian,sea-kangaroo,2018-01-11T18:33:41Z
165246,alani,haw,"","",,Hawaiian,sea-kangaroo,2018-01-11T18:34:27Z
170406,aʻe,haw,"","",,Hawaiian,sea-kangaroo,2018-01-11T18:35:22Z
168429,Āulu,haw,"","",,Hawaiian,sea-kangaroo,2018-01-11T18:57:46Z
162215,kalia,haw,"","",,Hawaiian,sea-kangaroo,2018-01-11T18:58:42Z
430364,mahoe,haw,"","",,Hawaiian,sea-kangaroo,2018-01-11T18:59:14Z
170318,ʻākia,haw,"","",,Hawaiian,sea-kangaroo,2018-01-11T19:00:04Z
169519,ʻōhiʻa ha,haw,"","",,Hawaiian,sea-kangaroo,2018-01-11T19:05:45Z
160490,lapalapa,haw,"","",,Hawaiian,sea-kangaroo,2018-01-11T19:09:13Z
161934,lama,haw,"","",,Hawaiian,sea-kangaroo,2018-01-11T19:12:48Z
159282,ʻahakea,haw,"","",,Hawaiian,sea-kangaroo,2018-01-11T19:15:03Z
160715,ʻohawai,haw,"","",,Hawaiian,sea-kangaroo,2018-01-11T19:23:44Z
168484,naupaka kuahiwi,haw,"","",,Hawaiian,sea-kangaroo,2018-01-11T19:24:30Z
246134,"He'e, Mūhe'e",haw,"","",,Hawaiian,John E. Christensen,2018-02-04T09:48:09Z
47119,Lanalana,haw,"","",,Hawaiian,John E. Christensen,2018-02-04T09:50:40Z
559248,Manu-li'ili'i,haw,"","",,Hawaiian,John E. Christensen,2018-02-04T09:51:38Z
196615,Hīhīmanu,haw,"","",,Hawaiian,John E. Christensen,2018-02-04T16:23:10Z
47668,"Pe'a, pe'ape'a",haw,"","",,Hawaiian,John E. Christensen,2018-02-04T16:31:26Z
47114,Kama-loli,haw,"","",,Hawaiian,John E. Christensen,2018-02-04T16:33:38Z
47296,'Ula'ula,haw,"","",,Hawaiian,John E. Christensen,2018-02-04T16:34:46Z
144113,'Ōpae,haw,"","",,Hawaiian,John E. Christensen,2018-02-04T16:35:57Z
41871,'Īlio hohono,haw,"","",,Hawaiian,John E. Christensen,2018-02-04T16:37:28Z
85553,Naheka,haw,"","",,Hawaiian,John E. Christensen,2018-02-04T16:38:17Z
53438,Loke,haw,"","",,Hawaiian,John E. Christensen,2018-02-04T16:39:04Z
89166,A'u,haw,"","",,Hawaiian,John E. Christensen,2018-02-04T16:39:40Z
47521,Kāmano,haw,"","",,Hawaiian,John E. Christensen,2018-02-04T16:40:43Z
47185,'Ōhiki,haw,"","",,Hawaiian,John E. Christensen,2018-02-05T07:43:24Z
55535,Makalē,haw,"","",,Hawaiian,John E. Christensen,2018-02-05T07:47:47Z
48894,Mo'o-niho'awa,haw,"","",,Hawaiian,John E. Christensen,2018-02-05T07:50:55Z
26036,"Mo'o, Naheka",haw,"","",,Hawaiian,John E. Christensen,2018-02-05T17:33:44Z
43094,Lāpaki,haw,"","",,Hawaiian,John E. Christensen,2018-02-05T17:35:42Z
120156,Nalo,haw,"","",,Hawaiian,John E. Christensen,2018-02-05T17:36:23Z
10260,"'I'iwi, Mamo",haw,"","",,Hawaiian,John E. Christensen,2018-02-06T10:27:06Z
47219,Nalo-meli,haw,"","",,Hawaiian,John E. Christensen,2018-02-06T10:28:16Z
4929,'Auku'u,haw,"","",,Hawaiian,John E. Christensen,2018-02-06T11:56:33Z
47398,Unauna,haw,"","",,Hawaiian,John E. Christensen,2018-02-06T12:01:51Z
56764,Manōkihikihi,haw,"","",,Hawaiian,John E. Christensen,2018-02-07T08:59:29Z
62867,Kuawa,haw,"","",,Hawaiian,John E. Christensen,2018-02-07T10:34:28Z
47162,"Mau'u, Weuweu",haw,"","",,Hawaiian,John E. Christensen,2018-02-07T10:39:20Z
54429,"Pohā, pa'ina",haw,"","",,Hawaiian,John E. Christensen,2018-02-07T10:40:43Z
47651,'Ūhini,haw,"","",,Hawaiian,John E. Christensen,2018-02-07T10:43:54Z
3800,Ka'upu,haw,"","",,Hawaiian,John E. Christensen,2018-02-08T09:51:48Z
47178,I'a,haw,"","",,Hawaiian,John E. Christensen,2018-02-10T07:41:28Z
83204,'Uku-lele,haw,"","",,Hawaiian,John E. Christensen,2018-02-10T13:24:19Z
60218,Piku,haw,"","",,Hawaiian,John E. Christensen,2018-02-10T13:34:56Z
20979,Poloka,haw,"","",,Hawaiian,John E. Christensen,2018-02-10T13:35:36Z
4628,'Iwa,haw,"","",,Hawaiian,John E. Christensen,2018-02-10T13:36:14Z
47525,"Pāki'i, Moeone",haw,"","",,Hawaiian,John E. Christensen,2018-02-10T13:38:34Z
63205,Pineki,haw,"","",,Hawaiian,John E. Christensen,2018-02-10T13:39:33Z
51446,liliko'i,haw,"","",,Hawaiian,John E. Christensen,2018-02-10T13:40:41Z
78755,Piki,haw,"","",,Hawaiian,John E. Christensen,2018-02-10T13:41:17Z
122767,Nūnū,haw,"","",,Hawaiian,John E. Christensen,2018-02-10T13:45:07Z
122965,"Hala-kahiki, Hala-'ai",haw,"","",,Hawaiian,John E. Christensen,2018-02-10T13:46:07Z
54500,'Apala,haw,"","",,Hawaiian,John E. Christensen,2018-02-11T08:01:56Z
126244,Pia,haw,"","",,Hawaiian,John E. Christensen,2018-02-11T08:02:22Z
51737,'Ōhi'a,haw,"","",,Hawaiian,John E. Christensen,2018-02-11T08:05:05Z
118903,"Naonao-lele, Huhu",haw,"","",,Hawaiian,John E. Christensen,2018-02-11T08:05:55Z
4424,"Noio, 'Eki'eki",haw,"","",,Hawaiian,John E. Christensen,2018-02-11T08:43:10Z
51921,Pua-hilahila,haw,"","",,Hawaiian,John E. Christensen,2018-02-11T08:44:09Z
551307,Manō,haw,"","",,Hawaiian,John E. Christensen,2018-02-11T08:46:33Z
60001,Ponimō'ī,haw,"","",,Hawaiian,John E. Christensen,2018-02-11T08:48:01Z
123454,Kāloke,haw,"","",,Hawaiian,John E. Christensen,2018-02-11T08:48:46Z
47318,Kīkākapu,haw,"","",,Hawaiian,John E. Christensen,2018-02-11T08:50:39Z
47903,"Pā-nini, Pā-pipi",haw,"","",,Hawaiian,John E. Christensen,2018-02-11T08:52:05Z
47224,Pulelehua,haw,"","",,Hawaiian,John E. Christensen,2018-02-11T08:52:51Z
47529,Makukana,haw,"","",,Hawaiian,John E. Christensen,2018-02-11T15:51:00Z
47266,Kawakawa,haw,"","",,Hawaiian,John E. Christensen,2018-02-11T15:52:57Z
48319,Melia,haw,"","",,Hawaiian,John E. Christensen,2018-02-11T15:54:19Z
41437,Nai'a,haw,"","",,Hawaiian,John E. Christensen,2018-02-11T15:55:21Z
4783,Kōlea,haw,"","",,Hawaiian,John E. Christensen,2018-02-11T15:56:38Z
51815,Pale-piwa,haw,"","",,Hawaiian,John E. Christensen,2018-02-11T15:58:35Z
43692,'Elepane,haw,"","",,Hawaiian,John E. Christensen,2018-02-11T15:59:54Z
47314,Puhi,haw,"","",,Hawaiian,John E. Christensen,2018-02-11T16:01:00Z
47927,Pinao,haw,"","",,Hawaiian,John E. Christensen,2018-02-11T16:02:54Z
47582,'Ōlepe,haw,"","",,Hawaiian,John E. Christensen,2018-02-12T08:16:52Z
48867,"Pāma, Pālama",haw,"","",,Hawaiian,John E. Christensen,2018-02-12T09:58:23Z
19350,Pueo,haw,"","",,Hawaiian,John E. Christensen,2018-02-12T09:59:01Z
62811,Mīkana,haw,"","",,Hawaiian,John E. Christensen,2018-02-12T10:00:09Z
47217,'Okika,haw,"","",,Hawaiian,John E. Christensen,2018-02-12T10:02:02Z
47357,'Aka'akai,haw,"","",,Hawaiian,John E. Christensen,2018-02-12T10:02:49Z
54919,Ka'ukama,haw,"","",,Hawaiian,John E. Christensen,2018-02-15T09:21:21Z
23,Manu-'ū,haw,"","",,Hawaiian,John E. Christensen,2018-02-15T09:25:15Z
121639,Pāpa'i,haw,"","",,Hawaiian,John E. Christensen,2018-02-15T09:26:55Z
47532,"Puna, Ko'a",haw,"","",,Hawaiian,John E. Christensen,2018-02-15T09:27:50Z
82231,'Elelū,haw,"","",,Hawaiian,John E. Christensen,2018-02-15T09:28:59Z
64342,Kope,haw,"","",,Hawaiian,John E. Christensen,2018-02-15T09:29:30Z
52461,"'Aha, 'Aha-mele",haw,"","",,Hawaiian,John E. Christensen,2018-02-16T15:33:57Z
47456,He'e,haw,"","",,Hawaiian,John E. Christensen,2018-02-16T15:39:55Z
47144,ʻĪlio,haw,"","",,Hawaiian,John E. Christensen,2018-02-16T15:46:06Z
52134,Makika,haw,"","",,Hawaiian,John E. Christensen,2018-02-17T10:21:31Z
47158,Mea kolo,haw,"","",,Hawaiian,John E. Christensen,2018-02-17T13:14:22Z
62941,'Uala,haw,"","",,Hawaiian,John E. Christensen,2018-02-17T13:18:48Z
56091,Wauke,haw,"","",,Hawaiian,John E. Christensen,2018-02-18T13:49:55Z
204454,Piha-'ekelo,haw,"","",,Hawaiian,John E. Christensen,2018-02-18T16:33:23Z
568873,Hoki,haw,"","",,Hawaiian,John E. Christensen,2018-02-19T10:44:17Z
41893,'Iole-manakuke,haw,"","",,Hawaiian,John E. Christensen,2018-02-19T10:51:34Z
39532,Honu,haw,"","",,Hawaiian,John E. Christensen,2018-02-20T14:21:53Z
49603,Pahu,haw,"","",,Hawaiian,John E. Christensen,2018-02-20T14:23:34Z
49612,Humuhumu,haw,"","",,Hawaiian,John E. Christensen,2018-02-20T14:24:37Z
59261,'Ōkole-'oi'oi,haw,"","",,Hawaiian,John E. Christensen,2018-02-21T08:19:24Z
48872,Manakō,haw,"","",,Hawaiian,John E. Christensen,2018-02-21T08:21:32Z
47297,Ula,haw,"","",,Hawaiian,John E. Christensen,2018-02-22T16:03:11Z
85552,Moʻo,haw,"","",,Hawaiian,John E. Christensen,2018-02-22T16:08:17Z
67688,'Ūhini,haw,"","",,Hawaiian,John E. Christensen,2018-02-23T10:31:58Z
331124,Lemi,haw,"","",,Hawaiian,John E. Christensen,2018-02-23T10:32:41Z
122976,Lekuke,haw,"","",,Hawaiian,John E. Christensen,2018-02-23T10:33:20Z
47679,ʻOpihi,haw,"","",,Hawaiian,John E. Christensen,2018-02-23T10:43:01Z
3726,Kikonia,haw,"","",,Hawaiian,John E. Christensen,2018-02-24T15:02:46Z
55366,'Ōhelo-papa,haw,"","",,Hawaiian,John E. Christensen,2018-02-24T15:04:03Z
128270,Kō,haw,"","",,Hawaiian,John E. Christensen,2018-02-24T15:05:17Z
11880,Manu-'io'io,haw,"","",,Hawaiian,John E. Christensen,2018-02-24T15:06:14Z
47619,Kala,haw,"","",,Hawaiian,John E. Christensen,2018-02-24T15:06:53Z
152871,Koholā,haw,"","",,Hawaiian,John E. Christensen,2018-02-24T15:07:42Z
42048,'Īlio hae,haw,"","",,Hawaiian,John E. Christensen,2018-02-24T15:11:21Z
49284,Hīnālea,haw,"","",,Hawaiian,John E. Christensen,2018-02-24T15:12:33Z
71501,Uhi,haw,"","",,Hawaiian,John E. Christensen,2018-02-24T15:13:16Z
70054,Ipu,haw,"","",,Hawaiian,John E. Christensen,2018-02-24T15:13:53Z
78174,Lēkō,haw,"","",,Hawaiian,John E. Christensen,2018-02-24T15:15:52Z
240861,hinahina,haw,"","",,Hawaiian,Jim Morefield,2018-03-11T06:43:39Z
132700,pala‘ā,haw,"","",https://irma.nps.gov/App/Species/Search,Hawaiian,Dave Huth,2018-03-11T21:54:24Z
47456,Mūhe'e,haw,"","",,Hawaiian,Bobby McCabe,2018-03-14T22:10:50Z
83742,ʻĀkia,haw,"","",,Hawaiian,ejliaw,2018-04-21T05:31:08Z
516612,lupe,haw,"","",,Hawaiian,David R,2018-06-06T21:03:08Z
516612,hihi-manu,haw,"","",http://www.ubio.org/browser/details.php?namebankID=829732,Hawaiian,max kirsch,2018-06-06T21:03:10Z
49697,Hāhālua,haw,"","",,Hawaiian,John E. Christensen,2018-06-07T05:11:45Z
47102,ʻAinaonao,haw,"","",,Hawaiian,John E. Christensen,2018-06-16T14:53:06Z
70026,pu hala,haw,"","",,Hawaiian,sea-kangaroo,2018-08-08T18:05:06Z
151882,Nanahana,haw,"","",,Hawaiian,John E. Christensen,2018-08-12T07:03:30Z
121943,Kupukupu,haw,"","",,Hawaiian,John E. Christensen,2018-08-12T07:11:12Z
331122,'Alani,haw,"","",,Hawaiian,John E. Christensen,2018-08-14T03:28:39Z
158610,pua kala,haw,"","",,Hawaiian,Sonny Gamponia,2018-08-18T04:47:50Z
170325,iliau,haw,"","",,Hawaiian,sea-kangaroo,2018-10-03T17:33:13Z
163775,kokiʻo keʻokeʻo,haw,"","",,Hawaiian,sea-kangaroo,2018-10-06T09:09:33Z
156564,Loulu,haw,"","",,Hawaiian,sea-kangaroo,2018-10-10T18:48:51Z
99796,'o'opu 'akupa,haw,"","",,Hawaiian,sea-kangaroo,2018-10-10T19:50:15Z
99796,‘o‘opu ‘ōkuhe,haw,"","",,Hawaiian,sea-kangaroo,2018-10-10T19:50:48Z
214631,‘Ōpae kala’ole,haw,"","",,Hawaiian,sea-kangaroo,2018-10-10T19:51:07Z
214631,‘ōpae kuahiwi,haw,"","",,Hawaiian,sea-kangaroo,2018-10-10T19:51:19Z
224299,‘Ōpae ‘oeha‘a,haw,"","",,Hawaiian,sea-kangaroo,2018-10-10T19:51:40Z
770555,Hinahina Kahakai,haw,"","",,Hawaiian,sea-kangaroo,2018-10-15T06:09:01Z
123242,'uki'uki,haw,"","",,Hawaiian,sea-kangaroo,2018-10-16T01:19:13Z
163135,'uki,haw,"","",,Hawaiian,sea-kangaroo,2018-10-16T01:19:49Z
370810,He'e,haw,"","",,Hawaiian,Bobby McCabe,2018-10-17T16:21:04Z
170100,'ōhelo kau la'au,haw,"","",,Hawaiian,Chris Nelson,2018-10-19T02:03:19Z
162773,nīoi,haw,"","",,Hawaiian,Chris Nelson,2018-10-19T19:16:55Z
162774,nīoi,haw,"","",,Hawaiian,Chris Nelson,2018-10-19T19:18:47Z
163520,honohono,haw,"","",,Hawaiian,Chris Nelson,2018-10-19T19:36:22Z
167532,Kōpiko,haw,"","",,Hawaiian,Chris Nelson,2018-10-19T23:17:43Z
787844,keahi,haw,"","",,Hawaiian,sea-kangaroo,2018-10-21T03:57:30Z
339939,Moʻokulano,haw,"","",,Hawaiian,Bobby McCabe,2018-10-22T03:43:29Z
123070,Kao,haw,"","",,Hawaiian,John E. Christensen,2018-12-30T16:03:59Z
851888,hihikolo,haw,"","",https://irma.nps.gov/App/Species/Search,Hawaiian,Dave Huth,2019-01-13T19:35:40Z
162920,Heau,haw,"","",,Hawaiian,sea-kangaroo,2019-01-15T16:21:42Z
130872,naniohilo,haw,"","",https://irma.nps.gov/App/Species/Search,Hawaiian,Dave Huth,2019-01-29T15:18:52Z
42241,ʻOhana pipi,haw,"","",,Hawaiian,John E. Christensen,2019-01-30T16:21:41Z
370117,alaheʻe,haw,"Hawaii Volcanoes National Park, US, HI","",,Hawaiian,sea-kangaroo,2019-02-18T04:45:56Z
873768,paka,haw,"","",https://irma.nps.gov/App/Species/Search,Hawaiian,Dave Huth,2019-03-13T15:24:04Z
167311,'Ihi,haw,"","",,Hawaiian,David Fritz,2019-05-03T16:16:54Z
295349,hihi-wai,haw,"","",http://www.ubio.org/browser/details.php?namebankID=4832370,Hawaiian,,2019-06-30T05:00:53Z
164513,anaunau,haw,"","",,Hawaiian,sea-kangaroo,2019-08-20T00:05:57Z
159815,‘Awikiwiki,haw,"","",,Hawaiian,sea-kangaroo,2019-08-20T00:06:35Z
165165,‘Ihi‘ihi‘lau akea,haw,"","",,Hawaiian,sea-kangaroo,2019-08-20T00:07:38Z
200034,‘Uki,haw,"","",,Hawaiian,sea-kangaroo,2019-08-20T00:07:54Z
161499,Puʻukaʻa,haw,"","",,Hawaiian,sea-kangaroo,2019-08-20T00:08:21Z
161499,Kaʻa,haw,"","",,Hawaiian,sea-kangaroo,2019-08-20T00:08:34Z
77394,Pili,haw,"","",,Hawaiian,sea-kangaroo,2019-08-20T00:09:03Z
76590,Makaloa,haw,"","",,Hawaiian,sea-kangaroo,2019-08-20T00:09:20Z
162982,Ma‘u‘aki‘aki,haw,"","",,Hawaiian,sea-kangaroo,2019-08-20T00:09:46Z
169307,‘Aki‘aki,haw,"","",,Hawaiian,sea-kangaroo,2019-08-20T00:11:19Z
128032,Wauke,haw,"","",,Hawaiian,sea-kangaroo,2019-08-20T00:12:15Z
83067,Aloalo,haw,"","",,Hawaiian,sea-kangaroo,2019-08-20T00:15:18Z
164358,Kokia,haw,"","",,Hawaiian,sea-kangaroo,2019-08-20T00:16:17Z
82767,ʻIliahi aloʻe,haw,"","",,Hawaiian,sea-kangaroo,2019-08-20T00:17:17Z
82767,Lāʻau ʻala,haw,"","",,Hawaiian,sea-kangaroo,2019-08-20T00:17:31Z
167049,hala pepe,haw,"","",,Hawaiian,sea-kangaroo,2019-08-20T00:20:34Z
167049,Leʻie,haw,"","",,Hawaiian,sea-kangaroo,2019-08-20T00:20:47Z
119386,ʻŌlena,haw,"","",,Hawaiian,sea-kangaroo,2019-08-20T00:22:23Z
168485,Naupaka kuahiwi,haw,"","",,Hawaiian,sea-kangaroo,2019-08-20T00:23:25Z
168839,kolomona,haw,"","",,Hawaiian,sea-kangaroo,2019-08-20T00:24:56Z
236413,Koki‘o kea,haw,"","",,Hawaiian,sea-kangaroo,2019-08-20T00:25:21Z
163762,Koki‘o ‘ula,haw,"","",,Hawaiian,sea-kangaroo,2019-08-20T00:25:55Z
159250,Ko‘oko‘olau,haw,"","",,Hawaiian,sea-kangaroo,2019-08-20T00:26:52Z
51593,Ānapanapa,haw,"","",,Hawaiian,sea-kangaroo,2019-08-20T00:28:25Z
157964,‘Ewa hina hina,haw,"","",,Hawaiian,sea-kangaroo,2019-08-20T00:28:53Z
160506,ʻAweoweo,haw,"","",,Hawaiian,sea-kangaroo,2019-08-20T00:29:07Z
75732,‘Ae‘ae,haw,"","",,Hawaiian,sea-kangaroo,2019-08-20T00:29:32Z
123893,Hinahina kū kahakai,haw,"","",,Hawaiian,sea-kangaroo,2019-08-20T00:30:46Z
514012,`aheahea,haw,"","",https://irma.nps.gov/App/Species/Search,Hawaiian,,2019-09-02T05:42:12Z
932649,kanawao,haw,"","",https://www.inaturalist.org/taxon_names/105681/edit,Hawaiian,,2019-09-04T11:16:13Z
164245,`ohe,haw,"","",https://irma.nps.gov/App/Species/Search,Hawaiian,,2019-09-24T11:12:42Z
83884,Humuhumunukunukuapua'a,haw,"","",,Hawaiian,raymie,2019-09-25T16:29:12Z
936421,koali kua hulu,haw,"","",https://irma.nps.gov/App/Species/Search,Hawaiian,,2019-09-30T19:24:07Z
348532,Honohono,haw,"","",,Hawaiian,Steven Kurniawidjaja,2019-10-05T20:50:20Z
168425,ʻIliahi,haw,"","",,Hawaiian,sea-kangaroo,2019-10-28T22:26:49Z
164333,'oliwa ku kahakai,haw,"","",https://irma.nps.gov/App/Species/Search,Hawaiian,,2019-11-07T22:14:40Z
965903,puapua moa,haw,"","",https://irma.nps.gov/App/Species/Search,Hawaiian,,2019-11-17T03:41:37Z
968919,makua-o-ka-lipoa,haw,"","",https://www.inaturalist.org/taxon_names/213000/edit,Hawaiian,,2019-11-26T03:15:39Z
472420,pāmoho,haw,"","",https://irma.nps.gov/App/Species/Search,Hawaiian,,2019-12-23T17:49:43Z
461595,ʻohe makai,haw,"","",https://irma.nps.gov/App/Species/Search,Hawaiian,sea-kangaroo,2020-01-05T16:46:13Z
478,ʻalae kea,haw,"","",,Hawaiian,cassi saari,2020-01-06T18:38:45Z
123620,‘ala‘ala wai nui,haw,"","",https://irma.nps.gov/App/Species/Search,Hawaiian,,2020-01-17T15:55:40Z
123622,‘ala‘alawainui,haw,"Hawaii, US | Hawaiian Archipelago","",,Hawaiian,Karl Magnacca,2020-01-29T07:33:20Z
153280,ulua,haw,"Hawaii, US","",,Hawaiian,Tony Iwane,2020-01-29T20:08:21Z
123690,ʻomilu,haw,"Hawaii, US","",,Hawaiian,Tony Iwane,2020-01-29T20:15:54Z
143624,Mu he`e,haw,"","",,Hawaiian,Bobby McCabe,2020-02-09T00:59:22Z
1038928,Panini o Kapunahou,haw,"","",https://www.inaturalist.org/taxon_names/226399/edit,Hawaiian,,2020-02-20T01:30:53Z
4141,Ka'upu,haw,"","",,Hawaiian,Spencer McIntyre,2020-03-17T17:28:40Z
4134,'Ou,haw,"","",,Hawaiian,Spencer McIntyre,2020-03-24T14:37:47Z
281371,'Ōhai,haw,"","",https://www.inaturalist.org/taxon_names/1101863/edit,Hawaiian,,2020-04-15T00:57:18Z
1083723,Maua,haw,"","",,Hawaiian,David R,2020-05-19T21:54:50Z
447155,kalapuna,haw,"","",,Hawaiian,John E. Christensen,2020-05-23T10:41:01Z
1090382,papa'i ako'ako'a,haw,"","",https://www.inaturalist.org/taxon_names/1173056/edit,Hawaiian,,2020-05-25T07:53:25Z
512257,ʻakepeuʻie,haw,"","",,Hawaiian,max kirsch,2020-06-22T23:33:51Z
1081550,mau‘u,haw,"","",https://irma.nps.gov/App/Species/Search,Hawaiian,Dave Huth,2020-06-29T23:37:27Z
124448,Ēlama,haw,"","",,Hawaiian,sea-kangaroo,2020-07-20T23:47:43Z
1121338,Pipiwai,haw,"","",https://www.inaturalist.org/taxon_names/1377387/edit,Hawaiian,,2020-08-16T22:43:35Z
10650,poʻouli,haw,"","",,Hawaiian,max kirsch,2020-10-30T21:52:57Z
170235,'olopū,haw,"","",,Hawaiian,Yann Kemper,2020-11-05T14:53:42Z
62652,kepemineka,haw,"","",https://irma.nps.gov/App/Species/Search,Hawaiian,,2020-11-09T19:09:59Z
103742,nenue,haw,"","",https://www.inaturalist.org/taxon_names/434933/edit,Hawaiian,,2020-11-16T22:32:10Z
169082,Pōpoloʻaiakeakua,haw,"","",,Hawaiian,Bobby McCabe,2020-11-17T19:59:39Z
169082,Pōpolo,haw,"","",,Hawaiian,Bobby McCabe,2020-11-17T19:59:51Z
437193,wawaeʻiole,haw,"","",,Hawaiian,Johan Devos,2020-11-27T16:17:06Z
899071,wawaeʻiole,haw,"","",,Hawaiian,Johan Devos,2020-11-27T16:18:35Z
4044,Nunulu,haw,"","",,Hawaiian,max kirsch,2020-12-10T20:54:01Z
4101,ʻAoʻū,haw,"","",,Hawaiian,max kirsch,2020-12-10T20:55:39Z
558450,Manuohina,haw,"","",,Hawaiian,max kirsch,2020-12-10T20:56:38Z
558450,Hinaokū,haw,"","",,Hawaiian,max kirsch,2020-12-10T20:56:57Z
240236,ʻAhuʻawakua,haw,"","",,Hawaiian,max kirsch,2020-12-10T20:58:26Z
965894,puapua moa,haw,United States,US,,Hawaiian,Yann Kemper,2020-12-15T14:20:31Z
164358,Hau hele ʻula,haw,"","",,Hawaiian,sea-kangaroo,2021-01-01T23:13:25Z
461600,uhiuhi,haw,"","",,Hawaiian,sea-kangaroo,2021-01-01T23:17:21Z
461600,Kāwaʻu,haw,"","",,Hawaiian,sea-kangaroo,2021-01-01T23:17:56Z
125201,koaiʻa,haw,"","",,Hawaiian,sea-kangaroo,2021-01-01T23:25:53Z
461596,ʻĀlaʻa,haw,"","",,Hawaiian,sea-kangaroo,2021-01-01T23:56:19Z
461596,ʻĒlaʻa,haw,"","",,Hawaiian,sea-kangaroo,2021-01-01T23:56:40Z
461596,Āulu,haw,"","",,Hawaiian,sea-kangaroo,2021-01-01T23:56:57Z
165240,alani,haw,"","",,Hawaiian,sea-kangaroo,2021-01-01T23:58:06Z
122715,alani,haw,"","",,Hawaiian,sea-kangaroo,2021-01-02T00:02:22Z
166923,hōʻawa,haw,"","",,Hawaiian,sea-kangaroo,2021-01-02T00:11:11Z
158215,kauwila,haw,"","",,Hawaiian,sea-kangaroo,2021-01-02T00:15:22Z
123617,kāwa,haw,"","",,Hawaiian,sea-kangaroo,2021-01-02T00:16:05Z
125201,koaiʻe,haw,"","",,Hawaiian,sea-kangaroo,2021-01-02T00:16:55Z
167533,kōpiko,haw,"","",,Hawaiian,sea-kangaroo,2021-01-02T00:18:22Z
158152,Māhoe,haw,"","",,Hawaiian,sea-kangaroo,2021-01-02T00:19:08Z
158436,mehame,haw,"","",,Hawaiian,sea-kangaroo,2021-01-02T00:21:44Z
163037,mēhamehame,haw,"","",,Hawaiian,sea-kangaroo,2021-01-02T00:22:09Z
167828,neneleau,haw,"","",,Hawaiian,sea-kangaroo,2021-01-02T00:23:05Z
133457,ʻohe,haw,"","",,Hawaiian,sea-kangaroo,2021-01-02T00:24:14Z
879497,pilo,haw,"","",,Hawaiian,sea-kangaroo,2021-01-02T00:26:52Z
160665,poʻolā,haw,"","",,Hawaiian,sea-kangaroo,2021-01-02T00:27:24Z
124445,uʻulei,haw,"","",,Hawaiian,sea-kangaroo,2021-01-02T00:28:33Z
199316,hue hue,haw,"","",,Hawaiian,sea-kangaroo,2021-01-02T00:29:07Z
166100,konakona,haw,"","",,Hawaiian,sea-kangaroo,2021-01-02T00:29:44Z
126843,nāʻu,haw,"","",,Hawaiian,sea-kangaroo,2021-01-02T00:35:30Z
168839,heuhiuhi,haw,"","",,Hawaiian,sea-kangaroo,2021-01-02T00:53:05Z
9828,Palihoa,haw,"","",,Hawaiian,max kirsch,2021-01-16T16:02:08Z
369881,Lauaʻe,haw,"","",https://www.inaturalist.org/taxon_names/830190/edit,Hawaiian,,2021-01-23T14:05:29Z
369881,Laua'e,haw,"","",https://www.inaturalist.org/taxon_names/830188/edit,Hawaiian,,2021-01-23T14:05:29Z
1182943,pilo kea,haw,"","",https://irma.nps.gov/App/Species/Search,Hawaiian,,2021-02-14T11:33:51Z
448551,pa'uohi'iaka,haw,"","",https://www.inaturalist.org/taxon_names/545714/edit,Hawaiian,Kitty Maurey,2021-03-23T01:04:51Z
448551,pāʻū o Hiʻiaka,haw,"","",,Hawaiian,James Kameron Mitchell,2021-03-26T21:42:54Z
1230463,tamaligi,haw,"","",https://irma.nps.gov/App/Species/Search,Hawaiian,,2021-04-01T13:39:13Z
223909,Nehe,haw,"","",https://www.inaturalist.org/taxon_names/1661528/edit,Hawaiian,,2021-05-31T07:11:55Z
164504,Pakaha,haw,"","",,Hawaiian,Kitty Maurey,2021-06-30T02:18:14Z
1261481,maunaloa,haw,"","",https://irma.nps.gov/App/Species/Search,Hawaiian,,2021-07-04T23:48:20Z
52299,Niuhi,haw,"","",http://www.catalogueoflife.org/annual-checklist/details/species/id/10055564/common/239077,Hawaiian,,2021-07-13T19:19:48Z
50873,Niuhi,haw,"","",http://www.catalogueoflife.org/annual-checklist/details/species/id/10064513/common/239582,Hawaiian,iSea,2021-07-13T19:19:51Z
1263850,lasiandra,haw,"","",https://irma.nps.gov/App/Species/Search,Hawaiian,Dave Huth,2021-07-17T22:26:10Z
97167,Lauhau,haw,"","",,Hawaiian,Zane Roskoph,2021-07-27T17:43:41Z
424818,Maneoneo,haw,"","",http://www.catalogueoflife.org/annual-checklist/details/species/id/10066720/common/55497,Hawaiian,,2021-07-28T13:08:16Z
132410,Mā'i'i'i,haw,"","",http://www.catalogueoflife.org/annual-checklist/details/species/id/10066664/common/54437,Hawaiian,sea-kangaroo,2021-07-28T14:58:20Z
290891,kupaloke,haw,"","",,Hawaiian,Rupert Clayton,2021-07-28T23:01:50Z
326054,Puhi la'au,haw,"","",http://www.catalogueoflife.org/annual-checklist/details/species/id/10054176/common/177230,Hawaiian,,2021-07-30T15:41:05Z
611956,Puhi uha,haw,"","",,Hawaiian,Zane Roskoph,2021-07-30T15:48:55Z
120963,Tohei,haw,"","",http://www.catalogueoflife.org/annual-checklist/details/species/id/10053854/common/71634,Hawaiian,,2021-07-30T15:49:06Z
83884,Humuhumu nukunuku a puaa,haw,"","",http://www.catalogueoflife.org/annual-checklist/details/species/id/10084953/common/180655,Hawaiian,,2021-07-30T19:20:45Z
83884,Humuhumu nukunuku apua'a,haw,"","",http://www.catalogueoflife.org/annual-checklist/details/species/id/10084953/common/180654,Hawaiian,,2021-07-30T19:20:53Z
120940,Puhi kauhila,haw,"","",http://www.catalogueoflife.org/annual-checklist/details/species/id/10053606/common/168478,Hawaiian,,2021-07-31T16:37:43Z
120940,Puhi-oa,haw,"","",http://www.catalogueoflife.org/annual-checklist/details/species/id/10053606/common/168477,Hawaiian,,2021-07-31T16:37:52Z
196486,O'opu 'ai lehua,haw,"","",http://www.catalogueoflife.org/annual-checklist/details/species/id/10071811/common/124718,Hawaiian,,2021-08-03T12:51:10Z
614806,O'opu 'ai lehua,haw,"","",http://www.catalogueoflife.org/annual-checklist/details/species/id/10074776/common/34417,Hawaiian,,2021-08-03T12:51:10Z
52459,Lau'ipala,haw,"","",http://www.catalogueoflife.org/annual-checklist/details/species/id/10066716/common/55595,Hawaiian,,2021-08-03T13:08:27Z
52451,Umaumalei,haw,"","",http://www.catalogueoflife.org/annual-checklist/details/species/id/10066695/common/8209,Hawaiian,,2021-08-03T16:12:46Z
94018,'opule,haw,"","",,Hawaiian,Zane Roskoph,2021-08-06T12:00:04Z
121216,'a'awa,haw,"","",,Hawaiian,Zane Roskoph,2021-08-06T12:00:40Z
105062,Hinalea 'aki-lolo,haw,"","",http://www.catalogueoflife.org/annual-checklist/details/species/id/10076453/common/192667,Hawaiian,,2021-08-06T12:01:37Z
97312,Kupoupou,haw,"","",http://www.catalogueoflife.org/annual-checklist/details/species/id/10076204/common/228921,Hawaiian,lwnrngr,2021-08-06T12:01:55Z
102066,'Ohua,haw,"","",http://www.catalogueoflife.org/annual-checklist/details/species/id/10076374/common/58889,Hawaiian,,2021-08-06T12:02:07Z
113973,Hinalea lau-wili,haw,"","",http://www.catalogueoflife.org/annual-checklist/details/species/id/10076590/common/94370,Hawaiian,,2021-08-06T12:02:53Z
100991,Lau wiliwili nukunuku 'oi'oi,haw,"","",http://www.catalogueoflife.org/annual-checklist/details/species/id/10069831/common/204662,Hawaiian,,2021-08-06T12:03:23Z
100990,Lau wiliwili nukunuku 'oi'oi,haw,"","",http://www.catalogueoflife.org/annual-checklist/details/species/id/10069830/common/204709,Hawaiian,,2021-08-06T12:03:23Z
47283,Nohu pinao,haw,"","",http://www.catalogueoflife.org/annual-checklist/details/species/id/10079390/common/38091,Hawaiian,,2021-08-06T12:05:16Z
196836,Munu,haw,"","",http://www.catalogueoflife.org/annual-checklist/details/species/id/10077033/common/64995,Hawaiian,,2021-08-10T01:48:30Z
41644,Nanuka,haw,"","",,Hawaiian,Zane Roskoph,2021-08-11T16:12:15Z
52323,Hinalea-'aki-lolo,haw,"","",,Hawaiian,Zane Roskoph,2021-08-12T16:00:29Z
280785,pilipili `ula,haw,"","",https://irma.nps.gov/App/Species/Search,Hawaiian,,2021-08-23T22:57:49Z
41964,Liona,haw,"","",,Hawaiian,Zane Roskoph,2021-08-24T12:21:33Z
54441,Pūhi-kāpā,haw,"","",,Hawaiian,Zane Roskoph,2021-08-29T11:53:43Z
153280,Pauu'u,haw,"","",http://www.catalogueoflife.org/annual-checklist/details/species/id/10069945/common/133259,Hawaiian,,2021-08-29T13:33:42Z
153280,Ulua aukea,haw,"","",http://www.catalogueoflife.org/annual-checklist/details/species/id/10069945/common/133232,Hawaiian,,2021-08-29T13:33:58Z
1117678,kupaliʻi,haw,"","",https://www.inaturalist.org/taxon_names/2372873/edit,Hawaiian,,2021-09-03T01:55:43Z
1117678,ʻalaʻala wai nui wahine,haw,"","",https://irma.nps.gov/App/Species/Search,Hawaiian,,2021-09-03T01:55:44Z
83879,Kala lolo,haw,"","",http://www.catalogueoflife.org/annual-checklist/2012/details/species/id/9741333,Hawaiian,,2021-09-15T23:30:51Z
169307,'aki,haw,"","",,Hawaiian,Kevin Faccenda,2021-09-17T08:22:42Z
63088,'ōhāhā,haw,"","",,Hawaiian,Kevin Faccenda,2021-09-17T08:53:45Z
63088,'ōhā,haw,"","",,Hawaiian,Kevin Faccenda,2021-09-17T08:53:54Z
63088,Hāhā,haw,"","",,Hawaiian,Kevin Faccenda,2021-09-17T08:54:54Z
161312,kue-nui,haw,"","",,Hawaiian,Kevin Faccenda,2021-09-17T08:58:57Z
161340,'akū'akū,haw,"","",,Hawaiian,Kevin Faccenda,2021-09-17T09:02:11Z
161317,hāhā-nui,haw,"","",,Hawaiian,Kevin Faccenda,2021-09-17T09:03:37Z
161323,hāhālua,haw,"","",,Hawaiian,Kevin Faccenda,2021-09-17T09:05:07Z
161351,pōpolo,haw,"","",,Hawaiian,Kevin Faccenda,2021-09-17T09:06:31Z
160731,papa'a hekili,haw,"","",,Hawaiian,Kevin Faccenda,2021-09-17T09:15:29Z
160722,'ōhāhā wai nui,haw,"","",,Hawaiian,Kevin Faccenda,2021-09-17T09:18:43Z
159450,pū aupaka,haw,"","",,Hawaiian,Kevin Faccenda,2021-09-17T09:23:02Z
48039,'ōpelu,haw,"","",,Hawaiian,Kevin Faccenda,2021-09-17T09:32:26Z
224062,liua,haw,"","",,Hawaiian,Kevin Faccenda,2021-09-17T09:33:05Z
224071,pānaunau,haw,"","",,Hawaiian,Kevin Faccenda,2021-09-17T09:34:10Z
155770,pu'e,haw,"","",,Hawaiian,Kevin Faccenda,2021-09-17T09:37:19Z
155772,koli'i,haw,"","",,Hawaiian,Kevin Faccenda,2021-09-17T09:39:29Z
132411,Pualu,haw,"","",http://www.catalogueoflife.org/annual-checklist/2012/details/species/id/9741333,Hawaiian,Victor HOYEAU,2021-09-17T19:14:19Z
132366,Pualu,haw,"","",http://www.catalogueoflife.org/annual-checklist/2012/details/species/id/9741333,Hawaiian,,2021-09-17T19:14:20Z
194883,Hauliuli puhi,haw,"","",http://www.catalogueoflife.org/annual-checklist/2012/details/species/id/9741333,Hawaiian,,2021-09-18T15:29:04Z
114122,Ahi pahala,haw,"","",http://www.catalogueoflife.org/annual-checklist/2012/details/species/id/9741333,Hawaiian,iSea,2021-09-18T19:29:43Z
1283556,kāmakahala,haw,"","",https://irma.nps.gov/App/Species/Search,Hawaiian,,2021-09-24T12:22:30Z
1283564,Kamakahala,haw,"","",https://www.inaturalist.org/taxon_names/1445870/edit,Hawaiian,,2021-09-24T12:39:59Z
1283570,kāmakahala,haw,"","",https://irma.nps.gov/App/Species/Search,Hawaiian,,2021-09-24T12:53:51Z
122662,maiele,haw,"","",,Hawaiian,Kevin Faccenda,2021-10-02T20:10:42Z
459428,Omosudid,haw,"","",,Hawaiian,Zane Roskoph,2021-10-03T23:01:50Z
47578,Pilikoa,haw,"","",http://www.catalogueoflife.org/annual-checklist/2012/details/species/id/9741333,Hawaiian,,2021-10-10T18:55:22Z
461596,‘āla‘a,haw,"","",https://irma.nps.gov/App/Species/Search,Hawaiian,,2021-10-13T03:17:09Z
52464,Ele ele,haw,"","",,Hawaiian,Zane Roskoph,2021-10-17T14:15:18Z
49498,Loulu,haw,"","",,Hawaiian,Zane Roskoph,2021-10-17T14:31:51Z
47251,Kupala,haw,"","",http://www.catalogueoflife.org/annual-checklist/2012/details/species/id/9741333,Hawaiian,,2021-10-17T23:13:21Z
47251,Kaku,haw,"","",,Hawaiian,Zane Roskoph,2021-10-17T23:14:06Z
58612,Funa,haw,"","",,Hawaiian,Zane Roskoph,2021-10-23T15:39:20Z
1296860,hō‘i‘o kula,haw,"","",https://irma.nps.gov/App/Species/Search,Hawaiian,Dave Huth,2021-10-27T03:54:43Z
126581,maile pilau,haw,"","",,Hawaiian,Kevin Faccenda,2021-10-31T10:46:35Z
49269,O'opu,haw,"","",,Hawaiian,Zane Roskoph,2021-11-07T23:38:00Z
49269,Okala,haw,"","",,Hawaiian,Zane Roskoph,2021-11-07T23:38:22Z
1308642,kikawaeo,haw,"","",https://irma.nps.gov/App/Species/Search,Hawaiian,Kevin Faccenda,2021-11-18T14:03:37Z
122514,Moana kali,haw,"","",http://www.catalogueoflife.org/annual-checklist/2012/details/species/id/9741333,Hawaiian,Donald Davesne,2021-12-06T00:17:00Z
122514,Moana kea,haw,"","",http://www.catalogueoflife.org/annual-checklist/2012/details/species/id/9741333,Hawaiian,Donald Davesne,2021-12-06T00:17:10Z
122514,Moano kea,haw,"","",http://www.catalogueoflife.org/annual-checklist/2012/details/species/id/9741333,Hawaiian,Donald Davesne,2021-12-06T00:17:25Z
122514,moano ukali-ulua,haw,"","",,Hawaiian,Zane Roskoph,2021-12-06T00:17:58Z
159808,maunaloa,haw,"","",,Hawaiian,Yann Kemper,2021-12-15T16:13:54Z
166895,'awa,haw,"","",,Hawaiian,Kevin Faccenda,2021-12-15T18:51:11Z
95815,Aawa,haw,"","",http://www.catalogueoflife.org/annual-checklist/2012/details/species/id/9741333,Hawaiian,,2022-01-07T02:09:55Z
448569,ʻoheʻohe,haw,"","",https://www.inaturalist.org/taxon_names/1085975/edit,Hawaiian,,2022-01-20T07:17:59Z
116351,ʻAhaniu,haw,"","",,Hawaiian,Kevin Faccenda,2022-02-04T09:11:32Z
82400,wāwae‘iole,haw,"","",https://irma.nps.gov/App/Species/Search,Hawaiian,Yoshimasa Uchiyama,2022-02-16T06:37:06Z
142192,palapalai a kamapua‘a,haw,"","",https://irma.nps.gov/App/Species/Search,Hawaiian,,2022-03-07T05:44:19Z
167317,ʻIhi,haw,"","",,Hawaiian,Cole Gaerber,2022-03-08T19:04:32Z
739419,kuawāwaenohu,haw,"","",,Hawaiian,John Powers,2022-03-15T17:52:30Z
168558,lau lihilihi,haw,"","",,Hawaiian,John Powers,2022-03-15T17:56:04Z
1360118,Moi,haw,"","",https://www.inaturalist.org/taxon_names/1098486/edit,Hawaiian,,2022-03-15T19:17:10Z
1316858,Cuban topminnow,haw,"","",http://www.catalogueoflife.org/annual-checklist/details/species/id/10062425/common/108300,Hawaiian,,2022-03-21T20:21:26Z
469472,ʻāpala,haw,"","",,Hawaiian,10423,2022-03-27T04:33:55Z
166928,Hoawa,haw,"","",,Hawaiian,Cole Gaerber,2022-04-01T14:30:38Z
1289610,‘Akihike‘ehi‘ale,haw,"","",https://www.inaturalist.org/taxon_names/2337011/edit,Hawaiian,Cole Gaerber,2022-04-18T20:13:18Z
1289617,‘Ake‘ake,haw,"","",https://irma.nps.gov/App/Species/Search,Hawaiian,Cole Gaerber,2022-04-18T20:13:27Z
67671,Limu Pālahalaha,haw,"","",,Hawaiian,sea-kangaroo,2022-05-01T22:55:41Z
203716,Limu ʻEleʻele,haw,"","",,Hawaiian,sea-kangaroo,2022-05-01T22:58:00Z
543093,Limu Wāwaeʻiole,haw,"","",,Hawaiian,sea-kangaroo,2022-05-01T22:59:47Z
130563,limu aʻalaʻula,haw,"","",,Hawaiian,sea-kangaroo,2022-05-01T23:01:47Z
342238,limu līpoa,haw,"","",,Hawaiian,sea-kangaroo,2022-05-01T23:02:26Z
1131124,Limu Kala,haw,"","",,Hawaiian,sea-kangaroo,2022-05-01T23:02:58Z
1027517,limu huluhuluwaena,haw,"","",,Hawaiian,sea-kangaroo,2022-05-01T23:07:07Z
702808,limu manauea,haw,"","",,Hawaiian,sea-kangaroo,2022-05-01T23:08:43Z
128236,limu māneʻoneʻo,haw,"","",,Hawaiian,sea-kangaroo,2022-05-01T23:09:55Z
58612,I'a'ula'ula,haw,"","",http://www.catalogueoflife.org/annual-checklist/2012/details/species/id/9741333,Hawaiian,iSea,2022-05-12T13:21:06Z
1225806,Nahawele,haw,"","",https://www.inaturalist.org/taxon_names/2250547/edit,Hawaiian,,2022-05-25T23:32:06Z
84360,hāpuʻu,haw,"","",,Hawaiian,Lexi Amico,2022-06-06T18:21:50Z
1400517,Hīhīwai,haw,"","",https://www.inaturalist.org/taxon_names/1377385/edit,Hawaiian,,2022-07-09T15:40:04Z
1184735,Hapawai,haw,"","",https://www.inaturalist.org/taxon_names/1377386/edit,Hawaiian,,2022-07-09T15:45:19Z
10405,ʻAkekeʻe,haw,"","",,Hawaiian,max kirsch,2022-07-23T03:22:27Z
10405,ʻŌʻū-holowai,haw,"","",,Hawaiian,max kirsch,2022-07-23T03:22:43Z
319815,limu kā kanaka,haw,"","",,Hawaiian,James Bailey,2022-09-12T15:16:20Z
1416654,Aulu,haw,"","",https://www.inaturalist.org/taxon_names/1085941/edit,Hawaiian,,2022-09-22T02:20:52Z
1416654,Āulu,haw,"","",https://www.inaturalist.org/taxon_names/1085942/edit,Hawaiian,,2022-09-22T02:20:52Z
400629,Papala kepau,haw,"","",https://www.inaturalist.org/taxon_names/217740/edit,Hawaiian,,2022-09-23T23:24:39Z
400629,pāpala kēpau,haw,"","",https://irma.nps.gov/App/Species/Search,Hawaiian,,2022-09-23T23:24:41Z
1416645,pāpala kēpau,haw,"","",https://www.inaturalist.org/taxon_names/502748/edit,Hawaiian,,2022-09-23T23:28:33Z
1416645,papala,haw,"","",https://irma.nps.gov/App/Species/Search,Hawaiian,,2022-09-23T23:28:34Z
981659,Hualālai ūhini nēnē pele,haw,"","",,Hawaiian,James Bailey,2022-10-09T04:30:05Z
448910,Kīlauea 'ūhini nēnē pele,haw,"","",,Hawaiian,James Bailey,2022-10-09T04:32:17Z
438836,'Akoko,haw,"","",,Hawaiian,sea-kangaroo,2022-10-12T17:44:49Z
143947,Pipipi,haw,"","",,Hawaiian,sea-kangaroo,2022-10-14T19:44:07Z
387354,Maka'aha,haw,"","",,Hawaiian,sea-kangaroo,2022-10-14T19:49:41Z
892757,Pūpū Alapa'i,haw,"","",,Hawaiian,sea-kangaroo,2022-10-14T19:50:19Z
1203390,Leho Kupa,haw,"","",,Hawaiian,sea-kangaroo,2022-10-14T19:51:22Z
1203390,Leho Kūpe'e Lima,haw,"","",,Hawaiian,sea-kangaroo,2022-10-14T19:51:52Z
121410,Leho 'ōkala,haw,"","",,Hawaiian,sea-kangaroo,2022-10-14T19:52:28Z
747594,Leho 'ōpule,haw,"","",,Hawaiian,sea-kangaroo,2022-10-14T19:53:23Z
368631,Pūleho,haw,"","",,Hawaiian,sea-kangaroo,2022-10-14T19:54:05Z
557216,Leho Kōlea,haw,"","",,Hawaiian,sea-kangaroo,2022-10-14T19:55:05Z
338313,Leho Ahi,haw,"","",,Hawaiian,sea-kangaroo,2022-10-14T19:55:41Z
338313,Leho Pa'a,haw,"","",,Hawaiian,sea-kangaroo,2022-10-14T19:55:52Z
338313,Leho Pouli,haw,"","",,Hawaiian,sea-kangaroo,2022-10-14T19:56:00Z
328541,Leho 'uala,haw,"","",,Hawaiian,sea-kangaroo,2022-10-14T19:57:17Z
143952,ʻopihi ʻālinalina,haw,"","",,Hawaiian,sea-kangaroo,2022-10-14T20:02:17Z
143954,ʻopihi koʻele,haw,"","",,Hawaiian,sea-kangaroo,2022-10-14T20:02:33Z
84260,ʻopihi makaiauli,haw,"","",,Hawaiian,sea-kangaroo,2022-10-14T20:02:50Z
179144,halo‘o hupu‘u,haw,"","",,Hawaiian,James Bailey,2022-10-18T03:53:07Z
64119,panini,haw,"","",,Hawaiian,Kevin Faccenda,2022-11-04T03:39:39Z
148398,ʻakaʻakaʻawa,haw,"","",,Hawaiian,Sutthikhun Phaengphongsai,2022-12-14T22:10:18Z
148398,pua maka nui,haw,"","",,Hawaiian,Sutthikhun Phaengphongsai,2022-12-14T22:10:36Z
347529,Puu olai,haw,"","",,Hawaiian,José Pedro De Campos Fogaça,2022-12-21T17:44:17Z
86209,Kāhuli,haw,"","",,Hawaiian,pigeonlister,2023-01-06T21:10:33Z
169597,ʻauhuhu,haw,Hawaiian Archipelago,"",,Hawaiian,kairigney,2023-01-09T19:52:18Z
68283,'Āhinahina,haw,"","",,Hawaiian,Kevin Faccenda,2023-01-12T08:07:06Z
501513,Kauō ʻapapane,haw,"","",,Hawaiian,max kirsch,2023-01-19T00:15:35Z
123687,Kukuluaeʻo,haw,"","",,Hawaiian,max kirsch,2023-01-19T00:21:44Z
160852,Hupilo,haw,"","",,Hawaiian,Tammo Reichgelt,2023-02-08T03:48:10Z
64286,ʻopihi,haw,"","",,Hawaiian,Karl Magnacca,2023-02-26T20:18:05Z
166101,Kākonakona,haw,"","",,Hawaiian,Kevin Faccenda,2023-03-20T07:03:46Z
70031,Naʻenaʻe,haw,"","",,Hawaiian,hulilimu,2023-06-02T07:16:59Z
4144,Mōlī,haw,"","",,Hawaiian,Tony Iwane,2023-06-04T08:17:50Z
3793,ʻĀ,haw,"","",,Hawaiian,Tony Iwane,2023-06-04T16:52:32Z
162827,ʻakoko,haw,"","",,Hawaiian,Tony Iwane,2023-06-05T19:51:51Z
765250,halapepe,haw,"","",https://www.inaturalist.org/taxon_names/1085934/edit,Hawaiian,,2023-07-09T12:56:56Z
1483774,a'ia'i,haw,"","",https://www.inaturalist.org/taxon_names/930679/edit,Hawaiian,,2023-07-21T01:43:28Z
195767,Kohe lelewa,haw,"","",,Hawaiian,Bobby McCabe,2023-07-25T17:05:33Z
195767,Kohe lewalewa,haw,"","",,Hawaiian,Bobby McCabe,2023-07-25T17:06:04Z
195767,Konalelewa,haw,"","",,Hawaiian,Bobby McCabe,2023-07-25T17:06:43Z
195767,Konalewalewa,haw,"","",,Hawaiian,Bobby McCabe,2023-07-25T17:07:21Z
169354,Ma'ohi'ohi,haw,"","",,Hawaiian,James Bailey,2023-07-29T01:57:41Z
1493156,Kiawe,haw,"","",https://www.inaturalist.org/taxon_names/441002/edit,Hawaiian,,2023-09-01T22:10:22Z
122011,Nananana Makakiʻi,haw,"","",,Hawaiian,Kevin Faccenda,2023-09-15T19:26:02Z
160547,pilipili'ula,haw,"","",,Hawaiian,Kevin Faccenda,2023-10-27T23:40:47Z
85553,Nahesa,haw,"","",,Hawaiian,Tony Iwane,2023-11-09T19:32:01Z
637235,waimakanui,haw,"","",https://irma.nps.gov/App/Species/Search,Hawaiian,,2023-11-23T02:36:53Z
158803,pa'iniu,haw,"","",,Hawaiian,Kevin Faccenda,2023-12-03T04:46:34Z
614041,Nehu,haw,"","",,Hawaiian,sea-kangaroo,2023-12-20T07:04:51Z
529803,Piha,haw,"","",,Hawaiian,sea-kangaroo,2023-12-20T07:06:53Z
198228,'Iao,haw,"","",,Hawaiian,sea-kangaroo,2023-12-20T07:07:29Z
788499,Nohu Pinao,haw,"","",,Hawaiian,sea-kangaroo,2023-12-20T07:09:21Z
122711,'a'ali'i,haw,"","",,Hawaiian,sea-kangaroo,2023-12-20T17:59:47Z
103438,Laenihi,haw,"","",,Hawaiian,sea-kangaroo,2023-12-23T18:34:16Z
103429,Laenihi,haw,"","",,Hawaiian,sea-kangaroo,2023-12-23T18:35:03Z
103428,Laenihi,haw,"","",,Hawaiian,sea-kangaroo,2023-12-23T18:35:17Z
103426,Laenihi,haw,"","",,Hawaiian,sea-kangaroo,2023-12-23T18:35:34Z
447039,ʻŌhiki,haw,"","",,Hawaiian,sea-kangaroo,2023-12-24T18:47:17Z
50204,ko'oko'olau,haw,"","",,Hawaiian,Kevin Faccenda,2024-01-16T05:29:48Z
52655,mikinalo,haw,"","",,Hawaiian,Kevin Faccenda,2024-01-22T03:37:55Z
164961,ohelo kai,haw,"","",,Hawaiian,Kevin Faccenda,2024-01-22T08:36:38Z
47444,formosan koa,haw,"","",,Hawaiian,Kevin Faccenda,2024-01-24T08:06:33Z
448479,manono,haw,"","",,Hawaiian,Kevin Faccenda,2024-02-02T19:53:38Z
1402559,limu ʻakiʻaki,haw,"","",https://www.inaturalist.org/taxon_names/1073697/edit,Hawaiian,,2024-02-05T02:20:32Z
1402559,'Eleau,haw,"","",https://www.inaturalist.org/taxon_names/3130239/edit,Hawaiian,,2024-02-05T02:20:32Z
168226,hu'ahu'ako,haw,"","",,Hawaiian,Steven Kurniawidjaja,2024-03-05T21:13:53Z
47434,Mau'u,haw,"","",,Hawaiian,Kevin Faccenda,2024-03-27T03:04:10Z
1542460,palapalai,haw,"","",,Hawaiian,Kevin Faccenda,2024-03-27T15:45:17Z
1542459,maui palapalai,haw,"","",,Hawaiian,Kevin Faccenda,2024-03-27T15:45:57Z
170245,Nani Wai'ale'ale,haw,"","",,Hawaiian,Kevin Faccenda,2024-03-27T17:38:59Z
170245,kalili,haw,"","",,Hawaiian,Kevin Faccenda,2024-03-27T17:39:27Z
170245,liliwai,haw,"","",,Hawaiian,Kevin Faccenda,2024-03-27T17:39:48Z
170235,Pamakani,haw,"","",,Hawaiian,Kevin Faccenda,2024-03-27T17:40:43Z
84370,‘Ōhi‘a ai,haw,"","",,Hawaiian,Kevin Faccenda,2024-03-27T20:19:46Z
169915,nohu,haw,"","",,Hawaiian,Kevin Faccenda,2024-04-28T22:40:19Z
169915,nohunohu,haw,"","",,Hawaiian,Kevin Faccenda,2024-04-28T22:40:34Z
165375,palapalai,haw,"","",,Hawaiian,raymie,2024-05-16T23:57:31Z
278242,waiawī,haw,"","",,Hawaiian,Kevin Faccenda,2024-05-19T22:22:08Z
278242,waiawī 'ula'ula,haw,"","",,Hawaiian,Kevin Faccenda,2024-05-19T22:24:48Z
164415,ipu,haw,"","",,Hawaiian,Kevin Faccenda,2024-05-31T05:37:56Z
148398,puʻa maka nui,haw,"","",,Hawaiian,David Merrick,2024-06-25T07:11:59Z
