id,vernacularName,language,locality,countryCode,source,lexicon,contributor,created
45203,Djoongari,und,"","",https://www.inaturalist.org/taxon_names/2757461/edit,Pintupi,Sam Gordon,2022-12-06T08:11:48Z
188884,kurrku,und,"","",,Pintupi,Will Cornwell,2023-06-30T02:37:30Z
64128,ngapiri,und,"","",,Pintupi,Will Cornwell,2023-06-30T02:46:00Z
132351,tjanpi,und,"","",,Pintupi,Will Cornwell,2023-06-30T02:51:48Z
1357030,nyalpilinyi,und,"","",,Pintupi,Will Cornwell,2023-06-30T03:21:47Z
1006957,maturra,und,"","",,Pintupi,Will Cornwell,2023-06-30T03:28:45Z
159691,mulku,und,"","",,Pintupi,Will Cornwell,2023-06-30T03:39:21Z
1452989,kantumi,und,Australia,AU,,Pintupi,Will Cornwell,2023-06-30T06:43:23Z
1475026,Yaḻkara,und,Australia,AU,,Pintupi,Will Cornwell,2023-06-30T06:51:29Z
