id,vernacularName,language,locality,countryCode,source,lexicon,contributor,created
3,Sumaɣ,und,"","",,Kabiye,John E. Christensen,2017-12-22T21:54:11Z
47336,Kɛɛmaɣ,und,"","",,Kabiye,John E. Christensen,2018-11-01T16:27:52Z
70054,Pasɩtɛkɩ,und,"","",,Kabiye,John E. Christensen,2018-12-24T10:49:06Z
26039,Kazayaɣ,und,"","",,Kabiye,John E. Christensen,2019-02-08T15:26:27Z
41964,Tɔɔyʋʋ,und,"","",,Kabiye,Zane Roskoph,2021-08-24T14:55:32Z
20526,Taataa,und,"","",,Kabiye,Johan Devos,2023-02-28T22:38:54Z
