id,vernacularName,language,locality,countryCode,source,lexicon,contributor,created
70065,ntopi,und,"","",,Kalanga,Botswanabugs,2019-09-27T11:53:12Z
600201,moreketli,und,"","",,Kalanga,Botswanabugs,2019-10-02T04:58:30Z
600201,moretete,und,"","",,Kalanga,Botswanabugs,2019-10-02T04:59:49Z
340062,nswazwi,und,"","",,Kalanga,Botswanabugs,2019-10-02T06:40:02Z
340408,mbgweti,und,"","",,Kalanga,Botswanabugs,2019-10-02T06:50:20Z
343032,nshangule,und,"","",,Kalanga,Botswanabugs,2019-10-02T07:26:11Z
428749,mpani,und,"","",,Kalanga,Botswanabugs,2019-10-15T07:30:40Z
340245,ntula,und,"","",,Kalanga,Botswanabugs,2019-10-15T07:35:56Z
147002,ndingambizi,und,"","",,Kalanga,Botswanabugs,2019-10-15T07:38:10Z
340228,Nchecheni,und,"","",,Kalanga,Botswanabugs,2019-10-15T07:39:48Z
336810,ndula,und,"","",,Kalanga,Botswanabugs,2019-10-15T07:41:20Z
489563,nsu,und,"","",,Kalanga,Botswanabugs,2019-10-15T07:42:43Z
43694,Zhou,und,"","",,Kalanga,wisemankanoko,2020-02-16T08:24:00Z
340245,nthula,und,"","",,Kalanga,Botswanabugs,2020-02-18T09:21:41Z
592259,ubulimbu,und,"","",,Kalanga,Botswanabugs,2020-03-24T03:46:22Z
47735,Tshongololo,und,"","",,Kalanga,Dewald du Plessis,2020-09-09T10:43:35Z
147000,ngaganyama,und,"","",,Kalanga,Botswanabugs,2020-12-23T14:50:26Z
581380,nkumbakumba,und,"","",,Kalanga,Botswanabugs,2020-12-23T14:53:12Z
199161,ntutogwe,und,"","",,Kalanga,Botswanabugs,2020-12-23T14:56:03Z
138688,nzeze,und,"","",,Kalanga,Botswanabugs,2020-12-23T14:58:03Z
47434,Dhigwa,und,"","",,Kalanga,Botswanabugs,2020-12-23T15:11:01Z
489563,nsusu,und,"","",,Kalanga,Botswanabugs,2020-12-23T15:13:55Z
336810,nkutu,und,"","",,Kalanga,Botswanabugs,2020-12-23T15:16:57Z
469316,zwigwa,und,"","",,Kalanga,Botswanabugs,2020-12-23T15:18:45Z
594427,nkoba,und,"","",,Kalanga,Botswanabugs,2020-12-23T15:20:52Z
595009,mthamba,und,"","",,Kalanga,Botswanabugs,2020-12-23T15:23:59Z
595009,kwakwa,und,"","",,Kalanga,Botswanabugs,2020-12-23T15:25:18Z
129706,mpangale,und,"","",,Kalanga,Botswanabugs,2020-12-23T15:27:29Z
340408,mbwete,und,"","",,Kalanga,Botswanabugs,2020-12-23T15:29:45Z
83832,swanja bakwaa,und,"","",,Kalanga,Botswanabugs,2020-12-23T15:35:16Z
20526,mhou,und,"","",,Kalanga,Botswanabugs,2020-12-27T03:19:36Z
123070,mbudzi,und,"","",,Kalanga,Botswanabugs,2020-12-27T03:24:56Z
41964,shumba,und,"","",,Kalanga,Botswanabugs,2020-12-27T03:27:25Z
489775,seBube,und,"Francistown, FR, BW","",,Kalanga,Dewald du Plessis,2021-02-01T10:32:58Z
48139,seBube,und,"Francistown, FR, BW","",,Kalanga,Dewald du Plessis,2021-02-01T10:36:05Z
147000,nshashanyama,und,"","",,Kalanga,Botswanabugs,2021-05-24T10:48:53Z
44173,nungu,und,"","",,Kalanga,Khama III Memorial Museum in Serowe,2021-07-21T10:04:05Z
30851,thumbi,und,"","",,Kalanga,Khama III Memorial Museum in Serowe,2021-07-21T10:07:19Z
1210966,phungugwe,und,"","",,Kalanga,Khama III Memorial Museum in Serowe,2021-07-21T10:09:51Z
20526,phou,und,"","",,Kalanga,Khama III Memorial Museum in Serowe,2021-07-21T10:11:10Z
41886,phele,und,"","",,Kalanga,Khama III Memorial Museum in Serowe,2021-07-21T10:12:43Z
48894,phani,und,"","",,Kalanga,Khama III Memorial Museum in Serowe,2021-07-21T10:13:50Z
142774,chibelu,und,"","",,Kalanga,Botswanabugs,2021-07-21T14:39:40Z
70054,libisi,und,"","",,Kalanga,Botswanabugs,2021-07-21T14:41:52Z
118903,nchenje,und,"","",,Kalanga,Botswanabugs,2021-07-21T14:44:23Z
41963,Ngwe,und,"","",,Kalanga,Botswanabugs,2021-07-21T14:47:41Z
986414,maboti,und,"","",,Kalanga,Botswanabugs,2021-07-23T12:47:27Z
986414,mabhoti,und,"","",,Kalanga,Botswanabugs,2021-07-23T12:48:11Z
147000,nsasanyama,und,"","",,Kalanga,Botswanabugs,2021-07-23T16:05:24Z
147000,mhahanyama,und,"","",,Kalanga,Botswanabugs,2021-07-23T16:07:08Z
147000,Hahanyama,und,"","",,Kalanga,Botswanabugs,2021-07-23T16:08:31Z
340166,Nswanja ng'ombe,und,"","",,Kalanga,Botswanabugs,2021-07-23T16:26:21Z
340166,Swanja ng'ombe,und,"","",,Kalanga,Botswanabugs,2021-07-23T16:27:01Z
14930,Wodzululu,und,"","",,Kalanga,Botswanabugs,2021-07-27T04:17:01Z
595009,Damba,und,"","",,Kalanga,Botswanabugs,2021-07-28T03:42:31Z
595009,Matamba  (plural),und,"","",,Kalanga,Botswanabugs,2021-07-28T03:43:07Z
340255,hubvu,und,"","",,Kalanga,Botswanabugs,2021-07-28T05:14:17Z
340255,Subvu,und,"","",,Kalanga,Botswanabugs,2021-07-28T05:18:29Z
595009,ntamba,und,"","",,Kalanga,Botswanabugs,2021-07-28T05:58:48Z
334379,mukonde,und,"","",,Kalanga,Botswanabugs,2021-08-11T13:11:25Z
592162,nsekesa,und,"","",,Kalanga,Botswanabugs,2021-09-05T13:30:43Z
634052,thitha,und,"","",,Kalanga,Botswanabugs,2021-09-10T15:31:41Z
428559,ntorido,und,"","",,Kalanga,Botswanabugs,2021-10-15T17:00:23Z
128928,Nyevi,und,"","",,Kalanga,Khama III Memorial Museum in Serowe,2021-10-17T17:05:39Z
128928,Nyovi,und,"","",,Kalanga,Khama III Memorial Museum in Serowe,2021-10-17T17:06:09Z
337751,ntungulu,und,"","",,Kalanga,Botswanabugs,2021-10-17T21:21:29Z
41900,hwobho,und,"","",,Kalanga,Botswanabugs,2021-10-20T18:22:45Z
340228,ntjetjeni,und,"","",,Kalanga,Botswanabugs,2021-10-20T18:28:41Z
594427,chinanga,und,"","",South African National Biodiversity Institute. 2021. Botanical Database of Southern Africa (BODATSA) [offline dataset]. http://newposa.sanbi.org [Note that these data are not available at this URL as of 2021],Kalanga,Ken-ichi Ueda,2021-10-21T20:16:25Z
594427,munanga,und,"","",South African National Biodiversity Institute. 2021. Botanical Database of Southern Africa (BODATSA) [offline dataset]. http://newposa.sanbi.org [Note that these data are not available at this URL as of 2021],Kalanga,Ken-ichi Ueda,2021-10-21T20:16:26Z
594427,nkoho,und,"","",South African National Biodiversity Institute. 2021. Botanical Database of Southern Africa (BODATSA) [offline dataset]. http://newposa.sanbi.org [Note that these data are not available at this URL as of 2021],Kalanga,Ken-ichi Ueda,2021-10-21T20:16:26Z
568252,muunga,und,"","",South African National Biodiversity Institute. 2021. Botanical Database of Southern Africa (BODATSA) [offline dataset]. http://newposa.sanbi.org [Note that these data are not available at this URL as of 2021],Kalanga,Ken-ichi Ueda,2021-10-21T20:16:26Z
568252,muwunga,und,"","",South African National Biodiversity Institute. 2021. Botanical Database of Southern Africa (BODATSA) [offline dataset]. http://newposa.sanbi.org [Note that these data are not available at this URL as of 2021],Kalanga,Ken-ichi Ueda,2021-10-21T20:16:27Z
81500,mbuyu,und,"","",South African National Biodiversity Institute. 2021. Botanical Database of Southern Africa (BODATSA) [offline dataset]. http://newposa.sanbi.org [Note that these data are not available at this URL as of 2021],Kalanga,Ken-ichi Ueda,2021-10-21T20:16:27Z
81500,mguya,und,"","",South African National Biodiversity Institute. 2021. Botanical Database of Southern Africa (BODATSA) [offline dataset]. http://newposa.sanbi.org [Note that these data are not available at this URL as of 2021],Kalanga,Ken-ichi Ueda,2021-10-21T20:16:27Z
81500,mubuyu,und,"","",South African National Biodiversity Institute. 2021. Botanical Database of Southern Africa (BODATSA) [offline dataset]. http://newposa.sanbi.org [Note that these data are not available at this URL as of 2021],Kalanga,Ken-ichi Ueda,2021-10-21T20:16:28Z
340236,mubapi,und,"","",South African National Biodiversity Institute. 2021. Botanical Database of Southern Africa (BODATSA) [offline dataset]. http://newposa.sanbi.org [Note that these data are not available at this URL as of 2021],Kalanga,Ken-ichi Ueda,2021-10-21T20:16:28Z
340175,musalati,und,"","",South African National Biodiversity Institute. 2021. Botanical Database of Southern Africa (BODATSA) [offline dataset]. http://newposa.sanbi.org [Note that these data are not available at this URL as of 2021],Kalanga,Ken-ichi Ueda,2021-10-21T20:16:28Z
189622,mutondo,und,"","",South African National Biodiversity Institute. 2021. Botanical Database of Southern Africa (BODATSA) [offline dataset]. http://newposa.sanbi.org [Note that these data are not available at this URL as of 2021],Kalanga,Ken-ichi Ueda,2021-10-21T20:16:28Z
581278,pfute,und,"","",South African National Biodiversity Institute. 2021. Botanical Database of Southern Africa (BODATSA) [offline dataset]. http://newposa.sanbi.org [Note that these data are not available at this URL as of 2021],Kalanga,Ken-ichi Ueda,2021-10-21T20:16:30Z
340265,muguzhe,und,"","",South African National Biodiversity Institute. 2021. Botanical Database of Southern Africa (BODATSA) [offline dataset]. http://newposa.sanbi.org [Note that these data are not available at this URL as of 2021],Kalanga,Ken-ichi Ueda,2021-10-21T20:16:30Z
340060,bondo,und,"","",South African National Biodiversity Institute. 2021. Botanical Database of Southern Africa (BODATSA) [offline dataset]. http://newposa.sanbi.org [Note that these data are not available at this URL as of 2021],Kalanga,Ken-ichi Ueda,2021-10-21T20:16:30Z
340060,tsingidzi,und,"","",South African National Biodiversity Institute. 2021. Botanical Database of Southern Africa (BODATSA) [offline dataset]. http://newposa.sanbi.org [Note that these data are not available at this URL as of 2021],Kalanga,Ken-ichi Ueda,2021-10-21T20:16:31Z
340408,mbwele,und,"","",South African National Biodiversity Institute. 2021. Botanical Database of Southern Africa (BODATSA) [offline dataset]. http://newposa.sanbi.org [Note that these data are not available at this URL as of 2021],Kalanga,Ken-ichi Ueda,2021-10-21T20:16:31Z
342738,umbondo,und,"","",South African National Biodiversity Institute. 2021. Botanical Database of Southern Africa (BODATSA) [offline dataset]. http://newposa.sanbi.org [Note that these data are not available at this URL as of 2021],Kalanga,Ken-ichi Ueda,2021-10-21T20:16:31Z
582629,nkunu,und,"","",South African National Biodiversity Institute. 2021. Botanical Database of Southern Africa (BODATSA) [offline dataset]. http://newposa.sanbi.org [Note that these data are not available at this URL as of 2021],Kalanga,Ken-ichi Ueda,2021-10-21T20:16:32Z
430874,iminyela-lidlwaya,und,"","",South African National Biodiversity Institute. 2021. Botanical Database of Southern Africa (BODATSA) [offline dataset]. http://newposa.sanbi.org [Note that these data are not available at this URL as of 2021],Kalanga,Ken-ichi Ueda,2021-10-21T20:16:32Z
430874,lidlwaya,und,"","",South African National Biodiversity Institute. 2021. Botanical Database of Southern Africa (BODATSA) [offline dataset]. http://newposa.sanbi.org [Note that these data are not available at this URL as of 2021],Kalanga,Ken-ichi Ueda,2021-10-21T20:16:32Z
340214,musuma,und,"","",South African National Biodiversity Institute. 2021. Botanical Database of Southern Africa (BODATSA) [offline dataset]. http://newposa.sanbi.org [Note that these data are not available at this URL as of 2021],Kalanga,Ken-ichi Ueda,2021-10-21T20:16:33Z
340376,mutobge,und,"","",South African National Biodiversity Institute. 2021. Botanical Database of Southern Africa (BODATSA) [offline dataset]. http://newposa.sanbi.org [Note that these data are not available at this URL as of 2021],Kalanga,Ken-ichi Ueda,2021-10-21T20:16:33Z
139165,mutete,und,"","",South African National Biodiversity Institute. 2021. Botanical Database of Southern Africa (BODATSA) [offline dataset]. http://newposa.sanbi.org [Note that these data are not available at this URL as of 2021],Kalanga,Ken-ichi Ueda,2021-10-21T20:16:33Z
599273,nkonde,und,"","",South African National Biodiversity Institute. 2021. Botanical Database of Southern Africa (BODATSA) [offline dataset]. http://newposa.sanbi.org [Note that these data are not available at this URL as of 2021],Kalanga,Ken-ichi Ueda,2021-10-21T20:16:34Z
599273,nkondi,und,"","",South African National Biodiversity Institute. 2021. Botanical Database of Southern Africa (BODATSA) [offline dataset]. http://newposa.sanbi.org [Note that these data are not available at this URL as of 2021],Kalanga,Ken-ichi Ueda,2021-10-21T20:16:34Z
133182,mukiwa,und,"","",South African National Biodiversity Institute. 2021. Botanical Database of Southern Africa (BODATSA) [offline dataset]. http://newposa.sanbi.org [Note that these data are not available at this URL as of 2021],Kalanga,Ken-ichi Ueda,2021-10-21T20:16:34Z
163027,muswantsha,und,"","",South African National Biodiversity Institute. 2021. Botanical Database of Southern Africa (BODATSA) [offline dataset]. http://newposa.sanbi.org [Note that these data are not available at this URL as of 2021],Kalanga,Ken-ichi Ueda,2021-10-21T20:16:35Z
163027,umqedi,und,"","",South African National Biodiversity Institute. 2021. Botanical Database of Southern Africa (BODATSA) [offline dataset]. http://newposa.sanbi.org [Note that these data are not available at this URL as of 2021],Kalanga,Ken-ichi Ueda,2021-10-21T20:16:35Z
340173,mokonoga,und,"","",South African National Biodiversity Institute. 2021. Botanical Database of Southern Africa (BODATSA) [offline dataset]. http://newposa.sanbi.org [Note that these data are not available at this URL as of 2021],Kalanga,Ken-ichi Ueda,2021-10-21T20:16:35Z
340173,motsauri,und,"","",South African National Biodiversity Institute. 2021. Botanical Database of Southern Africa (BODATSA) [offline dataset]. http://newposa.sanbi.org [Note that these data are not available at this URL as of 2021],Kalanga,Ken-ichi Ueda,2021-10-21T20:16:35Z
469315,ntewa,und,"","",South African National Biodiversity Institute. 2021. Botanical Database of Southern Africa (BODATSA) [offline dataset]. http://newposa.sanbi.org [Note that these data are not available at this URL as of 2021],Kalanga,Ken-ichi Ueda,2021-10-21T20:16:36Z
485445,muchiva,und,"","",South African National Biodiversity Institute. 2021. Botanical Database of Southern Africa (BODATSA) [offline dataset]. http://newposa.sanbi.org [Note that these data are not available at this URL as of 2021],Kalanga,Ken-ichi Ueda,2021-10-21T20:16:36Z
543241,ubanda,und,"","",South African National Biodiversity Institute. 2021. Botanical Database of Southern Africa (BODATSA) [offline dataset]. http://newposa.sanbi.org [Note that these data are not available at this URL as of 2021],Kalanga,Ken-ichi Ueda,2021-10-21T20:16:36Z
81491,musunguru,und,"","",South African National Biodiversity Institute. 2021. Botanical Database of Southern Africa (BODATSA) [offline dataset]. http://newposa.sanbi.org [Note that these data are not available at this URL as of 2021],Kalanga,Ken-ichi Ueda,2021-10-21T20:16:37Z
81491,muzunguru,und,"","",South African National Biodiversity Institute. 2021. Botanical Database of Southern Africa (BODATSA) [offline dataset]. http://newposa.sanbi.org [Note that these data are not available at this URL as of 2021],Kalanga,Ken-ichi Ueda,2021-10-21T20:16:37Z
588676,tjigangatja,und,"","",South African National Biodiversity Institute. 2021. Botanical Database of Southern Africa (BODATSA) [offline dataset]. http://newposa.sanbi.org [Note that these data are not available at this URL as of 2021],Kalanga,Ken-ichi Ueda,2021-10-21T20:16:37Z
322082,mtoba,und,"","",South African National Biodiversity Institute. 2021. Botanical Database of Southern Africa (BODATSA) [offline dataset]. http://newposa.sanbi.org [Note that these data are not available at this URL as of 2021],Kalanga,Ken-ichi Ueda,2021-10-21T20:16:38Z
322082,mutoba,und,"","",South African National Biodiversity Institute. 2021. Botanical Database of Southern Africa (BODATSA) [offline dataset]. http://newposa.sanbi.org [Note that these data are not available at this URL as of 2021],Kalanga,Ken-ichi Ueda,2021-10-21T20:16:38Z
199580,mushakata,und,"","",South African National Biodiversity Institute. 2021. Botanical Database of Southern Africa (BODATSA) [offline dataset]. http://newposa.sanbi.org [Note that these data are not available at this URL as of 2021],Kalanga,Ken-ichi Ueda,2021-10-21T20:16:38Z
166729,muchingwi,und,"","",South African National Biodiversity Institute. 2021. Botanical Database of Southern Africa (BODATSA) [offline dataset]. http://newposa.sanbi.org [Note that these data are not available at this URL as of 2021],Kalanga,Ken-ichi Ueda,2021-10-21T20:16:39Z
416750,munanzva,und,"","",South African National Biodiversity Institute. 2021. Botanical Database of Southern Africa (BODATSA) [offline dataset]. http://newposa.sanbi.org [Note that these data are not available at this URL as of 2021],Kalanga,Ken-ichi Ueda,2021-10-21T20:16:39Z
416750,munanzwa,und,"","",South African National Biodiversity Institute. 2021. Botanical Database of Southern Africa (BODATSA) [offline dataset]. http://newposa.sanbi.org [Note that these data are not available at this URL as of 2021],Kalanga,Ken-ichi Ueda,2021-10-21T20:16:39Z
416750,nanzva,und,"","",South African National Biodiversity Institute. 2021. Botanical Database of Southern Africa (BODATSA) [offline dataset]. http://newposa.sanbi.org [Note that these data are not available at this URL as of 2021],Kalanga,Ken-ichi Ueda,2021-10-21T20:16:40Z
600851,zingililo,und,"","",South African National Biodiversity Institute. 2021. Botanical Database of Southern Africa (BODATSA) [offline dataset]. http://newposa.sanbi.org [Note that these data are not available at this URL as of 2021],Kalanga,Ken-ichi Ueda,2021-10-21T20:16:40Z
340243,mubvamaropa,und,"","",South African National Biodiversity Institute. 2021. Botanical Database of Southern Africa (BODATSA) [offline dataset]. http://newposa.sanbi.org [Note that these data are not available at this URL as of 2021],Kalanga,Ken-ichi Ueda,2021-10-21T20:16:40Z
340243,mubvaropa,und,"","",South African National Biodiversity Institute. 2021. Botanical Database of Southern Africa (BODATSA) [offline dataset]. http://newposa.sanbi.org [Note that these data are not available at this URL as of 2021],Kalanga,Ken-ichi Ueda,2021-10-21T20:16:40Z
340246,morula,und,"","",South African National Biodiversity Institute. 2021. Botanical Database of Southern Africa (BODATSA) [offline dataset]. http://newposa.sanbi.org [Note that these data are not available at this URL as of 2021],Kalanga,Ken-ichi Ueda,2021-10-21T20:16:41Z
601099,mukungu,und,"","",South African National Biodiversity Institute. 2021. Botanical Database of Southern Africa (BODATSA) [offline dataset]. http://newposa.sanbi.org [Note that these data are not available at this URL as of 2021],Kalanga,Ken-ichi Ueda,2021-10-21T20:16:41Z
593974,mutangeni,und,"","",South African National Biodiversity Institute. 2021. Botanical Database of Southern Africa (BODATSA) [offline dataset]. http://newposa.sanbi.org [Note that these data are not available at this URL as of 2021],Kalanga,Ken-ichi Ueda,2021-10-21T20:16:41Z
566047,kukubuyu,und,"","",South African National Biodiversity Institute. 2021. Botanical Database of Southern Africa (BODATSA) [offline dataset]. http://newposa.sanbi.org [Note that these data are not available at this URL as of 2021],Kalanga,Ken-ichi Ueda,2021-10-21T20:16:42Z
340170,nkwakwa,und,"","",South African National Biodiversity Institute. 2021. Botanical Database of Southern Africa (BODATSA) [offline dataset]. http://newposa.sanbi.org [Note that these data are not available at this URL as of 2021],Kalanga,Ken-ichi Ueda,2021-10-21T20:16:42Z
601546,muzozo,und,"","",South African National Biodiversity Institute. 2021. Botanical Database of Southern Africa (BODATSA) [offline dataset]. http://newposa.sanbi.org [Note that these data are not available at this URL as of 2021],Kalanga,Ken-ichi Ueda,2021-10-21T20:16:42Z
601546,mzwiga,und,"","",South African National Biodiversity Institute. 2021. Botanical Database of Southern Africa (BODATSA) [offline dataset]. http://newposa.sanbi.org [Note that these data are not available at this URL as of 2021],Kalanga,Ken-ichi Ueda,2021-10-21T20:16:43Z
601546,nzvigwa,und,"","",South African National Biodiversity Institute. 2021. Botanical Database of Southern Africa (BODATSA) [offline dataset]. http://newposa.sanbi.org [Note that these data are not available at this URL as of 2021],Kalanga,Ken-ichi Ueda,2021-10-21T20:16:43Z
596344,setundewanga,und,"","",South African National Biodiversity Institute. 2021. Botanical Database of Southern Africa (BODATSA) [offline dataset]. http://newposa.sanbi.org [Note that these data are not available at this URL as of 2021],Kalanga,Ken-ichi Ueda,2021-10-21T20:16:44Z
527059,Ntewa,und,"","",,Kalanga,Botswanabugs,2021-10-29T00:26:28Z
343067,Nvavani,und,"","",,Kalanga,Botswanabugs,2021-10-29T00:39:30Z
343067,Mvavani,und,"","",,Kalanga,Botswanabugs,2021-10-29T00:40:39Z
1210973,Phungubgwe,und,"","",,Kalanga,Botswanabugs,2021-10-29T09:41:06Z
1210966,Phungubgwe,und,"","",,Kalanga,Botswanabugs,2021-10-29T09:42:17Z
42328,Isidumuka,und,"","",,Kalanga,Botswanabugs,2021-10-29T10:26:13Z
1210966,mphungugwe,und,"","",,Kalanga,Botswanabugs,2021-10-30T05:38:51Z
1210966,Mungugwe,und,"","",,Kalanga,Botswanabugs,2021-10-30T05:40:38Z
1210966,Mmungugbwe,und,"","",,Kalanga,Botswanabugs,2021-10-30T05:42:40Z
122099,mabophe,und,"","",,Kalanga,Botswanabugs,2021-10-31T19:15:40Z
792926,Tjikokodzantanda,und,"","",,Kalanga,Botswanabugs,2021-11-02T12:10:21Z
142774,tjibelu,und,"","",,Kalanga,Botswanabugs,2021-11-02T13:51:01Z
111451,shato,und,"","",,Kalanga,Botswanabugs,2021-11-05T15:28:03Z
86007,inkala,und,"","",,Kalanga,Botswanabugs,2021-11-08T01:42:56Z
86007,gakazamba,und,"","",,Kalanga,Botswanabugs,2021-11-08T01:44:45Z
119995,mahonja,und,"","",,Kalanga,Botswanabugs,2021-11-08T07:26:44Z
116293,mbulu,und,"","",,Kalanga,Botswanabugs,2021-11-09T13:26:59Z
528081,Vumba,und,"","",,Kalanga,Botswanabugs,2021-11-11T12:01:02Z
81500,boana,und,"","",,Kalanga,Botswanabugs,2021-11-11T15:21:25Z
81500,boyana,und,"","",,Kalanga,Botswanabugs,2021-11-11T15:21:58Z
81500,muuyu,und,"","",,Kalanga,Botswanabugs,2021-11-11T15:23:08Z
14051,Nkhwii,und,"","",,Kalanga,Botswanabugs,2021-11-12T06:39:21Z
43335,mbizi,und,"","",,Kalanga,Botswanabugs,2021-11-16T05:10:15Z
42339,zilawa,und,"","",,Kalanga,Botswanabugs,2021-11-20T04:30:07Z
42157,khwiza,und,"","",,Kalanga,Botswanabugs,2021-11-27T09:20:11Z
42157,Pkhwizha,und,"","",,Kalanga,Botswanabugs,2021-11-27T09:21:48Z
132448,ntatatjiba,und,"","",,Kalanga,Botswanabugs,2021-12-21T09:28:22Z
516181,anaka,und,"","",,Kalanga,Botswanabugs,2021-12-21T11:28:36Z
41884,mhele,und,"","",,Kalanga,Botswanabugs,2022-01-10T08:01:04Z
340143,Shangoma,und,"","",,Kalanga,Botswanabugs,2022-01-20T12:18:30Z
340143,shongoma,und,"","",,Kalanga,Botswanabugs,2022-01-20T12:19:42Z
340143,Nhongoma,und,"","",,Kalanga,Botswanabugs,2022-01-20T12:21:28Z
340143,Nshongoma,und,"","",,Kalanga,Botswanabugs,2022-01-20T12:22:00Z
45929,Ntule,und,"","",,Kalanga,Botswanabugs,2022-03-10T10:12:51Z
45929,wizho,und,"","",,Kalanga,Botswanabugs,2022-03-10T10:15:40Z
45929,mayelane,und,"","",,Kalanga,Botswanabugs,2022-03-10T10:17:37Z
45929,Mahelani,und,"","",,Kalanga,Botswanabugs,2022-03-10T10:18:23Z
721186,Hhangenlobe,und,"","",,Kalanga,Botswanabugs,2022-03-28T04:39:50Z
45929,Gwizho,und,"","",,Kalanga,Botswanabugs,2022-07-06T03:18:44Z
45929,Khwizho,und,"","",,Kalanga,Botswanabugs,2022-07-06T03:19:34Z
45929,Whozi,und,"","",,Kalanga,Botswanabugs,2022-07-06T03:20:27Z
45929,Manjengwa,und,"","",,Kalanga,Botswanabugs,2022-07-06T03:23:28Z
30488,pakupaku,und,"","",,Kalanga,Botswanabugs,2022-08-18T09:47:37Z
30475,pakupaku,und,"","",,Kalanga,Botswanabugs,2022-08-18T09:48:52Z
433767,tutujane,und,"","",,Kalanga,Botswanabugs,2022-08-18T12:30:21Z
26717,ipakupaku,und,"","",,Kalanga,Botswanabugs,2022-09-07T05:36:58Z
527007,chinganga,und,"","",,Kalanga,Botswanabugs,2022-09-07T05:49:42Z
1417064,ntogwe,und,"","",https://www.inaturalist.org/taxon_names/2357671/edit,Kalanga,,2022-09-24T03:23:30Z
47735,Shongololo,und,"","",,Kalanga,Botswanabugs,2023-01-14T02:18:42Z
1424120,Hangatoni,und,"","",https://www.inaturalist.org/taxon_names/2852445/edit,Kalanga,,2023-01-15T06:34:25Z
1424120,Hanga,und,"","",https://www.inaturalist.org/taxon_names/2852451/edit,Kalanga,,2023-01-15T06:34:25Z
461690,Muwaa,und,"","",,Kalanga,Botswanabugs,2023-04-10T09:19:34Z
340194,mutowa,und,"","",,Kalanga,Botswanabugs,2023-04-14T00:42:41Z
47062,wombela,und,"","",,Kalanga,Botswanabugs,2023-04-25T07:30:26Z
19350,wunda,und,"","",,Kalanga,Botswanabugs,2023-04-25T08:04:26Z
25001,chinana,und,"","",,Kalanga,Botswanabugs,2023-05-14T04:16:28Z
1473181,munye,und,"","",South African National Biodiversity Institute. 2021. Botanical Database of Southern Africa (BODATSA) [offline dataset]. http://newposa.sanbi.org [Note that these data are not available at this URL as of 2021],Kalanga,,2023-06-09T13:59:16Z
1473181,munyiyi,und,"","",South African National Biodiversity Institute. 2021. Botanical Database of Southern Africa (BODATSA) [offline dataset]. http://newposa.sanbi.org [Note that these data are not available at this URL as of 2021],Kalanga,,2023-06-09T13:59:16Z
340243,Nkwilambila,und,"","",,Kalanga,Botswanabugs,2023-06-17T11:41:58Z
47158,Zwikonyana,und,Botswana,BW,,Kalanga,Botswanabugs,2023-07-18T14:24:51Z
428179,masweswa,und,"","",,Kalanga,Botswanabugs,2023-08-25T12:30:14Z
1505670,dzu,und,"","",https://www.inaturalist.org/taxon_names/3393349/edit,Kalanga,Victor HOYEAU,2023-10-29T22:14:06Z
1506034,funye,und,"","",https://www.inaturalist.org/taxon_names/2361975/edit,Kalanga,Donald Davesne,2023-10-30T19:16:30Z
430533,Mususu,und,"","",,Kalanga,Botswanabugs,2023-11-04T09:38:12Z
30851,mvumbi,und,"","",,Kalanga,Botswanabugs,2023-11-19T11:28:29Z
30851,bvumbi,und,"","",,Kalanga,Botswanabugs,2023-11-19T11:29:27Z
30851,mbvumbi,und,"","",,Kalanga,Botswanabugs,2023-11-19T11:30:46Z
111451,hato,und,"","",,Kalanga,Botswanabugs,2023-11-19T11:38:58Z
111451,hhato,und,"","",,Kalanga,Botswanabugs,2023-11-19T11:39:50Z
42278,mpala,und,"","",,Kalanga,Botswanabugs,2023-11-19T11:43:07Z
42278,mhala,und,"","",,Kalanga,Botswanabugs,2023-11-19T11:43:50Z
502780,butema,und,"","",,Kalanga,Botswanabugs,2023-12-20T17:00:19Z
502780,Gaba,und,"","",,Kalanga,Botswanabugs,2023-12-20T17:02:27Z
162855,Ngotja,und,"","",,Kalanga,Botswanabugs,2023-12-31T18:28:00Z
1428,Hanga,und,"","",,Kalanga,Botswanabugs,2024-01-31T10:08:57Z
47062,whombela,und,"","",,Kalanga,Botswanabugs,2024-02-05T19:29:32Z
1431867,mbala,und,"","",,Kalanga,Botswanabugs,2024-02-05T19:33:19Z
