id,vernacularName,language,locality,countryCode,source,lexicon,contributor,created
58991,acahuecashacua,und,"","",,Purépecha,Victor HOYEAU,2013-05-16T07:57:57Z
127676,acanguaricua,und,"","",,Purépecha,Ken-ichi Ueda,2013-05-16T07:57:59Z
78917,acuitze-uaricua,und,"","",,Purépecha,Ken-ichi Ueda,2013-05-16T07:58:14Z
288859,acuitze-uaríracua,und,"","",,Purépecha,Ken-ichi Ueda,2013-05-16T07:58:14Z
48448,ahtziri,und,"","",,Purépecha,Ken-ichi Ueda,2013-05-16T07:58:27Z
168915,akarheni,und,"","",,Purépecha,Ken-ichi Ueda,2013-05-16T07:58:37Z
122521,amánchacua,und,"","",,Purépecha,Ken-ichi Ueda,2013-05-16T07:59:12Z
284533,ambástacua,und,"","",,Purépecha,Ken-ichi Ueda,2013-05-16T07:59:23Z
165707,andúmucua,und,"","",,Purépecha,Jorge Rojas S.,2013-05-16T07:59:35Z
79312,apátzicua,und,"","",,Purépecha,Jorge Rojas S.,2013-05-16T07:59:43Z
62295,atusihuats,und,"","",,Purépecha,Bodo Nuñez Oberg,2013-05-16T08:00:11Z
277430,atusivats,und,"","",,Purépecha,Ken-ichi Ueda,2013-05-16T08:00:11Z
165586,Cacanicua,und,"","",,Purépecha,Steve Jones,2013-05-16T08:02:53Z
48514,cahuasa,und,"","",,Purépecha,Nick Block,2013-05-16T08:03:08Z
139320,Cahuirica,und,"","",,Purépecha,Ken-ichi Ueda,2013-05-16T08:03:08Z
281729,cahuirica,und,"","",,Purépecha,Ken-ichi Ueda,2013-05-16T08:03:08Z
62760,cahuirica,und,"","",,Purépecha,Ken-ichi Ueda,2013-05-16T08:03:08Z
138717,cahuirica,und,"","",,Purépecha,Ken-ichi Ueda,2013-05-16T08:03:08Z
280714,cahuírica,und,"","",,Purépecha,Ken-ichi Ueda,2013-05-16T08:03:09Z
64340,cajecua,und,"","",,Purépecha,Ken-ichi Ueda,2013-05-16T08:03:10Z
206527,Capiri,und,"","",,Purépecha,Ken-ichi Ueda,2013-05-16T08:03:48Z
284200,carámicua,und,"","",,Purépecha,Carlos Galindo-Leal,2013-05-16T08:04:04Z
284829,carape,und,"","",,Purépecha,Ken-ichi Ueda,2013-05-16T08:04:05Z
123694,"carasu, carhasi",und,"","",,Purépecha,max kirsch,2013-05-16T08:04:05Z
159126,carátacua,und,"","",,Purépecha,Ken-ichi Ueda,2013-05-16T08:04:05Z
289134,chacamecua,und,"","",,Purépecha,Ken-ichi Ueda,2013-05-16T08:04:49Z
75395,chacua,und,"","",,Purépecha,Ken-ichi Ueda,2013-05-16T08:04:52Z
75396,chacua,und,"","",,Purépecha,Ken-ichi Ueda,2013-05-16T08:04:52Z
316796,chacua,und,"","",,Purépecha,Adrian Bojorquez,2013-05-16T08:04:52Z
146597,chalihuesca,und,"","",,Purépecha,Jorge Rojas S.,2013-05-16T08:04:57Z
289136,chapuz,und,"","",,Purépecha,Ken-ichi Ueda,2013-05-16T08:05:05Z
275346,charapeti,und,"","",,Purépecha,Ken-ichi Ueda,2013-05-16T08:05:05Z
164323,charatzicua,und,"","",,Purépecha,Jorge Rojas S.,2013-05-16T08:05:06Z
283153,chirare,und,"","",,Purépecha,Ken-ichi Ueda,2013-05-16T08:05:38Z
280512,churuqua,und,"","",,Purépecha,Adrian Bojorquez,2013-05-16T08:05:54Z
147260,cirián,und,"","",,Purépecha,Jorge Rojas S.,2013-05-16T08:06:00Z
158336,corónguca,und,"","",,Purépecha,Ken-ichi Ueda,2013-05-16T08:07:04Z
244808,c'uájtsutacu,und,"","",,Purépecha,Ken-ichi Ueda,2013-05-16T08:07:26Z
289775,cuimic,und,"","",,Purépecha,Ken-ichi Ueda,2013-05-16T08:07:43Z
77676,cuisique,und,"","",,Purépecha,harum.koh,2013-05-16T08:07:43Z
54329,cuitziquiendas,und,"","",,Purépecha,Cole Gaerber,2013-05-16T08:07:43Z
123438,cundá,und,"","",,Purépecha,Bodo Nuñez Oberg,2013-05-16T08:07:58Z
122530,cupamu,und,"","",,Purépecha,Ken-ichi Ueda,2013-05-16T08:07:58Z
287909,cupamu,und,"","",,Purépecha,Ken-ichi Ueda,2013-05-16T08:07:58Z
62831,cupanda,und,"","",,Purépecha,Ken-ichi Ueda,2013-05-16T08:07:58Z
288710,curujkerámani,und,"","",,Purépecha,Bodo Nuñez Oberg,2013-05-16T08:07:59Z
76541,cus,und,"","",,Purépecha,Carlos Galindo-Leal,2013-05-16T08:07:59Z
290713,cútacua,und,"","",,Purépecha,Ken-ichi Ueda,2013-05-16T08:08:00Z
62859,enandi,und,"","",,Purépecha,Ken-ichi Ueda,2013-05-16T08:08:20Z
283077,guasicuco,und,"","",,Purépecha,Ken-ichi Ueda,2013-05-16T08:10:26Z
290427,huanito,und,"","",,Purépecha,Ken-ichi Ueda,2013-05-16T08:15:14Z
283341,huararichiri-tsitsiki,und,"","",,Purépecha,Ken-ichi Ueda,2013-05-16T08:15:14Z
83585,huicumu,und,"","",,Purépecha,Ken-ichi Ueda,2013-05-16T08:15:19Z
283991,inhuambo,und,"","",,Purépecha,Carlos Galindo-Leal,2013-05-16T08:15:29Z
140596,itzamacua,und,"","",,Purépecha,Ken-ichi Ueda,2013-05-16T08:15:41Z
57309,jaasi,und,"","",,Purépecha,Bobby McCabe,2013-05-16T08:15:51Z
55854,kakareshku,und,"","",,Purépecha,Stefano Doglio,2013-05-16T08:16:27Z
148361,kaparixakua,und,"","",,Purépecha,Bodo Nuñez Oberg,2013-05-16T08:16:34Z
161821,kutsikua jaiáki,und,"","",,Purépecha,Ken-ichi Ueda,2013-05-16T08:16:45Z
277826,malisu uruata,und,"","",,Purépecha,Ken-ichi Ueda,2013-05-16T08:18:27Z
209860,matixerán,und,"","",,Purépecha,Ken-ichi Ueda,2013-05-16T08:18:59Z
50333,Meshengua,und,"","",,Purépecha,Zinogre,2013-05-16T08:19:09Z
165697,molulo,und,"","",,Purépecha,Ken-ichi Ueda,2013-05-16T08:19:24Z
286579,nendi miti,und,"","",,Purépecha,Ken-ichi Ueda,2013-05-16T08:20:03Z
285783,pachicua,und,"","",,Purépecha,Ken-ichi Ueda,2013-05-16T08:21:10Z
158552,panángksi,und,"","",,Purépecha,Ken-ichi Ueda,2013-05-16T08:22:07Z
132130,pánicua,und,"","",,Purépecha,Adrian Bojorquez,2013-05-16T08:22:07Z
140505,parácata,und,"","",,Purépecha,Ken-ichi Ueda,2013-05-16T08:22:14Z
138592,parácata,und,"","",,Purépecha,Ken-ichi Ueda,2013-05-16T08:22:14Z
134212,Paramu,und,"","",,Purépecha,Ken-ichi Ueda,2013-05-16T08:22:15Z
201455,parencsuni,und,"","",,Purépecha,Ken-ichi Ueda,2013-05-16T08:22:15Z
64017,patamu,und,"","",,Purépecha,Yoshimasa Uchiyama,2013-05-16T08:22:37Z
49569,patzueni,und,"","",,Purépecha,Bobby McCabe,2013-05-16T08:22:39Z
49665,Penhamu,und,"","",,Purépecha,Ken-ichi Ueda,2013-05-16T08:22:47Z
206949,pima,und,"","",,Purépecha,Ken-ichi Ueda,2013-05-16T08:22:58Z
166920,pinzán,und,"","",,Purépecha,Kevin Faccenda,2013-05-16T08:23:06Z
122711,pirimu,und,"","",,Purépecha,Liam Cassidy,2013-05-16T08:23:11Z
286595,querengue,und,"","",,Purépecha,Ken-ichi Ueda,2013-05-16T08:23:42Z
273839,shanin-tzitziki,und,"","",,Purépecha,Ken-ichi Ueda,2013-05-16T08:24:29Z
68562,sharacamata,und,"","",,Purépecha,Ken-ichi Ueda,2013-05-16T08:24:30Z
128533,shaté,und,"","",,Purépecha,Steve Jones,2013-05-16T08:24:30Z
199511,shaté,und,"","",,Purépecha,Steve Jones,2013-05-16T08:24:31Z
207053,shaté,und,"","",,Purépecha,Ken-ichi Ueda,2013-05-16T08:24:31Z
283089,sicuito,und,"","",,Purépecha,Ken-ichi Ueda,2013-05-16T08:24:36Z
60439,sirindanicua,und,"","",,Purépecha,Zinogre,2013-05-16T08:24:43Z
77299,suruata,und,"","",,Purépecha,Ken-ichi Ueda,2013-05-16T08:24:52Z
278268,susúcua,und,"","",,Purépecha,Alexis López Hernández,2013-05-16T08:24:52Z
78247,tarapeni,und,"","",,Purépecha,harum.koh,2013-05-16T08:25:14Z
164426,tarete,und,"","",,Purépecha,Joshua Ekrut,2013-05-16T08:25:15Z
189148,tepamu,und,"","",,Purépecha,Ken-ichi Ueda,2013-05-16T08:25:27Z
154027,tepuza,und,"","",,Purépecha,Ken-ichi Ueda,2013-05-16T08:25:29Z
159591,tepuza,und,"","",,Purépecha,Bodo Nuñez Oberg,2013-05-16T08:25:29Z
159174,thójteni,und,"","",,Purépecha,Ken-ichi Ueda,2013-05-16T08:25:36Z
181590,ticati,und,"","",,Purépecha,sea-kangaroo,2013-05-16T08:25:38Z
316792,ticuche,und,"","",,Purépecha,Ken-ichi Ueda,2013-05-16T08:25:39Z
283278,t'imbeni,und,"","",,Purépecha,Ken-ichi Ueda,2013-05-16T08:25:43Z
288214,timbuqui,und,"","",,Purépecha,Ken-ichi Ueda,2013-05-16T08:25:43Z
75265,trompetilla,und,"","",,Purépecha,Ken-ichi Ueda,2013-05-16T08:26:13Z
160255,Trompetilla,und,"","",,Purépecha,Ken-ichi Ueda,2013-05-16T08:26:14Z
76608,trompetilla,und,"","",,Purépecha,Ken-ichi Ueda,2013-05-16T08:26:14Z
48363,trompetilla,und,"","",,Purépecha,cassi saari,2013-05-16T08:26:15Z
48592,tsurúpsi,und,"","",,Purépecha,Ken-ichi Ueda,2013-05-16T08:26:27Z
153910,turicua,und,"","",,Purépecha,Ken-ichi Ueda,2013-05-16T08:26:39Z
273755,tzacap-tzitzuec,und,"","",,Purépecha,Ken-ichi Ueda,2013-05-16T08:26:44Z
58334,Tzinyacua,und,"","",,Purépecha,Donald Davesne,2013-05-16T08:26:51Z
62941,uaisa,und,"","",,Purépecha,Ken-ichi Ueda,2013-05-16T08:27:02Z
58961,uitsákua shipiati,und,"","",,Purépecha,galanhsnu,2013-05-16T08:27:05Z
54605,uitsicua,und,"","",,Purépecha,Ken-ichi Ueda,2013-05-16T08:27:05Z
209889,urata,und,"","",,Purépecha,Ken-ichi Ueda,2013-05-16T08:27:10Z
276378,xarapiscua,und,"","",,Purépecha,Ken-ichi Ueda,2013-05-16T08:27:32Z
288591,xararo,und,"","",,Purépecha,Ken-ichi Ueda,2013-05-16T08:27:32Z
289197,xararo,und,"","",,Purépecha,Ken-ichi Ueda,2013-05-16T08:27:33Z
57983,xaricámata,und,"","",,Purépecha,Harlan Svoboda,2013-05-16T08:27:33Z
286956,xenxenekua,und,"","",,Purépecha,Bodo Nuñez Oberg,2013-05-16T08:27:35Z
160955,zuzupe,und,"","",,Purépecha,Ken-ichi Ueda,2013-05-16T08:28:50Z
76746,cuatsitinisa,und,"","",,Purépecha,Ken-ichi Ueda,2014-01-07T06:19:01Z
170883,pantani,und,"","",,Purépecha,Carlos Galindo-Leal,2014-10-13T18:18:14Z
124349,cútacua,und,"","",,Purépecha,Bobby McCabe,2016-08-02T02:59:53Z
126980,turicua,und,"","",,Purépecha,,2016-08-10T21:09:11Z
79472,arúmbari,und,"","",,Purépecha,Konstantinos Kalaentzis,2017-04-20T06:43:48Z
315018,shengua,und,"","",,Purépecha,Bodo Nuñez Oberg,2017-07-10T00:35:01Z
47902,Paré,und,"","",,Purépecha,Jorge Rojas S.,2017-09-27T23:09:25Z
179397,tiringin,und,"","",,Purépecha,Bodo Nuñez Oberg,2017-10-27T14:56:09Z
281219,nurhite,und,"","",,Purépecha,Bodo Nuñez Oberg,2018-01-29T05:28:43Z
84300,kondémbasi,und,"","",,Purépecha,wsyxbcl,2018-04-04T15:02:05Z
280392,tzaracata,und,"","",,Purépecha,Bodo Nuñez Oberg,2018-06-15T19:24:45Z
286483,aparicua,und,"","",,Purépecha,Ken-ichi Ueda,2019-02-17T21:12:40Z
204942,aróracua,und,"","",,Purépecha,Ken-ichi Ueda,2019-02-18T04:13:13Z
281219,nurite,und,"","",,Purépecha,Bodo Nuñez Oberg,2019-02-18T04:24:29Z
887938,shencua,und,"","",,Purépecha,Ken-ichi Ueda,2019-05-03T16:53:28Z
1065314,guarichu,und,"","",https://www.inaturalist.org/taxon_names/445297/edit,Purépecha,Adrian Bojorquez,2020-04-05T16:25:36Z
59983,tiriapu,und,"","",,Purépecha,Bodo Nuñez Oberg,2020-04-29T22:14:41Z
159651,aparicua,und,"","",https://www.inaturalist.org/taxon_names/442236/edit,Purépecha,Carlos G Velazco-Macias,2021-01-14T17:11:45Z
47118,Sïkuapu,und,"","",,Purépecha,Diego Barrales,2021-03-14T17:19:41Z
48894,K’uarapu,und,"","",,Purépecha,Diego Barrales,2021-03-14T17:21:23Z
350031,terékua tirípiti,und,"","",,Purépecha,Manuel Nicolás Madrigal Pérez,2021-04-06T17:25:49Z
164426,Meshengua,und,"","",https://www.inaturalist.org/taxon_names/447321/edit,Purépecha,Joshua Ekrut,2021-07-31T02:01:24Z
78243,xantintzutzuki,und,"","",,Purépecha,Bodo Nuñez Oberg,2022-03-21T20:13:03Z
1392729,cuirindal,und,"","",,Purépecha,Elizabeth Torres Bahena,2022-05-18T15:17:25Z
866390,apópu,und,"","",https://www.inaturalist.org/taxon_names/442246/edit,Purépecha,Chris Thawley,2023-03-17T00:57:40Z
138627,Puren-sapicho,und,"","",,Purépecha,Oscar González,2023-07-11T21:40:35Z
921916,terékua vispero,und,"","",,Purépecha,Bodo Nuñez Oberg,2023-08-15T19:35:46Z
63238,terékua agukua,und,"","",,Purépecha,Bodo Nuñez Oberg,2023-08-15T19:38:48Z
63260,terékua kuín jatsíri,und,"","",,Purépecha,Bodo Nuñez Oberg,2023-08-15T19:40:41Z
118243,terékua pachakua,und,"","",,Purépecha,Bodo Nuñez Oberg,2023-08-15T19:43:08Z
48215,terékua tiamu charapiti,und,"","",,Purépecha,Bodo Nuñez Oberg,2023-08-15T19:44:03Z
350216,terékua panhachikua,und,"","",,Purépecha,Bodo Nuñez Oberg,2023-08-15T19:44:45Z
77299,Shuruata,und,"","",,Purépecha,Erick Vélez Sánchez,2023-09-04T15:20:09Z
