id,vernacularName,language,locality,countryCode,source,lexicon,contributor,created
4956,Kerc'heiz vras Amerika,br,"","",,Breton,John E. Christensen,2017-11-29T07:50:53Z
47115,Blotviled,br,"","",,Breton,John E. Christensen,2017-11-29T21:57:10Z
47158,Amprevan,br,"","",,Breton,John E. Christensen,2017-12-23T10:46:56Z
43791,Avank,br,"","",,Breton,John E. Christensen,2017-12-26T20:09:38Z
39532,Baot,br,"","",,Breton,John E. Christensen,2018-02-02T07:36:45Z
569428,Kaerell,br,"","",,Breton,John E. Christensen,2018-07-05T06:52:22Z
333586,Buzhug,br,"","",,Breton,John E. Christensen,2018-07-11T14:03:11Z
49315,Morgazh,br,"","",,Breton,Bobby McCabe,2018-09-26T16:01:31Z
447155,Gouelan,br,"","",,Breton,John E. Christensen,2018-10-01T14:20:07Z
43697,Olifant Azia,br,"","",,Breton,Bobby McCabe,2018-10-09T20:26:31Z
339939,Tiranosaor,br,"","",,Breton,Bobby McCabe,2018-10-22T03:34:51Z
41964,Leon,br,"","",,Breton,Bobby McCabe,2018-10-22T03:54:08Z
41964,Loen,br,"","",,Breton,Bobby McCabe,2018-10-22T03:54:25Z
41970,Jagoar,br,"","",,Breton,Bobby McCabe,2018-10-22T04:18:53Z
41963,Panterenn,br,"","",,Breton,Bobby McCabe,2018-10-22T04:39:28Z
41963,Banterenn,br,"","",,Breton,Bobby McCabe,2018-10-22T04:39:44Z
41963,Loupard,br,"","",,Breton,Bobby McCabe,2018-10-22T04:40:11Z
41967,Tigr,br,"","",,Breton,Bobby McCabe,2018-10-22T05:04:53Z
74831,Loupard an erc'h,br,"","",,Breton,Bobby McCabe,2018-10-22T05:19:51Z
74831,Oñs,br,"","",,Breton,Bobby McCabe,2018-10-22T05:20:04Z
41955,Gwepard,br,"","",,Breton,Bobby McCabe,2018-10-22T12:52:54Z
42007,Puma,br,"","",,Breton,Bobby McCabe,2018-10-22T13:19:50Z
41641,Arzh gell,br,"","",,Breton,Bobby McCabe,2018-10-22T22:35:48Z
41659,Panda bras,br,"","",,Breton,Bobby McCabe,2018-10-23T00:19:52Z
41644,Arzh gwenn,br,"","",,Breton,Bobby McCabe,2018-10-23T20:37:58Z
41638,Arzh du Amerika,br,"","",,Breton,Bobby McCabe,2018-10-23T21:50:21Z
43335,Roudenneg ar stepennoù,br,"","",,Breton,Bobby McCabe,2018-10-23T22:24:31Z
41647,Arzh du Azia,br,"","",,Breton,Bobby McCabe,2018-10-24T13:41:44Z
43692,Olifanten,br,"","",,Breton,Bobby McCabe,2018-11-01T19:00:42Z
793469,Dreolan kabell aour,br,"","",,Breton,John E. Christensen,2018-11-06T02:58:54Z
43694,Olifant savanennoù Afrika,br,"","",,Breton,Bobby McCabe,2018-11-10T23:07:08Z
357910,Olifant koadoù Afrika,br,"","",,Breton,Bobby McCabe,2018-11-10T23:42:32Z
42405,Bual Afrika,br,"","",,Breton,Bobby McCabe,2018-11-24T17:46:34Z
43348,Frikorneg gwenn,br,"","",,Breton,Bobby McCabe,2018-11-26T13:22:08Z
47851,Derv,br,"","",,Breton,John E. Christensen,2018-11-26T15:14:56Z
121943,Raden,br,"","",,Breton,John E. Christensen,2018-12-17T16:21:37Z
848319,Godelleged,br,"","",,Breton,Bobby McCabe,2019-01-18T21:18:02Z
42412,Ejen-musk,br,"","",,Breton,Bobby McCabe,2019-01-20T17:30:23Z
40151,Bronneged,br,"","",,Breton,John E. Christensen,2019-02-07T18:13:56Z
47458,Morgazh,br,"","",,Breton,Bobby McCabe,2019-03-05T13:05:41Z
47217,Orkide,br,"","",,Breton,John E. Christensen,2019-03-15T10:43:33Z
81542,Dremedal,br,"","",,Breton,Bobby McCabe,2019-04-11T14:27:43Z
551307,Rinkined,br,"","",,Breton,Bobby McCabe,2019-04-16T20:01:18Z
44576,Razh rous,br,"","",,Breton,John E. Christensen,2019-04-17T09:30:37Z
43236,Ornitorink,br,"","",,Breton,Bobby McCabe,2019-04-18T15:21:10Z
85553,Naer,br,"","",,Breton,John E. Christensen,2019-04-28T07:09:07Z
74113,Chatal,br,"","",,Breton,Bobby McCabe,2019-05-07T14:20:15Z
47584,Daougleureged,br,"","",,Breton,John E. Christensen,2019-05-21T07:19:19Z
63508,Soner,br,"","",https://eol.org/pages/46559756,Breton,Victor HOYEAU,2019-06-11T20:20:33Z
74442,Kapibara,br,"","",,Breton,Bobby McCabe,2019-07-17T20:58:02Z
48460,Bev,br,"","",,Breton,cassi saari,2020-01-30T18:09:47Z
41657,Arzh lunedek,br,"","",,Breton,Bobby McCabe,2020-03-15T16:26:45Z
55356,laou-kerreg,br,"","",,Breton,Valentin de Mazancourt,2020-04-15T12:08:07Z
210201,C'hwenn-mor,br,"","",,Breton,Valentin de Mazancourt,2020-04-15T13:29:48Z
891696,Pig,br,"","",,Breton,John E. Christensen,2020-04-30T13:59:30Z
41766,Kole-mor,br,"","",,Breton,Bobby McCabe,2020-08-22T18:55:39Z
79021,Segal,br,"","",https://eol.org/pages/1115159,Breton,,2020-09-06T03:48:32Z
630955,Gwenan,br,"","",,Breton,John E. Christensen,2020-09-28T16:00:10Z
182945,tali du,br,"","",,Breton,Johan Devos,2021-03-23T09:54:03Z
182945,tali moan,br,"","",,Breton,Johan Devos,2021-03-23T09:54:25Z
182945,bezin siliou,br,"","",,Breton,Johan Devos,2021-03-23T09:54:58Z
132545,bezhin ebrel,br,"","",,Breton,Johan Devos,2021-03-23T10:06:53Z
68770,lassou,br,"","",,Breton,Johan Devos,2021-03-23T10:11:46Z
68770,klogor,br,"","",,Breton,Johan Devos,2021-03-23T10:12:04Z
68770,korre,br,"","",,Breton,Johan Devos,2021-03-23T10:12:22Z
1264430,Kaerell Kolombia,br,"","",https://www.inaturalist.org/taxon_names/1409945/edit,Breton,Bobby McCabe,2021-07-20T16:21:52Z
47516,Dluzh kanevedenn,br,"","",,Breton,Zane Roskoph,2021-07-29T22:52:56Z
30867,Naer-wiber Fea,br,"","",,Breton,Zane Roskoph,2021-07-30T02:03:33Z
41972,Loupard koumoulek,br,"","",,Breton,Zane Roskoph,2021-07-30T12:49:41Z
50873,Rinkin gwenn,br,"","",,Breton,Zane Roskoph,2021-07-30T13:49:04Z
110381,Pesk-heskenn boutin,br,"","",https://eol.org/pages/46560361,Breton,,2021-07-30T14:37:51Z
26076,Krokodil Filipinez,br,"","",https://eol.org/pages/795279,Breton,,2021-07-30T15:02:30Z
26061,Krokodil Kuba,br,"","",https://eol.org/pages/795274,Breton,,2021-07-30T15:14:59Z
26081,Krokodil Orinoko,br,"","",,Breton,Zane Roskoph,2021-08-02T23:12:07Z
52188,Rinkin-balum,br,"","",https://eol.org/pages/46559686,Breton,,2021-08-03T13:51:30Z
182991,Tellesk,br,"","",,Breton,Zane Roskoph,2021-08-05T17:56:08Z
10421,Beg-kroaz Skos,br,"","",https://eol.org/pages/45518970,Breton,,2021-08-06T15:11:24Z
43136,Gad Tehuantepec,br,"","",https://eol.org/pages/311900,Breton,max kirsch,2021-08-09T18:34:55Z
887383,Muenn an norzh,br,"","",,Breton,Zane Roskoph,2021-08-10T11:50:03Z
123356,Sedratez,br,"","",https://eol.org/pages/582203,Breton,,2021-08-10T12:34:34Z
146565,Igwan frikornek,br,"","",,Breton,Zane Roskoph,2021-08-10T15:30:16Z
35324,Igwan-douar Galapagos,br,"","",https://eol.org/pages/454869,Breton,,2021-08-10T19:04:26Z
35325,Igwan Santa Fe,br,"","",https://eol.org/pages/454868,Breton,,2021-08-10T19:16:22Z
35347,Igwan-mor,br,"","",https://eol.org/pages/46559659,Breton,,2021-08-10T19:26:32Z
3451,Turzhunell Galápagos,br,"","",https://eol.org/pages/1049711,Breton,,2021-08-11T11:40:45Z
144516,Gouelan kazugel,br,"","",https://eol.org/pages/1049306,Breton,,2021-08-11T11:52:14Z
4555,Gouelan gwenn,br,"","",https://eol.org/pages/45509269,Breton,,2021-08-11T12:18:13Z
4564,Gouelan ar Galápagos,br,"","",,Breton,Zane Roskoph,2021-08-11T12:27:24Z
4564,Gouelan lost-gwennili,br,"","",https://eol.org/pages/45509264,Breton,,2021-08-11T12:34:28Z
3802,Morskoul boutin,br,"","",https://eol.org/pages/45509065,Breton,,2021-08-11T15:37:47Z
41738,Morleon Galápagos,br,"","",https://eol.org/pages/46559214,Breton,,2021-08-11T19:15:05Z
41724,Loupard-mor,br,"","",https://eol.org/pages/46559181,Breton,,2021-08-11T19:22:43Z
41747,Otarienn Galápagos,br,"","",https://eol.org/pages/46559202,Breton,,2021-08-12T11:52:37Z
18941,Kea,br,"","",,Breton,Zane Roskoph,2021-08-12T14:31:28Z
41955,Kazh-ki,br,"","",https://eol.org/pages/328680,Breton,,2021-08-13T11:54:29Z
41553,Balum glas,br,"","",https://eol.org/pages/46559433,Breton,,2021-08-15T14:44:29Z
41570,Balum reizh du,br,"","",https://eol.org/pages/46559421,Breton,Victor HOYEAU,2021-08-15T17:05:06Z
41461,Belouga,br,"","",https://eol.org/pages/46559337,Breton,,2021-08-15T17:58:08Z
27730,Sourd Korsika,br,"","",,Breton,Zane Roskoph,2021-08-19T14:18:46Z
42407,Bizon Europa,br,"","",,Breton,Zane Roskoph,2021-08-25T12:51:36Z
540200,Naer-biton Boelen,br,"","",,Breton,Zane Roskoph,2021-08-25T14:31:27Z
42052,Bleiz ruz,br,"","",,Breton,Zane Roskoph,2021-08-25T15:26:06Z
31519,Diaoul kornek,br,"","",,Breton,Zane Roskoph,2021-08-27T17:33:43Z
116523,Gavial Indez,br,"","",,Breton,Zane Roskoph,2021-09-13T15:54:32Z
1,Loen,br,"","",,Breton,John E. Christensen,2022-10-03T11:38:46Z
30692,Naer-ourouler,br,"","",,Breton,John E. Christensen,2023-01-05T11:52:20Z
20526,Struskañval,br,"","",,Breton,Johan Devos,2023-02-28T22:15:58Z
49601,mouldouz,br,"","",,Breton,Johan Devos,2024-02-28T20:09:51Z
118622,yar-vôr,br,"","",,Breton,Johan Devos,2024-02-28T20:17:53Z
342287,touseg,br,"","",,Breton,Johan Devos,2024-02-28T20:59:53Z
118706,touseg babousek,br,"","",,Breton,Johan Devos,2024-02-28T21:09:34Z
