id,vernacularName,language,locality,countryCode,source,lexicon,contributor,created
478273,11210.1,und,"","",http://bugguide.net/,Hodges Number,Ken-ichi Ueda,2015-10-25T05:56:50Z
118513,8465,und,"","",,Hodges Number,Timothy Reichard,2016-06-15T02:06:21Z
225224,0416,und,"","",,Hodges Number,Zane Roskoph,2021-08-19T13:11:04Z
47916,7758,und,"","",,Hodges Number,Zane Roskoph,2021-08-19T13:13:01Z
417058,3751,und,"","",,Hodges Number,Zane Roskoph,2021-08-19T13:13:57Z
225223,0415,und,"","",,Hodges Number,Zane Roskoph,2021-08-19T13:15:10Z
320279,0415.1,und,"","",,Hodges Number,Zane Roskoph,2021-08-19T13:17:17Z
128894,0418,und,"","",,Hodges Number,Zane Roskoph,2021-08-19T13:18:02Z
978666,0418.1,und,"","",,Hodges Number,Zane Roskoph,2021-08-19T13:19:31Z
120001,6740,und,"","",,Hodges Number,Zane Roskoph,2021-08-19T13:21:52Z
324866,6744,und,"","",,Hodges Number,Zane Roskoph,2021-08-19T13:22:31Z
479110,6741,und,"","",,Hodges Number,Zane Roskoph,2021-08-19T13:23:14Z
417162,6742,und,"","",,Hodges Number,Zane Roskoph,2021-08-19T13:23:50Z
119062,6743,und,"","",,Hodges Number,Zane Roskoph,2021-08-19T13:24:42Z
217965,7134,und,"","",,Hodges Number,Zane Roskoph,2021-08-19T13:25:11Z
130108,0421,und,"","",,Hodges Number,Zane Roskoph,2021-08-19T13:27:02Z
357388,0415.2,und,"","",,Hodges Number,Zane Roskoph,2021-08-19T13:27:41Z
380218,0429,und,"","",,Hodges Number,Zane Roskoph,2021-08-19T13:30:38Z
461846,0304,und,"","",,Hodges Number,Zane Roskoph,2021-08-19T13:37:28Z
221445,5944,und,"","",,Hodges Number,Zane Roskoph,2021-08-19T14:06:00Z
1274019,5944.2,und,"","",,Hodges Number,Zane Roskoph,2021-08-19T14:07:18Z
453170,5944.4,und,"","",,Hodges Number,Zane Roskoph,2021-08-19T14:07:48Z
473547,5937.1,und,"","",,Hodges Number,Zane Roskoph,2021-08-19T14:08:21Z
1274022,5939.1,und,"","",,Hodges Number,Zane Roskoph,2021-08-19T14:12:37Z
477934,5937,und,"","",,Hodges Number,Zane Roskoph,2021-08-19T14:13:13Z
700286,5936,und,"","",,Hodges Number,Zane Roskoph,2021-08-19T14:13:49Z
1258502,5943.1,und,"","",,Hodges Number,Zane Roskoph,2021-08-19T14:14:22Z
1274023,5944.1,und,"","",,Hodges Number,Zane Roskoph,2021-08-19T14:15:48Z
1274041,5935.1,und,"","",,Hodges Number,Zane Roskoph,2021-08-19T14:43:18Z
477445,5938,und,"","",,Hodges Number,Zane Roskoph,2021-08-19T14:44:57Z
478092,5938.2,und,"","",,Hodges Number,Zane Roskoph,2021-08-19T14:45:33Z
996909,5938.1,und,"","",,Hodges Number,Zane Roskoph,2021-08-19T14:46:00Z
417144,5944.3,und,"","",,Hodges Number,Zane Roskoph,2021-08-19T14:46:30Z
704937,5935.2,und,"","",,Hodges Number,Zane Roskoph,2021-08-19T14:47:28Z
122940,5622,und,"","",,Hodges Number,Zane Roskoph,2021-08-19T14:53:53Z
219284,6021,und,"","",,Hodges Number,Zane Roskoph,2021-08-19T14:59:31Z
1274092,4713,und,"","",,Hodges Number,Zane Roskoph,2021-08-19T15:32:35Z
143729,4719,und,"","",,Hodges Number,Zane Roskoph,2021-08-19T15:35:04Z
146963,4716,und,"","",,Hodges Number,Zane Roskoph,2021-08-19T15:36:23Z
1274099,4715,und,"","",,Hodges Number,Zane Roskoph,2021-08-19T15:37:53Z
478320,4712,und,"","",,Hodges Number,Zane Roskoph,2021-08-19T18:56:43Z
230661,4718,und,"","",,Hodges Number,Zane Roskoph,2021-08-19T18:59:43Z
1274145,4709,und,"","",,Hodges Number,Zane Roskoph,2021-08-19T19:05:01Z
1274151,4720,und,"","",,Hodges Number,Zane Roskoph,2021-08-19T19:07:58Z
212861,10660.1,und,"","",,Hodges Number,Zane Roskoph,2021-09-03T15:58:01Z
212863,10654,und,"","",,Hodges Number,Zane Roskoph,2021-09-03T15:59:17Z
221599,7238,und,"","",,Hodges Number,Zane Roskoph,2021-09-07T12:22:14Z
452681,7246,und,"","",,Hodges Number,Zane Roskoph,2021-09-07T12:22:59Z
344662,7261,und,"","",,Hodges Number,Zane Roskoph,2021-09-07T12:23:40Z
479220,7259,und,"","",,Hodges Number,Zane Roskoph,2021-09-07T12:24:22Z
1279277,7260,und,"","",,Hodges Number,Zane Roskoph,2021-09-07T12:26:32Z
446975,7247,und,"","",,Hodges Number,Zane Roskoph,2021-09-07T12:26:56Z
221609,7237,und,"","",,Hodges Number,Zane Roskoph,2021-09-07T12:27:35Z
344224,7263,und,"","",,Hodges Number,Zane Roskoph,2021-09-07T12:28:07Z
221608,7254,und,"","",,Hodges Number,Zane Roskoph,2021-09-07T12:28:45Z
221607,7236,und,"","",,Hodges Number,Zane Roskoph,2021-09-07T12:29:15Z
452683,7258,und,"","",,Hodges Number,Zane Roskoph,2021-09-07T12:29:49Z
221606,7239,und,"","",,Hodges Number,Zane Roskoph,2021-09-07T12:30:19Z
221605,7229,und,"","",,Hodges Number,Zane Roskoph,2021-09-07T12:30:52Z
123636,7276,und,"","",,Hodges Number,Zane Roskoph,2021-09-07T12:31:23Z
452682,7245,und,"","",,Hodges Number,Zane Roskoph,2021-09-07T12:31:52Z
221600,7235,und,"","",,Hodges Number,Zane Roskoph,2021-09-07T12:32:23Z
347184,7232,und,"","",,Hodges Number,Zane Roskoph,2021-09-07T12:32:49Z
221601,7223,und,"","",,Hodges Number,Zane Roskoph,2021-09-07T12:33:14Z
344661,7224,und,"","",,Hodges Number,Zane Roskoph,2021-09-07T12:33:50Z
221602,7257,und,"","",,Hodges Number,Zane Roskoph,2021-09-07T12:34:29Z
479258,7273,und,"","",,Hodges Number,Zane Roskoph,2021-09-07T12:35:14Z
1279278,7252,und,"","",,Hodges Number,Zane Roskoph,2021-09-07T12:36:04Z
363278,7228,und,"","",,Hodges Number,Zane Roskoph,2021-09-07T12:36:46Z
221603,7255,und,"","",,Hodges Number,Zane Roskoph,2021-09-07T12:37:22Z
479246,7270,und,"","",,Hodges Number,Zane Roskoph,2021-09-07T12:37:52Z
347769,7277,und,"","",,Hodges Number,Zane Roskoph,2021-09-07T12:38:26Z
354805,7231,und,"","",,Hodges Number,Zane Roskoph,2021-09-07T12:38:48Z
453275,1115,und,"","",,Hodges Number,Zane Roskoph,2021-09-16T12:11:09Z
1108463,1128.3,und,"","",,Hodges Number,Zane Roskoph,2021-09-16T12:12:17Z
1108461,1128.7,und,"","",,Hodges Number,Zane Roskoph,2021-09-16T12:13:09Z
1029494,1126.1,und,"","",,Hodges Number,Zane Roskoph,2021-09-16T12:14:41Z
453273,1109,und,"","",,Hodges Number,Zane Roskoph,2021-09-16T12:15:16Z
218915,1116,und,"","",,Hodges Number,Zane Roskoph,2021-09-16T12:15:47Z
1108734,1123,und,"","",,Hodges Number,Zane Roskoph,2021-09-16T12:16:27Z
1108467,1128.2,und,"","",,Hodges Number,Zane Roskoph,2021-09-16T12:17:07Z
1281297,1132,und,"","",,Hodges Number,Zane Roskoph,2021-09-16T12:18:08Z
1108464,1124.1,und,"","",,Hodges Number,Zane Roskoph,2021-09-16T12:19:21Z
453277,1101,und,"","",,Hodges Number,Zane Roskoph,2021-09-16T12:20:47Z
1036026,1123.1,und,"","",,Hodges Number,Zane Roskoph,2021-09-16T12:21:19Z
1038721,1128.3,und,"","",,Hodges Number,Zane Roskoph,2021-09-16T12:22:09Z
1108453,1117,und,"","",,Hodges Number,Zane Roskoph,2021-09-16T12:23:15Z
218917,1100,und,"","",,Hodges Number,Zane Roskoph,2021-09-16T12:23:55Z
1108447,1128.8,und,"","",,Hodges Number,Zane Roskoph,2021-09-16T12:24:50Z
1108601,1108,und,"","",,Hodges Number,Zane Roskoph,2021-09-16T12:25:18Z
453278,1113,und,"","",,Hodges Number,Zane Roskoph,2021-09-16T12:25:49Z
1108600,1105,und,"","",,Hodges Number,Zane Roskoph,2021-09-16T12:26:39Z
1108611,1106,und,"","",,Hodges Number,Zane Roskoph,2021-09-16T12:27:29Z
1108440,1128.9,und,"","",,Hodges Number,Zane Roskoph,2021-09-16T12:28:04Z
453535,1130.5,und,"","",,Hodges Number,Zane Roskoph,2021-09-16T12:28:42Z
1108486,1120,und,"","",,Hodges Number,Zane Roskoph,2021-09-16T12:29:26Z
1108439,1128.5,und,"","",,Hodges Number,Zane Roskoph,2021-09-16T12:30:01Z
1108483,1119,und,"","",,Hodges Number,Zane Roskoph,2021-09-16T12:30:30Z
1108482,1114,und,"","",,Hodges Number,Zane Roskoph,2021-09-16T12:30:57Z
453279,1107,und,"","",,Hodges Number,Zane Roskoph,2021-09-16T12:31:29Z
1108577,1110,und,"","",,Hodges Number,Zane Roskoph,2021-09-16T12:31:53Z
1108438,1128.6,und,"","",,Hodges Number,Zane Roskoph,2021-09-16T12:32:28Z
1280748,1103,und,"","",,Hodges Number,Zane Roskoph,2021-09-16T12:34:07Z
935653,1132.5,und,"","",,Hodges Number,Zane Roskoph,2021-09-16T12:34:46Z
1280740,1112,und,"","",,Hodges Number,Zane Roskoph,2021-09-16T12:36:36Z
911314,1132.8,und,"","",,Hodges Number,Zane Roskoph,2021-09-16T12:37:35Z
453417,1125,und,"","",,Hodges Number,Zane Roskoph,2021-09-16T12:39:35Z
847012,1127,und,"","",,Hodges Number,Zane Roskoph,2021-09-16T12:40:12Z
477836,1124,und,"","",,Hodges Number,Zane Roskoph,2021-09-16T12:41:59Z
453418,1128.1,und,"","",,Hodges Number,Zane Roskoph,2021-09-16T12:43:10Z
479026,1128,und,"","",,Hodges Number,Zane Roskoph,2021-09-16T12:45:13Z
479498,1126,und,"","",,Hodges Number,Zane Roskoph,2021-09-16T12:47:43Z
1108576,1129.1,und,"","",,Hodges Number,Zane Roskoph,2021-09-16T12:51:11Z
1108534,1130,und,"","",,Hodges Number,Zane Roskoph,2021-09-16T12:52:50Z
935659,1130.3,und,"","",,Hodges Number,Zane Roskoph,2021-09-16T12:53:23Z
334252,1129,und,"","",,Hodges Number,Zane Roskoph,2021-09-16T12:54:31Z
453540,1130.1,und,"","",,Hodges Number,Zane Roskoph,2021-09-16T12:56:20Z
212868,10649,und,"","",,Hodges Number,Zane Roskoph,2021-09-16T12:56:42Z
935660,1130.2,und,"","",,Hodges Number,Zane Roskoph,2021-09-16T12:57:54Z
218171,7911,und,"","",,Hodges Number,Zane Roskoph,2021-09-16T12:59:11Z
223991,9899,und,"","",,Hodges Number,Zane Roskoph,2021-09-16T13:00:12Z
216279,8850,und,"","",,Hodges Number,Zane Roskoph,2021-09-16T13:01:05Z
205871,8858.1,und,"","",,Hodges Number,Zane Roskoph,2021-09-16T13:01:39Z
205214,8858,und,"","",,Hodges Number,Zane Roskoph,2021-09-16T13:02:24Z
81681,6796,und,"","",,Hodges Number,Zane Roskoph,2021-09-16T13:03:37Z
935658,1130.4,und,"","",,Hodges Number,Zane Roskoph,2021-09-16T13:05:11Z
935655,1132.2,und,"","",,Hodges Number,Zane Roskoph,2021-09-16T13:11:33Z
935651,1132.7,und,"","",,Hodges Number,Zane Roskoph,2021-09-16T13:12:11Z
935654,1132.4,und,"","",,Hodges Number,Zane Roskoph,2021-09-16T13:12:56Z
935657,1132.1,und,"","",,Hodges Number,Zane Roskoph,2021-09-16T13:13:34Z
935656,1132.3,und,"","",,Hodges Number,Zane Roskoph,2021-09-16T13:14:00Z
935652,1132.6,und,"","",,Hodges Number,Zane Roskoph,2021-09-16T13:14:35Z
453539,1080,und,"","",,Hodges Number,Zane Roskoph,2021-09-16T13:15:24Z
453537,1118.6,und,"","",,Hodges Number,Zane Roskoph,2021-09-16T13:21:51Z
1108494,1118.2,und,"","",,Hodges Number,Zane Roskoph,2021-09-16T14:35:20Z
1108560,1118.3,und,"","",,Hodges Number,Zane Roskoph,2021-09-16T14:39:51Z
479003,1118.4,und,"","",,Hodges Number,Zane Roskoph,2021-09-16T14:40:46Z
479384,1118.1,und,"","",,Hodges Number,Zane Roskoph,2021-09-16T14:41:36Z
1108479,1118.5,und,"","",,Hodges Number,Zane Roskoph,2021-09-16T14:42:36Z
1108484,1118.9,und,"","",,Hodges Number,Zane Roskoph,2021-09-16T14:43:08Z
1108487,1118,und,"","",,Hodges Number,Zane Roskoph,2021-09-16T14:44:06Z
1108488,1118.6,und,"","",,Hodges Number,Zane Roskoph,2021-09-16T14:44:55Z
1108490,1118.8,und,"","",,Hodges Number,Zane Roskoph,2021-09-16T14:46:10Z
1108627,1122,und,"","",,Hodges Number,Zane Roskoph,2021-09-16T14:47:20Z
466613,1121,und,"","",,Hodges Number,Zane Roskoph,2021-09-16T14:48:42Z
1108621,1088.7,und,"","",,Hodges Number,Zane Roskoph,2021-09-16T14:56:31Z
960042,1102,und,"","",,Hodges Number,Zane Roskoph,2021-09-16T15:02:32Z
1108745,1116.4,und,"","",,Hodges Number,Zane Roskoph,2021-09-16T15:02:58Z
477748,1116.3,und,"","",,Hodges Number,Zane Roskoph,2021-09-16T15:03:39Z
1108618,1115.1,und,"","",,Hodges Number,Zane Roskoph,2021-09-16T16:24:01Z
81586,7706,und,"","",,Hodges Number,Zane Roskoph,2021-09-16T16:26:52Z
48094,7715,und,"","",,Hodges Number,Zane Roskoph,2021-09-16T16:27:38Z
81590,7704,und,"","",,Hodges Number,Zane Roskoph,2021-09-16T16:28:17Z
81580,7764,und,"","",,Hodges Number,Zane Roskoph,2021-09-16T16:28:57Z
358549,7855,und,"","",,Hodges Number,Zane Roskoph,2021-09-16T16:29:43Z
82379,7853,und,"","",,Hodges Number,Zane Roskoph,2021-09-16T16:30:19Z
324633,1467,und,"","",,Hodges Number,Zane Roskoph,2021-09-16T16:31:07Z
49348,7894,und,"","",,Hodges Number,Zane Roskoph,2021-09-16T16:31:52Z
128241,7886,und,"","",,Hodges Number,Zane Roskoph,2021-09-16T16:33:09Z
118503,7885,und,"","",,Hodges Number,Zane Roskoph,2021-09-16T16:33:50Z
47914,7859,und,"","",,Hodges Number,Zane Roskoph,2021-09-16T16:34:27Z
84023,7827,und,"","",,Hodges Number,Zane Roskoph,2021-09-16T16:35:03Z
143446,7825,und,"","",,Hodges Number,Zane Roskoph,2021-09-16T16:35:37Z
142993,7821,und,"","",,Hodges Number,Zane Roskoph,2021-09-16T16:36:16Z
84470,7786,und,"","",,Hodges Number,Zane Roskoph,2021-09-16T16:36:50Z
143440,7789,und,"","",,Hodges Number,Zane Roskoph,2021-09-16T16:37:27Z
120033,7817,und,"","",,Hodges Number,Zane Roskoph,2021-09-16T16:38:03Z
143442,7816,und,"","",,Hodges Number,Zane Roskoph,2021-09-16T16:38:33Z
231394,7808,und,"","",,Hodges Number,Zane Roskoph,2021-09-16T16:39:06Z
200930,2700,und,"","",,Hodges Number,Zane Roskoph,2021-09-16T16:40:00Z
126970,2554,und,"","",,Hodges Number,Zane Roskoph,2021-09-16T16:40:32Z
321675,1387,und,"","",,Hodges Number,Zane Roskoph,2021-09-16T16:41:02Z
213740,1011,und,"","",,Hodges Number,Zane Roskoph,2021-09-16T16:41:37Z
215216,1762,und,"","",,Hodges Number,Zane Roskoph,2021-09-16T16:42:18Z
218376,2297,und,"","",,Hodges Number,Zane Roskoph,2021-09-16T16:42:50Z
216738,5197,und,"","",,Hodges Number,Zane Roskoph,2021-09-16T16:45:32Z
214195,1851,und,"","",,Hodges Number,Zane Roskoph,2021-09-16T16:46:34Z
222249,1034,und,"","",,Hodges Number,Zane Roskoph,2021-09-16T16:48:30Z
228259,6844,und,"","",,Hodges Number,Zane Roskoph,2021-09-16T16:49:05Z
213744,6987,und,"","",,Hodges Number,Zane Roskoph,2021-09-16T16:50:11Z
133966,6667,und,"","",,Hodges Number,Zane Roskoph,2021-09-16T16:50:49Z
63750,6590,und,"","",,Hodges Number,Zane Roskoph,2021-09-16T16:51:59Z
220398,6443,und,"","",,Hodges Number,Zane Roskoph,2021-09-16T16:52:35Z
1155913,958,und,"","",,Hodges Number,Zane Roskoph,2021-09-16T16:53:24Z
1281389,959,und,"","",,Hodges Number,Zane Roskoph,2021-09-16T16:54:37Z
1261501,960,und,"","",,Hodges Number,Zane Roskoph,2021-09-16T16:55:53Z
229229,956,und,"","",,Hodges Number,Zane Roskoph,2021-09-16T16:56:24Z
495367,959.1,und,"","",,Hodges Number,Zane Roskoph,2021-09-16T16:58:11Z
229230,955,und,"","",,Hodges Number,Zane Roskoph,2021-09-16T16:59:47Z
147992,957,und,"","",,Hodges Number,Zane Roskoph,2021-09-16T17:00:13Z
931537,2233.1,und,"","",,Hodges Number,Zane Roskoph,2021-09-16T17:01:30Z
213499,2248,und,"","",,Hodges Number,Zane Roskoph,2021-09-16T17:02:01Z
213494,2230,und,"","",,Hodges Number,Zane Roskoph,2021-09-16T17:03:00Z
325382,2236,und,"","",,Hodges Number,Zane Roskoph,2021-09-16T17:03:56Z
1261870,2231,und,"","",,Hodges Number,Zane Roskoph,2021-09-16T17:04:39Z
1261866,2251.1,und,"","",,Hodges Number,Zane Roskoph,2021-09-16T17:06:09Z
1155665,2232,und,"","",,Hodges Number,Zane Roskoph,2021-09-16T17:06:57Z
213495,2233,und,"","",,Hodges Number,Zane Roskoph,2021-09-16T17:07:31Z
416946,2234,und,"","",,Hodges Number,Zane Roskoph,2021-09-16T17:11:49Z
452991,2235,und,"","",,Hodges Number,Zane Roskoph,2021-09-16T17:14:04Z
1108728,1114.2,und,"","",,Hodges Number,Zane Roskoph,2021-09-16T17:44:30Z
478438,1114.3,und,"","",,Hodges Number,Zane Roskoph,2021-09-16T19:15:55Z
478878,1114.4,und,"","",,Hodges Number,Zane Roskoph,2021-09-16T19:17:01Z
478876,1116.1,und,"","",,Hodges Number,Zane Roskoph,2021-09-17T11:24:03Z
1108751,1115.4,und,"","",,Hodges Number,Zane Roskoph,2021-09-17T11:24:45Z
453538,1113.1,und,"","",,Hodges Number,Zane Roskoph,2021-09-17T11:35:59Z
478845,1116.2,und,"","",,Hodges Number,Zane Roskoph,2021-09-17T11:37:08Z
477209,1107.2,und,"","",,Hodges Number,Zane Roskoph,2021-09-17T11:37:51Z
1108599,1114.1,und,"","",,Hodges Number,Zane Roskoph,2021-09-17T11:38:25Z
479004,1107.5,und,"","",,Hodges Number,Zane Roskoph,2021-09-17T11:40:33Z
1105183,1107.1,und,"","",,Hodges Number,Zane Roskoph,2021-09-17T11:42:03Z
479599,1109.1,und,"","",,Hodges Number,Zane Roskoph,2021-09-17T11:42:30Z
1108609,1113.3,und,"","",,Hodges Number,Zane Roskoph,2021-09-17T11:43:40Z
477208,1107.6,und,"","",,Hodges Number,Zane Roskoph,2021-09-17T11:44:17Z
477609,1107.4,und,"","",,Hodges Number,Zane Roskoph,2021-09-17T11:44:53Z
478929,1088.6,und,"","",,Hodges Number,Zane Roskoph,2021-09-17T11:45:30Z
477207,1115.3,und,"","",,Hodges Number,Zane Roskoph,2021-09-17T11:46:11Z
991115,1123.2,und,"","",,Hodges Number,Zane Roskoph,2021-09-17T11:46:49Z
1108613,1116.5,und,"","",,Hodges Number,Zane Roskoph,2021-09-17T11:47:20Z
1108592,1100.1,und,"","",,Hodges Number,Zane Roskoph,2021-09-17T12:06:49Z
1108557,1113.2,und,"","",,Hodges Number,Zane Roskoph,2021-09-17T12:08:08Z
479499,1107.7,und,"","",,Hodges Number,Zane Roskoph,2021-09-17T12:19:29Z
478877,1107.3,und,"","",,Hodges Number,Zane Roskoph,2021-09-17T12:20:05Z
1108766,1115.2,und,"","",,Hodges Number,Zane Roskoph,2021-09-17T12:20:33Z
453536,1088,und,"","",,Hodges Number,Zane Roskoph,2021-09-17T14:40:11Z
1108356,1084.4,und,"","",,Hodges Number,Zane Roskoph,2021-09-17T14:40:43Z
788161,1088.4,und,"","",,Hodges Number,Zane Roskoph,2021-09-17T14:41:33Z
1108408,1084,und,"","",,Hodges Number,Zane Roskoph,2021-09-17T14:42:08Z
453280,1082,und,"","",,Hodges Number,Zane Roskoph,2021-09-17T14:42:36Z
453534,1099.4,und,"","",,Hodges Number,Zane Roskoph,2021-09-17T14:43:30Z
1108362,1099,und,"","",,Hodges Number,Zane Roskoph,2021-09-17T14:44:02Z
478716,1094.1,und,"","",,Hodges Number,Zane Roskoph,2021-09-17T14:44:32Z
1029495,1081.1,und,"","",,Hodges Number,Zane Roskoph,2021-09-17T14:45:44Z
479253,1085,und,"","",,Hodges Number,Zane Roskoph,2021-09-17T14:47:33Z
1108409,1095,und,"","",,Hodges Number,Zane Roskoph,2021-09-17T14:48:12Z
1108360,1089.1,und,"","",,Hodges Number,Zane Roskoph,2021-09-17T14:48:51Z
1108622,1099.2,und,"","",,Hodges Number,Zane Roskoph,2021-09-17T14:49:38Z
453276,1081,und,"","",,Hodges Number,Zane Roskoph,2021-09-17T14:50:24Z
478966,1094.2,und,"","",,Hodges Number,Zane Roskoph,2021-09-17T14:51:11Z
218916,1090,und,"","",,Hodges Number,Zane Roskoph,2021-09-17T14:52:34Z
478930,1092,und,"","",,Hodges Number,Zane Roskoph,2021-09-17T14:52:58Z
479497,1088.1,und,"","",,Hodges Number,Zane Roskoph,2021-09-17T14:53:21Z
1108416,1084.1,und,"","",,Hodges Number,Zane Roskoph,2021-09-17T14:53:49Z
961446,1094,und,"","",,Hodges Number,Zane Roskoph,2021-09-17T14:54:17Z
1108425,1099.1,und,"","",,Hodges Number,Zane Roskoph,2021-09-17T14:55:49Z
1108367,1099.6,und,"","",,Hodges Number,Zane Roskoph,2021-09-17T14:56:38Z
479031,1088.5,und,"","",,Hodges Number,Zane Roskoph,2021-09-17T14:57:54Z
218919,1083,und,"","",,Hodges Number,Zane Roskoph,2021-09-17T14:58:33Z
479310,1088.3,und,"","",,Hodges Number,Zane Roskoph,2021-09-17T14:59:04Z
1108365,1084.2,und,"","",,Hodges Number,Zane Roskoph,2021-09-17T14:59:34Z
1108414,1090.2,und,"","",,Hodges Number,Zane Roskoph,2021-09-17T15:00:31Z
477330,1087,und,"","",,Hodges Number,Zane Roskoph,2021-09-17T15:01:09Z
472542,1097,und,"","",,Hodges Number,Zane Roskoph,2021-09-17T15:01:43Z
471816,1091,und,"","",,Hodges Number,Zane Roskoph,2021-09-17T15:02:20Z
453531,1089.3,und,"","",,Hodges Number,Zane Roskoph,2021-09-17T15:02:45Z
453272,1089,und,"","",,Hodges Number,Zane Roskoph,2021-09-17T15:03:29Z
1108376,1090.1,und,"","",,Hodges Number,Zane Roskoph,2021-09-17T15:03:58Z
1108420,1084.3,und,"","",,Hodges Number,Zane Roskoph,2021-09-17T15:04:32Z
453532,1091.1,und,"","",,Hodges Number,Zane Roskoph,2021-09-17T15:05:04Z
1108375,1089.2,und,"","",,Hodges Number,Zane Roskoph,2021-09-17T15:06:37Z
1108724,1099.3,und,"","",,Hodges Number,Zane Roskoph,2021-09-17T15:07:45Z
478439,1088.2,und,"","",,Hodges Number,Zane Roskoph,2021-09-17T15:08:24Z
453274,1086,und,"","",,Hodges Number,Zane Roskoph,2021-09-17T15:08:56Z
453533,1099.5,und,"","",,Hodges Number,Zane Roskoph,2021-09-17T15:09:24Z
478243,1097.1,und,"","",,Hodges Number,Zane Roskoph,2021-09-17T15:09:50Z
509712,1514,und,"","",,Hodges Number,Zane Roskoph,2021-09-17T15:12:52Z
219911,10862,und,"","",,Hodges Number,Zane Roskoph,2021-09-20T15:00:20Z
219912,10730,und,"","",,Hodges Number,Zane Roskoph,2021-09-20T15:01:34Z
219913,10776,und,"","",,Hodges Number,Zane Roskoph,2021-09-20T15:03:40Z
452607,10832,und,"","",,Hodges Number,Zane Roskoph,2021-09-20T15:15:15Z
219914,10807,und,"","",,Hodges Number,Zane Roskoph,2021-09-20T16:20:30Z
452576,10720,und,"","",,Hodges Number,Zane Roskoph,2021-09-20T16:21:07Z
452575,10712.1,und,"","",,Hodges Number,Zane Roskoph,2021-09-20T16:22:03Z
219916,10726,und,"","",,Hodges Number,Zane Roskoph,2021-09-20T16:24:50Z
219950,10826.1,und,"","",,Hodges Number,Zane Roskoph,2021-09-20T16:26:03Z
452614,10768,und,"","",,Hodges Number,Zane Roskoph,2021-09-20T16:26:57Z
219917,10852,und,"","",,Hodges Number,Zane Roskoph,2021-09-20T16:33:35Z
220021,10707,und,"","",,Hodges Number,Zane Roskoph,2021-09-20T16:34:57Z
219966,10738,und,"","",,Hodges Number,Zane Roskoph,2021-09-20T16:35:40Z
219918,10716,und,"","",,Hodges Number,Zane Roskoph,2021-09-20T16:36:20Z
84663,10731,und,"","",,Hodges Number,Zane Roskoph,2021-09-20T16:37:10Z
219919,10798,und,"","",,Hodges Number,Zane Roskoph,2021-09-20T16:38:13Z
219920,10788,und,"","",,Hodges Number,Zane Roskoph,2021-09-20T16:40:45Z
478058,10796,und,"","",,Hodges Number,Zane Roskoph,2021-09-20T16:41:42Z
219921,10736,und,"","",,Hodges Number,Zane Roskoph,2021-09-20T16:42:47Z
219922,10913,und,"","",,Hodges Number,Zane Roskoph,2021-09-20T18:38:12Z
219923,10812,und,"","",,Hodges Number,Zane Roskoph,2021-09-20T18:51:50Z
219925,10756,und,"","",,Hodges Number,Zane Roskoph,2021-09-20T18:52:53Z
547035,10772,und,"","",,Hodges Number,Zane Roskoph,2021-09-20T18:53:39Z
203459,10787,und,"","",,Hodges Number,Zane Roskoph,2021-09-20T18:54:09Z
219924,10824,und,"","",,Hodges Number,Zane Roskoph,2021-09-20T18:54:43Z
219926,10825.1,und,"","",,Hodges Number,Zane Roskoph,2021-09-21T11:46:31Z
219927,10809,und,"","",,Hodges Number,Zane Roskoph,2021-09-21T11:52:44Z
219928,10713,und,"","",,Hodges Number,Zane Roskoph,2021-09-21T12:31:49Z
219961,10712,und,"","",,Hodges Number,Zane Roskoph,2021-09-21T12:32:10Z
477677,10848,und,"","",,Hodges Number,Zane Roskoph,2021-09-21T12:32:43Z
219929,10819,und,"","",,Hodges Number,Zane Roskoph,2021-09-21T12:33:17Z
219930,10711,und,"","",,Hodges Number,Zane Roskoph,2021-09-21T12:33:47Z
219931,10839,und,"","",,Hodges Number,Zane Roskoph,2021-09-21T12:37:22Z
1282464,10823,und,"","",,Hodges Number,Zane Roskoph,2021-09-21T12:41:49Z
219932,10770,und,"","",,Hodges Number,Zane Roskoph,2021-09-21T12:42:39Z
478257,10797,und,"","",,Hodges Number,Zane Roskoph,2021-09-21T12:44:21Z
1282468,10775,und,"","",,Hodges Number,Zane Roskoph,2021-09-21T12:45:25Z
219933,10841,und,"","",,Hodges Number,Zane Roskoph,2021-09-21T12:45:54Z
219934,10827,und,"","",,Hodges Number,Zane Roskoph,2021-09-21T13:15:03Z
735409,10784,und,"","",,Hodges Number,Zane Roskoph,2021-09-21T13:15:35Z
1282484,10823.1,und,"","",,Hodges Number,Zane Roskoph,2021-09-21T13:16:48Z
1282485,10762,und,"","",,Hodges Number,Zane Roskoph,2021-09-21T13:17:47Z
478057,10743.2,und,"","",,Hodges Number,Zane Roskoph,2021-09-21T13:18:27Z
477343,10747,und,"","",,Hodges Number,Zane Roskoph,2021-09-21T13:18:55Z
219915,10743,und,"","",,Hodges Number,Zane Roskoph,2021-09-21T13:19:22Z
1282486,10760,und,"","",,Hodges Number,Zane Roskoph,2021-09-21T13:20:08Z
477675,10721,und,"","",,Hodges Number,Zane Roskoph,2021-09-21T13:20:49Z
478733,10765.1,und,"","",,Hodges Number,Zane Roskoph,2021-09-21T13:21:23Z
219935,10780,und,"","",,Hodges Number,Zane Roskoph,2021-09-21T13:22:32Z
219936,10779,und,"","",,Hodges Number,Zane Roskoph,2021-09-21T13:23:09Z
1282490,10778,und,"","",,Hodges Number,Zane Roskoph,2021-09-21T13:23:54Z
219937,10802,und,"","",,Hodges Number,Zane Roskoph,2021-09-21T13:25:25Z
425241,10825,und,"","",,Hodges Number,Zane Roskoph,2021-09-21T13:26:53Z
452605,10787.1,und,"","",,Hodges Number,Zane Roskoph,2021-09-21T13:27:30Z
219938,10836,und,"","",,Hodges Number,Zane Roskoph,2021-09-21T13:28:00Z
219939,10755,und,"","",,Hodges Number,Zane Roskoph,2021-09-21T13:28:36Z
219941,10845,und,"","",,Hodges Number,Zane Roskoph,2021-09-21T13:50:06Z
219942,10706,und,"","",,Hodges Number,Zane Roskoph,2021-09-21T13:50:39Z
219943,10702,und,"","",,Hodges Number,Zane Roskoph,2021-09-21T13:51:05Z
219944,10849,und,"","",,Hodges Number,Zane Roskoph,2021-09-21T13:51:50Z
219945,10704,und,"","",,Hodges Number,Zane Roskoph,2021-09-21T13:52:15Z
1282509,10747.1,und,"","",,Hodges Number,Zane Roskoph,2021-09-21T13:53:15Z
219981,10741,und,"","",,Hodges Number,Zane Roskoph,2021-09-21T13:54:18Z
219946,10708,und,"","",,Hodges Number,Zane Roskoph,2021-09-21T13:54:52Z
478258,10786.1,und,"","",,Hodges Number,Zane Roskoph,2021-09-21T13:56:26Z
219947,10864,und,"","",,Hodges Number,Zane Roskoph,2021-09-21T13:56:58Z
219948,10758,und,"","",,Hodges Number,Zane Roskoph,2021-09-21T14:41:16Z
1031006,10828,und,"","",,Hodges Number,Zane Roskoph,2021-09-21T15:19:28Z
1148706,10743.1,und,"","",,Hodges Number,Zane Roskoph,2021-09-21T15:20:25Z
219949,10781,und,"","",,Hodges Number,Zane Roskoph,2021-09-21T15:21:27Z
477221,10725,und,"","",,Hodges Number,Zane Roskoph,2021-09-21T15:22:36Z
1282538,10784.1,und,"","",,Hodges Number,Zane Roskoph,2021-09-21T15:24:54Z
1282539,10729.1,und,"","",,Hodges Number,Zane Roskoph,2021-09-21T15:25:47Z
219951,10806,und,"","",,Hodges Number,Zane Roskoph,2021-09-21T15:27:14Z
219952,10820,und,"","",,Hodges Number,Zane Roskoph,2021-09-21T15:28:03Z
452574,10706.1,und,"","",,Hodges Number,Zane Roskoph,2021-09-21T15:29:00Z
219953,10826,und,"","",,Hodges Number,Zane Roskoph,2021-09-21T15:29:34Z
219954,10753,und,"","",,Hodges Number,Zane Roskoph,2021-09-21T15:30:26Z
477676,10732,und,"","",,Hodges Number,Zane Roskoph,2021-09-21T15:30:51Z
219955,10785,und,"","",,Hodges Number,Zane Roskoph,2021-09-21T15:31:17Z
219956,10850,und,"","",,Hodges Number,Zane Roskoph,2021-09-21T15:32:07Z
478973,10830.1,und,"","",,Hodges Number,Zane Roskoph,2021-09-21T15:32:36Z
452565,10737,und,"","",,Hodges Number,Zane Roskoph,2021-09-21T15:33:05Z
219957,10749,und,"","",,Hodges Number,Zane Roskoph,2021-09-21T15:33:41Z
478059,10789,und,"","",,Hodges Number,Zane Roskoph,2021-09-21T15:34:32Z
219958,10829,und,"","",,Hodges Number,Zane Roskoph,2021-09-21T15:37:26Z
452627,10859,und,"","",,Hodges Number,Zane Roskoph,2021-09-21T15:38:22Z
1282544,10773,und,"","",,Hodges Number,Zane Roskoph,2021-09-21T15:39:45Z
219962,10864.1,und,"","",,Hodges Number,Zane Roskoph,2021-09-21T15:40:17Z
219963,10863,und,"","",,Hodges Number,Zane Roskoph,2021-09-21T15:41:43Z
219964,10813,und,"","",,Hodges Number,Zane Roskoph,2021-09-21T15:42:53Z
490869,3752,und,"","",,Hodges Number,Zane Roskoph,2021-09-21T16:04:54Z
347107,3753,und,"","",,Hodges Number,Zane Roskoph,2021-09-21T16:15:30Z
479259,10767,und,"","",,Hodges Number,Zane Roskoph,2021-09-21T16:20:19Z
479260,10835,und,"","",,Hodges Number,Zane Roskoph,2021-09-21T16:21:03Z
219965,10705,und,"","",,Hodges Number,Zane Roskoph,2021-09-21T16:22:32Z
219967,10766,und,"","",,Hodges Number,Zane Roskoph,2021-09-21T16:22:57Z
219968,10774,und,"","",,Hodges Number,Zane Roskoph,2021-09-21T16:23:38Z
219969,10847,und,"","",,Hodges Number,Zane Roskoph,2021-09-21T16:24:36Z
1282588,10856,und,"","",,Hodges Number,Zane Roskoph,2021-09-21T16:26:34Z
219972,10769,und,"","",,Hodges Number,Zane Roskoph,2021-09-21T16:27:40Z
219978,10834,und,"","",,Hodges Number,Zane Roskoph,2021-09-21T16:29:06Z
452566,10711.1,und,"","",,Hodges Number,Zane Roskoph,2021-09-21T16:29:50Z
219970,10855,und,"","",,Hodges Number,Zane Roskoph,2021-09-21T16:30:23Z
219971,10846,und,"","",,Hodges Number,Zane Roskoph,2021-09-21T16:30:54Z
219974,10866,und,"","",,Hodges Number,Zane Roskoph,2021-09-21T16:31:26Z
219973,10831,und,"","",,Hodges Number,Zane Roskoph,2021-09-21T16:31:57Z
219980,10833,und,"","",,Hodges Number,Zane Roskoph,2021-09-21T16:32:28Z
219979,10801,und,"","",,Hodges Number,Zane Roskoph,2021-09-21T16:33:01Z
452598,10781.1,und,"","",,Hodges Number,Zane Roskoph,2021-09-21T16:34:02Z
219977,10818,und,"","",,Hodges Number,Zane Roskoph,2021-09-21T16:34:40Z
219976,10817,und,"","",,Hodges Number,Zane Roskoph,2021-09-21T16:35:10Z
219975,10800,und,"","",,Hodges Number,Zane Roskoph,2021-09-21T16:35:41Z
1282590,10748,und,"","",,Hodges Number,Zane Roskoph,2021-09-21T16:36:47Z
452587,10794.1,und,"","",,Hodges Number,Zane Roskoph,2021-09-21T16:37:16Z
478061,10799,und,"","",,Hodges Number,Zane Roskoph,2021-09-21T16:39:51Z
219984,10860,und,"","",,Hodges Number,Zane Roskoph,2021-09-21T16:40:24Z
219986,10728,und,"","",,Hodges Number,Zane Roskoph,2021-09-21T16:40:57Z
452596,10759,und,"","",,Hodges Number,Zane Roskoph,2021-09-21T16:42:50Z
219993,10861,und,"","",,Hodges Number,Zane Roskoph,2021-09-21T16:43:17Z
219995,10750,und,"","",,Hodges Number,Zane Roskoph,2021-09-21T16:43:43Z
452586,10746,und,"","",,Hodges Number,Zane Roskoph,2021-09-21T16:44:50Z
220002,10854,und,"","",,Hodges Number,Zane Roskoph,2021-09-21T16:46:32Z
220004,10735,und,"","",,Hodges Number,Zane Roskoph,2021-09-21T16:47:14Z
1282591,10740,und,"","",,Hodges Number,Zane Roskoph,2021-09-21T16:49:35Z
220018,10709,und,"","",,Hodges Number,Zane Roskoph,2021-09-21T16:50:06Z
477758,10814,und,"","",,Hodges Number,Zane Roskoph,2021-09-21T16:50:38Z
220017,10837,und,"","",,Hodges Number,Zane Roskoph,2021-09-21T16:51:51Z
472600,10745,und,"","",,Hodges Number,Zane Roskoph,2021-09-21T16:53:53Z
220013,10742,und,"","",,Hodges Number,Zane Roskoph,2021-09-21T16:54:47Z
220012,10733,und,"","",,Hodges Number,Zane Roskoph,2021-09-21T16:55:15Z
220010,10857,und,"","",,Hodges Number,Zane Roskoph,2021-09-21T16:55:44Z
477851,10764,und,"","",,Hodges Number,Zane Roskoph,2021-09-21T16:56:12Z
220009,10763,und,"","",,Hodges Number,Zane Roskoph,2021-09-21T16:56:37Z
220008,10703,und,"","",,Hodges Number,Zane Roskoph,2021-09-21T16:57:02Z
220005,10811,und,"","",,Hodges Number,Zane Roskoph,2021-09-21T16:57:29Z
219983,10816,und,"","",,Hodges Number,Zane Roskoph,2021-09-21T16:57:59Z
219982,10765,und,"","",,Hodges Number,Zane Roskoph,2021-09-21T16:58:26Z
219985,10865,und,"","",,Hodges Number,Zane Roskoph,2021-09-21T16:59:08Z
1282592,10821,und,"","",,Hodges Number,Zane Roskoph,2021-09-21T17:00:17Z
220022,10867,und,"","",,Hodges Number,Zane Roskoph,2021-09-21T17:00:49Z
477755,10752,und,"","",,Hodges Number,Zane Roskoph,2021-09-21T17:01:48Z
219987,10791,und,"","",,Hodges Number,Zane Roskoph,2021-09-21T17:02:30Z
219988,10804,und,"","",,Hodges Number,Zane Roskoph,2021-09-21T17:05:42Z
219989,10727,und,"","",,Hodges Number,Zane Roskoph,2021-09-21T17:34:05Z
361751,10795,und,"","",,Hodges Number,Zane Roskoph,2021-09-21T17:34:33Z
219990,10830,und,"","",,Hodges Number,Zane Roskoph,2021-09-21T17:35:47Z
219991,10714,und,"","",,Hodges Number,Zane Roskoph,2021-09-21T18:04:32Z
478062,10840,und,"","",,Hodges Number,Zane Roskoph,2021-09-21T18:05:08Z
452588,10757,und,"","",,Hodges Number,Zane Roskoph,2021-09-21T18:19:35Z
219992,10851,und,"","",,Hodges Number,Zane Roskoph,2021-09-21T18:20:11Z
219994,10868,und,"","",,Hodges Number,Zane Roskoph,2021-09-21T18:20:42Z
219997,10715,und,"","",,Hodges Number,Zane Roskoph,2021-09-21T18:21:36Z
452606,10792,und,"","",,Hodges Number,Zane Roskoph,2021-09-21T18:22:19Z
219996,10786,und,"","",,Hodges Number,Zane Roskoph,2021-09-21T18:22:54Z
219998,10793,und,"","",,Hodges Number,Zane Roskoph,2021-09-21T18:23:25Z
479261,10815,und,"","",,Hodges Number,Zane Roskoph,2021-09-21T18:23:54Z
220003,10794,und,"","",,Hodges Number,Zane Roskoph,2021-09-21T18:24:39Z
219999,10790,und,"","",,Hodges Number,Zane Roskoph,2021-09-21T18:25:10Z
220000,10739,und,"","",,Hodges Number,Zane Roskoph,2021-09-21T18:25:56Z
220001,10744,und,"","",,Hodges Number,Zane Roskoph,2021-09-21T18:26:26Z
1025865,10771,und,"","",,Hodges Number,Zane Roskoph,2021-09-21T18:26:59Z
220006,10751,und,"","",,Hodges Number,Zane Roskoph,2021-09-21T18:27:55Z
220019,10803,und,"","",,Hodges Number,Zane Roskoph,2021-09-21T18:30:03Z
220020,10810,und,"","",,Hodges Number,Zane Roskoph,2021-09-21T18:32:59Z
452577,10724,und,"","",,Hodges Number,Zane Roskoph,2021-09-21T18:33:47Z
220016,10842,und,"","",,Hodges Number,Zane Roskoph,2021-09-21T18:34:24Z
220007,10729,und,"","",,Hodges Number,Zane Roskoph,2021-09-21T18:35:04Z
452595,10754,und,"","",,Hodges Number,Zane Roskoph,2021-09-21T18:35:33Z
220015,10723,und,"","",,Hodges Number,Zane Roskoph,2021-09-21T18:36:03Z
477347,10717,und,"","",,Hodges Number,Zane Roskoph,2021-09-21T18:36:27Z
220014,10805,und,"","",,Hodges Number,Zane Roskoph,2021-09-21T18:37:04Z
220011,10843,und,"","",,Hodges Number,Zane Roskoph,2021-09-21T18:37:50Z
452597,10820.1,und,"","",,Hodges Number,Zane Roskoph,2021-09-21T18:38:23Z
968399,10761,und,"","",,Hodges Number,Zane Roskoph,2021-09-21T18:38:54Z
477530,2339,und,"","",,Hodges Number,Zane Roskoph,2021-09-22T12:48:51Z
477531,2342,und,"","",,Hodges Number,Zane Roskoph,2021-09-22T12:50:45Z
474941,2342.4,und,"","",,Hodges Number,Zane Roskoph,2021-09-22T12:51:36Z
474939,2337,und,"","",,Hodges Number,Zane Roskoph,2021-09-22T12:57:06Z
389821,2341,und,"","",,Hodges Number,Zane Roskoph,2021-09-22T17:38:42Z
453343,2344,und,"","",,Hodges Number,Zane Roskoph,2021-09-22T17:54:42Z
488408,2338,und,"","",,Hodges Number,Zane Roskoph,2021-09-22T18:19:21Z
453598,2343,und,"","",,Hodges Number,Zane Roskoph,2021-09-22T18:22:13Z
218536,2346,und,"","",,Hodges Number,Zane Roskoph,2021-09-23T11:37:50Z
1283277,2345.4,und,"","",,Hodges Number,Zane Roskoph,2021-09-23T11:38:16Z
1283278,2346.1,und,"","",,Hodges Number,Zane Roskoph,2021-09-23T11:38:58Z
1283279,2345.2,und,"","",,Hodges Number,Zane Roskoph,2021-09-23T11:40:10Z
509811,2345,und,"","",,Hodges Number,Zane Roskoph,2021-09-23T11:40:48Z
1283281,2345.1,und,"","",,Hodges Number,Zane Roskoph,2021-09-23T11:43:50Z
1283282,2345.5,und,"","",,Hodges Number,Zane Roskoph,2021-09-23T11:44:20Z
1283283,2345.3,und,"","",,Hodges Number,Zane Roskoph,2021-09-23T11:46:13Z
485543,2339.2,und,"","",,Hodges Number,Zane Roskoph,2021-09-23T12:49:48Z
485542,2342.3,und,"","",,Hodges Number,Zane Roskoph,2021-09-23T12:50:55Z
485541,2338.1,und,"","",,Hodges Number,Zane Roskoph,2021-09-23T12:51:55Z
453548,2342.2,und,"","",,Hodges Number,Zane Roskoph,2021-09-23T12:53:15Z
474943,2344.1,und,"","",,Hodges Number,Zane Roskoph,2021-09-23T12:54:42Z
477563,2340,und,"","",,Hodges Number,Zane Roskoph,2021-09-23T12:59:11Z
142998,5071,und,"","",,Hodges Number,Zane Roskoph,2021-09-27T13:52:13Z
996911,5063,und,"","",,Hodges Number,Zane Roskoph,2021-09-27T13:56:43Z
903439,5076,und,"","",,Hodges Number,Zane Roskoph,2021-09-27T13:57:24Z
1139067,5066,und,"","",,Hodges Number,Zane Roskoph,2021-09-27T13:58:45Z
534927,5031,und,"","",,Hodges Number,Zane Roskoph,2021-09-27T14:00:30Z
327233,5041,und,"","",,Hodges Number,Zane Roskoph,2021-09-27T14:00:57Z
356130,5045,und,"","",,Hodges Number,Zane Roskoph,2021-09-27T14:01:36Z
205301,5040,und,"","",,Hodges Number,Zane Roskoph,2021-09-27T14:03:29Z
346958,5060.1,und,"","",,Hodges Number,Zane Roskoph,2021-09-27T14:05:16Z
243984,5052,und,"","",,Hodges Number,Zane Roskoph,2021-09-27T14:07:13Z
545141,5076.2,und,"","",,Hodges Number,Zane Roskoph,2021-09-27T14:09:02Z
477263,5039,und,"","",,Hodges Number,Zane Roskoph,2021-09-27T14:12:04Z
478315,5028,und,"","",,Hodges Number,Zane Roskoph,2021-09-27T14:13:24Z
67590,5054,und,"","",,Hodges Number,Zane Roskoph,2021-09-27T14:14:20Z
471920,5018,und,"","",,Hodges Number,Zane Roskoph,2021-09-27T15:23:49Z
783815,5048,und,"","",,Hodges Number,Zane Roskoph,2021-09-27T15:30:21Z
417088,5055,und,"","",,Hodges Number,Zane Roskoph,2021-09-27T15:31:08Z
229526,5074,und,"","",,Hodges Number,Zane Roskoph,2021-09-27T15:31:47Z
229527,5056,und,"","",,Hodges Number,Zane Roskoph,2021-09-27T15:34:07Z
347115,5033,und,"","",,Hodges Number,Zane Roskoph,2021-09-27T15:37:37Z
335840,5037,und,"","",,Hodges Number,Zane Roskoph,2021-09-27T17:33:17Z
491839,5060,und,"","",,Hodges Number,Zane Roskoph,2021-09-27T17:33:49Z
520650,5044,und,"","",,Hodges Number,Zane Roskoph,2021-09-27T17:34:15Z
734708,5036,und,"","",,Hodges Number,Zane Roskoph,2021-09-27T17:36:08Z
548085,5047,und,"","",,Hodges Number,Zane Roskoph,2021-09-27T17:37:11Z
347128,5023,und,"","",,Hodges Number,Zane Roskoph,2021-09-27T18:14:50Z
204081,5070,und,"","",,Hodges Number,Zane Roskoph,2021-09-27T18:16:17Z
361341,5027,und,"","",,Hodges Number,Zane Roskoph,2021-09-27T18:17:03Z
478159,5024,und,"","",,Hodges Number,Zane Roskoph,2021-09-27T18:18:41Z
347116,5030,und,"","",,Hodges Number,Zane Roskoph,2021-09-27T18:23:23Z
359293,5019,und,"","",,Hodges Number,Zane Roskoph,2021-09-27T18:24:09Z
229528,5032,und,"","",,Hodges Number,Zane Roskoph,2021-09-27T18:24:54Z
229529,5073,und,"","",,Hodges Number,Zane Roskoph,2021-09-27T18:25:28Z
479186,5072,und,"","",,Hodges Number,Zane Roskoph,2021-09-27T18:42:48Z
478160,5025,und,"","",,Hodges Number,Zane Roskoph,2021-09-27T18:43:46Z
361807,5042,und,"","",,Hodges Number,Zane Roskoph,2021-09-27T18:45:36Z
126217,5058,und,"","",,Hodges Number,Zane Roskoph,2021-09-27T18:46:00Z
326104,5064,und,"","",,Hodges Number,Zane Roskoph,2021-09-27T19:02:16Z
478161,5026,und,"","",,Hodges Number,Zane Roskoph,2021-09-27T19:05:18Z
346122,5060.2,und,"","",,Hodges Number,Zane Roskoph,2021-09-27T19:07:49Z
470656,5053,und,"","",,Hodges Number,Zane Roskoph,2021-09-27T19:11:46Z
356131,5064,und,"","",,Hodges Number,Zane Roskoph,2021-09-27T19:12:11Z
61503,8649,und,"","",,Hodges Number,Zane Roskoph,2021-09-27T19:12:44Z
232597,8647,und,"","",,Hodges Number,Zane Roskoph,2021-09-27T19:15:45Z
733183,5035,und,"","",,Hodges Number,Zane Roskoph,2021-09-27T19:18:53Z
1284738,5136,und,"","",,Hodges Number,Zane Roskoph,2021-09-28T11:44:15Z
224491,5138,und,"","",,Hodges Number,Zane Roskoph,2021-09-28T11:45:32Z
322665,5137,und,"","",,Hodges Number,Zane Roskoph,2021-09-28T11:47:37Z
224492,5135,und,"","",,Hodges Number,Zane Roskoph,2021-09-28T11:49:33Z
892557,5243,und,"","",,Hodges Number,Zane Roskoph,2021-09-28T12:00:58Z
780125,5062,und,"","",,Hodges Number,Zane Roskoph,2021-09-28T12:06:13Z
479187,5021,und,"","",,Hodges Number,Zane Roskoph,2021-09-28T12:07:10Z
229530,5051,und,"","",,Hodges Number,Zane Roskoph,2021-09-28T12:08:44Z
478162,5020,und,"","",,Hodges Number,Zane Roskoph,2021-09-28T12:10:38Z
453486,5065,und,"","",,Hodges Number,Zane Roskoph,2021-09-28T12:11:04Z
347120,5067,und,"","",,Hodges Number,Zane Roskoph,2021-09-28T12:11:29Z
1284778,5038,und,"","",,Hodges Number,Zane Roskoph,2021-09-28T12:12:41Z
135260,5038,und,"","",,Hodges Number,Zane Roskoph,2021-09-28T12:13:11Z
229531,5075,und,"","",,Hodges Number,Zane Roskoph,2021-09-28T12:14:17Z
478941,5057,und,"","",,Hodges Number,Zane Roskoph,2021-09-28T12:17:59Z
477522,5061,und,"","",,Hodges Number,Zane Roskoph,2021-09-28T12:20:39Z
453487,5059,und,"","",,Hodges Number,Zane Roskoph,2021-09-28T12:27:28Z
81752,5069,und,"","",,Hodges Number,Zane Roskoph,2021-09-28T12:27:58Z
229532,5068,und,"","",,Hodges Number,Zane Roskoph,2021-09-28T12:28:28Z
210615,5029,und,"","",,Hodges Number,Zane Roskoph,2021-09-28T12:31:31Z
477958,5022,und,"","",,Hodges Number,Zane Roskoph,2021-09-28T12:33:09Z
707928,5230,und,"","",,Hodges Number,Zane Roskoph,2021-09-28T13:27:53Z
143017,5228,und,"","",,Hodges Number,Zane Roskoph,2021-09-28T13:30:50Z
228594,5229,und,"","",,Hodges Number,Zane Roskoph,2021-09-28T13:59:15Z
949586,5228.1,und,"","",,Hodges Number,Zane Roskoph,2021-09-28T14:04:48Z
82175,5284,und,"","",,Hodges Number,Zane Roskoph,2021-09-28T16:01:07Z
362354,4993,und,"","",,Hodges Number,Zane Roskoph,2021-09-28T16:11:36Z
367841,5000,und,"","",,Hodges Number,Zane Roskoph,2021-09-28T16:12:48Z
224152,5010,und,"","",,Hodges Number,Zane Roskoph,2021-09-28T16:14:39Z
478291,5007,und,"","",,Hodges Number,Zane Roskoph,2021-09-28T16:16:34Z
477358,5013,und,"","",,Hodges Number,Zane Roskoph,2021-09-28T16:17:40Z
126991,5017,und,"","",,Hodges Number,Zane Roskoph,2021-09-28T16:18:17Z
224153,5016,und,"","",,Hodges Number,Zane Roskoph,2021-09-28T16:18:56Z
869520,5003,und,"","",,Hodges Number,Zane Roskoph,2021-09-28T16:21:14Z
453367,5011,und,"","",,Hodges Number,Zane Roskoph,2021-09-28T16:22:09Z
745762,4994,und,"","",,Hodges Number,Zane Roskoph,2021-09-28T16:24:24Z
478113,5008,und,"","",,Hodges Number,Zane Roskoph,2021-09-28T16:26:23Z
453368,4996,und,"","",,Hodges Number,Zane Roskoph,2021-09-28T16:27:23Z
478114,4997,und,"","",,Hodges Number,Zane Roskoph,2021-09-28T16:27:46Z
478115,5006,und,"","",,Hodges Number,Zane Roskoph,2021-09-28T16:28:09Z
367296,4995,und,"","",,Hodges Number,Zane Roskoph,2021-09-28T16:28:39Z
478116,5005,und,"","",,Hodges Number,Zane Roskoph,2021-09-28T16:31:09Z
1121618,5004,und,"","",,Hodges Number,Zane Roskoph,2021-09-28T16:32:05Z
478117,5002,und,"","",,Hodges Number,Zane Roskoph,2021-09-28T16:33:02Z
478292,5014,und,"","",,Hodges Number,Zane Roskoph,2021-09-28T16:34:10Z
478118,5009,und,"","",,Hodges Number,Zane Roskoph,2021-09-28T16:36:23Z
477695,5015,und,"","",,Hodges Number,Zane Roskoph,2021-09-28T16:39:21Z
478119,4998,und,"","",,Hodges Number,Zane Roskoph,2021-09-28T16:42:10Z
367295,5001,und,"","",,Hodges Number,Zane Roskoph,2021-09-28T17:05:16Z
478120,4999,und,"","",,Hodges Number,Zane Roskoph,2021-09-28T17:05:41Z
477598,4985,und,"","",,Hodges Number,Zane Roskoph,2021-09-28T17:12:19Z
231076,4987,und,"","",,Hodges Number,Zane Roskoph,2021-09-28T17:12:45Z
231077,4986,und,"","",,Hodges Number,Zane Roskoph,2021-09-28T17:13:16Z
62424,4986.1,und,"","",,Hodges Number,Zane Roskoph,2021-09-28T17:13:53Z
324708,5104,und,"","",,Hodges Number,Zane Roskoph,2021-09-29T16:59:03Z
479328,5105,und,"","",,Hodges Number,Zane Roskoph,2021-09-29T16:59:35Z
326128,5266,und,"","",,Hodges Number,Zane Roskoph,2021-09-30T11:54:00Z
321677,5265,und,"","",,Hodges Number,Zane Roskoph,2021-09-30T12:07:02Z
1145420,0114.2,und,"","",,Hodges Number,Zane Roskoph,2021-09-30T12:14:54Z
1145421,0114.3,und,"","",,Hodges Number,Zane Roskoph,2021-09-30T12:15:31Z
1205229,3193,und,"","",,Hodges Number,Zane Roskoph,2021-09-30T12:16:20Z
256344,7714.1,und,"","",,Hodges Number,Zane Roskoph,2021-09-30T12:17:22Z
221172,7728,und,"","",,Hodges Number,Zane Roskoph,2021-09-30T12:17:58Z
82279,7746,und,"","",,Hodges Number,Zane Roskoph,2021-09-30T12:18:52Z
81582,7767,und,"","",,Hodges Number,Zane Roskoph,2021-09-30T12:20:09Z
47919,7757,und,"","",,Hodges Number,Zane Roskoph,2021-09-30T12:20:47Z
222331,4675,und,"","",,Hodges Number,Zane Roskoph,2021-09-30T12:21:46Z
122254,4677,und,"","",,Hodges Number,Zane Roskoph,2021-09-30T12:22:17Z
153078,4699,und,"","",,Hodges Number,Zane Roskoph,2021-09-30T12:23:04Z
221178,7744.5,und,"","",,Hodges Number,Zane Roskoph,2021-09-30T12:23:43Z
214683,7749.2,und,"","",,Hodges Number,Zane Roskoph,2021-09-30T12:24:15Z
1145415,6193,und,"","",,Hodges Number,Zane Roskoph,2021-09-30T12:25:15Z
474902,8630.2,und,"","",,Hodges Number,Zane Roskoph,2021-09-30T12:25:50Z
606548,8186.1,und,"","",,Hodges Number,Zane Roskoph,2021-09-30T12:26:34Z
223556,8217.1,und,"","",,Hodges Number,Zane Roskoph,2021-09-30T12:27:13Z
212890,8054,und,"","",,Hodges Number,Zane Roskoph,2021-09-30T12:27:52Z
222251,8056,und,"","",,Hodges Number,Zane Roskoph,2021-09-30T12:28:37Z
143994,8077,und,"","",,Hodges Number,Zane Roskoph,2021-09-30T12:29:20Z
481245,5975.2,und,"","",,Hodges Number,Zane Roskoph,2021-09-30T12:30:01Z
223990,9923.1,und,"","",,Hodges Number,Zane Roskoph,2021-09-30T12:30:44Z
501987,10620.2,und,"","",,Hodges Number,Zane Roskoph,2021-09-30T12:31:27Z
218607,7999.1,und,"","",,Hodges Number,Zane Roskoph,2021-09-30T12:32:00Z
221277,7992,und,"","",,Hodges Number,Zane Roskoph,2021-09-30T12:33:51Z
217762,8028,und,"","",,Hodges Number,Zane Roskoph,2021-09-30T12:35:04Z
217221,7897,und,"","",,Hodges Number,Zane Roskoph,2021-09-30T12:35:43Z
1203712,0690,und,"","",,Hodges Number,Zane Roskoph,2021-09-30T12:37:22Z
1145416,0845,und,"","",,Hodges Number,Zane Roskoph,2021-09-30T12:37:57Z
1245035,1402,und,"","",,Hodges Number,Zane Roskoph,2021-09-30T12:40:13Z
1245034,1410,und,"","",,Hodges Number,Zane Roskoph,2021-09-30T12:40:42Z
1245033,1409,und,"","",,Hodges Number,Zane Roskoph,2021-09-30T12:41:23Z
1280680,4733,und,"","",,Hodges Number,Zane Roskoph,2021-09-30T12:42:11Z
1280636,4732,und,"","",,Hodges Number,Zane Roskoph,2021-09-30T12:42:49Z
479363,5574.2,und,"","",,Hodges Number,Zane Roskoph,2021-09-30T12:44:04Z
1145419,5568.1,und,"","",,Hodges Number,Zane Roskoph,2021-09-30T12:44:33Z
416958,2316,und,"","",,Hodges Number,Zane Roskoph,2021-09-30T12:46:36Z
453477,6115,und,"","",,Hodges Number,Zane Roskoph,2021-09-30T13:12:01Z
1263151,6113,und,"","",,Hodges Number,Zane Roskoph,2021-09-30T13:13:17Z
319034,6109,und,"","",,Hodges Number,Zane Roskoph,2021-09-30T13:16:18Z
453478,6111,und,"","",,Hodges Number,Zane Roskoph,2021-09-30T13:18:34Z
1263152,6114,und,"","",,Hodges Number,Zane Roskoph,2021-09-30T13:21:24Z
1263150,6108,und,"","",,Hodges Number,Zane Roskoph,2021-09-30T13:30:08Z
453462,6110,und,"","",,Hodges Number,Zane Roskoph,2021-09-30T14:54:45Z
228349,6106,und,"","",,Hodges Number,Zane Roskoph,2021-09-30T15:02:58Z
311265,6112,und,"","",,Hodges Number,Zane Roskoph,2021-09-30T15:05:11Z
453547,6116,und,"","",,Hodges Number,Zane Roskoph,2021-09-30T15:12:00Z
321014,6107,und,"","",,Hodges Number,Zane Roskoph,2021-09-30T15:14:05Z
1286321,4721,und,"","",,Hodges Number,Zane Roskoph,2021-10-01T11:24:04Z
230665,4710,und,"","",,Hodges Number,Zane Roskoph,2021-10-01T12:05:22Z
471494,4711,und,"","",,Hodges Number,Zane Roskoph,2021-10-01T12:09:19Z
230666,4717,und,"","",,Hodges Number,Zane Roskoph,2021-10-01T12:11:35Z
1286375,4708,und,"","",,Hodges Number,Zane Roskoph,2021-10-01T12:17:39Z
1286377,4714,und,"","",,Hodges Number,Zane Roskoph,2021-10-01T12:19:19Z
450996,1651,und,"","",,Hodges Number,Zane Roskoph,2021-10-01T12:52:39Z
363524,1651.1,und,"","",,Hodges Number,Zane Roskoph,2021-10-01T12:59:27Z
1286396,1671,und,"","",,Hodges Number,Zane Roskoph,2021-10-01T13:03:22Z
1245273,1672,und,"","",,Hodges Number,Zane Roskoph,2021-10-01T13:03:53Z
333737,1659,und,"","",,Hodges Number,Zane Roskoph,2021-10-01T13:07:12Z
332481,1678,und,"","",,Hodges Number,Zane Roskoph,2021-10-01T13:10:09Z
1286416,0103,und,"","",,Hodges Number,Zane Roskoph,2021-10-01T13:40:00Z
1128253,0101,und,"","",,Hodges Number,Zane Roskoph,2021-10-01T13:40:23Z
1128254,0106,und,"","",,Hodges Number,Zane Roskoph,2021-10-01T13:40:50Z
542149,0081,und,"","",,Hodges Number,Zane Roskoph,2021-10-01T13:41:19Z
994680,0105,und,"","",,Hodges Number,Zane Roskoph,2021-10-01T13:41:57Z
472616,0104,und,"","",,Hodges Number,Zane Roskoph,2021-10-01T13:44:06Z
1128252,0090,und,"","",,Hodges Number,Zane Roskoph,2021-10-01T13:45:16Z
469763,0071,und,"","",,Hodges Number,Zane Roskoph,2021-10-01T13:48:10Z
231750,0092,und,"","",,Hodges Number,Zane Roskoph,2021-10-01T13:50:58Z
1099223,0062,und,"","",,Hodges Number,Zane Roskoph,2021-10-01T13:51:28Z
477276,0075,und,"","",,Hodges Number,Zane Roskoph,2021-10-01T13:52:03Z
509824,0091,und,"","",,Hodges Number,Zane Roskoph,2021-10-01T13:52:32Z
453501,0082,und,"","",,Hodges Number,Zane Roskoph,2021-10-01T13:52:54Z
1156502,0076,und,"","",,Hodges Number,Zane Roskoph,2021-10-01T13:53:17Z
469764,0076.2,und,"","",,Hodges Number,Zane Roskoph,2021-10-01T13:53:48Z
477277,0076.1,und,"","",,Hodges Number,Zane Roskoph,2021-10-01T13:54:22Z
231751,0072,und,"","",,Hodges Number,Zane Roskoph,2021-10-01T13:54:59Z
861038,0095,und,"","",,Hodges Number,Zane Roskoph,2021-10-01T13:55:27Z
625332,0088,und,"","",,Hodges Number,Zane Roskoph,2021-10-01T13:56:11Z
477279,0095.1,und,"","",,Hodges Number,Zane Roskoph,2021-10-01T13:56:44Z
1099247,0094,und,"","",,Hodges Number,Zane Roskoph,2021-10-01T13:58:02Z
743367,0089,und,"","",,Hodges Number,Zane Roskoph,2021-10-01T13:58:39Z
231753,0093,und,"","",,Hodges Number,Zane Roskoph,2021-10-01T13:59:07Z
1286422,0086,und,"","",,Hodges Number,Zane Roskoph,2021-10-01T14:00:04Z
552037,0073,und,"","",,Hodges Number,Zane Roskoph,2021-10-01T14:00:34Z
231756,0078,und,"","",,Hodges Number,Zane Roskoph,2021-10-01T14:01:08Z
231356,6090,und,"","",,Hodges Number,Zane Roskoph,2021-10-01T14:02:10Z
122256,7730,und,"","",,Hodges Number,Zane Roskoph,2021-10-01T14:03:19Z
1286424,0105.1,und,"","",,Hodges Number,Zane Roskoph,2021-10-01T14:04:11Z
453502,0084,und,"","",,Hodges Number,Zane Roskoph,2021-10-01T14:04:59Z
1148415,0102,und,"","",,Hodges Number,Zane Roskoph,2021-10-01T14:05:25Z
231754,0070,und,"","",,Hodges Number,Zane Roskoph,2021-10-01T14:05:52Z
1128251,0067,und,"","",,Hodges Number,Zane Roskoph,2021-10-01T14:06:36Z
231755,0099,und,"","",,Hodges Number,Zane Roskoph,2021-10-01T14:07:03Z
881744,0111,und,"","",,Hodges Number,Zane Roskoph,2021-10-01T14:08:49Z
470532,0074,und,"","",,Hodges Number,Zane Roskoph,2021-10-01T14:09:43Z
231757,0087,und,"","",,Hodges Number,Zane Roskoph,2021-10-01T14:10:10Z
231759,0063,und,"","",,Hodges Number,Zane Roskoph,2021-10-01T14:11:04Z
231760,0079,und,"","",,Hodges Number,Zane Roskoph,2021-10-01T14:12:04Z
1286426,0068,und,"","",,Hodges Number,Zane Roskoph,2021-10-01T14:12:45Z
1072137,0069,und,"","",,Hodges Number,Zane Roskoph,2021-10-01T14:13:18Z
931475,0098,und,"","",,Hodges Number,Zane Roskoph,2021-10-01T14:13:41Z
416829,0096,und,"","",,Hodges Number,Zane Roskoph,2021-10-01T14:14:11Z
469765,0100,und,"","",,Hodges Number,Zane Roskoph,2021-10-01T14:14:34Z
508145,0080,und,"","",,Hodges Number,Zane Roskoph,2021-10-01T14:15:00Z
875819,0065,und,"","",,Hodges Number,Zane Roskoph,2021-10-01T14:41:17Z
233970,2427,und,"","",,Hodges Number,Zane Roskoph,2021-10-01T16:52:20Z
233736,7370,und,"","",,Hodges Number,Zane Roskoph,2021-10-01T17:05:58Z
233738,7385,und,"","",,Hodges Number,Zane Roskoph,2021-10-01T17:06:26Z
1286589,7393,und,"","",,Hodges Number,Zane Roskoph,2021-10-01T17:08:26Z
233739,7384,und,"","",,Hodges Number,Zane Roskoph,2021-10-01T17:08:58Z
205881,7386,und,"","",,Hodges Number,Zane Roskoph,2021-10-01T17:10:50Z
143485,7388,und,"","",,Hodges Number,Zane Roskoph,2021-10-01T17:11:42Z
233740,7380,und,"","",,Hodges Number,Zane Roskoph,2021-10-01T17:12:35Z
81692,7368,und,"","",,Hodges Number,Zane Roskoph,2021-10-01T17:13:18Z
233741,7371,und,"","",,Hodges Number,Zane Roskoph,2021-10-01T17:13:43Z
205036,7390,und,"","",,Hodges Number,Zane Roskoph,2021-10-01T17:14:11Z
233742,7372,und,"","",,Hodges Number,Zane Roskoph,2021-10-01T17:14:40Z
452689,7376,und,"","",,Hodges Number,Zane Roskoph,2021-10-01T17:16:53Z
452690,7379,und,"","",,Hodges Number,Zane Roskoph,2021-10-01T17:20:01Z
330717,4974,und,"","",,Hodges Number,Zane Roskoph,2021-10-04T11:43:54Z
346501,4976,und,"","",,Hodges Number,Zane Roskoph,2021-10-04T11:46:00Z
204077,4975,und,"","",,Hodges Number,Zane Roskoph,2021-10-04T11:51:39Z
212729,5516,und,"","",,Hodges Number,Zane Roskoph,2021-10-04T11:53:24Z
367258,5519,und,"","",,Hodges Number,Zane Roskoph,2021-10-04T11:53:52Z
498920,5520,und,"","",,Hodges Number,Zane Roskoph,2021-10-04T11:54:58Z
359245,5514,und,"","",,Hodges Number,Zane Roskoph,2021-10-04T11:56:19Z
212728,5517,und,"","",,Hodges Number,Zane Roskoph,2021-10-04T11:56:58Z
205064,5511,und,"","",,Hodges Number,Zane Roskoph,2021-10-04T11:58:07Z
143608,5518,und,"","",,Hodges Number,Zane Roskoph,2021-10-04T11:58:57Z
325918,5728,und,"","",,Hodges Number,Zane Roskoph,2021-10-04T11:59:41Z
359270,5513,und,"","",,Hodges Number,Zane Roskoph,2021-10-04T12:00:10Z
1260302,5522,und,"","",,Hodges Number,Zane Roskoph,2021-10-04T12:01:30Z
1260303,5521,und,"","",,Hodges Number,Zane Roskoph,2021-10-04T12:02:06Z
568394,5523,und,"","",,Hodges Number,Zane Roskoph,2021-10-04T12:05:23Z
324700,2257,und,"","",,Hodges Number,Zane Roskoph,2021-10-04T13:13:24Z
214552,9650,und,"","",,Hodges Number,Zane Roskoph,2021-10-04T13:31:34Z
228897,9647,und,"","",,Hodges Number,Zane Roskoph,2021-10-04T13:32:13Z
236852,9649,und,"","",,Hodges Number,Zane Roskoph,2021-10-04T13:32:35Z
372364,9648,und,"","",,Hodges Number,Zane Roskoph,2021-10-04T13:33:00Z
214567,1852,und,"","",,Hodges Number,Zane Roskoph,2021-10-04T13:45:10Z
988077,1853,und,"","",,Hodges Number,Zane Roskoph,2021-10-04T13:46:15Z
477163,1854,und,"","",,Hodges Number,Zane Roskoph,2021-10-04T13:46:44Z
214958,0466,und,"","",,Hodges Number,Zane Roskoph,2021-10-04T13:55:36Z
1287397,0465,und,"","",,Hodges Number,Zane Roskoph,2021-10-04T13:56:51Z
320764,0592,und,"","",,Hodges Number,Zane Roskoph,2021-10-04T14:04:17Z
488849,0583,und,"","",,Hodges Number,Zane Roskoph,2021-10-04T14:05:27Z
453197,0584,und,"","",,Hodges Number,Zane Roskoph,2021-10-04T14:06:24Z
347050,0585,und,"","",,Hodges Number,Zane Roskoph,2021-10-04T14:09:36Z
826460,0586,und,"","",,Hodges Number,Zane Roskoph,2021-10-04T14:10:30Z
215883,0587,und,"","",,Hodges Number,Zane Roskoph,2021-10-04T14:10:58Z
1287412,0588,und,"","",,Hodges Number,Zane Roskoph,2021-10-04T14:11:51Z
215884,0589,und,"","",,Hodges Number,Zane Roskoph,2021-10-04T14:12:14Z
1287415,0590,und,"","",,Hodges Number,Zane Roskoph,2021-10-04T14:13:10Z
1287416,0591,und,"","",,Hodges Number,Zane Roskoph,2021-10-04T14:14:11Z
1287421,0593,und,"","",,Hodges Number,Zane Roskoph,2021-10-04T14:17:16Z
464903,0594,und,"","",,Hodges Number,Zane Roskoph,2021-10-04T14:17:43Z
215885,0594.1,und,"","",,Hodges Number,Zane Roskoph,2021-10-04T14:18:20Z
215886,0595,und,"","",,Hodges Number,Zane Roskoph,2021-10-04T14:19:06Z
342492,0596,und,"","",,Hodges Number,Zane Roskoph,2021-10-04T14:20:38Z
829623,0654,und,"","",,Hodges Number,Zane Roskoph,2021-10-04T14:22:53Z
225154,0647,und,"","",,Hodges Number,Zane Roskoph,2021-10-04T14:23:40Z
215887,0597,und,"","",,Hodges Number,Zane Roskoph,2021-10-04T14:26:17Z
1235301,0598,und,"","",,Hodges Number,Zane Roskoph,2021-10-04T14:26:40Z
215888,0599,und,"","",,Hodges Number,Zane Roskoph,2021-10-04T14:29:23Z
467166,0644.1,und,"","",,Hodges Number,Zane Roskoph,2021-10-04T14:30:37Z
215889,0600,und,"","",,Hodges Number,Zane Roskoph,2021-10-04T14:33:39Z
215890,0601,und,"","",,Hodges Number,Zane Roskoph,2021-10-04T14:34:08Z
372323,0602,und,"","",,Hodges Number,Zane Roskoph,2021-10-04T14:39:55Z
477548,0603,und,"","",,Hodges Number,Zane Roskoph,2021-10-04T14:44:44Z
215891,0604,und,"","",,Hodges Number,Zane Roskoph,2021-10-04T14:45:37Z
1287473,0605,und,"","",,Hodges Number,Zane Roskoph,2021-10-04T14:46:44Z
215892,0606,und,"","",,Hodges Number,Zane Roskoph,2021-10-04T14:47:16Z
1128262,0607,und,"","",,Hodges Number,Zane Roskoph,2021-10-04T14:49:05Z
867782,0608,und,"","",,Hodges Number,Zane Roskoph,2021-10-04T14:51:47Z
215893,0609,und,"","",,Hodges Number,Zane Roskoph,2021-10-04T14:54:17Z
1287495,0610,und,"","",,Hodges Number,Zane Roskoph,2021-10-04T14:58:46Z
1287501,0611,und,"","",,Hodges Number,Zane Roskoph,2021-10-04T15:17:10Z
478922,0612,und,"","",,Hodges Number,Zane Roskoph,2021-10-04T15:19:26Z
1128263,0613,und,"","",,Hodges Number,Zane Roskoph,2021-10-04T15:20:47Z
453198,0614,und,"","",,Hodges Number,Zane Roskoph,2021-10-04T15:21:40Z
318528,0615,und,"","",,Hodges Number,Zane Roskoph,2021-10-04T15:22:38Z
477175,0616,und,"","",,Hodges Number,Zane Roskoph,2021-10-04T15:23:24Z
1287511,0617,und,"","",,Hodges Number,Zane Roskoph,2021-10-04T15:24:32Z
215895,0618,und,"","",,Hodges Number,Zane Roskoph,2021-10-04T15:26:59Z
472534,0619,und,"","",,Hodges Number,Zane Roskoph,2021-10-04T15:27:34Z
215896,0620,und,"","",,Hodges Number,Zane Roskoph,2021-10-04T15:28:42Z
372232,0621,und,"","",,Hodges Number,Zane Roskoph,2021-10-04T15:29:55Z
1128264,0622,und,"","",,Hodges Number,Zane Roskoph,2021-10-04T15:30:43Z
1287530,0623,und,"","",,Hodges Number,Zane Roskoph,2021-10-04T15:33:24Z
1287536,0624,und,"","",,Hodges Number,Zane Roskoph,2021-10-04T15:37:17Z
1128265,0625,und,"","",,Hodges Number,Zane Roskoph,2021-10-04T15:38:10Z
215897,0626,und,"","",,Hodges Number,Zane Roskoph,2021-10-04T15:40:00Z
460258,0627,und,"","",,Hodges Number,Zane Roskoph,2021-10-04T15:41:22Z
372155,0628,und,"","",,Hodges Number,Zane Roskoph,2021-10-04T15:42:03Z
1287544,0629,und,"","",,Hodges Number,Zane Roskoph,2021-10-04T15:43:08Z
215898,0630,und,"","",,Hodges Number,Zane Roskoph,2021-10-04T15:43:33Z
478868,0631,und,"","",,Hodges Number,Zane Roskoph,2021-10-04T15:44:09Z
477508,0632,und,"","",,Hodges Number,Zane Roskoph,2021-10-04T15:46:09Z
362018,0633,und,"","",,Hodges Number,Zane Roskoph,2021-10-04T15:47:01Z
478869,0634,und,"","",,Hodges Number,Zane Roskoph,2021-10-04T15:47:39Z
1176609,0635,und,"","",,Hodges Number,Zane Roskoph,2021-10-04T15:49:28Z
1287557,0636,und,"","",,Hodges Number,Zane Roskoph,2021-10-04T15:50:28Z
215899,0637,und,"","",,Hodges Number,Zane Roskoph,2021-10-04T15:51:50Z
1287562,0638,und,"","",,Hodges Number,Zane Roskoph,2021-10-04T15:52:56Z
215900,0639,und,"","",,Hodges Number,Zane Roskoph,2021-10-04T15:54:30Z
215901,0640,und,"","",,Hodges Number,Zane Roskoph,2021-10-04T15:55:13Z
875767,0640.1,und,"","",,Hodges Number,Zane Roskoph,2021-10-04T15:56:06Z
366165,0641,und,"","",,Hodges Number,Zane Roskoph,2021-10-04T15:56:34Z
215903,0642,und,"","",,Hodges Number,Zane Roskoph,2021-10-04T16:00:17Z
836499,0643,und,"","",,Hodges Number,Zane Roskoph,2021-10-04T16:00:38Z
324207,0644,und,"","",,Hodges Number,Zane Roskoph,2021-10-04T16:01:45Z
148908,8890,und,"","",,Hodges Number,Zane Roskoph,2021-10-04T16:10:16Z
205226,1717,und,"","",,Hodges Number,Zane Roskoph,2021-10-04T16:14:48Z
326671,1718,und,"","",,Hodges Number,Zane Roskoph,2021-10-04T16:18:20Z
216840,1719,und,"","",,Hodges Number,Zane Roskoph,2021-10-04T16:19:56Z
478999,1720,und,"","",,Hodges Number,Zane Roskoph,2021-10-04T16:20:54Z
578813,9702,und,"","",,Hodges Number,Zane Roskoph,2021-10-04T16:29:01Z
472789,9695,und,"","",,Hodges Number,Zane Roskoph,2021-10-04T16:29:35Z
479135,9709,und,"","",,Hodges Number,Zane Roskoph,2021-10-04T16:30:09Z
217493,9693,und,"","",,Hodges Number,Zane Roskoph,2021-10-04T16:31:48Z
986733,9700,und,"","",,Hodges Number,Zane Roskoph,2021-10-04T16:32:13Z
635976,9704,und,"","",,Hodges Number,Zane Roskoph,2021-10-04T16:32:50Z
330394,9698,und,"","",,Hodges Number,Zane Roskoph,2021-10-04T16:33:18Z
217490,9714,und,"","",,Hodges Number,Zane Roskoph,2021-10-04T16:33:50Z
417185,9713,und,"","",,Hodges Number,Zane Roskoph,2021-10-04T16:34:17Z
217491,9692,und,"","",,Hodges Number,Zane Roskoph,2021-10-04T16:40:22Z
514048,9712,und,"","",,Hodges Number,Zane Roskoph,2021-10-04T16:40:58Z
986703,9702.2,und,"","",,Hodges Number,Zane Roskoph,2021-10-04T16:41:20Z
986709,9701.1,und,"","",,Hodges Number,Zane Roskoph,2021-10-04T16:41:45Z
986729,9703,und,"","",,Hodges Number,Zane Roskoph,2021-10-04T16:42:12Z
217495,9699,und,"","",,Hodges Number,Zane Roskoph,2021-10-04T16:42:36Z
445745,9691,und,"","",,Hodges Number,Zane Roskoph,2021-10-04T16:43:07Z
217496,9696,und,"","",,Hodges Number,Zane Roskoph,2021-10-04T16:43:43Z
217497,9690,und,"","",,Hodges Number,Zane Roskoph,2021-10-04T16:44:06Z
217890,8889,und,"","",,Hodges Number,Zane Roskoph,2021-10-04T16:49:22Z
705083,3488,und,"","",,Hodges Number,Zane Roskoph,2021-10-04T16:51:56Z
372473,3489,und,"","",,Hodges Number,Zane Roskoph,2021-10-04T17:02:02Z
217991,3486,und,"","",,Hodges Number,Zane Roskoph,2021-10-04T17:07:04Z
215243,1162,und,"","",,Hodges Number,Zane Roskoph,2021-10-04T17:08:19Z
148907,3494,und,"","",,Hodges Number,Zane Roskoph,2021-10-04T17:09:42Z
356443,3487,und,"","",,Hodges Number,Zane Roskoph,2021-10-04T17:10:39Z
217982,3471,und,"","",,Hodges Number,Zane Roskoph,2021-10-04T17:11:16Z
527106,3447,und,"","",,Hodges Number,Zane Roskoph,2021-10-04T17:12:35Z
121730,8543,und,"","",,Hodges Number,Zane Roskoph,2021-10-04T17:21:34Z
475103,8543.1,und,"","",,Hodges Number,Zane Roskoph,2021-10-04T17:23:48Z
218327,10921,und,"","",,Hodges Number,Zane Roskoph,2021-10-04T17:41:11Z
218325,10920,und,"","",,Hodges Number,Zane Roskoph,2021-10-04T17:54:06Z
218323,10916,und,"","",,Hodges Number,Zane Roskoph,2021-10-04T17:54:48Z
218326,10919,und,"","",,Hodges Number,Zane Roskoph,2021-10-04T17:56:11Z
218324,10918,und,"","",,Hodges Number,Zane Roskoph,2021-10-04T17:56:44Z
218328,10917,und,"","",,Hodges Number,Zane Roskoph,2021-10-04T17:57:08Z
453217,5133,und,"","",,Hodges Number,Zane Roskoph,2021-10-04T17:59:07Z
347118,5132,und,"","",,Hodges Number,Zane Roskoph,2021-10-04T17:59:31Z
928855,5134,und,"","",,Hodges Number,Zane Roskoph,2021-10-04T18:00:22Z
498784,5131,und,"","",,Hodges Number,Zane Roskoph,2021-10-04T18:01:18Z
216811,5128,und,"","",,Hodges Number,Zane Roskoph,2021-10-04T18:01:42Z
318941,5130,und,"","",,Hodges Number,Zane Roskoph,2021-10-04T18:02:07Z
347119,5129,und,"","",,Hodges Number,Zane Roskoph,2021-10-04T18:02:38Z
488822,5171,und,"","",,Hodges Number,Zane Roskoph,2021-10-04T18:04:12Z
460192,5166,und,"","",,Hodges Number,Zane Roskoph,2021-10-05T12:18:26Z
1139406,5168,und,"","",,Hodges Number,Zane Roskoph,2021-10-05T12:19:28Z
118788,5159,und,"","",,Hodges Number,Zane Roskoph,2021-10-05T12:22:34Z
321788,5167,und,"","",,Hodges Number,Zane Roskoph,2021-10-05T12:33:46Z
550728,5165,und,"","",,Hodges Number,Zane Roskoph,2021-10-05T12:36:55Z
326859,5161,und,"","",,Hodges Number,Zane Roskoph,2021-10-05T12:38:02Z
896032,5164,und,"","",,Hodges Number,Zane Roskoph,2021-10-05T12:38:28Z
502286,5162,und,"","",,Hodges Number,Zane Roskoph,2021-10-05T12:40:39Z
1227073,5199,und,"","",,Hodges Number,Zane Roskoph,2021-10-05T15:32:47Z
154624,5197,und,"","",,Hodges Number,Zane Roskoph,2021-10-05T16:33:52Z
324816,5198,und,"","",,Hodges Number,Zane Roskoph,2021-10-05T16:38:09Z
477767,4849,und,"","",,Hodges Number,Zane Roskoph,2021-10-05T16:47:04Z
509918,4848,und,"","",,Hodges Number,Zane Roskoph,2021-10-05T16:48:16Z
479323,4850,und,"","",,Hodges Number,Zane Roskoph,2021-10-05T16:48:47Z
330453,4847,und,"","",,Hodges Number,Zane Roskoph,2021-10-05T16:49:18Z
210616,4846,und,"","",,Hodges Number,Zane Roskoph,2021-10-05T16:49:50Z
118492,11068,und,"","",,Hodges Number,Zane Roskoph,2021-10-05T16:53:29Z
83806,11068.1,und,"","",,Hodges Number,Zane Roskoph,2021-10-05T16:54:11Z
129570,1064,und,"","",,Hodges Number,Zane Roskoph,2021-10-05T16:58:45Z
222016,8642,und,"","",,Hodges Number,Zane Roskoph,2021-10-05T17:08:23Z
947213,5251,und,"","",,Hodges Number,Zane Roskoph,2021-10-05T17:19:48Z
534311,5115,und,"","",,Hodges Number,Zane Roskoph,2021-10-05T17:43:59Z
507853,5248,und,"","",,Hodges Number,Zane Roskoph,2021-10-05T17:48:09Z
531675,5249,und,"","",,Hodges Number,Zane Roskoph,2021-10-05T17:50:34Z
205236,5250,und,"","",,Hodges Number,Zane Roskoph,2021-10-05T17:51:56Z
488851,0113,und,"","",,Hodges Number,Zane Roskoph,2021-10-05T17:53:23Z
735405,0115,und,"","",,Hodges Number,Zane Roskoph,2021-10-05T17:54:10Z
354896,5293,und,"","",,Hodges Number,Zane Roskoph,2021-10-05T18:17:23Z
524015,5290,und,"","",,Hodges Number,Zane Roskoph,2021-10-05T18:17:54Z
228593,9285,und,"","",,Hodges Number,Zane Roskoph,2021-10-05T18:19:33Z
257122,8038,und,"","",,Hodges Number,Zane Roskoph,2021-10-05T18:20:28Z
132445,5292,und,"","",,Hodges Number,Zane Roskoph,2021-10-05T18:22:45Z
354663,5291,und,"","",,Hodges Number,Zane Roskoph,2021-10-05T18:23:17Z
408756,0482,und,"","",,Hodges Number,Zane Roskoph,2021-10-05T18:25:03Z
178267,0475,und,"","",,Hodges Number,Zane Roskoph,2021-10-05T18:25:54Z
509823,0474,und,"","",,Hodges Number,Zane Roskoph,2021-10-05T18:27:37Z
178270,0475.1,und,"","",,Hodges Number,Zane Roskoph,2021-10-05T18:28:18Z
469901,0479,und,"","",,Hodges Number,Zane Roskoph,2021-10-05T19:16:11Z
509743,8746.1,und,"","",,Hodges Number,Zane Roskoph,2021-10-06T11:39:09Z
199286,8743,und,"","",,Hodges Number,Zane Roskoph,2021-10-06T11:43:19Z
225188,8745,und,"","",,Hodges Number,Zane Roskoph,2021-10-06T11:44:06Z
225186,8746,und,"","",,Hodges Number,Zane Roskoph,2021-10-06T11:45:50Z
225187,8744,und,"","",,Hodges Number,Zane Roskoph,2021-10-06T11:47:34Z
61910,8308,und,"","",,Hodges Number,Zane Roskoph,2021-10-06T11:50:48Z
122716,8314,und,"","",,Hodges Number,Zane Roskoph,2021-10-06T11:51:16Z
49016,8313,und,"","",,Hodges Number,Zane Roskoph,2021-10-06T11:51:39Z
525064,8317,und,"","",,Hodges Number,Zane Roskoph,2021-10-06T11:52:08Z
81665,8316,und,"","",,Hodges Number,Zane Roskoph,2021-10-06T11:52:42Z
525065,8315,und,"","",,Hodges Number,Zane Roskoph,2021-10-06T11:53:55Z
477450,8310,und,"","",,Hodges Number,Zane Roskoph,2021-10-06T11:54:25Z
48907,8312,und,"","",,Hodges Number,Zane Roskoph,2021-10-06T11:54:57Z
61908,8309,und,"","",,Hodges Number,Zane Roskoph,2021-10-06T11:55:53Z
791118,2416,und,"","",,Hodges Number,Zane Roskoph,2021-10-06T13:00:49Z
453608,0843,und,"","",,Hodges Number,Zane Roskoph,2021-10-06T13:11:37Z
205758,1067,und,"","",,Hodges Number,Zane Roskoph,2021-10-06T13:34:53Z
1259061,2032,und,"","",,Hodges Number,Zane Roskoph,2021-10-06T13:59:14Z
1288532,2033,und,"","",,Hodges Number,Zane Roskoph,2021-10-06T14:08:30Z
1288546,2034,und,"","",,Hodges Number,Zane Roskoph,2021-10-06T14:18:19Z
1288551,2039.1,und,"","",,Hodges Number,Zane Roskoph,2021-10-06T14:21:33Z
1288559,2036,und,"","",,Hodges Number,Zane Roskoph,2021-10-06T14:33:08Z
779348,2037,und,"","",,Hodges Number,Zane Roskoph,2021-10-06T14:35:35Z
367219,2039,und,"","",,Hodges Number,Zane Roskoph,2021-10-06T14:37:48Z
232060,2038.1,und,"","",,Hodges Number,Zane Roskoph,2021-10-06T14:38:32Z
424930,9673,und,"","",,Hodges Number,Zane Roskoph,2021-10-06T14:53:57Z
622554,9671.1,und,"","",,Hodges Number,Zane Roskoph,2021-10-06T14:54:26Z
231423,9671,und,"","",,Hodges Number,Zane Roskoph,2021-10-06T14:55:05Z
231424,9672,und,"","",,Hodges Number,Zane Roskoph,2021-10-06T14:55:42Z
231425,9665,und,"","",,Hodges Number,Zane Roskoph,2021-10-06T14:56:56Z
132468,9666,und,"","",,Hodges Number,Zane Roskoph,2021-10-06T14:57:39Z
894133,9674,und,"","",,Hodges Number,Zane Roskoph,2021-10-06T14:58:01Z
325940,9670,und,"","",,Hodges Number,Zane Roskoph,2021-10-06T14:58:39Z
118930,9669,und,"","",,Hodges Number,Zane Roskoph,2021-10-06T14:59:06Z
231426,9667,und,"","",,Hodges Number,Zane Roskoph,2021-10-06T15:00:31Z
325282,9668,und,"","",,Hodges Number,Zane Roskoph,2021-10-06T15:00:53Z
121716,4992,und,"","",,Hodges Number,Zane Roskoph,2021-10-06T15:11:34Z
231579,6149,und,"","",,Hodges Number,Zane Roskoph,2021-10-06T15:40:12Z
453500,6150,und,"","",,Hodges Number,Zane Roskoph,2021-10-06T15:41:12Z
478916,6148,und,"","",,Hodges Number,Zane Roskoph,2021-10-06T16:53:19Z
1263154,6151,und,"","",,Hodges Number,Zane Roskoph,2021-10-06T16:56:23Z
1263153,6146,und,"","",,Hodges Number,Zane Roskoph,2021-10-06T17:03:53Z
341544,6144,und,"","",,Hodges Number,Zane Roskoph,2021-10-06T17:06:08Z
509861,6145,und,"","",,Hodges Number,Zane Roskoph,2021-10-06T17:07:08Z
230669,7151,und,"","",,Hodges Number,Zane Roskoph,2021-10-06T17:20:01Z
230670,7162,und,"","",,Hodges Number,Zane Roskoph,2021-10-06T17:33:49Z
968892,7153,und,"","",,Hodges Number,Zane Roskoph,2021-10-06T17:39:46Z
479202,7155,und,"","",,Hodges Number,Zane Roskoph,2021-10-06T17:53:31Z
230671,7157,und,"","",,Hodges Number,Zane Roskoph,2021-10-06T19:03:40Z
452675,7168,und,"","",,Hodges Number,Zane Roskoph,2021-10-06T19:06:05Z
417991,7152,und,"","",,Hodges Number,Zane Roskoph,2021-10-07T11:27:08Z
362738,7156,und,"","",,Hodges Number,Zane Roskoph,2021-10-07T11:39:00Z
81680,7159,und,"","",,Hodges Number,Zane Roskoph,2021-10-07T11:47:15Z
225987,8990,und,"","",,Hodges Number,Zane Roskoph,2021-11-21T01:59:14Z
52866,8996,und,"","",,Hodges Number,Zane Roskoph,2021-11-21T01:59:59Z
474934,8984,und,"","",,Hodges Number,Zane Roskoph,2021-11-21T02:03:45Z
474931,8988,und,"","",,Hodges Number,Zane Roskoph,2021-11-21T02:04:32Z
332250,8983.1,und,"","",,Hodges Number,Zane Roskoph,2021-11-21T02:05:13Z
224526,8983,und,"","",,Hodges Number,Zane Roskoph,2021-11-21T02:05:54Z
474933,8986,und,"","",,Hodges Number,Zane Roskoph,2021-11-21T02:06:57Z
224527,8983.2,und,"","",,Hodges Number,Zane Roskoph,2021-11-21T02:07:55Z
474932,8987,und,"","",,Hodges Number,Zane Roskoph,2021-11-21T02:08:42Z
478297,8998,und,"","",,Hodges Number,Zane Roskoph,2021-11-21T02:10:08Z
225991,8992,und,"","",,Hodges Number,Zane Roskoph,2021-11-21T02:10:50Z
225990,8989,und,"","",,Hodges Number,Zane Roskoph,2021-11-21T02:13:17Z
225989,8995,und,"","",,Hodges Number,Zane Roskoph,2021-11-21T02:14:46Z
225988,8993,und,"","",,Hodges Number,Zane Roskoph,2021-11-21T02:15:23Z
81674,8404,und,"","",,Hodges Number,Zane Roskoph,2021-11-21T02:27:28Z
779158,8404.1,und,"","",,Hodges Number,Zane Roskoph,2021-11-21T02:28:12Z
355699,8404.2,und,"","",,Hodges Number,Zane Roskoph,2021-11-21T02:28:50Z
324646,2209,und,"","",,Hodges Number,Zane Roskoph,2021-11-21T02:35:33Z
513311,2209.1,und,"","",,Hodges Number,Zane Roskoph,2021-11-21T02:36:18Z
1130194,9070.1,und,"","",,Hodges Number,Zane Roskoph,2021-11-21T02:53:32Z
452562,9069,und,"","",,Hodges Number,Zane Roskoph,2021-11-21T02:54:20Z
360112,9164,und,"","",,Hodges Number,Zane Roskoph,2021-11-21T21:14:56Z
559265,9160,und,"","",,Hodges Number,Zane Roskoph,2021-11-21T21:15:39Z
347219,9163,und,"","",,Hodges Number,Zane Roskoph,2021-11-21T21:16:19Z
367876,9161,und,"","",,Hodges Number,Zane Roskoph,2021-11-21T21:17:04Z
502435,9159.2,und,"","",,Hodges Number,Zane Roskoph,2021-11-21T21:20:28Z
1099474,9159.3,und,"","",,Hodges Number,Zane Roskoph,2021-11-21T21:21:38Z
232308,9136,und,"","",,Hodges Number,Zane Roskoph,2021-11-21T21:22:33Z
232311,9143,und,"","",,Hodges Number,Zane Roskoph,2021-11-21T21:24:22Z
907144,9159.1,und,"","",,Hodges Number,Zane Roskoph,2021-11-21T21:25:00Z
67440,8105,und,"","",,Hodges Number,Zane Roskoph,2021-12-06T12:44:02Z
124167,9548,und,"","",,Hodges Number,Zane Roskoph,2021-12-15T12:49:52Z
1263163,6099.4,und,"","",,Hodges Number,Zane Roskoph,2021-12-15T13:52:18Z
332021,6099.3,und,"","",,Hodges Number,Zane Roskoph,2021-12-15T13:53:59Z
1263162,6099.2,und,"","",,Hodges Number,Zane Roskoph,2021-12-15T13:55:15Z
345956,968,und,"","",,Hodges Number,Zane Roskoph,2021-12-15T13:56:58Z
325657,967,und,"","",,Hodges Number,Zane Roskoph,2021-12-15T13:57:44Z
478723,964,und,"","",,Hodges Number,Zane Roskoph,2021-12-15T13:58:22Z
219584,963,und,"","",,Hodges Number,Zane Roskoph,2021-12-15T13:58:51Z
479144,970,und,"","",,Hodges Number,Zane Roskoph,2021-12-15T13:59:29Z
219587,965,und,"","",,Hodges Number,Zane Roskoph,2021-12-15T14:00:07Z
321005,969,und,"","",,Hodges Number,Zane Roskoph,2021-12-15T14:00:41Z
477214,966,und,"","",,Hodges Number,Zane Roskoph,2021-12-15T14:01:12Z
1292931,962,und,"","",,Hodges Number,Zane Roskoph,2021-12-15T14:01:43Z
479006,971,und,"","",,Hodges Number,Zane Roskoph,2021-12-15T14:02:10Z
477752,972,und,"","",,Hodges Number,Zane Roskoph,2021-12-15T14:24:38Z
219582,986,und,"","",,Hodges Number,Zane Roskoph,2021-12-15T14:30:09Z
1292933,988,und,"","",,Hodges Number,Zane Roskoph,2021-12-15T14:31:43Z
219588,987,und,"","",,Hodges Number,Zane Roskoph,2021-12-15T15:20:28Z
751023,996,und,"","",,Hodges Number,Zane Roskoph,2021-12-15T16:01:20Z
896017,997,und,"","",,Hodges Number,Zane Roskoph,2021-12-15T16:04:55Z
344703,994.1,und,"","",,Hodges Number,Zane Roskoph,2021-12-15T16:08:33Z
544049,994.2,und,"","",,Hodges Number,Zane Roskoph,2021-12-15T16:14:48Z
1292934,991,und,"","",,Hodges Number,Zane Roskoph,2021-12-15T16:32:19Z
204851,989,und,"","",,Hodges Number,Zane Roskoph,2021-12-15T16:33:14Z
636796,990,und,"","",,Hodges Number,Zane Roskoph,2021-12-15T16:33:46Z
205201,992,und,"","",,Hodges Number,Zane Roskoph,2021-12-15T16:34:17Z
546716,994,und,"","",,Hodges Number,Zane Roskoph,2021-12-15T16:36:42Z
344707,993,und,"","",,Hodges Number,Zane Roskoph,2021-12-15T16:38:11Z
1292932,994.3,und,"","",,Hodges Number,Zane Roskoph,2021-12-15T16:39:08Z
219585,999,und,"","",,Hodges Number,Zane Roskoph,2021-12-15T16:49:05Z
219580,1001,und,"","",,Hodges Number,Zane Roskoph,2021-12-15T16:54:37Z
367284,1005,und,"","",,Hodges Number,Zane Roskoph,2021-12-15T16:56:14Z
553473,1006,und,"","",,Hodges Number,Zane Roskoph,2021-12-15T16:57:00Z
219586,1004,und,"","",,Hodges Number,Zane Roskoph,2021-12-15T16:58:27Z
495775,1002,und,"","",,Hodges Number,Zane Roskoph,2021-12-15T17:00:19Z
219591,1003,und,"","",,Hodges Number,Zane Roskoph,2021-12-15T17:01:09Z
711730,1000,und,"","",,Hodges Number,Zane Roskoph,2021-12-15T17:02:24Z
478251,983,und,"","",,Hodges Number,Zane Roskoph,2021-12-15T17:05:32Z
416875,982,und,"","",,Hodges Number,Zane Roskoph,2021-12-15T17:06:07Z
478252,985,und,"","",,Hodges Number,Zane Roskoph,2021-12-15T17:06:45Z
477919,984,und,"","",,Hodges Number,Zane Roskoph,2021-12-15T17:07:27Z
520229,995,und,"","",,Hodges Number,Zane Roskoph,2021-12-15T17:17:44Z
321003,973,und,"","",,Hodges Number,Zane Roskoph,2021-12-15T17:20:28Z
219581,978,und,"","",,Hodges Number,Zane Roskoph,2021-12-15T17:21:20Z
321004,979,und,"","",,Hodges Number,Zane Roskoph,2021-12-15T17:21:56Z
219583,980,und,"","",,Hodges Number,Zane Roskoph,2021-12-15T17:22:34Z
478046,977,und,"","",,Hodges Number,Zane Roskoph,2021-12-15T17:23:01Z
478724,974,und,"","",,Hodges Number,Zane Roskoph,2021-12-15T17:24:12Z
219589,975,und,"","",,Hodges Number,Zane Roskoph,2021-12-15T17:24:58Z
211010,976,und,"","",,Hodges Number,Zane Roskoph,2021-12-15T17:25:21Z
219590,981,und,"","",,Hodges Number,Zane Roskoph,2021-12-15T17:25:46Z
705139,1007.1,und,"","",,Hodges Number,Zane Roskoph,2021-12-15T17:28:18Z
450612,1007,und,"","",,Hodges Number,Zane Roskoph,2021-12-15T17:29:18Z
1364462,5943,und,"","",https://www.inaturalist.org/taxon_names/2649262/edit,Hodges Number,,2022-03-12T13:41:52Z
221446,5942,und,"","",https://www.inaturalist.org/taxon_names/2649172/edit,Hodges Number,,2022-03-12T13:50:26Z
1374413,7986,und,"","",https://www.inaturalist.org/taxon_names/2697946/edit,Hodges Number,,2022-04-09T19:15:35Z
1391467,8019,und,"","",https://www.inaturalist.org/taxon_names/2697941/edit,Hodges Number,,2022-05-14T17:36:41Z
1391471,8018,und,"","",https://www.inaturalist.org/taxon_names/2697942/edit,Hodges Number,,2022-05-14T17:39:11Z
1430658,5012,und,"","",https://www.inaturalist.org/taxon_names/2695580/edit,Hodges Number,,2022-12-04T18:29:01Z
1488680,5199.1,und,"","",https://www.inaturalist.org/taxon_names/2704660/edit,Hodges Number,,2023-08-11T14:42:41Z
453502,0085,und,"","",https://www.inaturalist.org/taxon_names/2699275/edit,Hodges Number,,2023-12-01T18:33:00Z
215754,1046,und,"","",https://www.inaturalist.org/taxon_names/2679372/edit,Hodges Number,Timothy Reichard,2023-12-15T02:15:14Z
1521823,1687,und,"","",https://www.inaturalist.org/taxon_names/2690190/edit,Hodges Number,,2024-01-05T13:46:39Z
779348,2035,und,"","",https://www.inaturalist.org/taxon_names/2705531/edit,Hodges Number,,2024-01-05T14:11:45Z
132553,4345,und,"","",,Hodges Number,Zane Roskoph,2024-06-24T16:10:40Z
