id,vernacularName,language,locality,countryCode,source,lexicon,contributor,created
47239,Hara,und,"","",http://www.catalogueoflife.org/annual-checklist/details/species/id/10084914/common/11024,Kumak,,2019-08-02T16:34:23Z
317104,Hara,und,"","",http://www.catalogueoflife.org/annual-checklist/details/species/id/10084912/common/11191,Kumak,,2019-08-02T16:34:23Z
95837,Pwarem,und,"","",http://www.catalogueoflife.org/annual-checklist/details/species/id/10076179/common/124986,Kumak,,2021-07-13T12:38:25Z
97657,Pwarem,und,"","",http://www.catalogueoflife.org/annual-checklist/details/species/id/10076213/common/165422,Kumak,,2021-07-13T12:38:26Z
67971,Nek pa,und,"","",http://www.catalogueoflife.org/annual-checklist/details/species/id/10078380/common/265786,Kumak,,2021-07-19T14:52:00Z
49641,Bit,und,"","",,Kumak,Zane Roskoph,2021-07-28T13:44:12Z
132410,Bit,und,"","",,Kumak,Zane Roskoph,2021-07-28T15:00:03Z
318323,Aalat dâlâk,und,"","",http://www.catalogueoflife.org/annual-checklist/details/species/id/10073534/common/100164,Kumak,Victor HOYEAU,2021-07-30T16:07:16Z
121321,Bwavaxic,und,"","",http://www.catalogueoflife.org/annual-checklist/details/species/id/10064622/common/52471,Kumak,,2021-07-30T19:01:55Z
64490,Bwavaxic,und,"","",http://www.catalogueoflife.org/annual-checklist/details/species/id/10079697/common/116483,Kumak,,2021-07-30T19:01:55Z
83884,Dibu,und,"","",http://www.catalogueoflife.org/annual-checklist/details/species/id/10084953/common/180666,Kumak,,2021-07-30T19:21:25Z
114930,Urat,und,"","",http://www.catalogueoflife.org/annual-checklist/details/species/id/10073505/common/202464,Kumak,Donald Davesne,2021-07-31T23:59:03Z
479375,Urat,und,"","",http://www.catalogueoflife.org/annual-checklist/details/species/id/10054405/common/116294,Kumak,,2021-07-31T23:59:04Z
52456,Urat,und,"","",http://www.catalogueoflife.org/annual-checklist/details/species/id/10073036/common/61384,Kumak,,2021-07-31T23:59:04Z
123227,Aalat,und,"","",,Kumak,Zane Roskoph,2021-08-03T11:56:34Z
153280,Bwaom,und,"","",http://www.catalogueoflife.org/annual-checklist/details/species/id/10069945/common/133343,Kumak,,2021-08-29T13:43:11Z
69775,Bwaom,und,"","",http://www.catalogueoflife.org/annual-checklist/details/species/id/10069947/common/132895,Kumak,,2021-08-29T13:43:11Z
153280,Paanget,und,"","",http://www.catalogueoflife.org/annual-checklist/details/species/id/10069945/common/133261,Kumak,,2021-08-29T13:43:28Z
51549,Paanget,und,"","",http://www.catalogueoflife.org/annual-checklist/details/species/id/10070004/common/189981,Kumak,Stuart Longhorn,2021-08-29T13:43:28Z
272556,Kîît,und,"","",http://www.catalogueoflife.org/annual-checklist/2012/details/species/id/9741333,Kumak,,2021-09-12T23:04:43Z
123346,Kîît,und,"","",http://www.catalogueoflife.org/annual-checklist/2012/details/species/id/9741333,Kumak,,2021-09-12T23:04:44Z
132377,Kîît,und,"","",http://www.catalogueoflife.org/annual-checklist/2012/details/species/id/9741333,Kumak,,2021-09-12T23:04:44Z
132375,Kîît,und,"","",http://www.catalogueoflife.org/annual-checklist/2012/details/species/id/9741333,Kumak,,2021-09-12T23:04:45Z
119432,Kîît,und,"","",http://www.catalogueoflife.org/annual-checklist/2012/details/species/id/9741333,Kumak,,2021-09-12T23:04:45Z
196838,Kîît,und,"","",http://www.catalogueoflife.org/annual-checklist/2012/details/species/id/9741333,Kumak,Victor HOYEAU,2021-09-12T23:04:45Z
325734,Kîît,und,"","",http://www.catalogueoflife.org/annual-checklist/2012/details/species/id/9741333,Kumak,,2021-09-12T23:04:46Z
188052,Kîît,und,"","",http://www.catalogueoflife.org/annual-checklist/2012/details/species/id/9741333,Kumak,,2021-09-12T23:04:46Z
122514,Kîît,und,"","",http://www.catalogueoflife.org/annual-checklist/2012/details/species/id/9741333,Kumak,Donald Davesne,2021-09-12T23:04:47Z
84181,Bit,und,"","",,Kumak,Zane Roskoph,2021-09-13T12:38:12Z
83879,Kaava dâlâk,und,"","",http://www.catalogueoflife.org/annual-checklist/2012/details/species/id/9741333,Kumak,,2021-09-15T23:33:45Z
83879,Kaava,und,"","",,Kumak,Zane Roskoph,2021-09-15T23:34:11Z
132366,Bit,und,"","",,Kumak,Zane Roskoph,2021-09-17T19:14:53Z
68025,Dologom,und,"","",http://www.catalogueoflife.org/annual-checklist/2012/details/species/id/9741333,Kumak,,2021-09-25T14:52:31Z
153279,Bit,und,"","",,Kumak,Zane Roskoph,2021-09-30T00:30:25Z
49498,Phwa,und,"","",,Kumak,Zane Roskoph,2021-10-17T14:33:33Z
47251,Shaliat,und,"","",http://www.catalogueoflife.org/annual-checklist/2012/details/species/id/9741333,Kumak,,2021-10-17T23:19:55Z
180396,Aalat,und,"","",,Kumak,Zane Roskoph,2021-11-07T18:32:27Z
132377,Hiilo,und,"","",http://www.catalogueoflife.org/annual-checklist/2012/details/species/id/9741333,Kumak,,2021-12-06T00:32:21Z
123343,Hiilo,und,"","",http://www.catalogueoflife.org/annual-checklist/2012/details/species/id/9741333,Kumak,,2021-12-06T00:32:21Z
122514,Hiilo,und,"","",http://www.catalogueoflife.org/annual-checklist/2012/details/species/id/9741333,Kumak,,2021-12-06T00:32:22Z
180170,Hiilo,und,"","",http://www.catalogueoflife.org/annual-checklist/2012/details/species/id/9741333,Kumak,Victor HOYEAU,2021-12-06T00:32:22Z
131234,Hiilo,und,"","",http://www.catalogueoflife.org/annual-checklist/2012/details/species/id/9741333,Kumak,,2021-12-06T00:32:23Z
121673,Hiilo,und,"","",http://www.catalogueoflife.org/annual-checklist/2012/details/species/id/9741333,Kumak,,2021-12-06T00:32:23Z
123346,Hiilo,und,"","",http://www.catalogueoflife.org/annual-checklist/2012/details/species/id/9741333,Kumak,,2021-12-06T00:32:23Z
121661,Vayi,und,"","",http://www.catalogueoflife.org/annual-checklist/2012/details/species/id/9741333,Kumak,,2021-12-28T15:26:56Z
1360118,Paanget,und,"","",http://www.catalogueoflife.org/annual-checklist/details/species/id/10069907/common/251379,Kumak,,2022-03-15T19:17:15Z
1360115,Paanget,und,"","",http://www.catalogueoflife.org/annual-checklist/details/species/id/10069927/common/131188,Kumak,,2022-03-16T05:00:19Z
1360117,Paanget,und,"","",http://www.catalogueoflife.org/annual-checklist/details/species/id/10069921/common/131533,Kumak,,2022-05-11T17:27:17Z
1556597,Bwavaxic,und,"","",http://www.catalogueoflife.org/annual-checklist/details/species/id/10079510/common/141582,Kumak,,2024-06-13T00:11:16Z
