id,vernacularName,language,locality,countryCode,source,lexicon,contributor,created
123003,Жекфрут,und,"","",,Lak,John E. Christensen,2017-12-26T07:54:10Z
49664,Чинар,und,"","",,Lak,John E. Christensen,2018-02-23T09:20:28Z
45933,Kaweechelcher,und,"","",,Lak,John E. Christensen,2018-07-12T15:31:20Z
49556,Аьнхъа,und,"","",,Lak,John E. Christensen,2018-12-12T11:06:08Z
70054,Къалпуз,und,"","",,Lak,John E. Christensen,2018-12-24T10:49:33Z
43444,Макак,und,"","",,Lak,John E. Christensen,2019-05-08T12:14:48Z
505478,АьнакӀи,und,"","",,Lak,John E. Christensen,2019-12-11T15:30:26Z
41964,Аслан,und,"","",,Lak,Zane Roskoph,2021-08-24T14:59:56Z
41967,Къаплан,und,"","",,Lak,Zane Roskoph,2021-08-26T16:08:35Z
136329,Ттарлил мурхь,und,"","",,Lak,John E. Christensen,2022-11-02T10:58:13Z
75445,Гъаран,und,"","",,Lak,Марина Горбунова-Ëлкина,2022-12-27T05:28:08Z
20526,Варани чӀелму,und,"","",,Lak,Johan Devos,2023-02-28T22:43:58Z
42048,БарцӀ,und,"","",,Lak,Марина Горбунова-Ëлкина,2023-03-10T18:41:01Z
