id,vernacularName,language,locality,countryCode,source,lexicon,contributor,created
84996,Ehouatagbo,und,"","",http://www.catalogueoflife.org/annual-checklist/details/species/id/10055550/common/130026,Fon Gbe,Victor HOYEAU,2021-07-13T16:46:08Z
96762,Ehouatagbo,und,"","",http://www.catalogueoflife.org/annual-checklist/details/species/id/10055556/common/129704,Fon Gbe,Victor HOYEAU,2021-07-13T16:46:08Z
51402,Ofin,und,"","",http://www.catalogueoflife.org/annual-checklist/details/species/id/10063455/common/256937,Fon Gbe,,2021-07-19T16:26:05Z
49606,Takpolou ou gbagbazoléké,und,"","",http://www.catalogueoflife.org/annual-checklist/details/species/id/10084933/common/104271,Fon Gbe,,2021-07-27T17:24:14Z
491007,Takpolou ou gbagbazoléké,und,"","",http://www.catalogueoflife.org/annual-checklist/details/species/id/10084936/common/104217,Fon Gbe,,2021-07-27T17:24:14Z
127711,Houéolonon,und,"","",http://www.catalogueoflife.org/annual-checklist/details/species/id/10064657/common/232079,Fon Gbe,,2021-08-11T23:14:34Z
67836,Tokouintokouin,und,"","",http://www.catalogueoflife.org/annual-checklist/details/species/id/10074698/common/61896,Fon Gbe,Victor HOYEAU,2021-08-24T11:56:05Z
96768,Ehoua,und,"","",http://www.catalogueoflife.org/annual-checklist/2012/details/species/id/9741333,Fon Gbe,iSea,2021-09-01T12:03:25Z
96751,Ehoua,und,"","",http://www.catalogueoflife.org/annual-checklist/2012/details/species/id/9741333,Fon Gbe,,2021-09-01T12:03:25Z
55529,Ehoua,und,"","",http://www.catalogueoflife.org/annual-checklist/2012/details/species/id/9741333,Fon Gbe,,2021-09-01T12:03:26Z
106650,Ehoua,und,"","",http://www.catalogueoflife.org/annual-checklist/2012/details/species/id/9741333,Fon Gbe,,2021-09-01T12:03:26Z
111746,Ehoua,und,"","",http://www.catalogueoflife.org/annual-checklist/2012/details/species/id/9741333,Fon Gbe,,2021-09-01T12:03:26Z
111752,Ehoua,und,"","",http://www.catalogueoflife.org/annual-checklist/2012/details/species/id/9741333,Fon Gbe,,2021-09-01T12:03:27Z
49961,Ehoua,und,"","",http://www.catalogueoflife.org/annual-checklist/2012/details/species/id/9741333,Fon Gbe,Clinton Duffy,2021-09-01T12:03:27Z
106222,Guéseou,und,"","",,Fon Gbe,Zane Roskoph,2021-09-01T17:58:14Z
49601,Boloublè,und,"","",http://www.catalogueoflife.org/annual-checklist/2012/details/species/id/9741333,Fon Gbe,Victor HOYEAU,2021-09-19T15:25:45Z
47257,Togbogbammadoui,und,"","",http://www.catalogueoflife.org/annual-checklist/2012/details/species/id/9741333,Fon Gbe,,2021-09-20T00:21:02Z
47251,Lizi,und,"","",,Fon Gbe,Zane Roskoph,2021-10-17T23:08:30Z
