id,vernacularName,language,locality,countryCode,source,lexicon,contributor,created
102742,Katakpi,und,"","",http://www.catalogueoflife.org/annual-checklist/details/species/id/10066252/common/233229,Zande,,2021-07-15T14:20:07Z
371437,Namomu,und,"","",,Zande,Zane Roskoph,2021-07-19T15:22:59Z
102692,Ngaru,und,"","",http://www.catalogueoflife.org/annual-checklist/details/species/id/10082217/common/185247,Zande,,2021-07-19T16:53:26Z
102690,Ngaru,und,"","",http://www.catalogueoflife.org/annual-checklist/details/species/id/10082214/common/185280,Zande,,2021-07-19T16:53:27Z
113597,Bandaru,und,"","",http://www.catalogueoflife.org/annual-checklist/details/species/id/10082464/common/80844,Zande,,2021-08-03T19:22:55Z
493799,Gbaranga,und,"","",,Zande,Zane Roskoph,2021-09-11T20:44:53Z
493799,Kuku,und,"","",,Zande,Zane Roskoph,2021-09-11T20:45:09Z
113934,Tindi,und,"","",,Zande,Zane Roskoph,2021-12-23T20:04:49Z
