id,vernacularName,language,locality,countryCode,source,lexicon,contributor,created
43694,Phofu,und,"","",,Tshivenda,Bobby McCabe,2018-01-27T18:23:00Z
41964,Ndau,und,"","",,Tshivenda,Bobby McCabe,2018-01-27T18:26:56Z
340245,mufula,und,"","",,Tshivenda,Botswanabugs,2020-01-13T07:41:05Z
211103,Mudiatholana,und,"","",,Tshivenda,Dewald du Plessis,2020-11-12T10:48:07Z
595946,Musivhitha,und,"","",,Tshivenda,Dewald du Plessis,2020-11-12T14:43:28Z
119178,Mufhata-vhufa,und,"","",,Tshivenda,Dewald du Plessis,2020-11-13T10:11:12Z
593890,Mushakaladza,und,"","",,Tshivenda,Dewald du Plessis,2020-11-13T10:58:13Z
43086,Mbila,und,"","",,Tshivenda,Bobby McCabe,2021-08-29T03:03:54Z
76425,Damba,und,"","",,Tshivenda,Dewald du Plessis,2021-10-02T23:42:31Z
81500,muvhuyu,und,"","",,Tshivenda,Botswanabugs,2021-11-11T16:35:59Z
428179,Ntswamakhura,und,"","",,Tshivenda,traianbertau,2023-01-19T09:43:04Z
