id,vernacularName,language,locality,countryCode,source,lexicon,contributor,created
2,Chordate,und,"","",,Scottish Gaelic,John E. Christensen,2017-11-30T12:51:30Z
47126,lus,und,"","",,Scottish Gaelic,John E. Christensen,2017-12-06T08:05:48Z
26036,Pèist,und,"","",,Scottish Gaelic,John E. Christensen,2017-12-19T08:07:12Z
51874,Iadh-shlat,und,"","",,Scottish Gaelic,John E. Christensen,2018-01-26T10:05:24Z
71261,Eun-creachaidh,und,"","",,Scottish Gaelic,John E. Christensen,2018-02-28T08:27:16Z
40019,Crùban-coille,und,"","",,Scottish Gaelic,John E. Christensen,2018-04-15T12:55:43Z
67759,Coireaman,und,"","",,Scottish Gaelic,John E. Christensen,2018-05-06T07:27:22Z
47783,Giomach uisge,und,"","",,Scottish Gaelic,John E. Christensen,2018-06-20T15:49:02Z
569428,Neas bheag,und,"","",,Scottish Gaelic,John E. Christensen,2018-07-05T06:53:36Z
63573,Spruis,und,"","",,Scottish Gaelic,John E. Christensen,2018-12-16T09:37:25Z
57983,Neòinean-grèine,und,"","",,Scottish Gaelic,John E. Christensen,2018-12-23T15:21:22Z
40151,Mamal,und,"","",,Scottish Gaelic,John E. Christensen,2019-02-07T16:22:56Z
505478,Cearc,und,"","",,Scottish Gaelic,John E. Christensen,2019-11-22T13:39:21Z
131236,bhìorasan,und,"","",,Scottish Gaelic,James K. Douch,2020-02-23T03:06:26Z
47561,Giuthas,und,"","",,Scottish Gaelic,John E. Christensen,2020-02-29T11:39:45Z
8021,fitheach,und,"Ceap Breatainn, NS, CA","",,Scottish Gaelic,mkkennedy,2020-04-18T20:48:20Z
12727,smeòrach,und,"Ceap Breatainn, NS, CA","",,Scottish Gaelic,mkkennedy,2020-04-18T21:16:53Z
144815,ceann-dubh,und,"Ceap Breatainn, NS, CA","",,Scottish Gaelic,mkkennedy,2020-04-18T21:19:29Z
14850,druideag,und,"Ceap Breatainn, NS, CA","",,Scottish Gaelic,mkkennedy,2020-04-18T21:22:11Z
981,easag,und,"Ceap Breatainn, NS, CA","",,Scottish Gaelic,mkkennedy,2020-04-18T21:23:24Z
19893,comhachag,und,"Ceap Breatainn, NS, CA","",,Scottish Gaelic,mkkennedy,2020-04-18T21:30:14Z
116999,iolair-uisge,und,"Ceap Breatainn, NS, CA","",,Scottish Gaelic,mkkennedy,2020-04-18T21:33:01Z
8010,ròcais,und,"Ceap Breatainn, NS, CA","",,Scottish Gaelic,mkkennedy,2020-04-18T21:37:37Z
7089,giadh,und,"Ceap Breatainn, NS, CA","",,Scottish Gaelic,mkkennedy,2020-04-18T22:07:29Z
5212,clamhan,und,"Ceap Breatainn, NS, CA","",,Scottish Gaelic,mkkennedy,2020-04-18T22:09:29Z
24268,Màgan,und,"Ceap Breatainn, NS, CA","",,Scottish Gaelic,mkkennedy,2020-04-18T22:10:44Z
64968,losgann-dubh,und,"Ceap Breatainn, NS, CA","",,Scottish Gaelic,mkkennedy,2020-04-18T22:13:45Z
27186,teine-dhealan,und,"Ceap Breatainn, NS, CA","",,Scottish Gaelic,mkkennedy,2020-04-18T22:14:40Z
52155,gartan,und,"Ceap Breatainn, NS, CA","",,Scottish Gaelic,mkkennedy,2020-04-18T22:15:35Z
129902,Seangan,und,"Ceap Breatainn, NS, CA","",,Scottish Gaelic,mkkennedy,2020-04-18T22:16:29Z
124432,Seilcheag,und,"Ceap Breatainn, NS, CA","",,Scottish Gaelic,mkkennedy,2020-04-18T22:17:25Z
122193,cuileag-theallaich,und,"Ceap Breatainn, NS, CA","",,Scottish Gaelic,mkkennedy,2020-04-18T22:18:21Z
51702,daolag-bhreac,und,"Ceap Breatainn, NS, CA","",,Scottish Gaelic,mkkennedy,2020-04-18T22:19:25Z
48548,dealan-dé,und,"Ceap Breatainn, NS, CA","",,Scottish Gaelic,mkkennedy,2020-04-18T22:20:17Z
52628,poca-puinnsein,und,"Ceap Breatainn, NS, CA","",,Scottish Gaelic,mkkennedy,2020-04-18T22:21:12Z
47219,seillean-mil,und,"Ceap Breatainn, NS, CA","",,Scottish Gaelic,mkkennedy,2020-04-18T22:24:43Z
81545,Boiteag,und,"Ceap Breatainn, NS, CA","",,Scottish Gaelic,mkkennedy,2020-04-18T22:28:31Z
68139,tarbh-nathrach,und,"Ceap Breatainn, NS, CA","",,Scottish Gaelic,mkkennedy,2020-04-18T22:31:43Z
232175,Creithleag,und,"Ceap Breatainn, NS, CA","",,Scottish Gaelic,mkkennedy,2020-04-18T22:33:21Z
84629,Ceàrdalan,und,"Ceap Breatainn, NS, CA","",,Scottish Gaelic,mkkennedy,2020-04-18T22:39:58Z
41808,nios,und,"Ceap Breatainn, NS, CA","",,Scottish Gaelic,mkkennedy,2020-04-18T22:46:06Z
41663,mathan-nighe,und,"Ceap Breatainn, NS, CA","",,Scottish Gaelic,mkkennedy,2020-04-18T22:47:20Z
44026,torc-nimhe,und,"Ceap Breatainn, NS, CA","",,Scottish Gaelic,mkkennedy,2020-04-18T22:49:03Z
43132,maigheach,und,"Ceap Breatainn, NS, CA","",,Scottish Gaelic,mkkennedy,2020-04-18T22:50:38Z
522193,lon,und,"Ceap Breatainn, NS, CA","",,Scottish Gaelic,mkkennedy,2020-04-18T22:52:04Z
28362,nathair,und,"Ceap Breatainn, NS, CA","",,Scottish Gaelic,mkkennedy,2020-04-18T22:55:27Z
42051,Liùgair,und,"Ceap Breatainn, NS, CA","",,Scottish Gaelic,mkkennedy,2020-04-18T22:56:38Z
39771,crùban-coille,und,"Ceap Breatainn, NS, CA","",,Scottish Gaelic,mkkennedy,2020-04-18T22:58:14Z
46095,cladhaichear,und,"Ceap Breatainn, NS, CA","",,Scottish Gaelic,mkkennedy,2020-04-18T22:59:28Z
42069,madadh-ruadh,und,"Ceap Breatainn, NS, CA","",,Scottish Gaelic,mkkennedy,2020-04-18T23:00:43Z
41638,mathan dubh,und,"Ceap Breatainn, NS, CA","",,Scottish Gaelic,mkkennedy,2020-04-18T23:01:38Z
41976,cat-fiadhaich,und,"Ceap Breatainn, NS, CA","",,Scottish Gaelic,mkkennedy,2020-04-18T23:04:41Z
44396,luch,und,"Ceap Breatainn, NS, CA","",,Scottish Gaelic,mkkennedy,2020-04-18T23:05:52Z
41880,tùdair-stiallach,und,"Ceap Breatainn, NS, CA","",,Scottish Gaelic,mkkennedy,2020-04-18T23:07:04Z
67691,Leòmann,und,"Ceap Breatainn, NS, CA","",,Scottish Gaelic,mkkennedy,2020-04-18T23:09:00Z
82328,Speac,und,"Ceap Breatainn, NS, CA","",,Scottish Gaelic,mkkennedy,2020-04-22T10:10:15Z
891696,Pioghaid,und,"","",,Scottish Gaelic,John E. Christensen,2020-04-30T14:00:59Z
526556,Dòbhran,und,"","",,Scottish Gaelic,John E. Christensen,2020-06-07T11:42:17Z
630955,Seillean,und,"","",,Scottish Gaelic,John E. Christensen,2020-09-28T16:01:18Z
48648,Bradan,und,"","",,Scottish Gaelic,Zane Roskoph,2021-07-16T15:21:54Z
48648,Candaraig,und,"","",,Scottish Gaelic,Zane Roskoph,2021-07-16T15:22:17Z
48648,Lasg-druimein,und,"","",,Scottish Gaelic,Zane Roskoph,2021-07-16T15:22:42Z
41970,Iaguar,und,"","",,Scottish Gaelic,Zane Roskoph,2021-07-30T12:01:10Z
42007,Pùma,und,"","",,Scottish Gaelic,Zane Roskoph,2021-08-01T00:54:06Z
132627,Luc na croise,und,"","",,Scottish Gaelic,Zane Roskoph,2021-08-03T23:15:13Z
182991,Duileasg,und,"","",,Scottish Gaelic,Zane Roskoph,2021-08-05T17:56:52Z
130176,Cairgean,und,"","",,Scottish Gaelic,Zane Roskoph,2021-08-05T18:03:07Z
10421,Cam-ghob Albanach,und,"","",,Scottish Gaelic,Zane Roskoph,2021-08-06T15:16:25Z
3802,Sùlair,und,"","",,Scottish Gaelic,Zane Roskoph,2021-08-11T15:42:40Z
41955,Sìotà,und,"","",,Scottish Gaelic,Zane Roskoph,2021-08-13T12:00:37Z
41964,Leòmhann,und,"","",,Scottish Gaelic,Zane Roskoph,2021-08-24T13:10:43Z
74831,Leopard-sneachda,und,"","",,Scottish Gaelic,Zane Roskoph,2021-08-25T11:40:42Z
41967,Tìgear,und,"","",,Scottish Gaelic,Zane Roskoph,2021-08-26T15:19:06Z
97990,Sgadan,und,"","",,Scottish Gaelic,Zane Roskoph,2021-09-19T16:07:11Z
324558,scuid,und,"","",,Scottish Gaelic,Johan Devos,2021-11-29T15:47:36Z
469472,ubhal,und,"","",,Scottish Gaelic,10423,2022-03-27T05:03:57Z
1,Beathach,und,"","",,Scottish Gaelic,John E. Christensen,2022-10-03T11:44:03Z
20526,Struth,und,"","",,Scottish Gaelic,Johan Devos,2023-02-28T22:28:53Z
58725,Staoin,und,"Ceap Breatainn, NS, CA","",,Scottish Gaelic,Maebh,2023-07-17T18:12:21Z
47574,Aiteann,und,"Ceap Breatainn, NS, CA","",,Scottish Gaelic,Maebh,2023-07-17T18:17:44Z
54500,Craobh-Ubhail,und,"Ceap Breatainn, NS, CA","",,Scottish Gaelic,Maebh,2023-07-17T18:27:21Z
51147,Sgìtheach,und,"Ceap Breatainn, NS, CA","",,Scottish Gaelic,Maebh,2023-07-17T18:39:45Z
115167,colgán,und,"","",,Scottish Gaelic,Johan Devos,2024-02-28T20:55:51Z
