id,vernacularName,language,locality,countryCode,source,lexicon,contributor,created
51317,Kiteza,sw,"","",http://www.ubio.org/browser/details.php?namebankID=922335,Swahili,Ken-ichi Ueda,2009-05-12T13:40:06Z
99303,Singa,sw,"","",http://www.catalogueoflife.org/annual-checklist/details/species/id/10082204/common/25658,Swahili,Ken-ichi Ueda,2012-10-23T06:05:26Z
172274,Singa,sw,"","",http://www.catalogueoflife.org/annual-checklist/details/species/id/9677363/common/248216,Swahili,Ken-ichi Ueda,2012-10-23T06:05:26Z
43694,Ndovu,sw,"","",,Swahili,Beranrd Risky Agwanda,2013-02-19T13:34:37Z
110381,papa uranga,sw,"","",,Swahili,Eréndira Canales,2013-11-27T16:03:02Z
340243,mninga,sw,"","",,Swahili,Howard,2015-01-04T16:07:56Z
44512,Kuhe,sw,Tanzania,TZ,,Swahili,Carrie Seltzer,2015-06-19T02:07:46Z
102471,Limbata,sw,"","",http://www.catalogueoflife.org/annual-checklist/details/species/id/10067531/common/205248,Swahili,Ken-ichi Ueda,2015-10-24T23:26:04Z
132649,Kongoni,sw,"","",,Swahili,seasav,2015-12-15T15:42:08Z
41964,Simba,sw,"","",,Swahili,Joachim Louis,2015-12-17T09:14:27Z
42149,Kiboko,sw,"","",,Swahili,Joachim Louis,2015-12-17T09:24:52Z
41627,Fungo,sw,"","",,Swahili,Joachim Louis,2015-12-17T09:40:03Z
42122,Ngiri,sw,"","",,Swahili,Joachim Louis,2015-12-17T09:42:38Z
416393,Mgambo,sw,"","",,Swahili,Cédric de Foucault,2016-08-16T11:04:21Z
40268,Popo,sw,"","",,Swahili,Carrie Seltzer,2016-12-06T23:35:47Z
32807,Kinyonga,sw,"","",,Swahili,Bobby McCabe,2017-07-04T02:42:43Z
1260,Mbulu,sw,Democratic Republic of the Congo | Republic of Congo,"CD,CG",,Swahili,Bobby McCabe,2017-07-28T16:34:03Z
43335,Punda Milia,sw,"","",,Swahili,Bobby McCabe,2017-08-08T21:01:10Z
42157,Twiga,sw,"","",,Swahili,Bobby McCabe,2017-09-18T03:57:19Z
43339,Punda Milia,sw,"","",,Swahili,Bobby McCabe,2017-11-13T19:39:01Z
426277,Siafu,sw,"","",,Swahili,Peter Slingsby,2017-11-26T16:36:55Z
2,Kodata,sw,"","",,Swahili,John E. Christensen,2017-11-30T13:04:28Z
51815,mkalatusi,sw,"","",,Swahili,John E. Christensen,2017-12-25T16:16:42Z
48824,Sifongo-bahari,sw,"","",,Swahili,John E. Christensen,2017-12-31T16:46:42Z
42338,Nzoé,sw,"","",,Swahili,Bobby McCabe,2018-01-19T00:43:59Z
39392,Kenge,sw,"","",,Swahili,John E. Christensen,2018-01-22T07:09:05Z
47219,Nyuki-asali,sw,"","",,Swahili,John E. Christensen,2018-02-06T10:33:16Z
48872,Mwembe,sw,"","",,Swahili,John E. Christensen,2018-02-21T08:23:34Z
43694,Tembo,sw,"","",,Swahili,Bobby McCabe,2018-04-21T14:18:06Z
333586,Nyungunyungu,sw,"","",,Swahili,John E. Christensen,2018-07-11T14:14:51Z
51935,Umande jua,sw,"","",,Swahili,John E. Christensen,2018-07-22T11:41:56Z
47336,Sisimizi,sw,"","",,Swahili,John E. Christensen,2018-11-02T13:12:08Z
4730,Korongo (Ciconiidae),sw,"","",,Swahili,John E. Christensen,2018-11-15T08:22:45Z
47157,Kipepeo,sw,"","",,Swahili,John E. Christensen,2018-11-23T09:09:27Z
36982,Mjusi-islam,sw,"","",,Swahili,John E. Christensen,2018-12-06T09:59:18Z
4950,Koikoi,sw,"","",,Swahili,John E. Christensen,2019-01-13T08:46:21Z
74724,Swala granti,sw,"","",,Swahili,Bobby McCabe,2019-08-27T22:20:37Z
505478,Kuku,sw,"","",,Swahili,John E. Christensen,2020-01-02T13:27:32Z
340245,mugongo,sw,"","",,Swahili,Botswanabugs,2020-01-13T07:30:00Z
131236,virusi,sw,"","",,Swahili,James K. Douch,2020-01-25T14:50:29Z
42095,Bweha masigio,sw,"","",,Swahili,Bobby McCabe,2020-04-11T16:53:45Z
558430,Bata Domo-buluu,sw,"","",,Swahili,max kirsch,2020-07-02T02:56:49Z
107893,Ngege,sw,"","",http://www.catalogueoflife.org/annual-checklist/details/species/id/10067869/common/187033,Swahili,lwnrngr,2020-08-08T16:50:05Z
30851,kifutu,sw,"","",,Swahili,Andrew Durso,2020-08-28T14:06:47Z
30476,swila,sw,"","",,Swahili,Andrew Durso,2020-08-28T14:07:42Z
30405,koboko,sw,"","",,Swahili,Andrew Durso,2020-08-28T14:08:12Z
32152,chatu,sw,"","",,Swahili,Andrew Durso,2020-08-28T14:08:39Z
82779,Kambali,sw,"","",http://www.catalogueoflife.org/annual-checklist/details/species/id/10082167/common/25931,Swahili,,2020-09-10T23:16:32Z
516827,Askari wa kifaru,sw,"","",,Swahili,max kirsch,2020-11-15T22:14:46Z
133588,Muthulu,sw,"","",,Swahili,brnhn,2020-11-17T21:44:35Z
342630,Mringamringa,sw,"","",,Swahili,brnhn,2020-11-18T00:21:54Z
123003,Fenesi,sw,"","",,Swahili,brnhn,2020-11-20T17:41:25Z
123003,Mafenesi,sw,"","",,Swahili,brnhn,2020-11-20T17:41:40Z
895200,Ndashi ya mburi,sw,Kenya,KE,,Swahili,brnhn,2020-11-20T18:46:27Z
42280,Nyumbu,sw,"","",,Swahili,Josh Cantor,2021-01-23T17:41:27Z
74321,Swala Tomi,sw,"","",,Swahili,Josh Cantor,2021-01-25T14:32:42Z
825289,Bweha kijivu,sw,"","",https://www.inaturalist.org/taxon_names/2238746/edit,Swahili,rjq,2021-02-25T02:26:38Z
825289,Bweha dhahabu,sw,"","",https://www.inaturalist.org/taxon_names/971657/edit,Swahili,rjq,2021-02-25T02:26:46Z
825289,Bweha wa mbuga,sw,"","",https://www.inaturalist.org/taxon_names/971656/edit,Swahili,rjq,2021-02-25T02:26:46Z
1210966,Bweha nyakundu,sw,"","",https://www.inaturalist.org/taxon_names/971665/edit,Swahili,,2021-03-08T22:08:10Z
1210966,Bweha shaba,sw,"","",https://www.inaturalist.org/taxon_names/971666/edit,Swahili,,2021-03-08T22:08:11Z
199580,mbura,sw,"","",,Swahili,Botswanabugs,2021-07-04T14:05:15Z
110379,Papa upanga,sw,"","",http://www.catalogueoflife.org/annual-checklist/details/species/id/10077957/common/166411,Swahili,Victor HOYEAU,2021-07-13T16:40:08Z
110381,Papa upanga,sw,"","",http://www.catalogueoflife.org/annual-checklist/details/species/id/10077959/common/166300,Swahili,,2021-07-13T16:40:08Z
52188,Vaame,sw,"","",http://www.catalogueoflife.org/annual-checklist/details/species/id/10065883/common/332042,Swahili,,2021-07-13T18:59:25Z
101780,Chewa,sw,"","",http://www.catalogueoflife.org/annual-checklist/details/species/id/10073172/common/221245,Swahili,,2021-07-15T12:23:15Z
93453,Chewa,sw,"","",http://www.catalogueoflife.org/annual-checklist/details/species/id/10073000/common/227416,Swahili,,2021-07-15T12:23:15Z
188544,Chewa,sw,"","",http://www.catalogueoflife.org/annual-checklist/details/species/id/10075087/common/135807,Swahili,,2021-07-15T12:23:15Z
109742,Chewa,sw,"","",http://www.catalogueoflife.org/annual-checklist/details/species/id/10073361/common/201186,Swahili,Donald Davesne,2021-07-15T12:23:16Z
94231,Chewa,sw,"","",http://www.catalogueoflife.org/annual-checklist/details/species/id/10073015/common/229587,Swahili,,2021-07-15T12:23:16Z
109747,Chewa,sw,"","",http://www.catalogueoflife.org/annual-checklist/details/species/id/10073366/common/200812,Swahili,,2021-07-15T12:23:16Z
52456,Chewa,sw,"","",http://www.catalogueoflife.org/annual-checklist/details/species/id/10073036/common/61461,Swahili,,2021-07-15T12:23:17Z
114929,Chewa,sw,"","",http://www.catalogueoflife.org/annual-checklist/details/species/id/10073504/common/202653,Swahili,,2021-07-15T12:23:17Z
99207,Chewa,sw,"","",http://www.catalogueoflife.org/annual-checklist/details/species/id/10073069/common/224610,Swahili,,2021-07-15T12:23:17Z
114930,Chewa,sw,"","",http://www.catalogueoflife.org/annual-checklist/details/species/id/10073505/common/202530,Swahili,Donald Davesne,2021-07-15T12:23:18Z
100111,Chewa,sw,"","",http://www.catalogueoflife.org/annual-checklist/details/species/id/10073135/common/42196,Swahili,,2021-07-15T12:23:18Z
110916,Chewa,sw,"","",http://www.catalogueoflife.org/annual-checklist/details/species/id/10074805/common/176231,Swahili,,2021-07-15T12:23:18Z
102742,Muzalazala,sw,"","",http://www.catalogueoflife.org/annual-checklist/details/species/id/10066252/common/233220,Swahili,,2021-07-15T14:19:06Z
371437,Kambale mamba,sw,"","",,Swahili,Zane Roskoph,2021-07-19T15:22:16Z
371437,Kamongo,sw,"","",,Swahili,Zane Roskoph,2021-07-19T15:22:30Z
371437,Mamba,sw,"","",,Swahili,Zane Roskoph,2021-07-19T15:22:42Z
102692,Pondo,sw,"","",,Swahili,Zane Roskoph,2021-07-19T16:52:09Z
102692,Vundu,sw,"","",,Swahili,Zane Roskoph,2021-07-19T16:52:24Z
417389,fisi maji,sw,"","",,Swahili,Josh Cantor,2021-07-22T13:25:33Z
83884,Gona,sw,"","",http://www.catalogueoflife.org/annual-checklist/details/species/id/10084953/common/180662,Swahili,,2021-07-27T16:16:17Z
371764,Gona,sw,"","",http://www.catalogueoflife.org/annual-checklist/details/species/id/10084954/common/180602,Swahili,,2021-07-27T16:16:17Z
135283,Kingoye,sw,"","",http://www.catalogueoflife.org/annual-checklist/details/species/id/10066658/common/54809,Swahili,,2021-07-27T18:25:29Z
98501,Pono,sw,"","",http://www.catalogueoflife.org/annual-checklist/details/species/id/10076283/common/142208,Swahili,,2021-07-27T19:34:51Z
97097,Pono,sw,"","",http://www.catalogueoflife.org/annual-checklist/details/species/id/10072661/common/229039,Swahili,,2021-07-27T19:34:51Z
111000,Pono,sw,"","",http://www.catalogueoflife.org/annual-checklist/details/species/id/10076536/common/228955,Swahili,,2021-07-27T19:34:52Z
100036,Pono,sw,"","",http://www.catalogueoflife.org/annual-checklist/details/species/id/10076318/common/81442,Swahili,,2021-07-27T19:34:52Z
102860,Pono,sw,"","",http://www.catalogueoflife.org/annual-checklist/details/species/id/10072681/common/226368,Swahili,,2021-07-27T19:34:52Z
113985,Pono,sw,"","",http://www.catalogueoflife.org/annual-checklist/details/species/id/10076605/common/93946,Swahili,,2021-07-27T19:34:53Z
102580,Pono,sw,"","",http://www.catalogueoflife.org/annual-checklist/details/species/id/10076406/common/171759,Swahili,,2021-07-27T19:34:53Z
104344,Pono,sw,"","",http://www.catalogueoflife.org/annual-checklist/details/species/id/10072683/common/230784,Swahili,,2021-07-27T19:34:54Z
180389,Pono,sw,"","",http://www.catalogueoflife.org/annual-checklist/details/species/id/10066683/common/143500,Swahili,,2021-07-27T19:34:54Z
102898,Pono,sw,"","",http://www.catalogueoflife.org/annual-checklist/details/species/id/10076407/common/200582,Swahili,,2021-07-27T19:34:54Z
84175,Pono,sw,"","",http://www.catalogueoflife.org/annual-checklist/details/species/id/10072708/common/21602,Swahili,,2021-07-27T19:34:55Z
95867,Pono,sw,"","",http://www.catalogueoflife.org/annual-checklist/details/species/id/10072655/common/228978,Swahili,Chris Thawley,2021-07-27T19:34:55Z
103436,Pono,sw,"","",http://www.catalogueoflife.org/annual-checklist/details/species/id/10076421/common/191139,Swahili,,2021-07-27T19:34:55Z
95815,Pono,sw,"","",http://www.catalogueoflife.org/annual-checklist/details/species/id/10076155/common/125272,Swahili,,2021-07-27T19:34:56Z
96498,Pono,sw,"","",http://www.catalogueoflife.org/annual-checklist/details/species/id/10072656/common/230938,Swahili,,2021-07-27T19:34:56Z
63597,Pono,sw,"","",http://www.catalogueoflife.org/annual-checklist/details/species/id/10076469/common/36325,Swahili,,2021-07-27T19:34:56Z
132410,Kangaja,sw,"","",http://www.catalogueoflife.org/annual-checklist/details/species/id/10066664/common/54444,Swahili,,2021-07-28T15:06:44Z
180389,Kangaja,sw,"","",http://www.catalogueoflife.org/annual-checklist/details/species/id/10066683/common/143531,Swahili,,2021-07-28T15:06:44Z
121597,Kangaja,sw,"","",http://www.catalogueoflife.org/annual-checklist/details/species/id/10066649/common/55149,Swahili,,2021-07-28T15:06:44Z
132409,Kangaja,sw,"","",http://www.catalogueoflife.org/annual-checklist/details/species/id/10066660/common/54708,Swahili,,2021-07-28T15:06:45Z
121193,Kangaja,sw,"","",http://www.catalogueoflife.org/annual-checklist/details/species/id/10066662/common/54579,Swahili,,2021-07-28T15:06:45Z
49639,Chewa (moshi),sw,"","",http://www.catalogueoflife.org/annual-checklist/details/species/id/10073047/common/60780,Swahili,,2021-07-29T00:54:12Z
49639,Chewa,sw,"","",,Swahili,Zane Roskoph,2021-07-29T00:54:45Z
99786,Mkunga Umeme (Samaki),sw,"","",,Swahili,Zane Roskoph,2021-07-29T03:25:37Z
113450,Kikande,sw,"","",http://www.catalogueoflife.org/annual-checklist/details/species/id/10084962/common/134580,Swahili,,2021-07-30T11:42:42Z
194921,Kikande,sw,"","",http://www.catalogueoflife.org/annual-checklist/details/species/id/10085166/common/124578,Swahili,,2021-07-30T11:42:42Z
57743,Kikande,sw,"","",http://www.catalogueoflife.org/annual-checklist/details/species/id/10084932/common/228046,Swahili,,2021-07-30T11:42:43Z
53669,Kikande,sw,"","",http://www.catalogueoflife.org/annual-checklist/details/species/id/10084948/common/235497,Swahili,,2021-07-30T11:42:43Z
53669,Tundu,sw,"","",http://www.catalogueoflife.org/annual-checklist/details/species/id/10084948/common/235472,Swahili,,2021-07-30T11:42:53Z
113450,Tundu,sw,"","",http://www.catalogueoflife.org/annual-checklist/details/species/id/10084962/common/134614,Swahili,,2021-07-30T11:42:53Z
53669,Vidui,sw,"","",http://www.catalogueoflife.org/annual-checklist/details/species/id/10084948/common/235467,Swahili,,2021-07-30T11:43:02Z
113450,Vidui,sw,"","",http://www.catalogueoflife.org/annual-checklist/details/species/id/10084962/common/134615,Swahili,,2021-07-30T11:43:02Z
41970,Jagwa,sw,"","",,Swahili,Zane Roskoph,2021-07-30T12:19:14Z
42007,Simba-milima,sw,"","",,Swahili,Zane Roskoph,2021-08-01T01:58:35Z
331121,Mndimu,sw,"","",,Swahili,Zane Roskoph,2021-08-10T12:28:30Z
123356,Mfurungu,sw,"","",,Swahili,Zane Roskoph,2021-08-10T12:49:40Z
41644,Dubu barafu,sw,"","",,Swahili,Zane Roskoph,2021-08-11T17:04:50Z
340305,nkasiri,sw,"","",,Swahili,Khama III Memorial Museum in Serowe,2021-08-11T17:13:19Z
162855,minyara,sw,"","",,Swahili,Khama III Memorial Museum in Serowe,2021-08-11T17:57:08Z
162855,mgofu,sw,"","",,Swahili,Khama III Memorial Museum in Serowe,2021-08-11T17:57:41Z
41955,Duma,sw,"","",,Swahili,Zane Roskoph,2021-08-13T12:27:24Z
74831,Chui-theluji,sw,"","",,Swahili,Zane Roskoph,2021-08-25T12:30:25Z
41967,Chui milia,sw,"","",,Swahili,Zane Roskoph,2021-08-26T16:33:23Z
116736,Mkunga-chui,sw,"","",http://www.catalogueoflife.org/annual-checklist/details/species/id/10053708/common/121869,Swahili,,2021-08-29T12:02:46Z
54441,Mkunga-chui,sw,"","",http://www.catalogueoflife.org/annual-checklist/details/species/id/10053590/common/123239,Swahili,,2021-08-29T12:02:47Z
123525,Mkunga-chui,sw,"","",http://www.catalogueoflife.org/annual-checklist/details/species/id/10053625/common/122914,Swahili,,2021-08-29T12:02:47Z
49979,Mkunga-chui,sw,"","",http://www.catalogueoflife.org/annual-checklist/details/species/id/10053648/common/157054,Swahili,,2021-08-29T12:02:47Z
153280,Karambazi,sw,"","",http://www.catalogueoflife.org/annual-checklist/details/species/id/10069945/common/133299,Swahili,,2021-08-29T12:38:27Z
123690,Karambazi,sw,"","",http://www.catalogueoflife.org/annual-checklist/details/species/id/10069948/common/132765,Swahili,,2021-08-29T12:38:27Z
338255,Karambazi,sw,"","",http://www.catalogueoflife.org/annual-checklist/details/species/id/10069949/common/132637,Swahili,,2021-08-29T12:38:27Z
47228,Karambazi,sw,"","",http://www.catalogueoflife.org/annual-checklist/details/species/id/10069953/common/132335,Swahili,,2021-08-29T12:38:28Z
153280,Kolekole,sw,"","",,Swahili,Zane Roskoph,2021-08-29T12:38:57Z
110005,Samaki magamba,sw,"","",http://www.catalogueoflife.org/annual-checklist/2012/details/species/id/9741333,Swahili,,2021-09-11T19:31:03Z
347936,Mkundaji,sw,"","",http://www.catalogueoflife.org/annual-checklist/2012/details/species/id/9741333,Swahili,,2021-09-12T23:23:23Z
123121,Mkundaji,sw,"","",http://www.catalogueoflife.org/annual-checklist/2012/details/species/id/9741333,Swahili,,2021-09-12T23:23:23Z
119432,Mkundaji,sw,"","",http://www.catalogueoflife.org/annual-checklist/2012/details/species/id/9741333,Swahili,,2021-09-12T23:23:23Z
196838,Mkundaji,sw,"","",http://www.catalogueoflife.org/annual-checklist/2012/details/species/id/9741333,Swahili,,2021-09-12T23:23:24Z
325734,Mkundaji,sw,"","",http://www.catalogueoflife.org/annual-checklist/2012/details/species/id/9741333,Swahili,,2021-09-12T23:23:24Z
180170,Mkundaji,sw,"","",http://www.catalogueoflife.org/annual-checklist/2012/details/species/id/9741333,Swahili,,2021-09-12T23:23:24Z
530410,Mkundaji,sw,"","",http://www.catalogueoflife.org/annual-checklist/2012/details/species/id/9741333,Swahili,,2021-09-12T23:23:25Z
69675,Jodari,sw,"","",http://www.catalogueoflife.org/annual-checklist/2012/details/species/id/9741333,Swahili,,2021-09-18T19:11:03Z
114125,Jodari,sw,"","",http://www.catalogueoflife.org/annual-checklist/2012/details/species/id/9741333,Swahili,,2021-09-18T19:11:04Z
188561,Jodari,sw,"","",http://www.catalogueoflife.org/annual-checklist/2012/details/species/id/9741333,Swahili,,2021-09-18T19:11:05Z
120615,Jodari,sw,"","",http://www.catalogueoflife.org/annual-checklist/2012/details/species/id/9741333,Swahili,,2021-09-18T19:11:05Z
56943,Jodari,sw,"","",http://www.catalogueoflife.org/annual-checklist/2012/details/species/id/9741333,Swahili,,2021-09-18T19:11:05Z
114122,Jodari,sw,"","",http://www.catalogueoflife.org/annual-checklist/2012/details/species/id/9741333,Swahili,iSea,2021-09-18T19:11:07Z
132369,Nguru-maskati,sw,"","",http://www.catalogueoflife.org/annual-checklist/2012/details/species/id/9741333,Swahili,,2021-09-20T00:50:38Z
47257,Nguru-maskati,sw,"","",http://www.catalogueoflife.org/annual-checklist/2012/details/species/id/9741333,Swahili,,2021-09-20T00:50:38Z
47257,Nguru-ngazija,sw,"","",http://www.catalogueoflife.org/annual-checklist/2012/details/species/id/9741333,Swahili,,2021-09-20T00:50:49Z
147000,mkakatik,sw,"","",,Swahili,Botswanabugs,2021-09-28T11:22:00Z
147000,mbaraka,sw,"","",,Swahili,Botswanabugs,2021-09-28T11:22:30Z
594430,kikwata,sw,"","",,Swahili,Botswanabugs,2021-09-28T11:39:10Z
594430,mgunga,sw,"","",,Swahili,Botswanabugs,2021-09-28T11:40:08Z
47259,Msusa,sw,"","",http://www.catalogueoflife.org/annual-checklist/2012/details/species/id/9741333,Swahili,,2021-10-17T23:57:53Z
47251,Msusa,sw,"","",http://www.catalogueoflife.org/annual-checklist/2012/details/species/id/9741333,Swahili,,2021-10-17T23:57:54Z
179870,Msusa,sw,"","",http://www.catalogueoflife.org/annual-checklist/2012/details/species/id/9741333,Swahili,,2021-10-17T23:57:54Z
47256,Msusa,sw,"","",http://www.catalogueoflife.org/annual-checklist/2012/details/species/id/9741333,Swahili,,2021-10-17T23:57:55Z
47251,Tengesi,sw,"","",http://www.catalogueoflife.org/annual-checklist/2012/details/species/id/9741333,Swahili,,2021-10-17T23:58:06Z
342724,makayo,sw,"","",South African National Biodiversity Institute. 2021. Botanical Database of Southern Africa (BODATSA) [offline dataset]. http://newposa.sanbi.org [Note that these data are not available at this URL as of 2021],Swahili,Ken-ichi Ueda,2021-10-21T20:17:13Z
342724,mbeba,sw,"","",South African National Biodiversity Institute. 2021. Botanical Database of Southern Africa (BODATSA) [offline dataset]. http://newposa.sanbi.org [Note that these data are not available at this URL as of 2021],Swahili,Ken-ichi Ueda,2021-10-21T20:17:14Z
342724,mkangwachare,sw,"","",South African National Biodiversity Institute. 2021. Botanical Database of Southern Africa (BODATSA) [offline dataset]. http://newposa.sanbi.org [Note that these data are not available at this URL as of 2021],Swahili,Ken-ichi Ueda,2021-10-21T20:17:14Z
342724,mkongachare,sw,"","",South African National Biodiversity Institute. 2021. Botanical Database of Southern Africa (BODATSA) [offline dataset]. http://newposa.sanbi.org [Note that these data are not available at this URL as of 2021],Swahili,Ken-ichi Ueda,2021-10-21T20:17:14Z
342724,mkoyo,sw,"","",South African National Biodiversity Institute. 2021. Botanical Database of Southern Africa (BODATSA) [offline dataset]. http://newposa.sanbi.org [Note that these data are not available at this URL as of 2021],Swahili,Ken-ichi Ueda,2021-10-21T20:17:15Z
342724,mpapula-chui,sw,"","",South African National Biodiversity Institute. 2021. Botanical Database of Southern Africa (BODATSA) [offline dataset]. http://newposa.sanbi.org [Note that these data are not available at this URL as of 2021],Swahili,Ken-ichi Ueda,2021-10-21T20:17:15Z
141177,mwana funzi,sw,"","",South African National Biodiversity Institute. 2021. Botanical Database of Southern Africa (BODATSA) [offline dataset]. http://newposa.sanbi.org [Note that these data are not available at this URL as of 2021],Swahili,Ken-ichi Ueda,2021-10-21T20:17:16Z
164238,mbono-pwani,sw,"","",South African National Biodiversity Institute. 2021. Botanical Database of Southern Africa (BODATSA) [offline dataset]. http://newposa.sanbi.org [Note that these data are not available at this URL as of 2021],Swahili,Ken-ichi Ueda,2021-10-21T20:17:16Z
81491,mbungati,sw,"","",South African National Biodiversity Institute. 2021. Botanical Database of Southern Africa (BODATSA) [offline dataset]. http://newposa.sanbi.org [Note that these data are not available at this URL as of 2021],Swahili,Ken-ichi Ueda,2021-10-21T20:17:16Z
81491,mnanaha,sw,"","",South African National Biodiversity Institute. 2021. Botanical Database of Southern Africa (BODATSA) [offline dataset]. http://newposa.sanbi.org [Note that these data are not available at this URL as of 2021],Swahili,Ken-ichi Ueda,2021-10-21T20:17:16Z
81491,mranaa,sw,"","",South African National Biodiversity Institute. 2021. Botanical Database of Southern Africa (BODATSA) [offline dataset]. http://newposa.sanbi.org [Note that these data are not available at this URL as of 2021],Swahili,Ken-ichi Ueda,2021-10-21T20:17:17Z
81491,mranaha,sw,"","",South African National Biodiversity Institute. 2021. Botanical Database of Southern Africa (BODATSA) [offline dataset]. http://newposa.sanbi.org [Note that these data are not available at this URL as of 2021],Swahili,Ken-ichi Ueda,2021-10-21T20:17:17Z
81491,mvongonya,sw,"","",South African National Biodiversity Institute. 2021. Botanical Database of Southern Africa (BODATSA) [offline dataset]. http://newposa.sanbi.org [Note that these data are not available at this URL as of 2021],Swahili,Ken-ichi Ueda,2021-10-21T20:17:18Z
81491,mvungavunga,sw,"","",South African National Biodiversity Institute. 2021. Botanical Database of Southern Africa (BODATSA) [offline dataset]. http://newposa.sanbi.org [Note that these data are not available at this URL as of 2021],Swahili,Ken-ichi Ueda,2021-10-21T20:17:18Z
81491,mvungunya,sw,"","",South African National Biodiversity Institute. 2021. Botanical Database of Southern Africa (BODATSA) [offline dataset]. http://newposa.sanbi.org [Note that these data are not available at this URL as of 2021],Swahili,Ken-ichi Ueda,2021-10-21T20:17:18Z
340253,mkundekunde,sw,"","",South African National Biodiversity Institute. 2021. Botanical Database of Southern Africa (BODATSA) [offline dataset]. http://newposa.sanbi.org [Note that these data are not available at this URL as of 2021],Swahili,Ken-ichi Ueda,2021-10-21T20:17:18Z
340253,mliwa,sw,"","",South African National Biodiversity Institute. 2021. Botanical Database of Southern Africa (BODATSA) [offline dataset]. http://newposa.sanbi.org [Note that these data are not available at this URL as of 2021],Swahili,Ken-ichi Ueda,2021-10-21T20:17:19Z
340253,msakara,sw,"","",South African National Biodiversity Institute. 2021. Botanical Database of Southern Africa (BODATSA) [offline dataset]. http://newposa.sanbi.org [Note that these data are not available at this URL as of 2021],Swahili,Ken-ichi Ueda,2021-10-21T20:17:19Z
340253,muharaka,sw,"","",South African National Biodiversity Institute. 2021. Botanical Database of Southern Africa (BODATSA) [offline dataset]. http://newposa.sanbi.org [Note that these data are not available at this URL as of 2021],Swahili,Ken-ichi Ueda,2021-10-21T20:17:19Z
336810,mkaa,sw,"","",South African National Biodiversity Institute. 2021. Botanical Database of Southern Africa (BODATSA) [offline dataset]. http://newposa.sanbi.org [Note that these data are not available at this URL as of 2021],Swahili,Ken-ichi Ueda,2021-10-21T20:17:20Z
336810,mkakaa,sw,"","",South African National Biodiversity Institute. 2021. Botanical Database of Southern Africa (BODATSA) [offline dataset]. http://newposa.sanbi.org [Note that these data are not available at this URL as of 2021],Swahili,Ken-ichi Ueda,2021-10-21T20:17:20Z
122098,mongaluchi,sw,"","",South African National Biodiversity Institute. 2021. Botanical Database of Southern Africa (BODATSA) [offline dataset]. http://newposa.sanbi.org [Note that these data are not available at this URL as of 2021],Swahili,Ken-ichi Ueda,2021-10-21T20:38:17Z
122098,Motipitipi,sw,"","",South African National Biodiversity Institute. 2021. Botanical Database of Southern Africa (BODATSA) [offline dataset]. http://newposa.sanbi.org [Note that these data are not available at this URL as of 2021],Swahili,Ken-ichi Ueda,2021-10-21T20:38:18Z
122098,mtipitipi,sw,"","",South African National Biodiversity Institute. 2021. Botanical Database of Southern Africa (BODATSA) [offline dataset]. http://newposa.sanbi.org [Note that these data are not available at this URL as of 2021],Swahili,Ken-ichi Ueda,2021-10-21T20:38:18Z
122098,mturituri,sw,"","",South African National Biodiversity Institute. 2021. Botanical Database of Southern Africa (BODATSA) [offline dataset]. http://newposa.sanbi.org [Note that these data are not available at this URL as of 2021],Swahili,Ken-ichi Ueda,2021-10-21T20:38:18Z
601159,Kikwata,sw,"","",South African National Biodiversity Institute. 2021. Botanical Database of Southern Africa (BODATSA) [offline dataset]. http://newposa.sanbi.org [Note that these data are not available at this URL as of 2021],Swahili,Ken-ichi Ueda,2021-10-21T20:38:19Z
567419,Mgunga,sw,"","",South African National Biodiversity Institute. 2021. Botanical Database of Southern Africa (BODATSA) [offline dataset]. http://newposa.sanbi.org [Note that these data are not available at this URL as of 2021],Swahili,Ken-ichi Ueda,2021-10-21T20:38:19Z
348763,mukonga,sw,"","",South African National Biodiversity Institute. 2021. Botanical Database of Southern Africa (BODATSA) [offline dataset]. http://newposa.sanbi.org [Note that these data are not available at this URL as of 2021],Swahili,Ken-ichi Ueda,2021-10-21T20:38:19Z
340276,mandali,sw,"","",South African National Biodiversity Institute. 2021. Botanical Database of Southern Africa (BODATSA) [offline dataset]. http://newposa.sanbi.org [Note that these data are not available at this URL as of 2021],Swahili,Ken-ichi Ueda,2021-10-21T20:38:20Z
340236,mbambakofi,sw,"","",South African National Biodiversity Institute. 2021. Botanical Database of Southern Africa (BODATSA) [offline dataset]. http://newposa.sanbi.org [Note that these data are not available at this URL as of 2021],Swahili,Ken-ichi Ueda,2021-10-21T20:38:20Z
340236,mbarika,sw,"","",South African National Biodiversity Institute. 2021. Botanical Database of Southern Africa (BODATSA) [offline dataset]. http://newposa.sanbi.org [Note that these data are not available at this URL as of 2021],Swahili,Ken-ichi Ueda,2021-10-21T20:38:20Z
340236,mbembakofi,sw,"","",South African National Biodiversity Institute. 2021. Botanical Database of Southern Africa (BODATSA) [offline dataset]. http://newposa.sanbi.org [Note that these data are not available at this URL as of 2021],Swahili,Ken-ichi Ueda,2021-10-21T20:38:21Z
340236,mkonge,sw,"","",South African National Biodiversity Institute. 2021. Botanical Database of Southern Africa (BODATSA) [offline dataset]. http://newposa.sanbi.org [Note that these data are not available at this URL as of 2021],Swahili,Ken-ichi Ueda,2021-10-21T20:38:21Z
340236,mkongo,sw,"","",South African National Biodiversity Institute. 2021. Botanical Database of Southern Africa (BODATSA) [offline dataset]. http://newposa.sanbi.org [Note that these data are not available at this URL as of 2021],Swahili,Ken-ichi Ueda,2021-10-21T20:38:21Z
340175,mporojo,sw,"","",South African National Biodiversity Institute. 2021. Botanical Database of Southern Africa (BODATSA) [offline dataset]. http://newposa.sanbi.org [Note that these data are not available at this URL as of 2021],Swahili,Ken-ichi Ueda,2021-10-21T20:38:22Z
340175,mtikiti,sw,"","",South African National Biodiversity Institute. 2021. Botanical Database of Southern Africa (BODATSA) [offline dataset]. http://newposa.sanbi.org [Note that these data are not available at this URL as of 2021],Swahili,Ken-ichi Ueda,2021-10-21T20:38:22Z
122988,mbiba,sw,"","",South African National Biodiversity Institute. 2021. Botanical Database of Southern Africa (BODATSA) [offline dataset]. http://newposa.sanbi.org [Note that these data are not available at this URL as of 2021],Swahili,Ken-ichi Ueda,2021-10-21T20:38:22Z
340136,mbua ya nuno,sw,"","",South African National Biodiversity Institute. 2021. Botanical Database of Southern Africa (BODATSA) [offline dataset]. http://newposa.sanbi.org [Note that these data are not available at this URL as of 2021],Swahili,Ken-ichi Ueda,2021-10-21T20:38:23Z
340136,msasuzi,sw,"","",South African National Biodiversity Institute. 2021. Botanical Database of Southern Africa (BODATSA) [offline dataset]. http://newposa.sanbi.org [Note that these data are not available at this URL as of 2021],Swahili,Ken-ichi Ueda,2021-10-21T20:38:23Z
340136,msuaga,sw,"","",South African National Biodiversity Institute. 2021. Botanical Database of Southern Africa (BODATSA) [offline dataset]. http://newposa.sanbi.org [Note that these data are not available at this URL as of 2021],Swahili,Ken-ichi Ueda,2021-10-21T20:38:23Z
597739,mlambuzi,sw,"","",South African National Biodiversity Institute. 2021. Botanical Database of Southern Africa (BODATSA) [offline dataset]. http://newposa.sanbi.org [Note that these data are not available at this URL as of 2021],Swahili,Ken-ichi Ueda,2021-10-21T20:38:24Z
597739,mnguara,sw,"","",South African National Biodiversity Institute. 2021. Botanical Database of Southern Africa (BODATSA) [offline dataset]. http://newposa.sanbi.org [Note that these data are not available at this URL as of 2021],Swahili,Ken-ichi Ueda,2021-10-21T20:38:24Z
597739,mvundahukumu,sw,"","",South African National Biodiversity Institute. 2021. Botanical Database of Southern Africa (BODATSA) [offline dataset]. http://newposa.sanbi.org [Note that these data are not available at this URL as of 2021],Swahili,Ken-ichi Ueda,2021-10-21T20:38:24Z
184447,ndewe,sw,"","",South African National Biodiversity Institute. 2021. Botanical Database of Southern Africa (BODATSA) [offline dataset]. http://newposa.sanbi.org [Note that these data are not available at this URL as of 2021],Swahili,Ken-ichi Ueda,2021-10-21T20:38:24Z
196659,mtomondo,sw,"","",South African National Biodiversity Institute. 2021. Botanical Database of Southern Africa (BODATSA) [offline dataset]. http://newposa.sanbi.org [Note that these data are not available at this URL as of 2021],Swahili,Ken-ichi Ueda,2021-10-21T20:38:25Z
132932,mkarati,sw,"","",South African National Biodiversity Institute. 2021. Botanical Database of Southern Africa (BODATSA) [offline dataset]. http://newposa.sanbi.org [Note that these data are not available at this URL as of 2021],Swahili,Ken-ichi Ueda,2021-10-21T20:38:25Z
132932,mtutu,sw,"","",South African National Biodiversity Institute. 2021. Botanical Database of Southern Africa (BODATSA) [offline dataset]. http://newposa.sanbi.org [Note that these data are not available at this URL as of 2021],Swahili,Ken-ichi Ueda,2021-10-21T20:38:25Z
851888,msoro,sw,"","",South African National Biodiversity Institute. 2021. Botanical Database of Southern Africa (BODATSA) [offline dataset]. http://newposa.sanbi.org [Note that these data are not available at this URL as of 2021],Swahili,Ken-ichi Ueda,2021-10-21T20:38:26Z
139444,mbaasi,sw,"","",South African National Biodiversity Institute. 2021. Botanical Database of Southern Africa (BODATSA) [offline dataset]. http://newposa.sanbi.org [Note that these data are not available at this URL as of 2021],Swahili,Ken-ichi Ueda,2021-10-21T20:38:26Z
79060,utupa,sw,"","",South African National Biodiversity Institute. 2021. Botanical Database of Southern Africa (BODATSA) [offline dataset]. http://newposa.sanbi.org [Note that these data are not available at this URL as of 2021],Swahili,Ken-ichi Ueda,2021-10-21T20:38:26Z
168847,mnuka uvundo,sw,"","",South African National Biodiversity Institute. 2021. Botanical Database of Southern Africa (BODATSA) [offline dataset]. http://newposa.sanbi.org [Note that these data are not available at this URL as of 2021],Swahili,Ken-ichi Ueda,2021-10-21T20:38:27Z
190367,mlonge,sw,"","",South African National Biodiversity Institute. 2021. Botanical Database of Southern Africa (BODATSA) [offline dataset]. http://newposa.sanbi.org [Note that these data are not available at this URL as of 2021],Swahili,Ken-ichi Ueda,2021-10-21T20:38:27Z
553599,msana,sw,"","",South African National Biodiversity Institute. 2021. Botanical Database of Southern Africa (BODATSA) [offline dataset]. http://newposa.sanbi.org [Note that these data are not available at this URL as of 2021],Swahili,Ken-ichi Ueda,2021-10-21T20:38:27Z
76425,ikengera,sw,"","",South African National Biodiversity Institute. 2021. Botanical Database of Southern Africa (BODATSA) [offline dataset]. http://newposa.sanbi.org [Note that these data are not available at this URL as of 2021],Swahili,Ken-ichi Ueda,2021-10-21T20:38:28Z
598413,Kala,sw,"","",South African National Biodiversity Institute. 2021. Botanical Database of Southern Africa (BODATSA) [offline dataset]. http://newposa.sanbi.org [Note that these data are not available at this URL as of 2021],Swahili,Ken-ichi Ueda,2021-10-21T20:38:28Z
598569,umbuluku,sw,"","",South African National Biodiversity Institute. 2021. Botanical Database of Southern Africa (BODATSA) [offline dataset]. http://newposa.sanbi.org [Note that these data are not available at this URL as of 2021],Swahili,Ken-ichi Ueda,2021-10-21T20:38:28Z
76599,mkandi,sw,"","",South African National Biodiversity Institute. 2021. Botanical Database of Southern Africa (BODATSA) [offline dataset]. http://newposa.sanbi.org [Note that these data are not available at this URL as of 2021],Swahili,Ken-ichi Ueda,2021-10-21T20:38:29Z
48602,muranha,sw,"","",South African National Biodiversity Institute. 2021. Botanical Database of Southern Africa (BODATSA) [offline dataset]. http://newposa.sanbi.org [Note that these data are not available at this URL as of 2021],Swahili,Ken-ichi Ueda,2021-10-21T20:38:29Z
131560,mziwaziwa,sw,"","",South African National Biodiversity Institute. 2021. Botanical Database of Southern Africa (BODATSA) [offline dataset]. http://newposa.sanbi.org [Note that these data are not available at this URL as of 2021],Swahili,Ken-ichi Ueda,2021-10-21T20:38:30Z
340379,mrundu,sw,"","",South African National Biodiversity Institute. 2021. Botanical Database of Southern Africa (BODATSA) [offline dataset]. http://newposa.sanbi.org [Note that these data are not available at this URL as of 2021],Swahili,Ken-ichi Ueda,2021-10-21T20:38:30Z
340181,uzi,sw,"","",South African National Biodiversity Institute. 2021. Botanical Database of Southern Africa (BODATSA) [offline dataset]. http://newposa.sanbi.org [Note that these data are not available at this URL as of 2021],Swahili,Ken-ichi Ueda,2021-10-21T20:38:30Z
340173,mpikechu,sw,"","",South African National Biodiversity Institute. 2021. Botanical Database of Southern Africa (BODATSA) [offline dataset]. http://newposa.sanbi.org [Note that these data are not available at this URL as of 2021],Swahili,Ken-ichi Ueda,2021-10-21T20:38:31Z
141177,Mkalamu,sw,"","",South African National Biodiversity Institute. 2021. Botanical Database of Southern Africa (BODATSA) [offline dataset]. http://newposa.sanbi.org [Note that these data are not available at this URL as of 2021],Swahili,Ken-ichi Ueda,2021-10-21T20:38:31Z
311268,nyambo,sw,"","",South African National Biodiversity Institute. 2021. Botanical Database of Southern Africa (BODATSA) [offline dataset]. http://newposa.sanbi.org [Note that these data are not available at this URL as of 2021],Swahili,Ken-ichi Ueda,2021-10-21T20:38:32Z
164238,nicororwa,sw,"","",South African National Biodiversity Institute. 2021. Botanical Database of Southern Africa (BODATSA) [offline dataset]. http://newposa.sanbi.org [Note that these data are not available at this URL as of 2021],Swahili,Ken-ichi Ueda,2021-10-21T20:38:32Z
340120,mtundu,sw,"","",South African National Biodiversity Institute. 2021. Botanical Database of Southern Africa (BODATSA) [offline dataset]. http://newposa.sanbi.org [Note that these data are not available at this URL as of 2021],Swahili,Ken-ichi Ueda,2021-10-21T20:38:32Z
588682,mutululu,sw,"","",South African National Biodiversity Institute. 2021. Botanical Database of Southern Africa (BODATSA) [offline dataset]. http://newposa.sanbi.org [Note that these data are not available at this URL as of 2021],Swahili,Ken-ichi Ueda,2021-10-21T20:38:33Z
428559,mubamba-ngoma,sw,"","",South African National Biodiversity Institute. 2021. Botanical Database of Southern Africa (BODATSA) [offline dataset]. http://newposa.sanbi.org [Note that these data are not available at this URL as of 2021],Swahili,Ken-ichi Ueda,2021-10-21T20:38:33Z
507252,mkasiri,sw,"","",South African National Biodiversity Institute. 2021. Botanical Database of Southern Africa (BODATSA) [offline dataset]. http://newposa.sanbi.org [Note that these data are not available at this URL as of 2021],Swahili,Ken-ichi Ueda,2021-10-21T20:38:33Z
426476,Amazenjana,sw,"","",South African National Biodiversity Institute. 2021. Botanical Database of Southern Africa (BODATSA) [offline dataset]. http://newposa.sanbi.org [Note that these data are not available at this URL as of 2021],Swahili,Ken-ichi Ueda,2021-10-21T20:38:34Z
426476,Kinyorwe,sw,"","",South African National Biodiversity Institute. 2021. Botanical Database of Southern Africa (BODATSA) [offline dataset]. http://newposa.sanbi.org [Note that these data are not available at this URL as of 2021],Swahili,Ken-ichi Ueda,2021-10-21T20:38:34Z
133184,mkufi,sw,"","",South African National Biodiversity Institute. 2021. Botanical Database of Southern Africa (BODATSA) [offline dataset]. http://newposa.sanbi.org [Note that these data are not available at this URL as of 2021],Swahili,Ken-ichi Ueda,2021-10-21T20:38:34Z
133184,mwembemwitu,sw,"","",South African National Biodiversity Institute. 2021. Botanical Database of Southern Africa (BODATSA) [offline dataset]. http://newposa.sanbi.org [Note that these data are not available at this URL as of 2021],Swahili,Ken-ichi Ueda,2021-10-21T20:38:35Z
285850,mfuta,sw,"","",South African National Biodiversity Institute. 2021. Botanical Database of Southern Africa (BODATSA) [offline dataset]. http://newposa.sanbi.org [Note that these data are not available at this URL as of 2021],Swahili,Ken-ichi Ueda,2021-10-21T20:38:35Z
59035,muyanya porini,sw,"","",South African National Biodiversity Institute. 2021. Botanical Database of Southern Africa (BODATSA) [offline dataset]. http://newposa.sanbi.org [Note that these data are not available at this URL as of 2021],Swahili,Ken-ichi Ueda,2021-10-21T20:38:36Z
338720,Lubale,sw,"","",South African National Biodiversity Institute. 2021. Botanical Database of Southern Africa (BODATSA) [offline dataset]. http://newposa.sanbi.org [Note that these data are not available at this URL as of 2021],Swahili,Ken-ichi Ueda,2021-10-21T20:38:36Z
338720,Mkongoro,sw,"","",South African National Biodiversity Institute. 2021. Botanical Database of Southern Africa (BODATSA) [offline dataset]. http://newposa.sanbi.org [Note that these data are not available at this URL as of 2021],Swahili,Ken-ichi Ueda,2021-10-21T20:38:37Z
338720,Mlungiro,sw,"","",South African National Biodiversity Institute. 2021. Botanical Database of Southern Africa (BODATSA) [offline dataset]. http://newposa.sanbi.org [Note that these data are not available at this URL as of 2021],Swahili,Ken-ichi Ueda,2021-10-21T20:38:37Z
338720,Mruari,sw,"","",South African National Biodiversity Institute. 2021. Botanical Database of Southern Africa (BODATSA) [offline dataset]. http://newposa.sanbi.org [Note that these data are not available at this URL as of 2021],Swahili,Ken-ichi Ueda,2021-10-21T20:38:37Z
474039,mkalambati,sw,"","",South African National Biodiversity Institute. 2021. Botanical Database of Southern Africa (BODATSA) [offline dataset]. http://newposa.sanbi.org [Note that these data are not available at this URL as of 2021],Swahili,Ken-ichi Ueda,2021-10-21T20:38:38Z
186663,mlandege,sw,"","",South African National Biodiversity Institute. 2021. Botanical Database of Southern Africa (BODATSA) [offline dataset]. http://newposa.sanbi.org [Note that these data are not available at this URL as of 2021],Swahili,Ken-ichi Ueda,2021-10-21T20:38:38Z
186663,mlanyuni,sw,"","",South African National Biodiversity Institute. 2021. Botanical Database of Southern Africa (BODATSA) [offline dataset]. http://newposa.sanbi.org [Note that these data are not available at this URL as of 2021],Swahili,Ken-ichi Ueda,2021-10-21T20:38:38Z
196931,Bunju,sw,"","",http://www.catalogueoflife.org/annual-checklist/2012/details/species/id/9741333,Swahili,,2021-11-07T23:53:03Z
49269,Bunju,sw,"","",http://www.catalogueoflife.org/annual-checklist/2012/details/species/id/9741333,Swahili,Małgorzata Śliż,2021-11-07T23:53:04Z
196931,Bunju nungu,sw,"","",http://www.catalogueoflife.org/annual-checklist/2012/details/species/id/9741333,Swahili,,2021-11-07T23:53:12Z
49269,Bunju nungu,sw,"","",http://www.catalogueoflife.org/annual-checklist/2012/details/species/id/9741333,Swahili,Małgorzata Śliż,2021-11-07T23:53:13Z
49269,Puju,sw,"","",,Swahili,Zane Roskoph,2021-11-07T23:53:50Z
81500,muru,sw,"","",,Swahili,Botswanabugs,2021-11-11T17:13:01Z
81500,mbuyu,sw,"","",,Swahili,Botswanabugs,2021-11-11T17:13:54Z
431063,Mkimwemwe.,sw,"","",,Swahili,Botswanabugs,2021-11-29T06:31:16Z
49963,Papa isingezi,sw,"","",http://www.catalogueoflife.org/annual-checklist/2012/details/species/id/9741333,Swahili,,2021-12-04T03:41:40Z
49963,Papa usingiri,sw,"","",http://www.catalogueoflife.org/annual-checklist/2012/details/species/id/9741333,Swahili,,2021-12-04T03:41:51Z
417616,Gala-gala,sw,"","",,Swahili,Zane Roskoph,2021-12-28T16:52:16Z
417616,Gayo-gayo,sw,"","",,Swahili,Zane Roskoph,2021-12-28T16:52:58Z
612384,Wayo,sw,"","",http://www.catalogueoflife.org/annual-checklist/2012/details/species/id/9741333,Swahili,,2021-12-28T16:53:19Z
53702,Wayo,sw,"","",http://www.catalogueoflife.org/annual-checklist/2012/details/species/id/9741333,Swahili,,2021-12-28T16:53:20Z
612406,Wayo,sw,"","",http://www.catalogueoflife.org/annual-checklist/2012/details/species/id/9741333,Swahili,,2021-12-28T16:53:20Z
368886,Wayo,sw,"","",http://www.catalogueoflife.org/annual-checklist/2012/details/species/id/9741333,Swahili,,2021-12-28T16:53:21Z
321694,Wayo,sw,"","",http://www.catalogueoflife.org/annual-checklist/2012/details/species/id/9741333,Swahili,,2021-12-28T16:53:21Z
529566,Wayo,sw,"","",http://www.catalogueoflife.org/annual-checklist/2012/details/species/id/9741333,Swahili,,2021-12-28T16:53:21Z
317042,Wayo,sw,"","",http://www.catalogueoflife.org/annual-checklist/2012/details/species/id/9741333,Swahili,,2021-12-28T16:53:21Z
417616,Wayo,sw,"","",http://www.catalogueoflife.org/annual-checklist/2012/details/species/id/9741333,Swahili,,2021-12-28T16:53:22Z
142774,hudihudi,sw,"","",,Swahili,Botswanabugs,2022-01-09T04:39:34Z
2269,chole,sw,"","",,Swahili,Botswanabugs,2022-01-09T04:57:59Z
196872,Kikande,sw,"","",http://www.catalogueoflife.org/annual-checklist/details/species/id/10084930/common/95622,Swahili,,2022-03-08T00:54:00Z
196872,Vidui,sw,"","",http://www.catalogueoflife.org/annual-checklist/details/species/id/10084930/common/95668,Swahili,,2022-03-08T00:54:00Z
196872,Tundu,sw,"","",http://www.catalogueoflife.org/annual-checklist/details/species/id/10084930/common/95666,Swahili,,2022-03-08T00:54:00Z
42042,mauaji,sw,"","",,Swahili,Botswanabugs,2022-03-24T04:15:35Z
56739,mbariki,sw,"","",South African National Biodiversity Institute. 2021. Botanical Database of Southern Africa (BODATSA) [offline dataset]. http://newposa.sanbi.org [Note that these data are not available at this URL as of 2021],Swahili,,2022-05-09T18:28:44Z
340245,mn’gongo,sw,"","",,Swahili,Botswanabugs,2022-06-02T09:36:54Z
134190,Mbura,sw,"","",,Swahili,Tammo Reichgelt,2022-07-18T20:24:46Z
597721,Mtokomo-mwitu,sw,"","",,Swahili,Tammo Reichgelt,2022-07-19T02:35:35Z
189514,Nguga,sw,"","",,Swahili,Tammo Reichgelt,2022-07-20T14:33:08Z
440743,Mkilua,sw,"","",,Swahili,Tammo Reichgelt,2022-07-20T14:36:56Z
440772,Mguku,sw,"","",,Swahili,Tammo Reichgelt,2022-07-20T14:39:09Z
440772,Mgweni,sw,"","",,Swahili,Tammo Reichgelt,2022-07-20T14:39:30Z
880332,Mwangajini,sw,"","",,Swahili,Tammo Reichgelt,2022-07-20T14:50:19Z
147405,Mganda-simba,sw,"","",,Swahili,Tammo Reichgelt,2022-07-20T14:51:02Z
444566,Mganda-simba,sw,"","",,Swahili,Tammo Reichgelt,2022-07-20T14:57:57Z
444577,Mnofu-wa-kuku,sw,"","",,Swahili,Tammo Reichgelt,2022-07-20T15:02:18Z
790296,Mkaumwa,sw,"","",,Swahili,Tammo Reichgelt,2022-07-20T15:42:13Z
467985,Mnafisi,sw,"","",,Swahili,Tammo Reichgelt,2022-07-20T15:56:47Z
184346,Kibilazi-Mwitu,sw,"","",,Swahili,Tammo Reichgelt,2022-07-20T19:28:19Z
184346,Mvunja-Vumo,sw,"","",,Swahili,Tammo Reichgelt,2022-07-20T19:28:32Z
340365,Mpapura-Chui,sw,"","",,Swahili,Tammo Reichgelt,2022-07-20T19:49:00Z
342724,Mbada Paka,sw,"","",,Swahili,Tammo Reichgelt,2022-07-20T19:53:31Z
340096,Mtubakeru,sw,"","",,Swahili,Tammo Reichgelt,2022-07-20T19:56:09Z
186043,Mutunguru,sw,"","",,Swahili,Tammo Reichgelt,2022-07-20T20:00:33Z
186043,Mlala-Mbuzi,sw,"","",,Swahili,Tammo Reichgelt,2022-07-20T20:00:42Z
1119422,Mutunguru,sw,"","",,Swahili,Tammo Reichgelt,2022-07-20T20:21:24Z
340231,Mtunguru,sw,"","",,Swahili,Tammo Reichgelt,2022-07-20T20:23:39Z
165529,Mzunze,sw,"","",,Swahili,Tammo Reichgelt,2022-07-21T01:20:35Z
165529,Mrongo,sw,"","",,Swahili,Tammo Reichgelt,2022-07-21T01:20:58Z
790145,Mkandaa-Mwitu,sw,"","",,Swahili,Tammo Reichgelt,2022-07-21T01:51:46Z
340111,Mshunduzi,sw,"","",,Swahili,Tammo Reichgelt,2022-07-21T01:55:43Z
147452,Mkurute,sw,"","",,Swahili,Tammo Reichgelt,2022-07-21T01:58:14Z
340289,Mtindapo,sw,"","",,Swahili,Tammo Reichgelt,2022-07-21T02:00:06Z
593974,Mzigi,sw,"","",,Swahili,Tammo Reichgelt,2022-07-21T02:00:52Z
593974,Muteya,sw,"","",,Swahili,Tammo Reichgelt,2022-07-21T02:01:07Z
493047,Mwinyonye,sw,"","",,Swahili,Tammo Reichgelt,2022-07-21T02:16:41Z
493047,Mwinamia-Maji,sw,"","",,Swahili,Tammo Reichgelt,2022-07-21T02:18:10Z
285378,Mkokoa Muhina,sw,"","",,Swahili,Tammo Reichgelt,2022-07-21T19:36:42Z
425753,Mkaa-Pwani,sw,"","",,Swahili,Tammo Reichgelt,2022-07-21T19:37:13Z
425753,Mnyanyuwa,sw,"","",,Swahili,Tammo Reichgelt,2022-07-21T19:37:29Z
196661,Mlilana,sw,"","",,Swahili,Tammo Reichgelt,2022-07-21T19:38:36Z
595034,Mkatu,sw,"","",,Swahili,Tammo Reichgelt,2022-07-21T20:09:36Z
42093,kisu,sw,"","",,Swahili,Botswanabugs,2023-01-04T19:36:26Z
71297,Korongo-nyangumi,sw,"","",,Swahili,John E. Christensen,2023-01-31T12:44:09Z
42405,Nyati,sw,Tanzania | Kenya,"TZ,KE",,Swahili,Summer J. Smentek,2023-02-08T13:46:22Z
41963,Chui,sw,Tanzania | Kenya,"TZ,KE",,Swahili,Summer J. Smentek,2023-02-08T13:54:41Z
43693,Tembo,sw,Tanzania | Kenya,"TZ,KE",,Swahili,Summer J. Smentek,2023-02-08T13:59:02Z
43693,Ndovu,sw,"","",,Swahili,Summer J. Smentek,2023-02-08T13:59:37Z
41884,Fisi,sw,"","",,Swahili,Summer J. Smentek,2023-02-08T14:01:56Z
20526,Mbuni,sw,"","",,Swahili,Johan Devos,2023-02-28T23:23:55Z
1459903,Mhomba,sw,"","",,Swahili,galanhsnu,2023-03-24T17:04:13Z
1459903,Muhowe,sw,"","",,Swahili,galanhsnu,2023-03-24T17:04:36Z
30851,moma,sw,"","",,Swahili,Botswanabugs,2023-05-13T18:53:37Z
30851,bafe,sw,"","",,Swahili,Botswanabugs,2023-05-13T18:54:32Z
437215,Mpaga,sw,"","",,Swahili,brnhn,2023-07-14T16:56:32Z
132978,Mgude,sw,"","",,Swahili,theor04,2023-08-29T05:37:07Z
564613,Mbalibali,sw,"","",,Swahili,Joe Zito,2023-10-19T16:15:23Z
527007,Kikwata,sw,"","",,Swahili,Joe Zito,2023-10-19T16:18:15Z
594568,mtunguruja,sw,"","",South African National Biodiversity Institute. 2021. Botanical Database of Southern Africa (BODATSA) [offline dataset]. http://newposa.sanbi.org [Note that these data are not available at this URL as of 2021],Swahili,,2023-11-11T12:21:04Z
1428,kanga,sw,"","",,Swahili,Botswanabugs,2024-01-31T10:30:28Z
182206,mosokonoi,sw,"","",,Swahili,Botswanabugs,2024-05-21T09:59:41Z
