id,vernacularName,language,locality,countryCode,source,lexicon,contributor,created
98477,Gwyniad,und,"","",,Welsh,Tig,2013-04-26T07:24:44Z
111994,Torgoch,und,"","",,Welsh,Tig,2015-12-07T10:43:17Z
101176,Ciglas,und,"","",,Welsh,Tig,2015-12-07T17:29:40Z
57157,Crydwellt mawr,und,"","",,Welsh,John E. Christensen,2017-11-29T09:28:55Z
47126,Planhigyn,und,"","",,Welsh,John E. Christensen,2017-12-06T07:49:06Z
51807,Troed y golomen,und,"","",,Welsh,John E. Christensen,2017-12-09T15:27:59Z
5267,Barcud Coch,und,"","",,Welsh,John E. Christensen,2017-12-15T07:01:49Z
26036,Ymlusgiad,und,"","",,Welsh,John E. Christensen,2017-12-19T08:07:53Z
47114,Gastropod,und,"","",,Welsh,John E. Christensen,2017-12-20T15:35:27Z
43791,Afanc,und,"","",,Welsh,John E. Christensen,2017-12-26T20:11:19Z
20978,Amffibiad,und,"","",,Welsh,John E. Christensen,2018-01-07T09:25:19Z
61827,Lili Jersey,und,"","",,Welsh,John E. Christensen,2018-01-24T16:16:04Z
42134,Baedd Gwyllt,und,"","",,Welsh,John E. Christensen,2018-02-13T08:03:31Z
18230,Ysgytiwr gogleddol,und,"","",,Welsh,John E. Christensen,2018-02-23T13:44:55Z
131605,Tegeirian y milwr,und,"","",,Welsh,John E. Christensen,2018-03-10T14:24:14Z
8088,Ysgrech y coed,und,"","",,Welsh,John E. Christensen,2018-03-24T06:42:05Z
52913,Ysgellog,und,"","",,Welsh,John E. Christensen,2018-03-29T15:38:33Z
56222,Dail troed yr ebol,und,"","",,Welsh,John E. Christensen,2018-04-10T16:30:30Z
143243,Camri,und,"","",,Welsh,John E. Christensen,2018-04-25T14:41:54Z
47603,Dant y llew,und,"","",,Welsh,John E. Christensen,2018-04-30T15:04:55Z
56006,Pidyn-y-gog y gors,und,"","",,Welsh,John E. Christensen,2018-05-02T08:13:27Z
61396,Penrhudd,und,"","",,Welsh,John E. Christensen,2018-05-14T08:14:01Z
64549,Bwrned mawr,und,"","",,Welsh,John E. Christensen,2018-05-15T09:07:19Z
58722,Pinwydden yr Alban,und,"","",,Welsh,,2018-06-16T13:12:06Z
85553,Neidr,und,"","",,Welsh,John E. Christensen,2018-06-24T13:40:56Z
569428,Gwenci,und,"","",,Welsh,John E. Christensen,2018-07-05T06:52:48Z
45933,Gwiwer,und,"","",,Welsh,John E. Christensen,2018-07-12T15:22:49Z
151882,Coeden ginco,und,"","",,Welsh,John E. Christensen,2018-08-12T07:03:30Z
55884,Rhosyn gwyllt,und,"","",,Welsh,John E. Christensen,2018-10-18T13:44:29Z
122970,Blodyn-yr-haul oddfog,und,"","",,Welsh,John E. Christensen,2018-11-04T13:19:57Z
64714,Llusen y gors,und,"","",,Welsh,John E. Christensen,2018-11-19T09:50:16Z
47851,Derwen,und,"","",,Welsh,John E. Christensen,2018-11-26T15:16:04Z
63573,Sbriwsen,und,"","",,Welsh,John E. Christensen,2018-12-16T09:43:38Z
121943,Rhedynen,und,"","",,Welsh,John E. Christensen,2018-12-17T16:19:43Z
70054,Melon dŵr,und,"","",,Welsh,John E. Christensen,2018-12-24T10:46:53Z
7006,Gŵydd,und,"","",,Welsh,John E. Christensen,2019-01-04T08:39:16Z
8034,Cigfran yddfwinau,und,"","",,Welsh,John E. Christensen,2019-01-06T08:55:54Z
48561,Ysgallen,und,"","",,Welsh,John E. Christensen,2019-01-16T07:26:24Z
4756,Fwltur pengoch America,und,"","",,Welsh,John E. Christensen,2019-01-23T10:06:48Z
40151,Mamal,und,"","",,Welsh,John E. Christensen,2019-02-07T18:21:10Z
210289,Gwyran,und,"","",,Welsh,John E. Christensen,2019-02-10T11:04:36Z
47516,Brithyll Seithliw,und,"","",,Welsh,John E. Christensen,2019-03-13T09:39:36Z
47217,Tegeirian,und,"","",,Welsh,John E. Christensen,2019-03-15T10:42:44Z
51741,Llysiau'r gymalwst,und,"","",,Welsh,John E. Christensen,2019-05-01T07:59:37Z
43367,Primat,und,"","",,Welsh,John E. Christensen,2019-05-11T11:12:48Z
40019,Crwban tir,und,"","",,Welsh,John E. Christensen,2019-05-28T13:28:31Z
57563,Marchysgallen y gerddi,und,"","",,Welsh,John E. Christensen,2019-07-06T09:44:33Z
914922,Canclwm Japan,und,"","",,Welsh,John E. Christensen,2019-07-30T18:49:02Z
8010,Cigfran,und,"","",,Welsh,John E. Christensen,2019-08-02T13:54:21Z
47927,Gwas neidr,und,"","",,Welsh,John E. Christensen,2019-11-11T21:23:33Z
505478,Iâr (ddof),und,"","",,Welsh,John E. Christensen,2019-11-19T14:09:36Z
127355,Bara'r hwch,und,"","",,Welsh,John E. Christensen,2019-11-24T15:34:43Z
82393,Cnwp-fwsogl Alpaidd,und,"","",,Welsh,Johan Devos,2020-01-29T19:27:08Z
131236,firysau,und,"","",,Welsh,James K. Douch,2020-02-23T03:11:30Z
131586,Cróch an fhómhair,und,"","",,Welsh,Johan Devos,2020-06-05T19:38:47Z
207836,Seren-Fethlehem gynnar,und,"","",,Welsh,Johan Devos,2020-06-05T21:47:48Z
526556,Dwrgi,und,"","",,Welsh,John E. Christensen,2020-06-07T11:36:58Z
350033,amanita benfelen,und,"Wales, GB","",,Welsh,anneliese merrigan,2020-07-20T21:49:00Z
118400,amanita borffor,und,"","",,Welsh,anneliese merrigan,2020-07-20T21:50:10Z
938922,amanita droednoeth,und,"","",,Welsh,anneliese merrigan,2020-07-20T21:51:06Z
48715,amanita'r gwybed,und,"","",,Welsh,anneliese merrigan,2020-07-20T21:51:49Z
19350,Tylluan,und,"","",,Welsh,John E. Christensen,2020-08-30T20:05:14Z
630955,Gwenynen,und,"","",,Welsh,John E. Christensen,2020-09-28T16:00:54Z
5017,Crëyr gwartheg,und,"","",,Welsh,Chris Cheatle,2020-11-14T16:32:59Z
118402,Corwystrysen fwsogl fach,und,"","",,Welsh,Johan Devos,2020-12-13T21:43:29Z
499715,Corwystrysen fwsogl,und,"","",,Welsh,Johan Devos,2020-12-13T21:45:47Z
354693,Bogail gwyrddlas,und,"","",,Welsh,Johan Devos,2020-12-13T21:48:45Z
129485,plu-wyfynod gwyn,und,"","",https://www.inaturalist.org/taxon_names/2359167/edit,Welsh,Christoph Posch,2020-12-24T15:02:35Z
47903,Cactws,und,"","",,Welsh,John E. Christensen,2021-02-10T13:16:59Z
48648,Eog,und,"","",http://www.catalogueoflife.org/annual-checklist/details/species/id/10078694/common/45819,Welsh,iSea,2021-07-09T13:34:07Z
48156,Draenogyn Cegfawr,und,"","",https://eol.org/pages/46580134,Welsh,iSea,2021-07-14T18:19:33Z
47516,Brithyll seiethliw,und,"","",,Welsh,Zane Roskoph,2021-07-19T12:32:20Z
111974,Torgoch,und,"","",,Welsh,Zane Roskoph,2021-07-19T18:59:37Z
50873,Morgi mawr gwyn,und,"","",,Welsh,Zane Roskoph,2021-07-30T13:50:01Z
42007,Pwma,und,"","",,Welsh,Zane Roskoph,2021-08-01T00:46:33Z
14301,Manacin cefnlas,und,"","",,Welsh,Zane Roskoph,2021-08-02T19:41:22Z
52188,Morgi morfilaidd,und,"","",,Welsh,Zane Roskoph,2021-08-03T13:52:12Z
112841,Morgi´r Ynys Las,und,"","",,Welsh,Zane Roskoph,2021-08-03T14:31:46Z
719045,Dryw Hirta,und,"","",,Welsh,Zane Roskoph,2021-08-06T14:43:09Z
719043,Dryw Fair Isle,und,"","",,Welsh,Zane Roskoph,2021-08-06T14:45:30Z
450204,Cotoneaster y gogarth,und,"","",,Welsh,Zane Roskoph,2021-08-06T14:55:41Z
1112984,Heboglys Attenborough,und,"","",,Welsh,Zane Roskoph,2021-08-06T15:03:43Z
336377,Creulys Gymreig,und,"","",,Welsh,Zane Roskoph,2021-08-06T15:05:54Z
371680,Effros Cymreig,und,"","",,Welsh,Zane Roskoph,2021-08-06T15:06:40Z
207576,Chweinllys y maes,und,"","",,Welsh,Zane Roskoph,2021-08-06T15:08:59Z
10421,Gylfingroes yr Alban,und,"","",,Welsh,Zane Roskoph,2021-08-06T15:11:59Z
1330,Sofliar coed farfog,und,"","",,Welsh,Zane Roskoph,2021-08-09T19:12:53Z
12711,Brych gyddfwyn y gorllewin,und,"","",,Welsh,Zane Roskoph,2021-08-09T19:23:45Z
339893,Tanagr prysgoed cyffredin,und,"","",,Welsh,Zane Roskoph,2021-08-09T19:31:44Z
129054,Tiwlip yr ardd,und,"","",,Welsh,Zane Roskoph,2021-08-10T12:06:11Z
47916,Gwyfyn lwna,und,"","",,Welsh,Zane Roskoph,2021-08-10T13:28:20Z
117182,Telor cyrs Nauru,und,"","",,Welsh,Zane Roskoph,2021-08-10T15:46:07Z
709635,Gellesgen farfog,und,"","",,Welsh,Zane Roskoph,2021-08-10T16:16:52Z
3451,Turtur y Galapagos,und,"","",,Welsh,Zane Roskoph,2021-08-11T11:41:09Z
144516,Gwylan dywyll,und,"","",,Welsh,Zane Roskoph,2021-08-11T11:52:49Z
4555,Gwylan ifori,und,"","",,Welsh,Zane Roskoph,2021-08-11T12:10:27Z
4564,Gwylan y Galapagos,und,"","",,Welsh,Zane Roskoph,2021-08-11T12:28:14Z
367474,Rhegen Galapagos,und,"","",,Welsh,Zane Roskoph,2021-08-11T15:04:22Z
3802,Hugan,und,"","",,Welsh,Zane Roskoph,2021-08-11T15:39:11Z
41644,arth wen,und,"","",,Welsh,Zane Roskoph,2021-08-11T16:08:52Z
54699,Llwyn te,und,"","",,Welsh,Zane Roskoph,2021-08-12T12:54:51Z
18941,Cea,und,"","",,Welsh,Zane Roskoph,2021-08-12T14:43:34Z
112581,Pencath,und,"","",,Welsh,Zane Roskoph,2021-08-14T18:06:53Z
41553,Morfil Glas,und,"","",,Welsh,Zane Roskoph,2021-08-15T14:46:24Z
41461,Morfil Gwyn,und,"","",,Welsh,Zane Roskoph,2021-08-15T18:02:32Z
41964,Llew,und,"","",,Welsh,Zane Roskoph,2021-08-24T12:17:42Z
41967,Teigr,und,"","",,Welsh,Zane Roskoph,2021-08-26T15:11:06Z
1277880,Cerddinen wen fach,und,"","",https://www.inaturalist.org/taxon_names/2635610/edit,Welsh,,2021-09-03T01:33:11Z
114122,Tiwna asgell-hir,und,"","",,Welsh,Zane Roskoph,2021-09-18T19:03:59Z
152974,Llyfrothen,und,"","",,Welsh,Zane Roskoph,2021-09-19T12:41:04Z
60603,Iâr fôr,und,"","",,Welsh,Zane Roskoph,2021-09-19T15:09:17Z
49601,Pysgodyn haul,und,"","",,Welsh,Zane Roskoph,2021-09-19T15:45:19Z
97990,Pennog,und,"","",,Welsh,Zane Roskoph,2021-09-19T18:17:17Z
82128,Heulgi,und,"","",,Welsh,Zane Roskoph,2021-09-19T22:55:25Z
213519,Morflaidd,und,"","",,Welsh,Zane Roskoph,2021-10-02T13:50:27Z
47639,Ilyffant môr,und,"","",,Welsh,Zane Roskoph,2021-10-02T14:19:58Z
122916,Opa,und,"","",,Welsh,Zane Roskoph,2021-10-03T23:29:22Z
320790,sgorpion môr Norwy,und,"","",,Welsh,Johan Devos,2021-11-24T08:46:21Z
130386,sgorpion môr,und,"","",,Welsh,Johan Devos,2021-11-24T08:49:13Z
1286843,Dryw'r hesg,und,"","",,Welsh,max kirsch,2022-04-12T19:19:39Z
47125,Planhigyn blodeuol,und,"","",,Welsh,John E. Christensen,2022-09-05T12:40:17Z
1,Anifail,und,"","",,Welsh,John E. Christensen,2022-10-03T11:42:47Z
1,Anifeiliaid,und,"","",,Welsh,Yann Kemper,2022-11-18T04:54:58Z
1431809,Llygoden bengron Sgomer,und,"","",https://www.inaturalist.org/taxon_names/2635606/edit,Welsh,,2022-12-06T18:16:51Z
325871,gwibiwr yr hocys,und,"","",,Welsh,Kitty Maurey,2022-12-10T02:17:25Z
411141,Helyglys Seland Newydd,und,"","",,Welsh,pigeonlister,2022-12-31T02:20:57Z
447878,Corfiaren,und,"","",,Welsh,Johan Devos,2023-01-14T10:25:28Z
64546,Llwyn Mwyar Mair,und,"","",,Welsh,Johan Devos,2023-01-14T10:41:39Z
64546,Mwyaren Fair,und,"","",,Welsh,Johan Devos,2023-01-14T10:42:07Z
47543,Miaren Oren,und,"","",,Welsh,Johan Devos,2023-01-22T17:02:01Z
47543,Mieri Oren,und,"","",,Welsh,Johan Devos,2023-01-22T17:02:23Z
47543,Mwyaren Oren,und,"","",,Welsh,Johan Devos,2023-01-22T17:02:43Z
84227,Llwyn Mwyar Gwin,und,"","",,Welsh,Johan Devos,2023-01-28T12:02:12Z
450242,Miaren Goeswen,und,"","",,Welsh,Johan Devos,2023-01-28T12:05:51Z
450242,Mieri Coeswyn,und,"","",,Welsh,Johan Devos,2023-01-28T12:06:13Z
417619,Llwyn Mwyar Logan,und,"","",,Welsh,Johan Devos,2023-01-31T22:46:28Z
417619,Llwyni Mwyar Logan,und,"","",,Welsh,Johan Devos,2023-01-31T22:46:55Z
20526,Estrys,und,"","",,Welsh,Johan Devos,2023-02-28T22:18:57Z
143532,Hesgen Eurwerdd Lefn,und,"","",,Welsh,Johan Devos,2023-03-15T20:07:06Z
1269296,golfan eira Meinertzhagen,und,"","",https://www.inaturalist.org/taxon_names/2631300/edit,Welsh,Donald Davesne,2023-10-31T00:00:43Z
47726,Masarnen Dail Ynn,und,"","",,Welsh,jamie-aa,2023-12-03T23:25:34Z
118622,pysgodyn darn arian,und,"","",,Welsh,Johan Devos,2024-02-28T20:23:16Z
118637,lleden benglwm Eckstrom,und,"","",,Welsh,Johan Devos,2024-02-28T20:33:02Z
120667,lleden Thor,und,"","",,Welsh,Johan Devos,2024-02-28T20:45:33Z
115167,pysgodyn cleddyf,und,"","",,Welsh,Johan Devos,2024-02-28T20:57:52Z
342287,gobi lliwgar,und,"","",,Welsh,Johan Devos,2024-02-28T21:01:53Z
118698,gobi mannog,und,"","",,Welsh,Johan Devos,2024-02-28T21:07:28Z
118706,bill bigog,und,"","",,Welsh,Johan Devos,2024-02-28T21:11:09Z
116999,Gwalch y Pysgod,und,"","",,Welsh,Sean Frederick Tuck,2024-05-23T10:13:20Z
53983,Menyg Ellyllon,und,"","",,Welsh,Sean Frederick Tuck,2024-05-23T10:15:25Z
855297,Mochyn Daear,und,"","",,Welsh,Sean Frederick Tuck,2024-05-23T10:18:00Z
2599,Glas y Dorlan,und,"","",,Welsh,Sean Frederick Tuck,2024-05-23T10:19:22Z
4270,Mulfran,und,"","",,Welsh,Sean Frederick Tuck,2024-05-23T10:23:15Z
4270,Bilidowcar,und,"","",,Welsh,Sean Frederick Tuck,2024-05-23T10:24:41Z
118649,Diawl Dan Draed,und,"","",,Welsh,Sean Frederick Tuck,2024-05-23T10:30:47Z
46970,Twrch Daear,und,"","",,Welsh,Sean Frederick Tuck,2024-05-23T10:40:18Z
41733,Morlo Llwyd,und,"","",,Welsh,Sean Frederick Tuck,2024-05-23T10:42:11Z
41766,Morlo Ysgithrog,und,"","",,Welsh,Sean Frederick Tuck,2024-05-23T10:43:41Z
41708,Morlo Cyffredin,und,"","",,Welsh,Sean Frederick Tuck,2024-05-23T10:44:59Z
41720,Morlo Barfog,und,"","",,Welsh,Sean Frederick Tuck,2024-05-23T10:46:22Z
41706,Morlo Cycyllog,und,"","",,Welsh,Sean Frederick Tuck,2024-05-23T10:47:38Z
41691,Morlo Cylchog,und,"","",,Welsh,Sean Frederick Tuck,2024-05-23T10:48:42Z
93696,Llwynog Môr,und,"","",,Welsh,Sean Frederick Tuck,2024-05-23T10:50:32Z
43042,Draenog,und,"","",,Welsh,Sean Frederick Tuck,2024-05-23T10:57:48Z
99269,Draenogyn Môr,und,"","",,Welsh,Sean Frederick Tuck,2024-05-23T10:58:39Z
144525,Môr-wennol Fraith,und,"","",,Welsh,Sean Frederick Tuck,2024-05-23T11:00:22Z
4436,Môr-wennol Wridog,und,"","",,Welsh,Sean Frederick Tuck,2024-05-23T11:01:25Z
144529,Môr-wennol Fach,und,"","",,Welsh,Sean Frederick Tuck,2024-05-23T11:02:06Z
4470,Môr-wennol y De,und,"","",,Welsh,Sean Frederick Tuck,2024-05-23T11:05:14Z
144537,Môr-wennol gawraidd,und,"","",,Welsh,Sean Frederick Tuck,2024-05-23T11:06:22Z
4478,Môr-wennol fronwen,und,"","",,Welsh,Sean Frederick Tuck,2024-05-23T11:07:06Z
144536,Môr-wennol Ylfinbraff,und,"","",,Welsh,Sean Frederick Tuck,2024-05-23T11:09:31Z
144539,Môr-wennol Fawr,und,"","",,Welsh,Sean Frederick Tuck,2024-05-23T11:12:30Z
144540,Môr-wennol Bigfelen,und,"","",,Welsh,Sean Frederick Tuck,2024-05-23T11:13:27Z
144542,Môr-wennol Gain,und,"","",,Welsh,Sean Frederick Tuck,2024-05-23T11:14:43Z
144543,Môr-wennol Gribog Leiaf,und,"","",,Welsh,Sean Frederick Tuck,2024-05-23T11:15:25Z
144541,Môr-wennol bigddu,und,"","",,Welsh,Sean Frederick Tuck,2024-05-23T11:16:05Z
144534,Môr-wennol Saunders,und,"","",,Welsh,Sean Frederick Tuck,2024-05-23T11:17:12Z
144530,Môr-wennol Leiaf,und,"","",,Welsh,Sean Frederick Tuck,2024-05-23T11:18:33Z
144528,Môr-wennol Aleutia,und,"","",,Welsh,Sean Frederick Tuck,2024-05-23T11:19:51Z
144527,Môr-wennol Ffrwynog,und,"","",,Welsh,Sean Frederick Tuck,2024-05-23T11:20:54Z
4428,Môr-wennol yr Afon,und,"","",,Welsh,Sean Frederick Tuck,2024-05-23T11:21:46Z
4450,Môr-wennol gyffredin,und,"","",,Welsh,Sean Frederick Tuck,2024-05-23T11:23:52Z
4464,Môr-wennol Fochwen,und,"","",,Welsh,Sean Frederick Tuck,2024-05-23T11:24:34Z
4449,Môr-wennol y Gogledd,und,"","",,Welsh,Sean Frederick Tuck,2024-05-23T11:25:05Z
4457,Môr-wennol Forster,und,"","",,Welsh,Sean Frederick Tuck,2024-05-23T11:25:41Z
62148,Corswennol farfog,und,"","",,Welsh,Sean Frederick Tuck,2024-05-23T11:27:08Z
4514,Corswennol adeinwen,und,"","",,Welsh,Sean Frederick Tuck,2024-05-23T11:28:09Z
4512,Corswennol ddu,und,"","",,Welsh,Sean Frederick Tuck,2024-05-23T11:28:55Z
4535,Hurtyn Cyffredin,und,"","",,Welsh,Sean Frederick Tuck,2024-05-23T11:30:58Z
4538,Hurtyn bach,und,"","",,Welsh,Sean Frederick Tuck,2024-05-23T11:31:51Z
4537,Hurtyn du,und,"","",,Welsh,Sean Frederick Tuck,2024-05-23T11:32:20Z
7024,Hwyaden Fwythblu,und,"","",,Welsh,Sean Frederick Tuck,2024-05-23T11:33:31Z
7164,Hwyaden fwythblu Steller,und,"","",,Welsh,Sean Frederick Tuck,2024-05-23T11:34:25Z
7030,Hwyaden fwythblu'r Gogledd,und,"","",,Welsh,Sean Frederick Tuck,2024-05-23T11:35:06Z
7029,Hwyaden fwythblu sbectolog,und,"","",,Welsh,Sean Frederick Tuck,2024-05-23T11:35:59Z
551307,Morgwn,und,"","",,Welsh,Sean Frederick Tuck,2024-05-23T11:37:14Z
52299,Morgi rhesog,und,"","",,Welsh,Sean Frederick Tuck,2024-05-23T11:38:18Z
110361,Morgi Glas,und,"","",,Welsh,Sean Frederick Tuck,2024-05-23T11:39:53Z
101184,Morgi Cegddu,und,"","",,Welsh,Sean Frederick Tuck,2024-05-23T11:41:01Z
56050,Morgi Serennog,und,"","",,Welsh,Sean Frederick Tuck,2024-05-23T11:41:41Z
112381,Morgi Brych,und,"","",,Welsh,Sean Frederick Tuck,2024-05-23T11:43:06Z
106253,Morgi Llyfn,und,"","",,Welsh,Sean Frederick Tuck,2024-05-23T11:52:32Z
100597,Morgi Seithliw,und,"","",,Welsh,Sean Frederick Tuck,2024-05-23T11:53:16Z
56765,Morgi Pen Morthwyl,und,"","",,Welsh,Sean Frederick Tuck,2024-05-23T11:53:54Z
63508,Corgi Môr,und,"","",,Welsh,Sean Frederick Tuck,2024-05-23T11:54:43Z
118610,Cythraul y Môr,und,"","",,Welsh,Sean Frederick Tuck,2024-05-23T11:57:36Z
39677,Crwban môr lledrgefn,und,"","",,Welsh,Sean Frederick Tuck,2024-05-23T12:00:53Z
55387,Penhwyad,und,"","",,Welsh,Sean Frederick Tuck,2024-05-23T12:02:41Z
4647,Hebog tramor,und,"","",,Welsh,Sean Frederick Tuck,2024-05-23T12:04:53Z
4504,Pâl,und,"","",,Welsh,Sean Frederick Tuck,2024-05-23T12:06:04Z
4509,Pâl pentusw,und,"","",,Welsh,Sean Frederick Tuck,2024-05-23T12:07:12Z
4508,Pâl corniog,und,"","",,Welsh,Sean Frederick Tuck,2024-05-23T12:07:45Z
8029,Ydfran,und,"","",,Welsh,Sean Frederick Tuck,2024-05-23T12:12:34Z
8000,Jac-y-do,und,"","",,Welsh,Sean Frederick Tuck,2024-05-23T12:13:34Z
8009,Jac-y-do Dauria,und,"","",,Welsh,Sean Frederick Tuck,2024-05-23T12:14:44Z
8031,Brân y Tai,und,"","",,Welsh,Sean Frederick Tuck,2024-05-23T12:15:18Z
204496,Brân dyddyn,und,"","",,Welsh,Sean Frederick Tuck,2024-05-23T12:16:28Z
144757,Brân Lwyd,und,"","",,Welsh,Sean Frederick Tuck,2024-05-23T12:17:06Z
8026,Brân y Goedwig,und,"","",,Welsh,Sean Frederick Tuck,2024-05-23T12:17:43Z
8038,Brân Fraith,und,"","",,Welsh,Sean Frederick Tuck,2024-05-23T12:18:04Z
8046,Cigfran Gynffondaen,und,"","",,Welsh,Sean Frederick Tuck,2024-05-23T12:18:36Z
891696,Pioden,und,"","",,Welsh,Sean Frederick Tuck,2024-05-23T12:24:17Z
7998,Brain,und,"","",,Welsh,Sean Frederick Tuck,2024-05-23T12:25:25Z
6912,"Elyrch, gwyddau a hwyaid",und,"","",,Welsh,Sean Frederick Tuck,2024-05-23T12:33:12Z
42184,Iwrch,und,"","",,Welsh,Sean Frederick Tuck,2024-05-23T12:35:46Z
204113,Carw coch,und,"","",,Welsh,Sean Frederick Tuck,2024-05-23T12:37:19Z
43128,Ysgyfarnog,und,"","",,Welsh,Sean Frederick Tuck,2024-05-23T12:38:53Z
42161,Danas,und,"","",,Welsh,Sean Frederick Tuck,2024-05-23T12:40:58Z
42187,Carw mwntjac,und,"","",,Welsh,Sean Frederick Tuck,2024-05-23T12:41:40Z
46001,Gwiwer goch,und,"","",,Welsh,Sean Frederick Tuck,2024-05-23T12:43:09Z
41850,Dwrgi,und,"","",,Welsh,Sean Frederick Tuck,2024-05-23T12:50:03Z
44282,Llygoden bengron y gwair,und,"","",,Welsh,Sean Frederick Tuck,2024-05-23T12:51:39Z
40364,Ystlum lleiaf,und,"","",,Welsh,Sean Frederick Tuck,2024-05-23T12:53:53Z
41482,Dolffin Trwynbwl,und,"","",,Welsh,Sean Frederick Tuck,2024-05-23T12:56:23Z
41808,Carlwm,und,"","",,Welsh,Sean Frederick Tuck,2024-05-23T12:58:39Z
209233,Ceffyl,und,"","",,Welsh,Sean Frederick Tuck,2024-05-23T12:59:42Z
41440,Llamhidydd yr harbwr,und,"","",,Welsh,Sean Frederick Tuck,2024-05-23T13:00:54Z
67819,Llygoden bengron y dŵr,und,"","",,Welsh,Sean Frederick Tuck,2024-05-23T13:01:44Z
1264432,Minc Americanaidd,und,"","",,Welsh,Sean Frederick Tuck,2024-05-23T13:03:16Z
123070,Gafr,und,"","",,Welsh,Sean Frederick Tuck,2024-05-23T13:04:17Z
41526,Dolffin Cyffredin,und,"","",,Welsh,Sean Frederick Tuck,2024-05-23T13:05:03Z
46471,Llyg lleiaf,und,"","",,Welsh,Sean Frederick Tuck,2024-05-23T13:05:48Z
42210,Carw Sica,und,"","",,Welsh,Sean Frederick Tuck,2024-05-23T13:06:28Z
43793,Afanc Ewropeaidd,und,"","",,Welsh,Sean Frederick Tuck,2024-05-23T13:07:30Z
41796,Bele goed,und,"","",,Welsh,Sean Frederick Tuck,2024-05-23T13:09:55Z
46017,Gwiwer lwyd,und,"","",,Welsh,Sean Frederick Tuck,2024-05-23T13:11:02Z
43151,Cwningen Ewropeaidd,und,"","",,Welsh,Sean Frederick Tuck,2024-05-23T13:12:24Z
42069,Llwynog,und,"","",,Welsh,Sean Frederick Tuck,2024-05-23T14:58:22Z
42069,Cadno,und,"","",,Welsh,Sean Frederick Tuck,2024-05-23T14:58:49Z
1431273,Llygoden bengron goch,und,"","",,Welsh,Sean Frederick Tuck,2024-05-23T15:00:54Z
45562,Llygoden y coed,und,"","",,Welsh,Sean Frederick Tuck,2024-05-23T15:02:23Z
44576,Llygoden ffyrnig,und,"","",,Welsh,Sean Frederick Tuck,2024-05-23T15:03:19Z
121578,Dafad,und,"","",,Welsh,Sean Frederick Tuck,2024-05-23T15:04:40Z
74113,Buwch,und,"","",,Welsh,Sean Frederick Tuck,2024-05-23T15:05:40Z
118552,Cath,und,"","",,Welsh,Sean Frederick Tuck,2024-05-23T15:06:28Z
210400,Ystlum Natterer,und,"","",,Welsh,Sean Frederick Tuck,2024-05-23T15:07:27Z
40416,Ystlum hirglust,und,"","",,Welsh,Sean Frederick Tuck,2024-05-23T15:07:57Z
46414,Llyg cyffredin,und,"","",,Welsh,Sean Frederick Tuck,2024-05-23T15:08:28Z
44705,Llygoden y tŷ,und,"","",,Welsh,Sean Frederick Tuck,2024-05-23T15:09:11Z
74908,Ystlum lleiaf,und,"","",,Welsh,Sean Frederick Tuck,2024-05-23T15:10:42Z
41812,Ffwlbart,und,"","",,Welsh,Sean Frederick Tuck,2024-05-23T15:11:21Z
46859,Llyg y dŵr,und,"","",,Welsh,Sean Frederick Tuck,2024-05-23T15:12:53Z
55908,ysgyfarnog mynydd,und,"","",,Welsh,Sean Frederick Tuck,2024-05-23T15:14:35Z
40572,Ystlum mawr,und,"","",,Welsh,Sean Frederick Tuck,2024-05-23T15:15:17Z
45316,Llygoden yr ŷd,und,"","",,Welsh,Sean Frederick Tuck,2024-05-23T15:15:56Z
45856,Pathew,und,"","",,Welsh,Sean Frederick Tuck,2024-05-23T15:16:30Z
40695,Ystlum pedol lleiaf,und,"","",,Welsh,Sean Frederick Tuck,2024-05-23T15:17:46Z
41550,Morfil Pigfain,und,"","",,Welsh,Sean Frederick Tuck,2024-05-23T15:19:55Z
45550,Llygoden fronfelen,und,"","",,Welsh,Sean Frederick Tuck,2024-05-23T15:20:26Z
41566,Morfil Cefngrwm,und,"","",,Welsh,Sean Frederick Tuck,2024-05-23T15:20:55Z
42199,Carw Llychlyn,und,"","",,Welsh,Sean Frederick Tuck,2024-05-23T15:21:55Z
41541,Dolffin Risso,und,"","",,Welsh,Sean Frederick Tuck,2024-05-23T15:22:22Z
41521,Lleiddiad,und,"","",,Welsh,Sean Frederick Tuck,2024-05-23T15:23:32Z
424254,Ystlum y dŵr,und,"","",,Welsh,Sean Frederick Tuck,2024-05-23T15:24:04Z
207811,Ystlum adain lydan,und,"","",,Welsh,Sean Frederick Tuck,2024-05-23T15:25:10Z
40645,Ystlum pedol mwyaf,und,"","",,Welsh,Sean Frederick Tuck,2024-05-23T15:26:08Z
399272,Ffured,und,"","",,Welsh,Sean Frederick Tuck,2024-05-23T15:26:56Z
40581,Ystlum du,und,"","",,Welsh,Sean Frederick Tuck,2024-05-23T15:27:21Z
41421,Morfil Trwyn Potel,und,"","",,Welsh,Sean Frederick Tuck,2024-05-23T15:29:02Z
74383,Pathew tew,und,"","",,Welsh,Sean Frederick Tuck,2024-05-23T15:30:44Z
40314,Ystlum barfog,und,"","",,Welsh,Sean Frederick Tuck,2024-05-23T15:31:31Z
41529,Morfil Pengrwn,und,"","",,Welsh,Sean Frederick Tuck,2024-05-23T15:32:08Z
41562,Morfil asgellog llwyd,und,"","",,Welsh,Sean Frederick Tuck,2024-05-23T15:32:33Z
74890,Morfil Sberm,und,"","",,Welsh,Sean Frederick Tuck,2024-05-23T15:33:19Z
148030,Asyn,und,"","",,Welsh,Sean Frederick Tuck,2024-05-23T15:34:27Z
41413,Morfil Gylfinog Sowerby,und,"","",,Welsh,Sean Frederick Tuck,2024-05-23T15:36:05Z
41505,Dolffin Pigwyn,und,"","",,Welsh,Sean Frederick Tuck,2024-05-23T15:36:35Z
41559,Morfil Asgellog Sei,und,"","",,Welsh,Sean Frederick Tuck,2024-05-23T15:37:16Z
47144,Ci,und,"","",,Welsh,Sean Frederick Tuck,2024-05-23T15:37:59Z
74697,Ystlum Bechstein,und,"","",,Welsh,Sean Frederick Tuck,2024-05-23T15:38:47Z
40415,Ystlum hirglust llwyd,und,"","",,Welsh,Sean Frederick Tuck,2024-05-23T15:39:23Z
40573,Ystlum Leisler,und,"","",,Welsh,Sean Frederick Tuck,2024-05-23T15:40:48Z
44575,Llygoden ddu,und,"","",,Welsh,Sean Frederick Tuck,2024-05-23T15:43:16Z
74699,Ystlum Brandt,und,"","",,Welsh,Sean Frederick Tuck,2024-05-23T15:43:54Z
19410,troellwr mawr,und,"","",,Welsh,Sean Frederick Tuck,2024-05-24T18:36:27Z
207956,Brith y Gors,und,"","",,Welsh,Sean Frederick Tuck,2024-06-02T10:04:46Z
3978,Pibydd y Dorlan,und,"","",,Welsh,Sean Frederick Tuck,2024-06-10T07:32:49Z
12992,Tingoch,und,"","",,Welsh,Sean Frederick Tuck,2024-06-10T07:34:27Z
3931,Cyffylog,und,"","",,Welsh,Sean Frederick Tuck,2024-06-10T07:35:44Z
12749,Coch Dan Adain,und,"","",,Welsh,Sean Frederick Tuck,2024-06-10T07:36:58Z
10069,Pinc y Mynydd,und,"","",,Welsh,Sean Frederick Tuck,2024-06-10T07:38:52Z
5108,Gwalch marth,und,"","",,Welsh,Sean Frederick Tuck,2024-06-10T07:41:39Z
5106,Gwalch Glas,und,"","",,Welsh,Sean Frederick Tuck,2024-06-10T08:33:38Z
204456,Telor mawr y cyrs,und,"","",,Welsh,Sean Frederick Tuck,2024-06-10T08:36:22Z
117181,Telor y dŵr,und,"","",,Welsh,Sean Frederick Tuck,2024-06-10T08:37:38Z
116802,Telor y Gwerni,und,"","",,Welsh,Sean Frederick Tuck,2024-06-10T08:38:54Z
116804,Telor yr hesg,und,"","",,Welsh,Sean Frederick Tuck,2024-06-10T08:40:29Z
204455,Telor y cyrs,und,"","",,Welsh,Sean Frederick Tuck,2024-06-10T08:41:35Z
72458,Pibydd brych,und,"","",,Welsh,Sean Frederick Tuck,2024-06-10T08:42:55Z
7278,Titw cynffonhir,und,"","",,Welsh,Sean Frederick Tuck,2024-06-10T08:44:09Z
7106,Hwyaden gribog,und,"","",,Welsh,Sean Frederick Tuck,2024-06-10T08:45:35Z
7107,Hwyaden y coed,und,"","",,Welsh,Sean Frederick Tuck,2024-06-10T08:46:10Z
7347,Ehedydd,und,"","",,Welsh,Sean Frederick Tuck,2024-06-10T08:49:12Z
4501,gwalch y penwaig,und,"","",,Welsh,Sean Frederick Tuck,2024-06-10T08:52:20Z
4501,Llurs,und,"","",,Welsh,Sean Frederick Tuck,2024-06-10T08:52:38Z
867,Petrisen goesgoch,und,"","",,Welsh,Sean Frederick Tuck,2024-06-10T08:53:27Z
4524,Carfil bach,und,"","",,Welsh,Sean Frederick Tuck,2024-06-10T08:54:24Z
72486,Gŵydd yr Aifft,und,"","",,Welsh,Sean Frederick Tuck,2024-06-10T08:55:55Z
6933,Hwyaden lostfain,und,"","",,Welsh,Sean Frederick Tuck,2024-06-10T08:56:47Z
485176,Chwiwell America,und,"","",,Welsh,Sean Frederick Tuck,2024-06-10T08:58:52Z
6937,Corhwyaden,und,"","",,Welsh,Sean Frederick Tuck,2024-06-10T08:59:51Z
558438,Hwyaden lydanbig,und,"","",,Welsh,Sean Frederick Tuck,2024-06-10T09:01:09Z
558433,Hwyaden asgell-las,und,"","",,Welsh,Sean Frederick Tuck,2024-06-10T09:01:50Z
558441,chwiwell,und,"","",,Welsh,Sean Frederick Tuck,2024-06-10T09:02:57Z
6930,Hwyaden wyllt,und,"","",,Welsh,Sean Frederick Tuck,2024-06-10T09:04:39Z
558429,Hwyaden addfain,und,"","",,Welsh,Sean Frederick Tuck,2024-06-10T09:07:05Z
6924,Hwyaden ddu,und,"","",,Welsh,Sean Frederick Tuck,2024-06-10T09:07:33Z
558439,Hwyaden lwyd,und,"","",,Welsh,Sean Frederick Tuck,2024-06-10T09:08:08Z
7019,Gŵydd dalcenwen,und,"","",,Welsh,Sean Frederick Tuck,2024-06-10T09:09:22Z
7018,Gŵydd wyllt,und,"","",,Welsh,Sean Frederick Tuck,2024-06-10T09:10:15Z
7007,Gŵydd droedbinc,und,"","",,Welsh,Sean Frederick Tuck,2024-06-10T09:10:55Z
558426,Gŵydd yr eira,und,"","",,Welsh,Sean Frederick Tuck,2024-06-10T09:11:24Z
7013,Gŵydd dalcenwen fechan,und,"","",,Welsh,Sean Frederick Tuck,2024-06-10T09:13:20Z
7009,Gŵydd y llafur,und,"","",,Welsh,Sean Frederick Tuck,2024-06-10T09:16:30Z
13712,Corhedydd melyn,und,"","",,Welsh,Sean Frederick Tuck,2024-06-10T09:18:08Z
13721,Corhedydd gyddfgoch,und,"","",,Welsh,Sean Frederick Tuck,2024-06-10T09:18:53Z
13727,Corhedydd Pechora,und,"","",,Welsh,Sean Frederick Tuck,2024-06-10T09:19:48Z
13724,Corhedydd cefnwyrdd,und,"","",,Welsh,Sean Frederick Tuck,2024-06-10T09:20:44Z
13734,Corhedydd y graig,und,"","",,Welsh,Sean Frederick Tuck,2024-06-10T09:21:09Z
13729,Corhedydd y waun,und,"","",,Welsh,Sean Frederick Tuck,2024-06-10T09:21:39Z
13726,Corhedydd Richard,und,"","",,Welsh,Sean Frederick Tuck,2024-06-10T09:22:20Z
13713,Corhedydd y dŵr,und,"","",,Welsh,Sean Frederick Tuck,2024-06-10T09:22:41Z
13711,Corhedydd y coed,und,"","",,Welsh,Sean Frederick Tuck,2024-06-10T09:23:09Z
6612,Gwennol ddu fach,und,"","",,Welsh,Sean Frederick Tuck,2024-06-10T09:23:42Z
6638,Gwennol ddu,und,"","",,Welsh,Sean Frederick Tuck,2024-06-10T09:24:17Z
6643,Coblyn Gwelw,und,"","",,Welsh,Sean Frederick Tuck,2024-06-10T09:26:22Z
6643,Gwennol Welw-ddu,und,"","",,Welsh,Sean Frederick Tuck,2024-06-10T09:26:43Z
5074,Eryr euraid,und,"","",,Welsh,Sean Frederick Tuck,2024-06-10T09:27:23Z
144455,Crëyr mawr gwyn,und,"","",,Welsh,Sean Frederick Tuck,2024-06-10T09:29:22Z
4954,Crëyr glas,und,"","",,Welsh,Sean Frederick Tuck,2024-06-10T09:30:38Z
4951,Crëyr porffor,und,"","",,Welsh,Sean Frederick Tuck,2024-06-10T09:31:15Z
4994,Crëyr melyn,und,"","",,Welsh,Sean Frederick Tuck,2024-06-10T09:31:47Z
3938,Cwtiad y traeth,und,"","",,Welsh,Sean Frederick Tuck,2024-06-10T09:32:32Z
20315,Tylluan glustiog,und,"","",,Welsh,Sean Frederick Tuck,2024-06-10T09:33:06Z
20307,Tylluan gorniog,und,"","",,Welsh,Sean Frederick Tuck,2024-06-10T09:33:51Z
19998,Tylluan fach,und,"","",,Welsh,Sean Frederick Tuck,2024-06-10T09:35:52Z
7056,Hwyaden bengoch America,und,"","",,Welsh,Sean Frederick Tuck,2024-06-10T09:36:33Z
7044,Hwyaden dorchog,und,"","",,Welsh,Sean Frederick Tuck,2024-06-10T09:37:15Z
7045,Hwyaden bengoch,und,"","",,Welsh,Sean Frederick Tuck,2024-06-10T09:37:55Z
7046,Hwyaden gopog,und,"","",,Welsh,Sean Frederick Tuck,2024-06-10T09:38:21Z
7047,Hwyaden benddu,und,"","",,Welsh,Sean Frederick Tuck,2024-06-10T09:38:55Z
7055,Hwyaden lygadwen,und,"","",,Welsh,Sean Frederick Tuck,2024-06-10T09:39:32Z
3962,Pibydd Cynffonhir,und,"","",,Welsh,Sean Frederick Tuck,2024-06-10T09:59:38Z
7429,Cynffon sidan,und,"","",,Welsh,Sean Frederick Tuck,2024-06-10T10:00:23Z
5034,Aderyn bwn America,und,"","",,Welsh,Sean Frederick Tuck,2024-06-10T10:01:05Z
5033,Aderyn y bwn,und,"","",,Welsh,Sean Frederick Tuck,2024-06-10T10:02:20Z
5033,Bwmp y gors,und,"","",,Welsh,Sean Frederick Tuck,2024-06-10T10:02:40Z
7087,Gŵydd ddu,und,"","",,Welsh,Sean Frederick Tuck,2024-06-10T10:03:11Z
7089,Gŵydd Canada,und,"","",,Welsh,Sean Frederick Tuck,2024-06-10T10:03:37Z
7101,Gŵydd wyran,und,"","",,Welsh,Sean Frederick Tuck,2024-06-10T10:04:03Z
7102,Gŵydd frongoch,und,"","",,Welsh,Sean Frederick Tuck,2024-06-10T10:04:27Z
144594,Tylluan yr eira,und,"","",,Welsh,Sean Frederick Tuck,2024-06-10T10:06:05Z
6990,Hwyaden lygad aur,und,"","",,Welsh,Sean Frederick Tuck,2024-06-10T10:06:52Z
4134,Pedryn Bulwer,und,"","",,Welsh,Sean Frederick Tuck,2024-06-10T10:07:52Z
4923,Rhedwr y moelydd,und,"","",,Welsh,Sean Frederick Tuck,2024-06-10T10:08:27Z
204472,Bwncath,und,"","",,Welsh,Sean Frederick Tuck,2024-06-10T10:09:10Z
5200,Boda bacsiog,und,"","",,Welsh,Sean Frederick Tuck,2024-06-10T10:09:39Z
