id,vernacularName,language,locality,countryCode,source,lexicon,contributor,created
6921,Cigno,eo,"","",,Esperanto,John E. Christensen,2017-11-28T13:05:15Z
47208,Koleopteroj,eo,"","",,Esperanto,John E. Christensen,2017-11-30T21:52:01Z
48220,Brunalgoj,eo,"","",,Esperanto,John E. Christensen,2017-12-14T10:28:08Z
11858,Klifhirundo,eo,"","",,Esperanto,John E. Christensen,2017-12-17T14:40:39Z
1409,Kalifornia koturno,eo,"","",,Esperanto,John E. Christensen,2017-12-19T07:20:00Z
11901,Kamphirundo,eo,"","",,Esperanto,John E. Christensen,2017-12-22T13:39:47Z
26718,Salamandroj,eo,"","",,Esperanto,John E. Christensen,2018-01-07T09:23:45Z
40268,Kiropteroj,eo,"","",,Esperanto,John E. Christensen,2018-01-24T16:23:43Z
85552,Lacertuloj,eo,"","",,Esperanto,John E. Christensen,2018-01-27T07:32:38Z
481959,Marstelo,eo,"","",,Esperanto,John E. Christensen,2018-01-29T09:53:46Z
47219,Mielabelo,eo,"","",,Esperanto,John E. Christensen,2018-02-06T10:29:08Z
56764,Martelŝarko,eo,"","",,Esperanto,John E. Christensen,2018-02-07T09:01:21Z
42134,Apro,eo,"","",,Esperanto,John E. Christensen,2018-02-13T08:01:04Z
47668,Marstelo,eo,"","",,Esperanto,John E. Christensen,2018-03-16T14:30:05Z
48867,Arekacoj,eo,"","",,Esperanto,John E. Christensen,2018-03-18T14:45:37Z
56006,Kalao,eo,"","",,Esperanto,John E. Christensen,2018-05-02T08:11:53Z
41663,Lav-urso,eo,"","",,Esperanto,John E. Christensen,2018-05-22T19:50:40Z
53030,Kardilo,eo,"","",,Esperanto,John E. Christensen,2018-10-24T09:17:12Z
64714,Nigra vakcinio,eo,"","",,Esperanto,John E. Christensen,2018-11-19T09:50:44Z
41893,Mungotedoj,eo,"","",,Esperanto,John E. Christensen,2018-11-27T09:21:02Z
57140,Olivarbo,eo,"","",,Esperanto,John E. Christensen,2018-12-02T22:35:41Z
42147,Amfibia hipopotamo,eo,"","",,Esperanto,John E. Christensen,2018-12-04T17:24:54Z
36982,Skinkedoj,eo,"","",,Esperanto,John E. Christensen,2018-12-06T10:00:16Z
6930,Platbeka anaso,eo,"","",,Esperanto,John E. Christensen,2018-12-14T15:03:37Z
121943,Filiko,eo,"","",,Esperanto,John E. Christensen,2018-12-17T16:21:13Z
56299,Sentiga arĝentokardo,eo,"","",,Esperanto,John E. Christensen,2018-12-30T15:42:11Z
114891,Varano,eo,"","",,Esperanto,John E. Christensen,2019-01-03T07:18:17Z
8034,Brunkola korvo,eo,"","",,Esperanto,John E. Christensen,2019-01-06T08:53:58Z
45933,Sciuredoj,eo,"","",,Esperanto,John E. Christensen,2019-01-14T09:18:22Z
48836,Ofiuredoj,eo,"","",,Esperanto,John E. Christensen,2019-01-27T08:25:57Z
42241,Bovedoj,eo,"","",,Esperanto,John E. Christensen,2019-01-30T16:22:31Z
12727,Migra turdo,eo,"","",,Esperanto,John E. Christensen,2019-02-02T16:38:34Z
40151,Mamuloj,eo,"","",,Esperanto,John E. Christensen,2019-02-07T18:21:38Z
26039,Krokodiluloj,eo,"","",,Esperanto,John E. Christensen,2019-02-08T15:24:54Z
47119,Araneoidoj,eo,"","",,Esperanto,John E. Christensen,2019-02-13T19:59:55Z
48486,Kokcinelo,eo,"","",,Esperanto,John E. Christensen,2019-02-25T19:00:38Z
47516,Ĉielarka truto,eo,"","",,Esperanto,John E. Christensen,2019-03-13T09:40:33Z
47217,Orkidacoj,eo,"","",,Esperanto,John E. Christensen,2019-03-15T10:44:41Z
197808,Tamiaso,eo,"","",,Esperanto,John E. Christensen,2019-03-25T08:14:46Z
133387,Erikacoj,eo,"","",,Esperanto,John E. Christensen,2019-04-07T11:58:50Z
44576,Bruna rato,eo,"","",,Esperanto,John E. Christensen,2019-04-17T09:28:40Z
85553,Serpentoj,eo,"","",,Esperanto,John E. Christensen,2019-04-28T07:13:10Z
43367,Primatoj,eo,"","",,Esperanto,John E. Christensen,2019-05-11T11:13:42Z
47584,Duvalvulo,eo,"","",,Esperanto,John E. Christensen,2019-05-21T07:18:29Z
40019,Teraj testudoj,eo,"","",,Esperanto,John E. Christensen,2019-05-28T13:28:03Z
61267,Heteropteroj,eo,"","",,Esperanto,John E. Christensen,2019-06-13T08:56:43Z
74442,Kapibaro,eo,"","",,Esperanto,Bobby McCabe,2019-07-17T21:00:55Z
74442,Akvoporko,eo,"","",,Esperanto,Bobby McCabe,2019-07-17T21:01:06Z
914922,Japana falopio,eo,"","",,Esperanto,John E. Christensen,2019-07-30T18:49:03Z
8010,Korako,eo,"","",,Esperanto,John E. Christensen,2019-08-02T13:53:13Z
81925,Akvobubalo,eo,"","",,Esperanto,John E. Christensen,2019-08-15T13:48:24Z
52818,Milfolia akileo,eo,"","",,Esperanto,John E. Christensen,2019-09-01T13:20:11Z
50638,Plantagacoj,eo,"","",,Esperanto,John E. Christensen,2019-09-02T11:57:53Z
5179,Buteo (genro),eo,"","",,Esperanto,John E. Christensen,2019-09-05T13:55:51Z
43584,Homa,eo,"","",,Esperanto,Andrés Ramírez-Barrera,2019-09-15T21:20:50Z
57503,Melampiro,eo,"","",https://eol.org/pages/70729,Esperanto,,2019-10-11T18:27:04Z
60076,Herbeja melampiro,eo,"","",https://eol.org/pages/5672972,Esperanto,,2019-10-11T18:27:04Z
245680,Kampa melampiro,eo,"","",https://eol.org/pages/5672884,Esperanto,,2019-10-11T18:27:04Z
131612,Arbara melampiro,eo,"","",https://eol.org/pages/52375220,Esperanto,,2019-10-11T18:27:05Z
55854,Strammon,eo,"","",,Esperanto,Andrés Ramírez-Barrera,2019-11-17T17:08:00Z
41964,Leono,eo,"","",,Esperanto,Andrés Ramírez-Barrera,2019-11-22T00:37:27Z
41967,Tigro,eo,"","",,Esperanto,Andrés Ramírez-Barrera,2019-11-22T00:39:06Z
53438,Rozoj,eo,"","",,Esperanto,Andrés Ramírez-Barrera,2019-11-22T00:41:06Z
50299,Fragoj,eo,"","",,Esperanto,Andrés Ramírez-Barrera,2019-11-22T00:42:24Z
68763,Ĉerizo,eo,"","",,Esperanto,Andrés Ramírez-Barrera,2019-11-22T00:43:12Z
60773,Vinberoj,eo,"","",,Esperanto,Andrés Ramírez-Barrera,2019-11-22T00:44:57Z
60773,Vito,eo,"","",,Esperanto,Andrés Ramírez-Barrera,2019-11-22T00:45:27Z
78465,Petroselo,eo,"","",,Esperanto,Andrés Ramírez-Barrera,2019-11-22T00:46:15Z
67759,Koriandro,eo,"","",,Esperanto,Andrés Ramírez-Barrera,2019-11-22T00:46:34Z
42157,Ĝirafo,eo,"","",,Esperanto,Bobby McCabe,2019-11-24T18:01:58Z
977751,Holthuis' Urchin Shrimp,eo,"","",,Esperanto,sea-kangaroo,2019-12-13T20:04:48Z
68313,Hinda bombako,eo,"","",https://eol.org/pages/584792,Esperanto,,2019-12-20T20:02:47Z
14146,Hinda dendronanto,eo,"","",https://eol.org/pages/45517654,Esperanto,,2019-12-20T20:02:47Z
72486,Egipta ansero,eo,"","",,Esperanto,,2020-01-05T02:40:24Z
13858,Dompasero,eo,"","",,Esperanto,Jakob Fahr,2020-01-05T02:41:25Z
14850,Eŭropa sturno,eo,"","",,Esperanto,,2020-01-05T02:44:45Z
9607,Grandavosta kviskalo,eo,"","",,Esperanto,,2020-01-05T02:50:19Z
7018,Griza ansero,eo,"","",,Esperanto,,2020-01-05T03:01:39Z
7120,Moskanaso,eo,"","",,Esperanto,,2020-01-05T03:03:51Z
7106,Mardarenanaso,eo,"","",,Esperanto,harum.koh,2020-01-05T03:05:51Z
7107,Arbanaso,eo,"","",,Esperanto,Alec Cowles,2020-01-05T03:07:53Z
6893,Nigraventra arbanaso,eo,"","",,Esperanto,,2020-01-05T03:15:38Z
3,Birdoj,eo,"","",,Esperanto,,2020-01-05T03:17:39Z
4981,Noktardeo,eo,"","",,Esperanto,Sean Cozart,2020-01-05T03:34:30Z
19349,Monaĥa psitako,eo,"","",,Esperanto,,2020-01-05T03:36:59Z
131236,virusoj,eo,"","",,Esperanto,James K. Douch,2020-01-25T14:41:27Z
48460,Vivo,eo,"","",,Esperanto,cassi saari,2020-01-30T18:19:08Z
47126,Plantoj,eo,"","",,Esperanto,Andrés Ramírez-Barrera,2020-02-03T20:26:27Z
47605,Asteraloj,eo,"","",,Esperanto,John E. Christensen,2020-02-10T07:34:43Z
75997,Marijuuano,eo,"","",,Esperanto,Andrés Ramírez-Barrera,2020-02-16T00:19:43Z
12738,Ruĝventra turdo,eo,"","",,Esperanto,,2020-02-17T01:35:06Z
2708,Kolomboformaj,eo,"","",,Esperanto,,2020-02-17T01:36:07Z
3017,Rokkolombo,eo,"","",,Esperanto,Kitty Maurey,2020-02-17T01:37:07Z
8021,Larĝbeka korvo,eo,"","",,Esperanto,,2020-02-17T01:39:58Z
4956,Blucindra ardeo,eo,"","",,Esperanto,,2020-02-17T01:41:07Z
199840,Ruĝkapa karpodako,eo,"","",,Esperanto,,2020-02-17T01:43:24Z
473,Amerika fuliko,eo,"","",,Esperanto,carnifex,2020-02-17T01:44:10Z
12727,Nordamerika Robino,eo,"","",,Esperanto,,2020-02-17T01:45:46Z
2090,Golfa ortalo,eo,"","",,Esperanto,,2020-02-17T01:47:27Z
16956,Sulfurpitango,eo,"","",,Esperanto,lwnrngr,2020-02-17T01:48:14Z
8474,Verda garolo,eo,"","",,Esperanto,,2020-02-17T01:49:06Z
8484,Pluŝokresta garolo,eo,"","",,Esperanto,,2020-02-17T01:49:40Z
51884,urtiko,eo,"","",,Esperanto,Andrés Ramírez-Barrera,2020-03-01T21:04:43Z
568873,mulo,eo,"","",,Esperanto,Andrés Ramírez-Barrera,2020-03-07T16:57:04Z
148030,azeno,eo,"","",,Esperanto,Andrés Ramírez-Barrera,2020-03-07T16:57:30Z
43329,"Ĉevaloj, Azenoj kaj Zebroj",eo,"","",,Esperanto,Andrés Ramírez-Barrera,2020-03-07T16:58:12Z
209233,Ĉevalo,eo,"","",,Esperanto,Andrés Ramírez-Barrera,2020-03-07T16:59:05Z
43335,Savana Zebro,eo,"","",,Esperanto,Andrés Ramírez-Barrera,2020-03-07T16:59:45Z
1,bestoj,eo,"","",,Esperanto,Andrés Ramírez-Barrera,2020-03-07T17:00:35Z
2,Ŝnuroj,eo,"","",,Esperanto,Andrés Ramírez-Barrera,2020-03-07T17:01:39Z
355675,Vertebroj,eo,"","",,Esperanto,Andrés Ramírez-Barrera,2020-03-07T17:02:10Z
848316,Platypus kaj Echidnas,eo,"","",,Esperanto,Andrés Ramírez-Barrera,2020-03-07T17:03:00Z
848317,Marsupioj kaj placentoj,eo,"","",,Esperanto,Andrés Ramírez-Barrera,2020-03-07T17:03:27Z
848319,Marsupioj,eo,"","",,Esperanto,Andrés Ramírez-Barrera,2020-03-07T17:03:42Z
848320,Placentoj,eo,"","",,Esperanto,Andrés Ramírez-Barrera,2020-03-07T17:04:08Z
848321,"Elefantoj, manatoj kaj parencoj",eo,"","",,Esperanto,Andrés Ramírez-Barrera,2020-03-07T17:04:40Z
848323,"Simioj, ronĝuloj kaj parencoj",eo,"","",,Esperanto,Andrés Ramírez-Barrera,2020-03-07T17:05:09Z
848324,"Cervoj, katoj kaj parencoj",eo,"","",,Esperanto,Andrés Ramírez-Barrera,2020-03-07T17:05:45Z
848322,"Armadillos, sledoj kaj anteatroj",eo,"","",,Esperanto,Andrés Ramírez-Barrera,2020-03-07T17:06:50Z
26036,reptilioj,eo,"","",,Esperanto,Andrés Ramírez-Barrera,2020-03-07T17:07:28Z
26172,Lacertoj kaj Serpentoj,eo,"","",,Esperanto,Andrés Ramírez-Barrera,2020-03-07T17:08:03Z
39532,Testudoj,eo,"","",,Esperanto,Andrés Ramírez-Barrera,2020-03-07T17:08:25Z
211194,Vaskulaj Plantoj,eo,"","",,Esperanto,Andrés Ramírez-Barrera,2020-03-07T17:09:54Z
311249,Muskoj,eo,"","",,Esperanto,Andrés Ramírez-Barrera,2020-03-07T17:10:30Z
57774,Ruĝaj algoj,eo,"","",,Esperanto,Andrés Ramírez-Barrera,2020-03-07T17:11:04Z
50863,Verdaj algoj,eo,"","",,Esperanto,Andrés Ramírez-Barrera,2020-03-07T17:12:06Z
64615,Hepata,eo,"","",,Esperanto,Andrés Ramírez-Barrera,2020-03-07T17:13:25Z
47125,florplantoj,eo,"","",,Esperanto,Andrés Ramírez-Barrera,2020-03-07T17:14:35Z
136329,Koniferoj,eo,"","",,Esperanto,Andrés Ramírez-Barrera,2020-03-07T17:15:08Z
47623,Lipopodoj,eo,"","",,Esperanto,Andrés Ramírez-Barrera,2020-03-07T17:15:32Z
47163,Monokotiledonaj,eo,"","",,Esperanto,Andrés Ramírez-Barrera,2020-03-07T17:16:12Z
144455,Granda egretardeo,eo,"","",https://eol.org/pages/45511352,Esperanto,Jonghwan Choi,2020-03-12T00:51:51Z
4943,Malgranda egretardeo,eo,"","",https://eol.org/pages/45511358,Esperanto,,2020-03-12T00:51:53Z
47114,Gastropodoj,eo,"","",,Esperanto,John E. Christensen,2020-04-24T14:44:03Z
42391,Kanada ŝafo,eo,"","",,Esperanto,prosfilaes,2020-04-29T11:51:08Z
42051,Kojoto,eo,"","",,Esperanto,prosfilaes,2020-04-29T11:56:39Z
43094,Leporuloj,eo,"","",,Esperanto,prosfilaes,2020-04-29T12:00:58Z
36074,Ranolacertedoj,eo,"","",,Esperanto,prosfilaes,2020-04-29T12:04:17Z
43698,Ronĝuloj,eo,"","",,Esperanto,prosfilaes,2020-04-29T12:25:21Z
118552,hejma kato,eo,"","",,Esperanto,Andrés Ramírez-Barrera,2020-05-16T23:33:26Z
47157,Papilioj kaj tineoj,eo,"","",,Esperanto,Andrés Ramírez-Barrera,2020-05-20T14:06:02Z
184884,Flugantaj insektoj,eo,"","",,Esperanto,Andrés Ramírez-Barrera,2020-05-20T14:06:57Z
47158,Insektoj,eo,"","",,Esperanto,Andrés Ramírez-Barrera,2020-05-20T14:07:22Z
47120,Artropodoj,eo,"","",,Esperanto,Andrés Ramírez-Barrera,2020-05-20T14:08:16Z
47822,Floj kaj moskitoj,eo,"","",,Esperanto,Andrés Ramírez-Barrera,2020-05-26T01:00:22Z
526556,Lutrenoj,eo,"","",,Esperanto,John E. Christensen,2020-06-07T11:38:26Z
48536,Arumacoj,eo,"","",,Esperanto,John E. Christensen,2020-07-03T13:12:23Z
53858,Terpomo,eo,"","",,Esperanto,Andrés Ramírez-Barrera,2020-08-11T19:27:12Z
51737,Tomato,eo,"","",,Esperanto,Andrés Ramírez-Barrera,2020-08-11T19:28:09Z
47148,"Rozoj, piroj, pomoj kaj parencoj",eo,"","",,Esperanto,Andrés Ramírez-Barrera,2020-08-16T01:11:17Z
47124,dicotiledonaj,eo,"","",,Esperanto,Andrés Ramírez-Barrera,2020-08-16T01:11:51Z
54500,Pomarboj,eo,"","",,Esperanto,Andrés Ramírez-Barrera,2020-08-16T01:13:06Z
54297,Citrusoj,eo,"","",,Esperanto,Andrés Ramírez-Barrera,2020-08-16T01:14:08Z
122965,ananaso,eo,"","",,Esperanto,Andrés Ramírez-Barrera,2020-08-16T01:15:05Z
170883,Banano,eo,"","",,Esperanto,Andrés Ramírez-Barrera,2020-08-16T01:15:51Z
57983,sunfloro,eo,"","",,Esperanto,Andrés Ramírez-Barrera,2020-08-16T01:16:25Z
41553,blua baleno,eo,"","",,Esperanto,Andrés Ramírez-Barrera,2020-08-16T01:17:44Z
152871,Cetacoj,eo,"","",,Esperanto,Andrés Ramírez-Barrera,2020-08-16T01:18:36Z
41766,Rosmaro,eo,"","",,Esperanto,Bobby McCabe,2020-08-22T18:57:27Z
54856,Tilio,eo,"","",https://eol.org/pages/39692789,Esperanto,,2020-10-22T04:59:34Z
132600,Etfolia tilio,eo,"","",https://eol.org/pages/486446,Esperanto,,2020-10-22T04:59:35Z
7117,Magelana kaŭkeno,eo,"","",https://eol.org/pages/1048516,Esperanto,,2020-11-18T00:47:39Z
18283,Magelana kampefilo,eo,"","",https://eol.org/pages/1177551,Esperanto,,2020-11-18T00:47:39Z
4128,Magelana merĝopetrelo,eo,"","",https://eol.org/pages/1049391,Esperanto,Sam Gordon,2020-11-18T00:47:39Z
3812,Magelana pingveno,eo,"","",https://eol.org/pages/45512090,Esperanto,,2020-11-18T00:47:40Z
157765,Gombo,eo,"","",,Esperanto,Johan Devos,2020-12-20T20:35:13Z
47336,Formikoj,eo,"","",,Esperanto,Andrés Ramírez-Barrera,2021-01-21T18:03:45Z
48740,Vespoj,eo,"","",,Esperanto,Andrés Ramírez-Barrera,2021-01-21T18:04:39Z
326777,"Abeloj, Formikoj kaj Vespoj",eo,"","",,Esperanto,Andrés Ramírez-Barrera,2021-01-21T18:05:19Z
47222,Abeloj kaj parencoj,eo,"","",,Esperanto,Andrés Ramírez-Barrera,2021-01-21T18:05:49Z
630955,Abeloj,eo,"","",,Esperanto,Andrés Ramírez-Barrera,2021-01-21T18:06:13Z
47201,"Abeloj, vespoj, formikoj kaj parencoj",eo,"","",,Esperanto,Andrés Ramírez-Barrera,2021-01-21T18:07:01Z
69320,Faraona formiko,eo,"","",,Esperanto,Johan Devos,2021-01-23T17:01:49Z
119450,Erikacoj,eo,"","",,Esperanto,John E. Christensen,2021-02-26T15:10:49Z
1021509,Grey Buckeye,eo,"","",https://www.inaturalist.org/taxon_names/1988824/edit,Esperanto,,2021-06-05T08:46:59Z
63190,Melongeno,eo,"","",,Esperanto,Andrés Ramírez-Barrera,2021-07-22T15:12:47Z
77058,Arugula,eo,"","",,Esperanto,Andrés Ramírez-Barrera,2021-07-22T15:13:55Z
84092,Spinaco,eo,"","",,Esperanto,Andrés Ramírez-Barrera,2021-07-22T15:14:33Z
51251,Rabarbo,eo,"","",,Esperanto,Andrés Ramírez-Barrera,2021-07-22T15:15:41Z
61381,Rizo,eo,"","",,Esperanto,Andrés Ramírez-Barrera,2021-07-22T15:16:21Z
48448,Maizo,eo,"","",,Esperanto,Andrés Ramírez-Barrera,2021-07-22T15:17:17Z
57156,avenkaĉo,eo,"","",,Esperanto,Andrés Ramírez-Barrera,2021-07-22T15:17:47Z
57182,hordeo,eo,"","",,Esperanto,Andrés Ramírez-Barrera,2021-07-22T15:19:04Z
103023,Goljata tigrofiŝo,eo,"","",https://eol.org/pages/212946,Esperanto,,2021-07-29T02:16:48Z
41970,Jaguaro,eo,"","",,Esperanto,Zane Roskoph,2021-07-30T11:58:35Z
41972,Nebula neofeliso,eo,"","",,Esperanto,Zane Roskoph,2021-07-30T12:51:25Z
74753,Sunda neofeliso,eo,"","",,Esperanto,Zane Roskoph,2021-07-30T13:15:11Z
50873,Blanka ŝarko,eo,"","",,Esperanto,Zane Roskoph,2021-07-30T13:51:19Z
84996,Taŭrŝarko,eo,"","",,Esperanto,Zane Roskoph,2021-07-30T14:45:07Z
26076,Filipina krokodilo,eo,"","",https://eol.org/pages/795279,Esperanto,,2021-07-30T15:03:41Z
123269,Blankgorĝa kirurgofiŝo,eo,"","",https://eol.org/pages/46577053,Esperanto,,2021-07-30T18:46:36Z
42007,Pumo,eo,"","",,Esperanto,Zane Roskoph,2021-08-01T00:50:36Z
26081,Orinoka krokodilo,eo,"","",,Esperanto,Zane Roskoph,2021-08-02T23:14:53Z
2107,Blumaska jakutingo,eo,"","",,Esperanto,Zane Roskoph,2021-08-02T23:50:45Z
52188,Balenŝarko,eo,"","",,Esperanto,Zane Roskoph,2021-08-03T13:53:29Z
112841,Gronlanda ŝarko,eo,"","",https://eol.org/pages/46560310,Esperanto,Victor HOYEAU,2021-08-03T14:33:59Z
49105,Algeca hipokampo,eo,"","",https://eol.org/pages/46567737,Esperanto,,2021-08-05T13:25:12Z
48824,maraj spongoj,eo,"","",,Esperanto,Andrés Ramírez-Barrera,2021-08-05T19:39:46Z
10421,Skota krucbekulo,eo,"","",https://eol.org/pages/45518970,Esperanto,,2021-08-06T15:12:20Z
460249,Aŭstralia pulmofiŝo,eo,"","",https://eol.org/pages/339109,Esperanto,,2021-08-09T12:25:15Z
56072,Mandarena fiŝo,eo,"","",https://eol.org/pages/46571393,Esperanto,,2021-08-09T13:23:29Z
94494,Pirarukuo,eo,"","",https://eol.org/pages/204868,Esperanto,Cole Gaerber,2021-08-09T14:24:05Z
41676,Ringovosta basarisko,eo,"","",https://eol.org/pages/328599,Esperanto,,2021-08-09T15:07:23Z
43136,Flavgorĝa leporo,eo,"","",https://eol.org/pages/311900,Esperanto,max kirsch,2021-08-09T18:35:39Z
1330,Barba arbokoturno,eo,"","",https://eol.org/pages/45508961,Esperanto,,2021-08-09T19:13:02Z
887383,Tundra kampomuso,eo,"","",,Esperanto,Zane Roskoph,2021-08-10T11:49:38Z
331121,Limeujo,eo,"","",,Esperanto,Zane Roskoph,2021-08-10T12:18:02Z
123356,Cedrato,eo,"","",https://eol.org/pages/582203,Esperanto,,2021-08-10T12:37:39Z
117182,Naura kanbirdo,eo,"","",https://eol.org/pages/45518749,Esperanto,,2021-08-10T15:46:58Z
709635,Germana irido,eo,"","",,Esperanto,Zane Roskoph,2021-08-10T16:17:15Z
35347,Marigvano,eo,"","",https://eol.org/pages/46559659,Esperanto,,2021-08-10T19:27:50Z
3451,Galapaga turto,eo,"","",https://eol.org/pages/1049711,Esperanto,,2021-08-11T11:41:26Z
144516,Nigreca mevo,eo,"","",https://eol.org/pages/1049306,Esperanto,,2021-08-11T11:53:13Z
4555,Eburmevo,eo,"","",https://eol.org/pages/45509269,Esperanto,,2021-08-11T12:10:42Z
4564,Forkovosta mevo,eo,"","",https://eol.org/pages/45509264,Esperanto,,2021-08-11T12:28:30Z
3802,Norda sulo,eo,"","",https://eol.org/pages/45509065,Esperanto,,2021-08-11T15:40:31Z
41644,blanka urso,eo,"","",https://eol.org/pages/46559143,Esperanto,,2021-08-11T16:10:02Z
41724,marleopardo,eo,"","",https://eol.org/pages/46559181,Esperanto,,2021-08-11T19:23:21Z
18941,Keo,eo,"","",,Esperanto,Zane Roskoph,2021-08-12T14:42:09Z
147527,Azia gepardo,eo,"","",https://eol.org/pages/1252905,Esperanto,,2021-08-13T11:40:36Z
41955,Gepardo,eo,"","",,Esperanto,Zane Roskoph,2021-08-13T11:58:07Z
147526,Nordokcidenta afrika gepardo,eo,"","",https://eol.org/pages/1271376,Esperanto,,2021-08-13T12:55:33Z
112581,Siluro,eo,"","",,Esperanto,Zane Roskoph,2021-08-14T18:07:42Z
102975,Huzo,eo,"","",https://eol.org/pages/46561184,Esperanto,operculum_ben,2021-08-14T18:47:05Z
41570,Nigra baleno,eo,"","",https://eol.org/pages/46559421,Esperanto,Victor HOYEAU,2021-08-15T17:07:43Z
41461,Belugo,eo,"","",https://eol.org/pages/46559337,Esperanto,,2021-08-15T18:04:14Z
41461,Blanka baleno,eo,"","",,Esperanto,Zane Roskoph,2021-08-15T18:04:41Z
41461,Blanka delfeno,eo,"","",,Esperanto,Zane Roskoph,2021-08-15T18:04:58Z
74831,Neĝleopardo,eo,"","",,Esperanto,Zane Roskoph,2021-08-25T11:38:06Z
42407,Eŭropa bizono,eo,"","",,Esperanto,Zane Roskoph,2021-08-25T12:55:07Z
42052,Ruĝa lupo,eo,"","",,Esperanto,Zane Roskoph,2021-08-25T15:28:07Z
130796,Siberia tigro,eo,"","",,Esperanto,Zane Roskoph,2021-08-26T13:51:21Z
130799,Sumatra tigro,eo,"","",,Esperanto,Zane Roskoph,2021-08-26T16:54:13Z
130799,Balia tigro,eo,"","",,Esperanto,Zane Roskoph,2021-08-26T17:14:06Z
130799,Java tigro,eo,"","",,Esperanto,Zane Roskoph,2021-08-27T11:38:16Z
130793,Bengala tigro,eo,"","",,Esperanto,Zane Roskoph,2021-08-27T12:21:37Z
130793,Malaja tigro,eo,"","",,Esperanto,Zane Roskoph,2021-08-27T13:50:47Z
27677,Proteo,eo,"","",,Esperanto,Zane Roskoph,2021-08-27T15:03:37Z
130796,Kaspia tigro,eo,"","",,Esperanto,Zane Roskoph,2021-08-27T15:34:17Z
39453,Giganta varano,eo,"","",,Esperanto,Zane Roskoph,2021-08-27T16:05:20Z
31519,Dorna diablo,eo,"","",,Esperanto,Zane Roskoph,2021-08-27T17:34:48Z
116523,Gavialo,eo,"","",,Esperanto,Zane Roskoph,2021-09-13T15:55:50Z
121497,Foliinsektoj,eo,"","",,Esperanto,Sutthikhun Phaengphongsai,2021-11-21T11:18:53Z
618921,Ĉokolada Gourami,eo,"","",,Esperanto,Sutthikhun Phaengphongsai,2021-12-31T22:42:42Z
47178,radionaĝilaj fiŝoj,eo,"","",,Esperanto,Sutthikhun Phaengphongsai,2021-12-31T22:43:53Z
51280,rubandovermoj,eo,"","",,Esperanto,Sutthikhun Phaengphongsai,2021-12-31T22:44:57Z
3607,Zebra Kolombo,eo,"","",,Esperanto,Sutthikhun Phaengphongsai,2021-12-31T22:45:41Z
58991,Komuna Purslane,eo,"","",,Esperanto,Sutthikhun Phaengphongsai,2021-12-31T22:46:27Z
469472,pomo,eo,"","",,Esperanto,10423,2022-03-27T04:25:22Z
774753,Eĥino,eo,"","",,Esperanto,John E. Christensen,2022-04-01T11:53:20Z
1286843,Mallongbeka troglodito,eo,"","",,Esperanto,max kirsch,2022-04-12T19:20:41Z
7596,Herbotroglodito,eo,"","",,Esperanto,max kirsch,2022-04-12T19:39:16Z
7596,Mallongbeka cistotoro,eo,"","",,Esperanto,max kirsch,2022-04-12T19:39:23Z
1289600,Magelana kormorano,eo,"","",https://eol.org/pages/1049415,Esperanto,max kirsch,2022-04-19T01:00:18Z
47125,Angiospermoj,eo,"","",,Esperanto,John E. Christensen,2022-09-05T12:41:11Z
959651,Ĉina poplo,eo,"","",,Esperanto,Johan Devos,2022-11-16T15:14:02Z
170458,Grandflora abelio,eo,"","",,Esperanto,Johan Devos,2022-11-24T16:09:58Z
77481,Kalika hiperiko,eo,"","",,Esperanto,pigeonlister,2022-12-31T02:35:38Z
20526,Struto,eo,"","",,Esperanto,Johan Devos,2023-02-28T22:24:25Z
1269296,Afgana neĝopasero,eo,"","",https://www.inaturalist.org/taxon_names/2631347/edit,Esperanto,Donald Davesne,2023-10-31T00:00:45Z
19253,kaikoj,eo,"","",,Esperanto,MacOc,2023-12-13T13:01:10Z
18924,Kakarikoj,eo,"","",,Esperanto,MacOc,2023-12-13T14:22:13Z
18927,Flavkrona kakariko,eo,"","",,Esperanto,MacOc,2023-12-13T14:26:03Z
204498,Ruĝkrona kakariko,eo,"","",,Esperanto,MacOc,2023-12-13T15:41:59Z
18931,Unukolora kakariko,eo,"","",,Esperanto,MacOc,2023-12-13T22:02:19Z
19030,Bulbbeka papageto,eo,"","",,Esperanto,MacOc,2023-12-14T11:37:00Z
19032,Liniita papageto,eo,"","",,Esperanto,MacOc,2023-12-14T11:48:53Z
19339,Ondopapageto,eo,"","",,Esperanto,MacOc,2023-12-14T16:52:46Z
18962,Pendapapagoj,eo,"","",,Esperanto,MacOc,2023-12-22T12:54:22Z
18962,Vespertpapago,eo,"","",,Esperanto,MacOc,2023-12-22T12:55:59Z
43584,Homoj,eo,"","",,Esperanto,MacOc,2024-01-19T12:26:46Z
43583,Homoj,eo,"","",,Esperanto,MacOc,2024-01-19T13:55:28Z
846252,Homedoj,eo,"","",,Esperanto,MacOc,2024-01-19T13:59:52Z
46017,Cindrogriza sciuro,eo,"","",,Esperanto,Nova Patch,2024-06-04T01:55:40Z
