id,vernacularName,language,locality,countryCode,source,lexicon,contributor,created
51921,ನಾಚಿಕೆ ಮುಳ್ಳು,und,"","",,Tulu,John E. Christensen,2018-02-06T16:02:08Z
62941,ಕೆರೆಂಗ್,und,"","",,Tulu,John E. Christensen,2018-02-17T13:23:27Z
333586,ನಕ್ಕುರು,und,"","",,Tulu,John E. Christensen,2018-07-11T14:15:22Z
68530,ಚಟ್ಟೆ ಕಂದಡಿ,und,"","",,Tulu,harshithjv,2018-08-26T09:09:53Z
32150,ಪೆರ್ಮರಿ,und,"Dakshina Kannada, KA, IN | Udupi, KA, IN | Kasaragod, KL, IN","",,Tulu,harshithjv,2018-08-26T09:11:09Z
30687,ಕಂದಡಿ,und,"","",,Tulu,harshithjv,2018-08-26T09:12:35Z
133309,ಕೆಪುಲ,und,"Dakshina Kannada, KA, IN","",,Tulu,harshithjv,2018-09-06T03:47:40Z
29832,ಪಗೆಲೆ,und,"Dakshin Kannad, KA, IN","",,Tulu,harshithjv,2018-09-06T03:58:17Z
204491,ಬೊಳ್ಳೆರಿ ಮಾಣಿಗ,und,"Dakshina Kannada, KA, IN","",,Tulu,harshithjv,2018-09-06T04:00:19Z
14591,ಕೊಟ್ರುಂಜ,und,"","",,Tulu,harshithjv,2018-09-06T04:02:31Z
8031,ಕಕ್ಕೆ,und,"","",,Tulu,harshithjv,2018-09-06T04:03:45Z
18911,ಗಿಲಿ,und,"","",,Tulu,harshithjv,2018-09-06T04:06:48Z
41618,ಪುರುಂಗು ಪುಚ್ಚೆ,und,"","",,Tulu,harshithjv,2018-09-06T04:13:49Z
319218,ಬಿಂಬುಲಿ,und,"Dakshina Kannada, KA, IN | Udupi, KA, IN | Kasaragod, KL, IN","",,Tulu,harshithjv,2018-09-25T05:41:11Z
319218,ಬೀಂಪುಳಿ,und,"Dakshina Kannada, KA, IN | Udupi, KA, IN | Kasaragod, KL, IN","",,Tulu,harshithjv,2018-09-25T05:43:05Z
19350,ಗುಮ್ಮೆ,und,"","",,Tulu,harshithjv,2018-10-24T04:32:17Z
19350,ಗೂರ್ಮೆ,und,"","",,Tulu,harshithjv,2018-10-24T04:34:27Z
47336,ಪಿಜಿನ್,und,"","",,Tulu,John E. Christensen,2018-11-02T13:13:03Z
33177,ಪಲ್ಲಿ,und,"","",,Tulu,harshithjv,2018-11-08T05:30:35Z
344178,ಆಬೊಲಿ,und,"Dakshina Kannada, KA, IN | Udupi, KA, IN | Kasaragod, KL, IN","",,Tulu,harshithjv,2019-07-14T10:02:44Z
123745,ನೇಸಲ್ ತಪ್ಪು ಮರ,und,"Dakshina Kannada, KA, IN | Udupi, KA, IN | Kasaragod, KL, IN","",,Tulu,harshithjv,2019-07-14T10:12:52Z
123745,ಬೇವುದಿರೆ  ಮರ,und,"Dakshina Kannada, KA, IN | Udupi, KA, IN | Kasaragod, KL, IN","",,Tulu,harshithjv,2019-07-14T10:13:28Z
160294,ತಿಮರೆ,und,"Karnataka, IN","",,Tulu,harshithjv,2019-07-14T10:56:25Z
122835,ತೇವು,und,"","",,Tulu,harshithjv,2019-07-14T12:31:40Z
26258,ಗೊಂಪೆ,und,"","",,Tulu,harshithjv,2019-07-20T18:37:26Z
26258,ಗೋಂಕರು,und,"","",,Tulu,harshithjv,2019-07-20T18:37:46Z
26654,ಮರ ಕೊಡಪಲೆ,und,"","",,Tulu,harshithjv,2019-07-27T13:18:32Z
27207,ತಾರಿ ಮಾಡಲೆ,und,"","",,Tulu,harshithjv,2019-08-07T11:54:43Z
27207,ಮರ ಕೊಡಪಲೆ,und,"","",,Tulu,harshithjv,2019-08-07T11:57:09Z
925714,ಬೆರು,und,"","",,Tulu,Bobby McCabe,2019-08-21T19:49:43Z
472264,ನೀರ್ ಕಡ್ಡಿ,und,"","",,Tulu,harshithjv,2019-08-24T09:15:07Z
472264,ನೀರ್ಕಡ್ಡಿ,und,"","",,Tulu,harshithjv,2019-08-24T09:17:05Z
41321,ಇರೆ ಬಾವಲಿ,und,"","",,Tulu,harshithjv,2019-08-24T09:18:17Z
118903,ಉದಲ್,und,"","",,Tulu,harshithjv,2019-12-28T14:47:13Z
118903,ಒರಲೆ,und,"","",,Tulu,harshithjv,2019-12-28T14:47:57Z
505478,ಕೋರಿ,und,"","",,Tulu,John E. Christensen,2020-01-02T13:30:04Z
117293,ತಾಬುರು,und,"","",,Tulu,harshithjv,2020-05-24T02:35:27Z
189179,ಪಾಲೆದ ಮರ [Pale Tree],und,"Dakshina Kannada, KA, IN | Udupi, KA, IN | Kasaragod, KL, IN","",,Tulu,harshithjv,2020-07-19T15:20:06Z
189179,ಕೆತ್ತೆದ ಮರ [Kette],und,"Dakshina Kannada, KA, IN | Udupi, KA, IN | Kasaragod, KL, IN","",,Tulu,harshithjv,2020-07-19T15:21:52Z
31079,ನೆತ್ತೆರ್ ಮೂಗೇಲ್,und,"Dakshin Kannad, KA, IN | Kasaragod, KL, IN | Udupi, KA, IN","",,Tulu,harshithjv,2020-12-30T08:33:42Z
109519,ನರ್ತೆ [Nar-tey],und,"","",,Tulu,harshithjv,2021-04-30T07:57:31Z
91076,ನರ್ತೆ [Nar-tey],und,"","",,Tulu,harshithjv,2021-04-30T07:58:05Z
19922,ಕುಕ್ಕುಸೂಡು  [kook-ku soo-doo],und,"","",,Tulu,harshithjv,2021-05-02T07:37:44Z
31281,ಸಿರಿಲಮಂಡೆ,und,"","",,Tulu,harshithjv,2021-05-13T03:05:53Z
31281,ವೊಂತಿ,und,"","",,Tulu,harshithjv,2021-05-13T03:06:50Z
30472,ಕಾಳಿಂಗ ಸರ್ಪೆ,und,"","",,Tulu,Zane Roskoph,2021-08-02T18:43:09Z
999505,ಗಾಂಗೆ,und,"","",,Tulu,harshithjv,2021-08-24T00:37:35Z
41964,ಸಿಂಹ,und,"","",,Tulu,Zane Roskoph,2021-08-24T15:25:45Z
41967,ಪಿಲಿ,und,"","",,Tulu,Zane Roskoph,2021-08-26T16:34:29Z
46341,ಅಸೆನಿ,und,"Dakshina Kannada, KA, IN | Udupi, KA, IN | Kasaragod, KL, IN | Dakshin Kannad, KA, IN","",,Tulu,harshithjv,2021-10-19T07:23:39Z
369469,ಕಾಟ್ ಪಿರೆ [Kaat pee-rey],und,"","",,Tulu,harshithjv,2021-10-27T05:00:03Z
369469,ಲಿಂಗತೊಂಡೆ [lingatonde],und,"","",,Tulu,harshithjv,2021-10-27T05:12:13Z
132369,ಅಂಜಲ್ [An-jal],und,"","",,Tulu,harshithjv,2022-04-01T04:44:47Z
530351,ಕುರ್ಚಿ,und,"","",,Tulu,harshithjv,2022-04-01T15:49:23Z
530351,ಸಿಡಿ,und,"","",,Tulu,harshithjv,2022-04-01T15:51:48Z
188362,Anjal,und,"","",,Tulu,harshithjv,2022-04-07T13:02:12Z
87416,ಗುಮ್ಮೆ ತಾಟೆ,und,"","",,Tulu,harshithjv,2022-04-12T17:16:51Z
1289423,ಬೇಜಕರೆ ಪಕ್ಕಿ,und,"","",,Tulu,harshithjv,2022-11-13T02:46:55Z
1289300,ಬೇಜಕರೆ ಪಕ್ಕಿ,und,"","",,Tulu,harshithjv,2022-11-13T02:48:08Z
74649,ಬರಿಂಕ,und,"Karnataka, IN","",,Tulu,Sri Harsha K.M / ஸ்ரீ ஹர்ஷா / ಶ್ರೀ ಹರ್ಷ,2023-04-19T07:26:45Z
199,ಪುಂಡದೆ,und,"Karnataka, IN","",,Tulu,Sri Harsha K.M / ஸ்ரீ ஹர்ஷா / ಶ್ರೀ ಹರ್ಷ,2023-04-20T14:28:25Z
1096893,ಕಲ್ಲ ಡೆಂಜಿ,und,"Dakshina Kannada, KA, IN | Udupi, KA, IN | Kasaragod, KL, IN","",,Tulu,harshithjv,2023-09-20T03:44:40Z
540874,Bhanda,und,"","",,Tulu,harshithjv,2023-12-23T09:47:08Z
540874,ಭಂದ,und,"","",,Tulu,harshithjv,2023-12-23T09:49:00Z
