id,vernacularName,language,locality,countryCode,source,lexicon,contributor,created
119817,saagaaban,und,"","",,Mi'kmaq,Valerie Anderson,2019-02-12T16:51:18Z
54261,Stoqn,und,"","",,Mi'kmaq,Brady Lee,2019-10-17T13:11:42Z
54807,Wiskoq,und,"","",,Mi'kmaq,Brady Lee,2019-10-17T13:15:35Z
41974,apuksikn,und,"Unama'ki, NS, CA","",,Mi'kmaq,Tony Iwane,2020-01-24T23:19:30Z
54807,wisqoq,und,"Unama'ki, NS, CA","",,Mi'kmaq,mkkennedy,2020-01-29T11:30:54Z
54805,aqmoq,und,"Unama'ki, NS, CA","",,Mi'kmaq,mkkennedy,2020-01-29T11:41:15Z
51044,maltuiajk,und,"Unama'ki, NS, CA","",,Mi'kmaq,mkkennedy,2020-01-29T11:42:43Z
84296,kawatkw,und,"Unama'ki, NS, CA","",,Mi'kmaq,mkkennedy,2020-01-29T11:44:01Z
54261,puku'kewij,und,"Unama'ki, NS, CA","",,Mi'kmaq,mkkennedy,2020-01-29T11:45:14Z
68049,muinuiman,und,"Unama'ki, NS, CA","",,Mi'kmaq,mkkennedy,2020-01-29T11:46:27Z
49883,maskwi,und,"Unama'ki, NS, CA","",,Mi'kmaq,mkkennedy,2020-01-29T11:54:35Z
54265,epsmusi,und,"Unama'ki, NS, CA","",,Mi'kmaq,mkkennedy,2020-01-29T11:57:08Z
58724,melkijit kuow,und,"Unama'ki, NS, CA","",,Mi'kmaq,mkkennedy,2020-01-29T11:58:53Z
47118,awo'kejit,und,"Unama'ki, NS, CA","",,Mi'kmaq,mkkennedy,2020-01-29T12:16:24Z
50190,miseminqanaw,und,"Unama'ki, NS, CA","",,Mi'kmaq,mkkennedy,2020-01-29T12:19:58Z
119971,awioqik'we'j,und,"Unama'ki, NS, CA","",,Mi'kmaq,mkkennedy,2020-01-29T12:22:00Z
63749,su'n,und,"Unama'ki, NS, CA","",,Mi'kmaq,mkkennedy,2020-01-29T14:52:43Z
868167,Tupsi,und,"Unama'ki, NS, CA","",,Mi'kmaq,mkkennedy,2020-01-29T15:03:30Z
84542,pkwiman,und,"Unama'ki, NS, CA","",,Mi'kmaq,mkkennedy,2020-01-29T15:05:19Z
83075,sqatpiku'swiwasuekji'j,und,"Unama'ki, NS, CA","",,Mi'kmaq,mkkennedy,2020-01-29T15:11:11Z
126251,wisawtaqji'jkl,und,"Unama'ki, NS, CA","",,Mi'kmaq,mkkennedy,2020-01-29T15:13:01Z
82110,ajiyoqjimin,und,"Unama'ki, NS, CA","",,Mi'kmaq,mkkennedy,2020-01-29T15:19:39Z
48726,sqoljmanaqsi'l,und,"Unama'ki, NS, CA","",,Mi'kmaq,mkkennedy,2020-01-29T15:21:05Z
49477,tmaqn,und,"Unama'ki, NS, CA","",,Mi'kmaq,mkkennedy,2020-01-29T15:23:26Z
64544,kljimanaqsi,und,"Unama'ki, NS, CA","",,Mi'kmaq,mkkennedy,2020-01-29T15:27:52Z
43794,kopit,und,"Unama'ki, NS, CA","",,Mi'kmaq,mkkennedy,2020-01-29T19:16:02Z
4956,apji'jkmuj,und,"Unama'ki, NS, CA","",,Mi'kmaq,mkkennedy,2020-01-29T19:17:37Z
8229,tities,und,"Unama'ki, NS, CA","",,Mi'kmaq,mkkennedy,2020-01-29T19:19:07Z
7089,sinumkw,und,"Unama'ki, NS, CA","",,Mi'kmaq,mkkennedy,2020-01-29T19:20:55Z
9083,istaqo'kej,und,"Unama'ki, NS, CA","",,Mi'kmaq,mkkennedy,2020-01-29T19:21:56Z
42199,qalipu,und,"Unama'ki, NS, CA","",,Mi'kmaq,mkkennedy,2020-01-29T19:22:54Z
118552,mia'wj,und,"Unama'ki, NS, CA","",,Mi'kmaq,mkkennedy,2020-01-29T19:23:54Z
8021,ka'qawej,und,"Unama'ki, NS, CA","",,Mi'kmaq,mkkennedy,2020-01-29T19:25:07Z
5305,kitpu,und,"Unama'ki, NS, CA","",,Mi'kmaq,mkkennedy,2020-01-29T19:26:15Z
51362,kaspelaw,und,"Unama'ki, NS, CA","",,Mi'kmaq,mkkennedy,2020-01-29T19:28:24Z
46095,mnumkwej,und,"Unama'ki, NS, CA","",,Mi'kmaq,mkkennedy,2020-01-29T19:29:13Z
61383,jakej,und,"Unama'ki, NS, CA","",,Mi'kmaq,mkkennedy,2020-01-29T19:30:18Z
4626,kwimu,und,"Unama'ki, NS, CA","",,Mi'kmaq,mkkennedy,2020-01-29T19:31:15Z
118678,amalamek,und,"Unama'ki, NS, CA","",,Mi'kmaq,mkkennedy,2020-01-29T19:32:27Z
522193,tia'm,und,"Unama'ki, NS, CA","",,Mi'kmaq,mkkennedy,2020-01-29T19:33:44Z
116999,ni'kmawe'su,und,"Unama'ki, NS, CA","",,Mi'kmaq,mkkennedy,2020-01-29T19:34:51Z
44026,matues,und,"Unama'ki, NS, CA","",,Mi'kmaq,mkkennedy,2020-01-29T20:10:44Z
41663,amaljikwej,und,"Unama'ki, NS, CA","",,Mi'kmaq,mkkennedy,2020-01-29T20:11:50Z
8010,wjika'qaku,und,"Unama'ki, NS, CA","",,Mi'kmaq,mkkennedy,2020-01-29T20:13:22Z
12727,jipjawej,und,"Unama'ki, NS, CA","",,Mi'kmaq,mkkennedy,2020-01-29T20:17:31Z
115167,kinisku'nej,und,"Unama'ki, NS, CA","",,Mi'kmaq,mkkennedy,2020-01-29T20:20:11Z
41638,muin,und,"Unama'ki, NS, CA","",,Mi'kmaq,mkkennedy,2020-01-29T20:21:31Z
24268,jijawej,und,"Unama'ki, NS, CA","",,Mi'kmaq,mkkennedy,2020-01-29T20:24:48Z
117326,kjikmuatkw,und,"Unama'ki, NS, CA","",,Mi'kmaq,mkkennedy,2020-01-30T18:54:34Z
58732,kjimsiku,und,"Unama'ki, NS, CA","",,Mi'kmaq,mkkennedy,2020-01-30T19:04:18Z
49882,nipnoqn,und,"Unama'ki, NS, CA","",,Mi'kmaq,mkkennedy,2020-01-30T19:29:56Z
65979,aplekemu,und,"Unama'ki, NS, CA","",,Mi'kmaq,mkkennedy,2020-01-30T19:42:50Z
47544,Ajioqjimanaqsi,und,"","",,Mi'kmaq,;),2021-10-05T18:38:53Z
82574,apiàjijgewatp,und,"","",,Mi'kmaq,FreckLes,2024-03-10T16:40:25Z
