id,vernacularName,language,locality,countryCode,source,lexicon,contributor,created
1,Inyamaswa,und,"","",,Kinyarwanda,John E. Christensen,2017-12-04T11:38:15Z
122976,Imboga za leti,und,"","",,Kinyarwanda,John E. Christensen,2018-02-23T10:37:47Z
141634,Igicumucumu,und,"","",,Kinyarwanda,John E. Christensen,2018-04-15T12:53:27Z
505478,Inkoko,und,"","",,Kinyarwanda,John E. Christensen,2019-12-27T07:20:37Z
32805,Uruwumvu,und,"","",,Kinyarwanda,John E. Christensen,2021-03-12T19:19:30Z
371437,Mamba,und,"","",,Kinyarwanda,Zane Roskoph,2021-07-19T15:20:22Z
41964,Intare,und,"","",,Kinyarwanda,Zane Roskoph,2021-08-24T15:11:04Z
9186,igishwi,und,"","",,Kinyarwanda,Botswanabugs,2021-11-13T12:14:17Z
469472,pome,und,"","",,Kinyarwanda,10423,2022-03-27T04:43:54Z
41963,Gwe,und,"","",,Kinyarwanda,Botswanabugs,2023-11-20T06:45:36Z
41963,ikwe,und,"","",,Kinyarwanda,Botswanabugs,2023-11-20T06:46:20Z
41963,ipungwe,und,"","",,Kinyarwanda,Botswanabugs,2023-11-20T06:47:37Z
122903,soya,und,"","",,Kinyarwanda,Yann Kemper,2023-12-11T01:42:44Z
