id,vernacularName,language,locality,countryCode,source,lexicon,contributor,created
925659,Thsipa ya Dithokolo tse Nyenyane,und,"","",,Sepedi,Bobby McCabe,2020-02-23T05:02:33Z
41595,Thsipathoko,und,"","",,Sepedi,Bobby McCabe,2020-02-23T05:24:04Z
337799,Mothokolo o monnyane,und,"","",,Sepedi,Botswanabugs,2020-03-10T16:30:22Z
567344,Mooka pitsi,und,"","",,Sepedi,Botswanabugs,2020-03-10T16:34:56Z
340211,Mphata,und,"","",,Sepedi,Botswanabugs,2020-03-10T16:39:48Z
601161,Morotela tshosh,und,"","",,Sepedi,Botswanabugs,2020-03-10T16:42:07Z
130789,Mokhutasela,und,"","",,Sepedi,Botswanabugs,2020-03-10T16:44:38Z
571042,Sekanama,und,"","",,Sepedi,Botswanabugs,2020-03-10T16:47:03Z
490831,Moselaphala,und,"","",,Sepedi,Botswanabugs,2020-03-10T16:48:34Z
356056,Lemata,und,"","",,Sepedi,Botswanabugs,2020-03-10T16:59:04Z
593974,mmaba,und,"","",,Sepedi,Botswanabugs,2020-03-10T17:02:06Z
593974,Mpesu,und,"","",,Sepedi,Botswanabugs,2020-03-10T17:03:11Z
428559,Moroba diepe,und,"","",,Sepedi,Botswanabugs,2020-03-10T17:05:39Z
594570,Morola o monnyane,und,"","",,Sepedi,Botswanabugs,2020-03-10T17:07:52Z
47649,Tšiekgalaka,und,"","",,Sepedi,Dewald du Plessis,2020-03-14T13:33:29Z
42122,Kolobê,und,"","",,Sepedi,Bobby McCabe,2020-03-19T15:36:03Z
333586,Nogameetsana,und,"","",,Sepedi,Dewald du Plessis,2020-04-06T18:02:18Z
121639,"Kgenkgerepe, leTlapakgerere",und,"","",,Sepedi,Dewald du Plessis,2020-04-06T18:41:59Z
342910,Dijo tsa lewatle,und,"","",,Sepedi,Dewald du Plessis,2020-04-06T18:55:02Z
311310,Hlatswana ya khrei,und,"","",,Sepedi,Dewald du Plessis,2020-04-07T10:31:24Z
85493,Kherastašiene,und,"","",,Sepedi,Dewald du Plessis,2020-04-07T10:42:59Z
1,Phoofolo,und,"","",,Sepedi,Dewald du Plessis,2020-04-09T18:00:42Z
47114,"diKgohu, diKgopa",und,"","",,Sepedi,Dewald du Plessis,2020-04-09T18:08:48Z
152102,Nogana ya mala,und,"","",,Sepedi,Dewald du Plessis,2020-04-09T18:09:19Z
417416,"Bilharzia, moHlapokhubedu",und,"","",,Sepedi,Dewald du Plessis,2020-04-09T18:10:14Z
42095,Motlhose,und,"","",,Sepedi,Bobby McCabe,2020-05-19T21:14:23Z
51672,"diKgofa, diPatšane",und,"","",,Sepedi,Dewald du Plessis,2020-08-21T11:24:02Z
51673,"diKgofa, diPatšane",und,"","",,Sepedi,Dewald du Plessis,2020-08-21T11:34:13Z
123675,"diKgofa, diPatšane",und,"","",,Sepedi,Dewald du Plessis,2020-08-21T12:04:51Z
428556,moRorokolo-pudi,und,"Witbank, MP, ZA","",,Sepedi,Dewald du Plessis,2020-10-31T15:58:15Z
428556,moThokolo-pudi,und,"Witbank, MP, ZA","",,Sepedi,Dewald du Plessis,2020-10-31T16:02:27Z
320739,seRemodi,und,"","",,Sepedi,Dewald du Plessis,2020-11-09T18:37:06Z
340072,seKgopha,und,"Witbank, MP, ZA","",,Sepedi,Dewald du Plessis,2020-11-09T18:41:20Z
525722,moTšhetšhe,und,"","",,Sepedi,Dewald du Plessis,2020-11-09T18:49:49Z
468538,moHlatswa,und,"Witbank, MP, ZA","",,Sepedi,Dewald du Plessis,2020-11-09T19:13:58Z
185371,moTlhabare,und,"Witbank, MP, ZA | South Africa",ZA,,Sepedi,Dewald du Plessis,2020-11-09T19:23:00Z
184342,moLalakgwedi,und,"","",,Sepedi,Dewald du Plessis,2020-11-09T19:32:26Z
184342,moOkêlêla,und,"","",,Sepedi,Dewald du Plessis,2020-11-09T19:33:38Z
166935,Kgalagangwe,und,South Africa,ZA,,Sepedi,Dewald du Plessis,2020-11-09T19:37:00Z
334567,moTshwarabadikana,und,"","",,Sepedi,Dewald du Plessis,2020-11-09T19:43:58Z
334567,moGwane,und,"","",,Sepedi,Dewald du Plessis,2020-11-09T19:44:17Z
211103,moLalathau,und,"","",,Sepedi,Dewald du Plessis,2020-11-12T10:46:53Z
340228,moKgalwa,und,"","",,Sepedi,Dewald du Plessis,2020-11-12T10:51:18Z
340228,moKgalô,und,"","",,Sepedi,Dewald du Plessis,2020-11-12T10:51:55Z
427214,moŠita-tlou,und,"Bronkhorstspruit, GT, ZA","",,Sepedi,Dewald du Plessis,2020-11-12T11:01:34Z
340324,mMilo,und,"Witbank, MP, ZA","",,Sepedi,Dewald du Plessis,2020-11-12T11:15:56Z
191689,moKgoba,und,"Witbank, MP, ZA","",,Sepedi,Dewald du Plessis,2020-11-12T11:24:09Z
429245,moTšhakhutšhakhu,und,South Africa,ZA,,Sepedi,Dewald du Plessis,2020-11-12T11:31:57Z
469308,moTloumana,und,South Africa,ZA,,Sepedi,Dewald du Plessis,2020-11-12T11:36:28Z
502780,moOkana,und,"","",,Sepedi,Dewald du Plessis,2020-11-12T13:30:45Z
489282,moSino,und,"","",,Sepedi,Dewald du Plessis,2020-11-12T13:35:52Z
595946,moGohlo,und,"Witbank, MP, ZA","",,Sepedi,Dewald du Plessis,2020-11-12T14:42:31Z
595946,moŠu,und,"Witbank, MP, ZA","",,Sepedi,Dewald du Plessis,2020-11-12T14:43:03Z
595951,moKgwaripa,und,South Africa,ZA,,Sepedi,Dewald du Plessis,2020-11-12T14:44:36Z
136323,moGôbagôba,und,"City of Johannesburg, GT, ZA | Maloti-Drakensberg Park World Heritage Site","",,Sepedi,Dewald du Plessis,2020-11-12T14:52:48Z
70279,moGôbagôba,und,Maloti-Drakensberg Park World Heritage Site,"",,Sepedi,Dewald du Plessis,2020-11-12T14:56:20Z
132930,moGôbagôba,und,Maloti-Drakensberg Park World Heritage Site,"",,Sepedi,Dewald du Plessis,2020-11-12T14:57:22Z
135389,moDuba-noka,und,"Witbank, MP, ZA","",,Sepedi,Dewald du Plessis,2020-11-12T15:09:28Z
133950,moThibadifate,und,"","",,Sepedi,Dewald du Plessis,2020-11-12T15:14:53Z
133950,moGatakgomo,und,"","",,Sepedi,Dewald du Plessis,2020-11-12T15:15:13Z
594418,moTholo,und,"Witbank, MP, ZA","",,Sepedi,Dewald du Plessis,2020-11-12T20:07:46Z
594418,moRoba-diepê,und,"Witbank, MP, ZA","",,Sepedi,Dewald du Plessis,2020-11-12T20:09:31Z
594418,Radiepane,und,"Witbank, MP, ZA","",,Sepedi,Dewald du Plessis,2020-11-12T20:09:54Z
129721,seGwapi,und,"Witbank, MP, ZA","",,Sepedi,Dewald du Plessis,2020-11-12T20:14:59Z
129721,moGalagala,und,"Witbank, MP, ZA","",,Sepedi,Dewald du Plessis,2020-11-12T20:15:27Z
521002,seGwapi,und,"","",,Sepedi,Dewald du Plessis,2020-11-12T20:21:17Z
129714,seGwapi,und,"","",,Sepedi,Dewald du Plessis,2020-11-12T20:23:50Z
342738,moKgwethe,und,"Witbank, MP, ZA | South Africa",ZA,,Sepedi,Dewald du Plessis,2020-11-12T20:26:00Z
57140,moLhware,und,South Africa,ZA,,Sepedi,Dewald du Plessis,2020-11-12T20:38:01Z
586670,moPadu,und,"","",,Sepedi,Dewald du Plessis,2020-11-12T20:43:41Z
586670,sePhatwa,und,"","",,Sepedi,Dewald du Plessis,2020-11-12T20:44:01Z
428559,moPsinyugane,und,"","",,Sepedi,Dewald du Plessis,2020-11-12T20:50:38Z
182274,mMilo,und,South Africa,ZA,,Sepedi,Dewald du Plessis,2020-11-12T20:57:34Z
595967,mMilo-rotswana,und,"Witbank, MP, ZA | South Africa",ZA,,Sepedi,Dewald du Plessis,2020-11-12T20:59:32Z
559229,moOka,und,South Africa,ZA,,Sepedi,Dewald du Plessis,2020-11-13T09:58:10Z
402272,moThêbêrêbê,und,"","",,Sepedi,Dewald du Plessis,2020-11-13T10:03:09Z
579166,seRapše,und,"Witbank, MP, ZA | South Africa",ZA,,Sepedi,Dewald du Plessis,2020-11-13T10:07:43Z
119178,mPhahlašilo,und,"","",,Sepedi,Dewald du Plessis,2020-11-13T10:10:06Z
79020,moTšhakhutšhakhu,und,"","",,Sepedi,Dewald du Plessis,2020-11-13T10:27:18Z
79020,moNhlohlo,und,"","",,Sepedi,Dewald du Plessis,2020-11-13T10:27:39Z
72354,moTšhakhutšhakhu,und,South Africa,ZA,,Sepedi,Dewald du Plessis,2020-11-13T10:34:06Z
72354,moNhlohlo,und,South Africa,ZA,,Sepedi,Dewald du Plessis,2020-11-13T10:39:57Z
593890,moTšhakhutšhakhu,und,"Witbank, MP, ZA","",,Sepedi,Dewald du Plessis,2020-11-13T10:55:58Z
593890,moNhlohlo,und,"Witbank, MP, ZA","",,Sepedi,Dewald du Plessis,2020-11-13T10:56:54Z
558688,moHlakola,und,"Witbank, MP, ZA | South Africa",ZA,,Sepedi,Dewald du Plessis,2020-11-13T11:08:55Z
541445,moHlatsane,und,"Witbank, MP, ZA","",,Sepedi,Dewald du Plessis,2020-11-13T11:40:13Z
541445,seSonkwane-sa-letshii,und,"Witbank, MP, ZA","",,Sepedi,Dewald du Plessis,2020-11-13T11:40:44Z
590764,moDuba,und,"","",,Sepedi,Dewald du Plessis,2020-11-13T11:48:11Z
340354,mMakatlala,und,South Africa,ZA,,Sepedi,Dewald du Plessis,2020-11-13T11:51:11Z
340354,moHlahlabanna,und,"","",,Sepedi,Dewald du Plessis,2020-11-13T11:51:41Z
346399,moRôbê,und,"","",,Sepedi,Dewald du Plessis,2020-11-13T11:55:16Z
362174,moNokwane,und,"","",,Sepedi,Dewald du Plessis,2020-11-13T12:00:49Z
362174,seNekomaropa,und,"","",,Sepedi,Dewald du Plessis,2020-11-13T12:01:11Z
42157,Thutlwa,und,"Witbank, MP, ZA","",,Sepedi,Dewald du Plessis,2020-12-13T23:01:54Z
75192,Phofu,und,"Witbank, MP, ZA","",,Sepedi,Dewald du Plessis,2020-12-18T22:26:31Z
42384,Kome,und,"Witbank, MP, ZA","",,Sepedi,Dewald du Plessis,2020-12-18T22:55:20Z
70054,leHapu,und,"","",,Sepedi,Dewald du Plessis,2021-04-17T14:20:00Z
986414,mapodela,und,"","",,Sepedi,Botswanabugs,2021-07-24T05:46:32Z
128928,leroto,und,"","",,Sepedi,Botswanabugs,2021-07-30T16:36:16Z
160868,thelele,und,"","",,Sepedi,Botswanabugs,2021-07-30T16:47:58Z
122869,motshatsha,und,"","",,Sepedi,Botswanabugs,2021-07-30T16:50:31Z
79141,lethotho,und,"","",,Sepedi,Botswanabugs,2021-07-30T16:53:17Z
553599,moduba tshipi,und,"","",,Sepedi,Botswanabugs,2021-08-13T18:12:14Z
43086,Pela,und,"","",,Sepedi,Bobby McCabe,2021-08-29T03:01:48Z
43086,Thobela,und,"","",,Sepedi,Bobby McCabe,2021-08-29T03:02:26Z
43086,Thewbela,und,"","",,Sepedi,Bobby McCabe,2021-08-29T03:02:51Z
76584,maNakalali,und,"","",,Sepedi,Dewald du Plessis,2021-09-18T19:03:10Z
76425,Khotswana,und,"","",,Sepedi,Dewald du Plessis,2021-10-02T23:43:28Z
14051,Tlhantlhagane,und,"","",,Sepedi,Botswanabugs,2021-11-12T06:33:34Z
490717,mookapitse,und,"","",,Sepedi,Botswanabugs,2021-11-15T10:48:24Z
567344,mookapitsi,und,"","",,Sepedi,Botswanabugs,2021-11-15T10:49:59Z
567344,setlwatlwa,und,"","",,Sepedi,Botswanabugs,2021-11-15T10:50:39Z
179304,moeyeyanaga,und,"","",,Sepedi,Botswanabugs,2021-11-15T10:51:51Z
179304,moeye-ya-naga,und,"","",,Sepedi,Botswanabugs,2021-11-15T10:53:00Z
75363,khonofolo,und,"","",,Sepedi,Botswanabugs,2021-11-15T10:54:21Z
411271,Maime,und,"","",,Sepedi,Botswanabugs,2021-11-15T10:55:08Z
126366,motshwidi tshwene,und,"","",,Sepedi,Botswanabugs,2021-11-15T10:56:34Z
48872,momenko,und,"","",,Sepedi,Botswanabugs,2021-11-15T10:57:36Z
589550,diragadibonwe,und,"","",,Sepedi,Botswanabugs,2021-11-15T11:28:45Z
600202,diragadibonwe,und,"","",,Sepedi,Botswanabugs,2021-11-15T11:29:45Z
43335,pitse e tilodi,und,"","",,Sepedi,Botswanabugs,2021-11-16T05:11:21Z
42339,tholo,und,"","",,Sepedi,Botswanabugs,2021-11-20T04:37:53Z
42157,thutlo,und,"","",,Sepedi,Botswanabugs,2021-11-27T09:18:59Z
142774,kukuku,und,"","",,Sepedi,Botswanabugs,2022-01-09T04:32:06Z
3687,letswiababa,und,"","",,Sepedi,Botswanabugs,2022-01-09T04:48:43Z
2269,letlakela,und,"","",,Sepedi,Botswanabugs,2022-01-09T05:18:26Z
75083,kgaga,und,"","",,Sepedi,Botswanabugs,2022-01-10T05:55:05Z
119995,masotsa,und,"","",,Sepedi,Botswanabugs,2022-01-11T10:27:23Z
1210966,Phokojwe,und,"","",,Sepedi,Botswanabugs,2022-03-10T10:45:08Z
5017,Modisakgomo,und,"","",,Sepedi,Botswanabugs,2022-03-10T10:57:02Z
591317,monoko,und,"","",,Sepedi,Botswanabugs,2022-06-02T08:29:26Z
26196,letlametlu,und,"","",,Sepedi,Botswanabugs,2022-06-12T04:59:27Z
427214,mositatlou,und,"","",,Sepedi,Botswanabugs,2022-10-16T12:11:31Z
119673,sebalo,und,"","",,Sepedi,Botswanabugs,2022-10-16T12:12:56Z
119673,mmale,und,"","",,Sepedi,Botswanabugs,2022-10-16T12:13:29Z
138688,mosehla,und,"","",,Sepedi,Botswanabugs,2022-10-16T12:14:33Z
593119,terebeyanageng,und,"","",,Sepedi,Botswanabugs,2022-10-16T12:16:44Z
594417,mokwaripa,und,"","",,Sepedi,Botswanabugs,2022-10-17T05:47:37Z
1431002,Mungulwi,und,"","",https://www.inaturalist.org/taxon_names/2002318/edit,Sepedi,,2022-12-06T06:52:24Z
1431002,Kutsoa,und,"","",https://www.inaturalist.org/taxon_names/2002320/edit,Sepedi,,2022-12-06T06:52:24Z
1424120,Kgaka,und,"","",https://www.inaturalist.org/taxon_names/2852446/edit,Sepedi,,2023-01-15T06:34:25Z
428173,serokolo,und,"","",,Sepedi,Botswanabugs,2023-04-06T15:21:31Z
566441,therebe ya nageng,und,"","",,Sepedi,Botswanabugs,2023-04-06T15:22:39Z
343067,motlaba dipoo,und,"","",,Sepedi,Botswanabugs,2023-04-06T15:24:38Z
343067,mosunkwane,und,"","",,Sepedi,Botswanabugs,2023-04-06T15:25:12Z
588682,bokokotane,und,"","",,Sepedi,Botswanabugs,2023-04-06T15:26:25Z
588682,mokokotane,und,"","",,Sepedi,Botswanabugs,2023-04-06T15:27:45Z
165529,moringka,und,"","",,Sepedi,Botswanabugs,2023-04-06T15:28:50Z
460439,thuse,und,"","",,Sepedi,Botswanabugs,2023-04-06T15:29:57Z
588730,nkekologe,und,"","",,Sepedi,Botswanabugs,2023-04-06T15:30:58Z
182191,mosalasupeng,und,"","",,Sepedi,Botswanabugs,2023-04-06T15:32:01Z
594570,mothola o momokhwibidu,und,"","",,Sepedi,Botswanabugs,2023-04-06T15:35:26Z
211103,moketla,und,"","",,Sepedi,Botswanabugs,2023-04-06T15:36:50Z
122711,mofentshe,und,"","",,Sepedi,Botswanabugs,2023-04-06T15:38:08Z
430615,mopowane,und,"","",,Sepedi,Botswanabugs,2023-04-06T15:42:14Z
579086,monnaapare,und,"","",,Sepedi,Botswanabugs,2023-04-06T15:43:52Z
579086,monna apare,und,"","",,Sepedi,Botswanabugs,2023-04-06T15:44:37Z
579086,pisayabastumi,und,"","",,Sepedi,Botswanabugs,2023-04-06T15:45:13Z
579086,mothema,und,"","",,Sepedi,Botswanabugs,2023-04-06T15:45:44Z
347700,momphati,und,"","",,Sepedi,Botswanabugs,2023-04-06T15:47:18Z
342039,mphera,und,"","",,Sepedi,Botswanabugs,2023-04-06T15:48:57Z
362174,moregakgaka,und,"","",,Sepedi,Botswanabugs,2023-04-06T15:54:05Z
595989,pharagobe,und,"","",,Sepedi,Botswanabugs,2023-04-06T15:55:57Z
431512,mogabaletswana,und,"","",,Sepedi,Botswanabugs,2023-04-06T16:01:01Z
129721,modumela,und,"","",,Sepedi,Botswanabugs,2023-04-06T16:02:11Z
593974,mphesu,und,"","",,Sepedi,Botswanabugs,2023-04-06T16:03:26Z
593974,Mpitlamarago,und,"","",,Sepedi,Botswanabugs,2023-04-06T16:03:56Z
49322,moshipse,und,"","",,Sepedi,Botswanabugs,2023-04-06T16:05:49Z
132448,mohutasela,und,"","",,Sepedi,Botswanabugs,2023-04-06T16:20:07Z
340323,mogwete,und,"","",,Sepedi,Botswanabugs,2023-04-06T16:22:13Z
340323,mogoto,und,"","",,Sepedi,Botswanabugs,2023-04-06T16:22:59Z
586637,mogwete,und,"","",,Sepedi,Botswanabugs,2023-04-06T16:24:18Z
586637,mogolori,und,"","",,Sepedi,Botswanabugs,2023-04-06T16:24:51Z
431070,leokodi,und,"","",,Sepedi,Botswanabugs,2023-04-06T16:26:19Z
431070,mohlare wa mawasi,und,"","",,Sepedi,Botswanabugs,2023-04-06T16:27:18Z
431070,lefielo,und,"","",,Sepedi,Botswanabugs,2023-04-06T16:27:53Z
527059,mothetlwa,und,"","",,Sepedi,Botswanabugs,2023-04-08T06:51:37Z
