id,vernacularName,language,locality,countryCode,source,lexicon,contributor,created
49602,Mola,und,"","","FA Bisby, YR Roskov, MA Ruggiero, TM Orrell, LE Paglinawan, PW Brewer, N Bailly, J van Hertum, eds (2007). Species 2000 & ITIS Catalogue of Life: 2007 Annual Checklist Taxonomic Classification. CD-ROM; Species 2000: Reading, U.K.",Bengali,,2009-02-13T20:32:46Z
49605,Mola,und,"","","FA Bisby, YR Roskov, MA Ruggiero, TM Orrell, LE Paglinawan, PW Brewer, N Bailly, J van Hertum, eds (2007). Species 2000 & ITIS Catalogue of Life: 2007 Annual Checklist Taxonomic Classification. CD-ROM; Species 2000: Reading, U.K.",Bengali,,2009-02-13T20:32:49Z
103798,Nandina,und,"","","FA Bisby, YR Roskov, MA Ruggiero, TM Orrell, LE Paglinawan, PW Brewer, N Bailly, J van Hertum, eds (2007). Species 2000 & ITIS Catalogue of Life: 2007 Annual Checklist Taxonomic Classification. CD-ROM; Species 2000: Reading, U.K.",Bengali,,2012-03-30T05:21:55Z
170044,Bon okhra,und,"","",,Bengali,Chandan Pandey,2015-09-02T10:01:43Z
41651,শ্লথ ভালুক,und,"","",,Bengali,Bobby McCabe,2017-08-17T02:47:02Z
47208,কীট,und,"","",,Bengali,John E. Christensen,2017-11-30T22:03:27Z
355675,মেরুদণ্ডী প্রাণী,und,"","",,Bengali,John E. Christensen,2017-12-06T09:58:56Z
48891,হিবিস্কাস,und,"","",,Bengali,John E. Christensen,2017-12-18T15:25:51Z
43791,বীভার,und,"","",,Bengali,John E. Christensen,2017-12-26T20:05:08Z
47534,নিডারিয়া,und,"","",,Bengali,John E. Christensen,2018-01-04T10:40:10Z
43345,ভারতীয় গণ্ডার,und,"","",,Bengali,Bobby McCabe,2018-01-08T04:58:12Z
26039,কুমির,und,"","",,Bengali,John E. Christensen,2018-01-14T07:10:55Z
204454,ময়না,und,"","",,Bengali,John E. Christensen,2018-02-18T16:35:05Z
26063,স্বাদুপানির কুমির,und,"","",,Bengali,Bobby McCabe,2018-04-04T14:41:25Z
7085,গোলাপিশির,und,"","",,Bengali,Bobby McCabe,2018-04-08T05:21:54Z
39550,বোস্তামীর কাছিম,und,"","",,Bengali,Bobby McCabe,2018-05-07T14:29:43Z
491869,গোলবাহার,und,"","",,Bengali,Bobby McCabe,2018-05-08T04:14:30Z
42056,বাংলা খেঁকশিয়াল,und,"","",,Bengali,Bobby McCabe,2018-05-22T17:36:41Z
160294,ব্রহ্মমন্ডূকী,und,"","",,Bengali,harshithjv,2019-07-14T11:06:21Z
160294,থানকুনি,und,"","",,Bengali,harshithjv,2019-07-14T11:06:38Z
122835,Kachu,und,"","",,Bengali,harshithjv,2019-07-14T12:36:39Z
122835,Alti kachu,und,"","",,Bengali,harshithjv,2019-07-14T12:36:51Z
934078,Lal-surgumini,und,"","",,Bengali,Lera Miles,2019-09-07T23:42:00Z
131236,ভাইরাস,und,"","",,Bengali,James K. Douch,2020-02-23T01:49:00Z
47353,Bhetki,und,"","",,Bengali,Ashwin Srinivasan,2021-01-15T18:34:33Z
193609,কুলেখাড়া [kulekhara],und,"","",,Bengali,harshithjv,2021-04-03T05:42:53Z
193609,শুলামর্দন [Shulamardan],und,"","",,Bengali,harshithjv,2021-04-03T05:48:21Z
182480,তালমূলী,und,"","",,Bengali,Subhajit Roy,2021-06-28T22:10:03Z
446566,Hilsha,und,"","",http://www.catalogueoflife.org/annual-checklist/details/species/id/10058215/common/234295,Bengali,,2021-06-30T06:17:10Z
114230,Khamahasur,und,"","",http://www.catalogueoflife.org/annual-checklist/details/species/id/10061239/common/93549,Bengali,,2021-07-14T17:35:30Z
114230,Mahasol,und,"","",http://www.catalogueoflife.org/annual-checklist/details/species/id/10061239/common/93544,Bengali,,2021-07-14T17:35:46Z
114231,Mahasol,und,"","",http://www.catalogueoflife.org/annual-checklist/details/species/id/10061246/common/93445,Bengali,,2021-07-14T17:35:46Z
114231,Mohashol,und,"","",http://www.catalogueoflife.org/annual-checklist/details/species/id/10061246/common/93434,Bengali,,2021-07-14T17:36:04Z
114230,Mohashol,und,"","",http://www.catalogueoflife.org/annual-checklist/details/species/id/10061239/common/93531,Bengali,,2021-07-14T17:36:05Z
114230,Putitor,und,"","",http://www.catalogueoflife.org/annual-checklist/details/species/id/10061239/common/93524,Bengali,,2021-07-14T17:36:28Z
114231,Putitor,und,"","",http://www.catalogueoflife.org/annual-checklist/details/species/id/10061246/common/93422,Bengali,,2021-07-14T17:36:28Z
114230,Putitor mahseer,und,"","",http://www.catalogueoflife.org/annual-checklist/details/species/id/10061239/common/93522,Bengali,,2021-07-14T17:36:41Z
114230,Putitor mohashol,und,"","",http://www.catalogueoflife.org/annual-checklist/details/species/id/10061239/common/93521,Bengali,,2021-07-14T17:36:56Z
114230,Turyia,und,"","",http://www.catalogueoflife.org/annual-checklist/details/species/id/10061239/common/93514,Bengali,,2021-07-14T17:37:18Z
114230,মহাশুল,und,"","",http://www.catalogueoflife.org/annual-checklist/details/species/id/10061239/common/93506,Bengali,,2021-07-14T17:37:33Z
114231,মহাশুল,und,"","",http://www.catalogueoflife.org/annual-checklist/details/species/id/10061246/common/93404,Bengali,,2021-07-14T17:37:34Z
97273,Gajal,und,"","",http://www.catalogueoflife.org/annual-checklist/details/species/id/10070070/common/128938,Bengali,,2021-07-15T15:38:04Z
97273,Gajar,und,"","",http://www.catalogueoflife.org/annual-checklist/details/species/id/10070070/common/128936,Bengali,,2021-07-15T15:38:11Z
97273,Gozar,und,"","",http://www.catalogueoflife.org/annual-checklist/details/species/id/10070070/common/128934,Bengali,,2021-07-15T15:38:17Z
97273,গজার,und,"","",http://www.catalogueoflife.org/annual-checklist/details/species/id/10070070/common/128913,Bengali,,2021-07-15T15:38:28Z
101508,Hangar,und,"","",http://www.catalogueoflife.org/annual-checklist/details/species/id/10055566/common/46269,Bengali,,2021-07-19T11:55:27Z
101508,Hungar,und,"","",http://www.catalogueoflife.org/annual-checklist/details/species/id/10055566/common/46268,Bengali,,2021-07-19T11:55:36Z
95400,Barali,und,"","",http://www.catalogueoflife.org/annual-checklist/details/species/id/10059033/common/69269,Bengali,,2021-07-19T15:49:12Z
115010,Barali,und,"","",http://www.catalogueoflife.org/annual-checklist/details/species/id/10081706/common/102892,Bengali,,2021-07-19T15:49:12Z
115010,Bayali,und,"","",,Bengali,Zane Roskoph,2021-07-19T15:51:03Z
115010,Boal,und,"","",,Bengali,Zane Roskoph,2021-07-19T15:51:22Z
115010,Boyali,und,"","",,Bengali,Zane Roskoph,2021-07-19T15:51:42Z
115010,Koyali,und,"","",http://www.catalogueoflife.org/annual-checklist/details/species/id/10081706/common/102869,Bengali,,2021-07-19T15:52:04Z
115010,বয়াল,und,"","",http://www.catalogueoflife.org/annual-checklist/details/species/id/10081706/common/102825,Bengali,,2021-07-19T15:52:12Z
95038,Bag mach,und,"","",http://www.catalogueoflife.org/annual-checklist/details/species/id/10081711/common/150949,Bengali,Victor HOYEAU,2021-07-27T12:56:05Z
95038,Baghair,und,"","",http://www.catalogueoflife.org/annual-checklist/details/species/id/10081711/common/150946,Bengali,Victor HOYEAU,2021-07-27T12:56:16Z
95038,বাগাইর,und,"","",http://www.catalogueoflife.org/annual-checklist/details/species/id/10081711/common/150952,Bengali,Victor HOYEAU,2021-07-27T12:56:38Z
95038,Bagair,und,"","",,Bengali,Zane Roskoph,2021-07-27T12:59:31Z
95038,Bhagar,und,"","",,Bengali,Zane Roskoph,2021-07-27T12:59:53Z
95038,Bhgha aor,und,"","",,Bengali,Zane Roskoph,2021-07-27T13:00:09Z
114230,Sahara,und,"","",,Bengali,Zane Roskoph,2021-07-27T13:16:22Z
114231,Mahashoal,und,"","",http://www.catalogueoflife.org/annual-checklist/details/species/id/10061246/common/93446,Bengali,,2021-07-27T14:05:50Z
114231,Tor,und,"","",,Bengali,Zane Roskoph,2021-07-27T14:06:15Z
95038,গাঙ্গেয় বাঘাইর,und,"","",,Bengali,Zane Roskoph,2021-07-29T02:28:10Z
47516,রেইনবো ট্রাউট,und,"","",,Bengali,Zane Roskoph,2021-07-29T22:52:12Z
42007,কুগার,und,"","",,Bengali,Zane Roskoph,2021-08-01T00:40:04Z
35172,ইনল্যান্ড টাইপ্যান,und,"","",,Bengali,Zane Roskoph,2021-08-02T14:24:41Z
30472,কিং কোবরা,und,"","",,Bengali,Zane Roskoph,2021-08-02T15:16:59Z
30472,পদ্ম গোখরা,und,"","",,Bengali,Zane Roskoph,2021-08-02T18:54:34Z
30472,রাজ গোখরা,und,"","",,Bengali,Zane Roskoph,2021-08-02T18:54:55Z
30472,শঙ্খচূড়,und,"","",,Bengali,Zane Roskoph,2021-08-02T18:55:23Z
30472,ৰাজফেঁটী সাপ,und,"","",,Bengali,Zane Roskoph,2021-08-02T18:55:39Z
106222,Ain,und,"","",,Bengali,Zane Roskoph,2021-09-01T12:23:01Z
93987,Kawai,und,"","",http://www.catalogueoflife.org/annual-checklist/2012/details/species/id/9741333,Bengali,,2021-12-04T16:14:55Z
93987,Kai,und,"","",,Bengali,Zane Roskoph,2021-12-04T16:18:50Z
93987,Koee,und,"","",http://www.catalogueoflife.org/annual-checklist/2012/details/species/id/9741333,Bengali,,2021-12-04T16:19:02Z
93987,Koee maach'in,und,"","",http://www.catalogueoflife.org/annual-checklist/2012/details/species/id/9741333,Bengali,,2021-12-04T16:19:24Z
93987,Koi,und,"","",,Bengali,Zane Roskoph,2021-12-04T16:20:38Z
93987,কৈ,und,"","",http://www.catalogueoflife.org/annual-checklist/2012/details/species/id/9741333,Bengali,,2021-12-04T16:20:56Z
111101,কৈ,und,"","",http://www.catalogueoflife.org/annual-checklist/2012/details/species/id/9741333,Bengali,,2021-12-04T16:20:56Z
97926,কৈ,und,"","",http://www.catalogueoflife.org/annual-checklist/2012/details/species/id/9741333,Bengali,,2021-12-04T16:20:57Z
114371,চোনা,und,"","",http://www.catalogueoflife.org/annual-checklist/2012/details/species/id/9741333,Bengali,,2021-12-31T14:28:55Z
114371,Chuna,und,"","",,Bengali,Zane Roskoph,2021-12-31T14:29:27Z
114371,Boicha,und,"","",,Bengali,Zane Roskoph,2021-12-31T14:29:56Z
114371,চোনা খৈলশা,und,"","",http://www.catalogueoflife.org/annual-checklist/2012/details/species/id/9741333,Bengali,,2021-12-31T14:30:11Z
114371,Chuna khailsha,und,"","",http://www.catalogueoflife.org/annual-checklist/2012/details/species/id/9741333,Bengali,,2021-12-31T14:30:25Z
105252,বাইম,und,"","",http://www.catalogueoflife.org/annual-checklist/2012/details/species/id/9741333,Bengali,,2022-03-09T22:40:42Z
105252,Baim,und,"","",http://www.catalogueoflife.org/annual-checklist/2012/details/species/id/9741333,Bengali,,2022-03-09T22:42:06Z
95922,Bou mach,und,"","",http://www.catalogueoflife.org/annual-checklist/2012/details/species/id/9741333,Bengali,,2022-03-12T21:05:32Z
611820,Bou mach,und,"","",http://www.catalogueoflife.org/annual-checklist/2012/details/species/id/9741333,Bengali,,2022-03-12T21:05:33Z
95038,দানব বাঘাইড়,und,"","",https://www.inaturalist.org/taxon_names/2624242/edit,Bengali,,2022-03-24T06:45:40Z
469472,আপেল,und,"","",,Bengali,10423,2022-03-27T04:16:48Z
1371232,কেলিকদম্ব,und,"","",https://www.inaturalist.org/taxon_names/2587471/edit,Bengali,,2022-03-31T08:51:45Z
111831,রিঠা,und,"","",,Bengali,Josh Cantor,2022-04-02T04:35:23Z
1377843,Goda,und,"","",,Bengali,Jeremy Gilmore,2022-04-21T19:27:39Z
114372,লাল খৈলসা,und,"","",http://www.catalogueoflife.org/annual-checklist/2012/details/species/id/9741333,Bengali,,2022-12-19T18:26:24Z
114372,Lalkhoilsa,und,"","",http://www.catalogueoflife.org/annual-checklist/2012/details/species/id/9741333,Bengali,,2022-12-19T18:26:24Z
114372,Lal kholisha,und,"","",http://www.catalogueoflife.org/annual-checklist/2012/details/species/id/9741333,Bengali,,2022-12-19T18:26:24Z
114372,Khalisha,und,"","",http://www.catalogueoflife.org/annual-checklist/2012/details/species/id/9741333,Bengali,,2022-12-19T18:26:25Z
114372,Lal khailsha,und,"","",http://www.catalogueoflife.org/annual-checklist/2012/details/species/id/9741333,Bengali,,2022-12-19T18:26:25Z
114372,Lal kholisa,und,"","",https://www.inaturalist.org/taxon_names/2855171/edit,Bengali,,2022-12-19T18:26:25Z
344151,শিউলি,und,"West Bengal, IN","",,Bengali,harshithjv,2023-09-05T05:10:40Z
344151,Shiuli,und,"","",,Bengali,harshithjv,2023-09-05T05:11:10Z
47902,ফনীমনসা,und,"","",,Bengali,Nirmal manna,2024-01-17T11:09:45Z
48872,আম,und,"West Bengal, IN | Bangladesh | Assam, IN | Tripura, IN",BD,,Bengali,Arijit Gupta,2024-01-20T18:57:31Z
369916,bekh-unjubaz,und,"","",,Bengali,Chris Thawley,2024-07-09T13:30:33Z
